instance,variant,seed,best_cost,gap_percent,elapsed_seconds,feasible,git_commit,n_routes,candidate_list_size,ls_mode,total_ls_applications,ls_per_iter,use_q0_schedule,q0_min,q0_max,rho,best_known
A-n32-k5,acs_baseline,0,947.2958852532599,20.828556792507648,0.08782520797103643,True,4d049fc,5,0,none,0,0.0,False,0.7,0.95,0.1,784.0
A-n32-k5,acs_baseline,1,1016.3133919796253,29.631810201482818,0.08819266688078642,True,4d049fc,5,0,none,0,0.0,False,0.7,0.95,0.1,784.0
A-n32-k5,acs_baseline,2,980.2533950953637,25.032320802980056,0.08790274988859892,True,4d049fc,5,0,none,0,0.0,False,0.7,0.95,0.1,784.0
A-n32-k5,acs_baseline,3,999.1142758624724,27.438045390621475,0.0875714581925422,True,4d049fc,5,0,none,0,0.0,False,0.7,0.95,0.1,784.0
A-n32-k5,acs_baseline,4,974.5869562842374,24.309560750540488,0.08748162514530122,True,4d049fc,5,0,none,0,0.0,False,0.7,0.95,0.1,784.0
A-n32-k5,acs_baseline,5,1035.8131560227791,32.1190250029055,0.08761349995620549,True,4d049fc,5,0,none,0,0.0,False,0.7,0.95,0.1,784.0
A-n32-k5,acs_baseline,6,1074.1617558678013,37.010428044362406,0.08707624999806285,True,4d049fc,5,0,none,0,0.0,False,0.7,0.95,0.1,784.0
A-n32-k5,acs_baseline,7,1021.4545306827588,30.2875676891274,0.08784041693434119,True,4d049fc,5,0,none,0,0.0,False,0.7,0.95,0.1,784.0
A-n32-k5,acs_baseline,8,1028.5782485640616,31.196205173987444,0.08708274993114173,True,4d049fc,5,0,none,0,0.0,False,0.7,0.95,0.1,784.0
A-n32-k5,acs_baseline,9,940.2352085104674,19.927960269192265,0.08699829201214015,True,4d049fc,5,0,none,0,0.0,False,0.7,0.95,0.1,784.0
A-n32-k5,acs_baseline,10,956.5651556169666,22.010861685837583,0.08699329197406769,True,4d049fc,5,0,none,0,0.0,False,0.7,0.95,0.1,784.0
A-n32-k5,acs_baseline,11,964.0645453022096,22.96741649262877,0.08695924980565906,True,4d049fc,5,0,none,0,0.0,False,0.7,0.95,0.1,784.0
A-n32-k5,acs_baseline,12,1005.0789035638998,28.198839740293337,0.08729850011877716,True,4d049fc,5,0,none,0,0.0,False,0.7,0.95,0.1,784.0
A-n32-k5,acs_baseline,13,943.7752492688069,20.37949608020496,0.08734412491321564,True,4d049fc,5,0,none,0,0.0,False,0.7,0.95,0.1,784.0
A-n32-k5,acs_baseline,14,1021.4545306827588,30.2875676891274,0.08731462503783405,True,4d049fc,5,0,none,0,0.0,False,0.7,0.95,0.1,784.0
A-n32-k5,acs_baseline,15,1061.178396867621,35.354387355563894,0.08714370778761804,True,4d049fc,5,0,none,0,0.0,False,0.7,0.95,0.1,784.0
A-n32-k5,acs_baseline,16,973.4987298555259,24.1707563591232,0.08728679083287716,True,4d049fc,5,0,none,0,0.0,False,0.7,0.95,0.1,784.0
A-n32-k5,acs_baseline,17,1017.4982992802188,29.782946336762606,0.08680875017307699,True,4d049fc,5,0,none,0,0.0,False,0.7,0.95,0.1,784.0
A-n32-k5,acs_baseline,18,1049.685794007816,33.88849413364999,0.08732883306220174,True,4d049fc,5,0,none,0,0.0,False,0.7,0.95,0.1,784.0
A-n32-k5,acs_baseline,19,1006.2785083821323,28.35185055894544,0.0878887081053108,True,4d049fc,5,0,none,0,0.0,False,0.7,0.95,0.1,784.0
A-n32-k5,acs_baseline,20,957.6000049449673,22.142857773592766,0.0875567919574678,True,4d049fc,5,0,none,0,0.0,False,0.7,0.95,0.1,784.0
A-n32-k5,acs_baseline,21,1033.569094764698,31.83279269957884,0.08839412499219179,True,4d049fc,5,0,none,0,0.0,False,0.7,0.95,0.1,784.0
A-n32-k5,acs_baseline,22,1043.504880354437,33.10011229010677,0.08816458308137953,True,4d049fc,5,0,none,0,0.0,False,0.7,0.95,0.1,784.0
A-n32-k5,acs_baseline,23,1013.3430923527453,29.252945453156293,0.08727545896545053,True,4d049fc,5,0,none,0,0.0,False,0.7,0.95,0.1,784.0
A-n32-k5,acs_baseline,24,1047.6887185193789,33.633765117267714,0.08686991687864065,True,4d049fc,5,0,none,0,0.0,False,0.7,0.95,0.1,784.0
A-n32-k5,acs_baseline,25,1055.6130296982303,34.64451909416203,0.08746041683480144,True,4d049fc,5,0,none,0,0.0,False,0.7,0.95,0.1,784.0
A-n32-k5,acs_baseline,26,1021.4545306827588,30.2875676891274,0.08792037493549287,True,4d049fc,5,0,none,0,0.0,False,0.7,0.95,0.1,784.0
A-n32-k5,acs_baseline,27,1067.483175617124,36.15856831851072,0.09860258409753442,True,4d049fc,5,0,none,0,0.0,False,0.7,0.95,0.1,784.0
A-n32-k5,acs_baseline,28,1038.7174182792887,32.48946661725621,0.11883624992333353,True,4d049fc,5,0,none,0,0.0,False,0.7,0.95,0.1,784.0
A-n32-k5,acs_baseline,29,1036.0514793208263,32.14942338275845,0.08819741709157825,True,4d049fc,5,0,none,0,0.0,False,0.7,0.95,0.1,784.0
A-n32-k5,acs_cl15,0,1022.0604074334292,30.36484788691699,0.07394449994899333,True,4d049fc,5,15,none,0,0.0,False,0.7,0.95,0.1,784.0
A-n32-k5,acs_cl15,1,1084.9097454559549,38.38134508366771,0.09146125009283423,True,4d049fc,5,15,none,0,0.0,False,0.7,0.95,0.1,784.0
A-n32-k5,acs_cl15,2,1055.6130296982303,34.64451909416203,0.07632462494075298,True,4d049fc,5,15,none,0,0.0,False,0.7,0.95,0.1,784.0
A-n32-k5,acs_cl15,3,1006.2785083821323,28.35185055894544,0.07671791594475508,True,4d049fc,5,15,none,0,0.0,False,0.7,0.95,0.1,784.0
A-n32-k5,acs_cl15,4,1022.464159757692,30.416346907868874,0.07682820782065392,True,4d049fc,5,15,none,0,0.0,False,0.7,0.95,0.1,784.0
A-n32-k5,acs_cl15,5,1021.695221073132,30.318267994021937,0.0783881249371916,True,4d049fc,5,15,none,0,0.0,False,0.7,0.95,0.1,784.0
A-n32-k5,acs_cl15,6,1054.4129228040922,34.49144423521584,0.07643062504939735,True,4d049fc,5,15,none,0,0.0,False,0.7,0.95,0.1,784.0
A-n32-k5,acs_cl15,7,1005.2609816534278,28.222063986406614,0.07507512508891523,True,4d049fc,5,15,none,0,0.0,False,0.7,0.95,0.1,784.0
A-n32-k5,acs_cl15,8,1017.0695612327927,29.7282603613256,0.07401804090477526,True,4d049fc,5,15,none,0,0.0,False,0.7,0.95,0.1,784.0
A-n32-k5,acs_cl15,9,1021.4545306827588,30.2875676891274,0.07591354195028543,True,4d049fc,5,15,none,0,0.0,False,0.7,0.95,0.1,784.0
A-n32-k5,acs_cl15,10,1021.4545306827588,30.2875676891274,0.07431150018237531,True,4d049fc,5,15,none,0,0.0,False,0.7,0.95,0.1,784.0
A-n32-k5,acs_cl15,11,1030.4095472536824,31.42978919052071,0.07366008404642344,True,4d049fc,5,15,none,0,0.0,False,0.7,0.95,0.1,784.0
A-n32-k5,acs_cl15,12,1028.5445453952661,31.1919063004166,0.07381833391264081,True,4d049fc,5,15,none,0,0.0,False,0.7,0.95,0.1,784.0
A-n32-k5,acs_cl15,13,1019.6062735343559,30.05182060387192,0.07383779110386968,True,4d049fc,5,15,none,0,0.0,False,0.7,0.95,0.1,784.0
A-n32-k5,acs_cl15,14,1005.3721745541848,28.2362467543603,0.0751381660811603,True,4d049fc,5,15,none,0,0.0,False,0.7,0.95,0.1,784.0
A-n32-k5,acs_cl15,15,1021.4545306827588,30.2875676891274,0.07495999988168478,True,4d049fc,5,15,none,0,0.0,False,0.7,0.95,0.1,784.0
A-n32-k5,acs_cl15,16,1021.4545306827588,30.2875676891274,0.07487245905213058,True,4d049fc,5,15,none,0,0.0,False,0.7,0.95,0.1,784.0
A-n32-k5,acs_cl15,17,968.0145098167919,23.47123849703979,0.07458975003100932,True,4d049fc,5,15,none,0,0.0,False,0.7,0.95,0.1,784.0
A-n32-k5,acs_cl15,18,946.7127917207965,20.75418261744854,0.0750897501129657,True,4d049fc,5,15,none,0,0.0,False,0.7,0.95,0.1,784.0
A-n32-k5,acs_cl15,19,1015.7075152289549,29.554530003693223,0.07511441688984632,True,4d049fc,5,15,none,0,0.0,False,0.7,0.95,0.1,784.0
A-n32-k5,acs_cl15,20,1056.5652485255303,34.765975577236006,0.07472525001503527,True,4d049fc,5,15,none,0,0.0,False,0.7,0.95,0.1,784.0
A-n32-k5,acs_cl15,21,1016.3133919796253,29.631810201482818,0.07580529199913144,True,4d049fc,5,15,none,0,0.0,False,0.7,0.95,0.1,784.0
A-n32-k5,acs_cl15,22,1062.9589520074696,35.581498980544595,0.07429599994793534,True,4d049fc,5,15,none,0,0.0,False,0.7,0.95,0.1,784.0
A-n32-k5,acs_cl15,23,1008.1112586862334,28.58561973038692,0.07363641704432666,True,4d049fc,5,15,none,0,0.0,False,0.7,0.95,0.1,784.0
A-n32-k5,acs_cl15,24,1019.6773605798481,30.06088782906226,0.07339499983936548,True,4d049fc,5,15,none,0,0.0,False,0.7,0.95,0.1,784.0
A-n32-k5,acs_cl15,25,1062.9893980886054,35.585382409260895,0.0736863340716809,True,4d049fc,5,15,none,0,0.0,False,0.7,0.95,0.1,784.0
A-n32-k5,acs_cl15,26,1019.1639839653417,29.995406118028278,0.07366441702470183,True,4d049fc,5,15,none,0,0.0,False,0.7,0.95,0.1,784.0
A-n32-k5,acs_cl15,27,1038.6075019844386,32.475446681688595,0.07348862499929965,True,4d049fc,5,15,none,0,0.0,False,0.7,0.95,0.1,784.0
A-n32-k5,acs_cl15,28,1021.6721555637607,30.3153259647654,0.0732857920229435,True,4d049fc,5,15,none,0,0.0,False,0.7,0.95,0.1,784.0
A-n32-k5,acs_cl15,29,1018.168608780645,29.868444997531242,0.07376891700550914,True,4d049fc,5,15,none,0,0.0,False,0.7,0.95,0.1,784.0
A-n32-k5,acs_cl15_ls2opt_adaptive,0,999.0578463158499,27.430847744368613,0.09854091587476432,True,4d049fc,5,15,adaptive,78,2.6,False,0.7,0.95,0.1,784.0
A-n32-k5,acs_cl15_ls2opt_adaptive,1,1072.7430130241034,36.82946594695197,0.10721233300864697,True,4d049fc,5,15,adaptive,74,2.466666666666667,False,0.7,0.95,0.1,784.0
A-n32-k5,acs_cl15_ls2opt_adaptive,2,999.6325755141995,27.504155040076466,0.10792541597038507,True,4d049fc,5,15,adaptive,72,2.4,False,0.7,0.95,0.1,784.0
A-n32-k5,acs_cl15_ls2opt_adaptive,3,992.1155296137681,26.545348165021444,0.09473958308808506,True,4d049fc,5,15,adaptive,72,2.4,False,0.7,0.95,0.1,784.0
A-n32-k5,acs_cl15_ls2opt_adaptive,4,998.4429449527627,27.352416448056466,0.08974137506447732,True,4d049fc,5,15,adaptive,58,1.9333333333333333,False,0.7,0.95,0.1,784.0
A-n32-k5,acs_cl15_ls2opt_adaptive,5,990.5844567003846,26.350058252600085,0.09322020900435746,True,4d049fc,5,15,adaptive,66,2.2,False,0.7,0.95,0.1,784.0
A-n32-k5,acs_cl15_ls2opt_adaptive,6,1023.1527591090039,30.504178457781112,0.09448129101656377,True,4d049fc,5,15,adaptive,78,2.6,False,0.7,0.95,0.1,784.0
A-n32-k5,acs_cl15_ls2opt_adaptive,7,1000.4159827791643,27.6040794361179,0.09419999993406236,True,4d049fc,5,15,adaptive,78,2.6,False,0.7,0.95,0.1,784.0
A-n32-k5,acs_cl15_ls2opt_adaptive,8,1009.6168656416521,28.777661433884198,0.08843437489122152,True,4d049fc,5,15,adaptive,56,1.8666666666666667,False,0.7,0.95,0.1,784.0
A-n32-k5,acs_cl15_ls2opt_adaptive,9,927.1278649905255,18.256105228383355,0.08782770810648799,True,4d049fc,5,15,adaptive,52,1.7333333333333334,False,0.7,0.95,0.1,784.0
A-n32-k5,acs_cl15_ls2opt_adaptive,10,993.9286292691154,26.776610876162678,0.09510799986310303,True,4d049fc,5,15,adaptive,78,2.6,False,0.7,0.95,0.1,784.0
A-n32-k5,acs_cl15_ls2opt_adaptive,11,1023.7569731534668,30.581246575697296,0.08970416686497629,True,4d049fc,5,15,adaptive,58,1.9333333333333333,False,0.7,0.95,0.1,784.0
A-n32-k5,acs_cl15_ls2opt_adaptive,12,1009.87959583167,28.811172937713014,0.09098616591654718,True,4d049fc,5,15,adaptive,66,2.2,False,0.7,0.95,0.1,784.0
A-n32-k5,acs_cl15_ls2opt_adaptive,13,992.1155296137681,26.545348165021444,0.09220583294518292,True,4d049fc,5,15,adaptive,70,2.3333333333333335,False,0.7,0.95,0.1,784.0
A-n32-k5,acs_cl15_ls2opt_adaptive,14,992.1155296137681,26.545348165021444,0.09168216702528298,True,4d049fc,5,15,adaptive,66,2.2,False,0.7,0.95,0.1,784.0
A-n32-k5,acs_cl15_ls2opt_adaptive,15,1009.87959583167,28.811172937713014,0.09134829207323492,True,4d049fc,5,15,adaptive,68,2.2666666666666666,False,0.7,0.95,0.1,784.0
A-n32-k5,acs_cl15_ls2opt_adaptive,16,994.8839716610203,26.89846577308932,0.09230670891702175,True,4d049fc,5,15,adaptive,70,2.3333333333333335,False,0.7,0.95,0.1,784.0
A-n32-k5,acs_cl15_ls2opt_adaptive,17,1028.0418244827745,31.127783735047764,0.0904049170203507,True,4d049fc,5,15,adaptive,62,2.066666666666667,False,0.7,0.95,0.1,784.0
A-n32-k5,acs_cl15_ls2opt_adaptive,18,916.2650697244251,16.87054460770728,0.08973349980078638,True,4d049fc,5,15,adaptive,58,1.9333333333333333,False,0.7,0.95,0.1,784.0
A-n32-k5,acs_cl15_ls2opt_adaptive,19,992.1155296137681,26.545348165021444,0.09166683303192258,True,4d049fc,5,15,adaptive,64,2.1333333333333333,False,0.7,0.95,0.1,784.0
A-n32-k5,acs_cl15_ls2opt_adaptive,20,1000.0335572221697,27.55530066609308,0.09265016601420939,True,4d049fc,5,15,adaptive,74,2.466666666666667,False,0.7,0.95,0.1,784.0
A-n32-k5,acs_cl15_ls2opt_adaptive,21,992.1155296137681,26.545348165021444,0.09051387500949204,True,4d049fc,5,15,adaptive,60,2.0,False,0.7,0.95,0.1,784.0
A-n32-k5,acs_cl15_ls2opt_adaptive,22,1023.1527591090039,30.504178457781112,0.10880912491120398,True,4d049fc,5,15,adaptive,78,2.6,False,0.7,0.95,0.1,784.0
A-n32-k5,acs_cl15_ls2opt_adaptive,23,943.6357227068074,20.361699324847887,0.10087558394297957,True,4d049fc,5,15,adaptive,78,2.6,False,0.7,0.95,0.1,784.0
A-n32-k5,acs_cl15_ls2opt_adaptive,24,969.9672976343999,23.72031857581631,0.10596679104492068,True,4d049fc,5,15,adaptive,60,2.0,False,0.7,0.95,0.1,784.0
A-n32-k5,acs_cl15_ls2opt_adaptive,25,968.8013048584517,23.571595007455567,0.09855454205535352,True,4d049fc,5,15,adaptive,68,2.2666666666666666,False,0.7,0.95,0.1,784.0
A-n32-k5,acs_cl15_ls2opt_adaptive,26,992.2674570220022,26.56472666096967,0.09518749988637865,True,4d049fc,5,15,adaptive,78,2.6,False,0.7,0.95,0.1,784.0
A-n32-k5,acs_cl15_ls2opt_adaptive,27,998.4429449527629,27.352416448056495,0.09259745781309903,True,4d049fc,5,15,adaptive,70,2.3333333333333335,False,0.7,0.95,0.1,784.0
A-n32-k5,acs_cl15_ls2opt_adaptive,28,992.1155296137681,26.545348165021444,0.17332358402200043,True,4d049fc,5,15,adaptive,64,2.1333333333333333,False,0.7,0.95,0.1,784.0
A-n32-k5,acs_cl15_ls2opt_adaptive,29,1000.165836453433,27.57217301701952,0.09348241705447435,True,4d049fc,5,15,adaptive,64,2.1333333333333333,False,0.7,0.95,0.1,784.0
A-n32-k5,acs_cl15_ls2opt_adaptive_q0rho,0,912.242962170079,16.357520684959052,0.09661720786243677,True,4d049fc,5,15,adaptive,62,2.066666666666667,True,0.7,0.95,0.1,784.0
A-n32-k5,acs_cl15_ls2opt_adaptive_q0rho,1,1009.87959583167,28.811172937713014,0.097345249960199,True,4d049fc,5,15,adaptive,70,2.3333333333333335,True,0.7,0.95,0.1,784.0
A-n32-k5,acs_cl15_ls2opt_adaptive_q0rho,2,946.3460869261653,20.707409046704758,0.09979395801201463,True,4d049fc,5,15,adaptive,78,2.6,True,0.7,0.95,0.1,784.0
A-n32-k5,acs_cl15_ls2opt_adaptive_q0rho,3,976.0521784292864,24.496451330266126,0.09962404100224376,True,4d049fc,5,15,adaptive,72,2.4,True,0.7,0.95,0.1,784.0
A-n32-k5,acs_cl15_ls2opt_adaptive_q0rho,4,1003.9797188104101,28.05863760336863,0.09628520905971527,True,4d049fc,5,15,adaptive,64,2.1333333333333333,True,0.7,0.95,0.1,784.0
A-n32-k5,acs_cl15_ls2opt_adaptive_q0rho,5,986.2236870473901,25.793837633595672,0.09510254207998514,True,4d049fc,5,15,adaptive,56,1.8666666666666667,True,0.7,0.95,0.1,784.0
A-n32-k5,acs_cl15_ls2opt_adaptive_q0rho,6,916.2650697244251,16.87054460770728,0.09517066716216505,True,4d049fc,5,15,adaptive,60,2.0,True,0.7,0.95,0.1,784.0
A-n32-k5,acs_cl15_ls2opt_adaptive_q0rho,7,1003.2654651684851,27.967533822510855,0.0963863751385361,True,4d049fc,5,15,adaptive,66,2.2,True,0.7,0.95,0.1,784.0
A-n32-k5,acs_cl15_ls2opt_adaptive_q0rho,8,960.8752859717137,22.56062321067776,0.09876345889642835,True,4d049fc,5,15,adaptive,72,2.4,True,0.7,0.95,0.1,784.0
A-n32-k5,acs_cl15_ls2opt_adaptive_q0rho,9,916.1445578935411,16.855173200706773,0.09490208304487169,True,4d049fc,5,15,adaptive,60,2.0,True,0.7,0.95,0.1,784.0
A-n32-k5,acs_cl15_ls2opt_adaptive_q0rho,10,884.8517371049511,12.863741977672333,0.09676316706463695,True,4d049fc,5,15,adaptive,68,2.2666666666666666,True,0.7,0.95,0.1,784.0
A-n32-k5,acs_cl15_ls2opt_adaptive_q0rho,11,988.8705084525382,26.131442404660483,0.09542425000108778,True,4d049fc,5,15,adaptive,58,1.9333333333333333,True,0.7,0.95,0.1,784.0
A-n32-k5,acs_cl15_ls2opt_adaptive_q0rho,12,998.0656239077814,27.304288763747625,0.0948277919087559,True,4d049fc,5,15,adaptive,54,1.8,True,0.7,0.95,0.1,784.0
A-n32-k5,acs_cl15_ls2opt_adaptive_q0rho,13,1027.1881537037104,31.01889715608552,0.10069679212756455,True,4d049fc,5,15,adaptive,78,2.6,True,0.7,0.95,0.1,784.0
A-n32-k5,acs_cl15_ls2opt_adaptive_q0rho,14,1000.4159827791643,27.6040794361179,0.10201758285984397,True,4d049fc,5,15,adaptive,78,2.6,True,0.7,0.95,0.1,784.0
A-n32-k5,acs_cl15_ls2opt_adaptive_q0rho,15,966.3440919482612,23.258174993400658,0.09978366689756513,True,4d049fc,5,15,adaptive,78,2.6,True,0.7,0.95,0.1,784.0
A-n32-k5,acs_cl15_ls2opt_adaptive_q0rho,16,987.1957429618077,25.91782435737343,0.09471075003966689,True,4d049fc,5,15,adaptive,56,1.8666666666666667,True,0.7,0.95,0.1,784.0
A-n32-k5,acs_cl15_ls2opt_adaptive_q0rho,17,976.0521784292864,24.496451330266126,0.09655162505805492,True,4d049fc,5,15,adaptive,68,2.2666666666666666,True,0.7,0.95,0.1,784.0
A-n32-k5,acs_cl15_ls2opt_adaptive_q0rho,18,976.0521784292864,24.496451330266126,0.10099083301611245,True,4d049fc,5,15,adaptive,54,1.8,True,0.7,0.95,0.1,784.0
A-n32-k5,acs_cl15_ls2opt_adaptive_q0rho,19,1009.87959583167,28.811172937713014,0.1071186251938343,True,4d049fc,5,15,adaptive,78,2.6,True,0.7,0.95,0.1,784.0
A-n32-k5,acs_cl15_ls2opt_adaptive_q0rho,20,992.1155296137681,26.545348165021444,0.09805999998934567,True,4d049fc,5,15,adaptive,64,2.1333333333333333,True,0.7,0.95,0.1,784.0
A-n32-k5,acs_cl15_ls2opt_adaptive_q0rho,21,1009.87959583167,28.811172937713014,0.09963987511582673,True,4d049fc,5,15,adaptive,72,2.4,True,0.7,0.95,0.1,784.0
A-n32-k5,acs_cl15_ls2opt_adaptive_q0rho,22,975.8449732855379,24.47002210274718,0.09960025013424456,True,4d049fc,5,15,adaptive,74,2.466666666666667,True,0.7,0.95,0.1,784.0
A-n32-k5,acs_cl15_ls2opt_adaptive_q0rho,23,969.1653701003396,23.61803190055352,0.0989900000859052,True,4d049fc,5,15,adaptive,70,2.3333333333333335,True,0.7,0.95,0.1,784.0
A-n32-k5,acs_cl15_ls2opt_adaptive_q0rho,24,990.5844567003846,26.350058252600085,0.09628466702997684,True,4d049fc,5,15,adaptive,64,2.1333333333333333,True,0.7,0.95,0.1,784.0
A-n32-k5,acs_cl15_ls2opt_adaptive_q0rho,25,960.9201382364025,22.566344162806445,0.09757399978116155,True,4d049fc,5,15,adaptive,66,2.2,True,0.7,0.95,0.1,784.0
A-n32-k5,acs_cl15_ls2opt_adaptive_q0rho,26,1008.670884035794,28.65700051476964,0.09922662517055869,True,4d049fc,5,15,adaptive,76,2.533333333333333,True,0.7,0.95,0.1,784.0
A-n32-k5,acs_cl15_ls2opt_adaptive_q0rho,27,992.1155296137681,26.545348165021444,0.09581891703419387,True,4d049fc,5,15,adaptive,64,2.1333333333333333,True,0.7,0.95,0.1,784.0
A-n32-k5,acs_cl15_ls2opt_adaptive_q0rho,28,914.6134849801576,16.659883288285414,0.09242925001308322,True,4d049fc,5,15,adaptive,48,1.6,True,0.7,0.95,0.1,784.0
A-n32-k5,acs_cl15_ls2opt_adaptive_q0rho,29,992.1155296137681,26.545348165021444,0.09823858318850398,True,4d049fc,5,15,adaptive,74,2.466666666666667,True,0.7,0.95,0.1,784.0
A-n32-k5,acs_cl15_ls2opt_adaptive_q0sched,0,912.242962170079,16.357520684959052,0.09719612495973706,True,4d049fc,5,15,adaptive,62,2.066666666666667,True,0.7,0.95,0.1,784.0
A-n32-k5,acs_cl15_ls2opt_adaptive_q0sched,1,994.3360267733476,26.828574843539236,0.09560591680929065,True,4d049fc,5,15,adaptive,56,1.8666666666666667,True,0.7,0.95,0.1,784.0
A-n32-k5,acs_cl15_ls2opt_adaptive_q0sched,2,946.3460869261653,20.707409046704758,0.10525349993258715,True,4d049fc,5,15,adaptive,78,2.6,True,0.7,0.95,0.1,784.0
A-n32-k5,acs_cl15_ls2opt_adaptive_q0sched,3,976.0521784292864,24.496451330266126,0.10447762510739267,True,4d049fc,5,15,adaptive,72,2.4,True,0.7,0.95,0.1,784.0
A-n32-k5,acs_cl15_ls2opt_adaptive_q0sched,4,976.0521784292864,24.496451330266126,0.09773233416490257,True,4d049fc,5,15,adaptive,54,1.8,True,0.7,0.95,0.1,784.0
A-n32-k5,acs_cl15_ls2opt_adaptive_q0sched,5,891.3141917646017,13.688034663852255,0.09939670888707042,True,4d049fc,5,15,adaptive,56,1.8666666666666667,True,0.7,0.95,0.1,784.0
A-n32-k5,acs_cl15_ls2opt_adaptive_q0sched,6,1000.0335572221697,27.55530066609308,0.09811808308586478,True,4d049fc,5,15,adaptive,70,2.3333333333333335,True,0.7,0.95,0.1,784.0
A-n32-k5,acs_cl15_ls2opt_adaptive_q0sched,7,921.4540172952618,17.532400165211964,0.09724829089827836,True,4d049fc,5,15,adaptive,66,2.2,True,0.7,0.95,0.1,784.0
A-n32-k5,acs_cl15_ls2opt_adaptive_q0sched,8,960.8752859717137,22.56062321067776,0.10380133311264217,True,4d049fc,5,15,adaptive,72,2.4,True,0.7,0.95,0.1,784.0
A-n32-k5,acs_cl15_ls2opt_adaptive_q0sched,9,916.1445578935411,16.855173200706773,0.09674212499521673,True,4d049fc,5,15,adaptive,60,2.0,True,0.7,0.95,0.1,784.0
A-n32-k5,acs_cl15_ls2opt_adaptive_q0sched,10,884.8517371049511,12.863741977672333,0.09724849998019636,True,4d049fc,5,15,adaptive,68,2.2666666666666666,True,0.7,0.95,0.1,784.0
A-n32-k5,acs_cl15_ls2opt_adaptive_q0sched,11,998.4429449527629,27.352416448056495,0.0975200419779867,True,4d049fc,5,15,adaptive,64,2.1333333333333333,True,0.7,0.95,0.1,784.0
A-n32-k5,acs_cl15_ls2opt_adaptive_q0sched,12,1022.1845971981596,30.380688418132607,0.09574187500402331,True,4d049fc,5,15,adaptive,56,1.8666666666666667,True,0.7,0.95,0.1,784.0
A-n32-k5,acs_cl15_ls2opt_adaptive_q0sched,13,1023.3821413709793,30.533436399359605,0.10007433290593326,True,4d049fc,5,15,adaptive,68,2.2666666666666666,True,0.7,0.95,0.1,784.0
A-n32-k5,acs_cl15_ls2opt_adaptive_q0sched,14,1000.4159827791643,27.6040794361179,0.10279241693206131,True,4d049fc,5,15,adaptive,78,2.6,True,0.7,0.95,0.1,784.0
A-n32-k5,acs_cl15_ls2opt_adaptive_q0sched,15,966.3440919482612,23.258174993400658,0.10395983420312405,True,4d049fc,5,15,adaptive,78,2.6,True,0.7,0.95,0.1,784.0
A-n32-k5,acs_cl15_ls2opt_adaptive_q0sched,16,986.6269918212313,25.845279569034602,0.09600133309140801,True,4d049fc,5,15,adaptive,56,1.8666666666666667,True,0.7,0.95,0.1,784.0
A-n32-k5,acs_cl15_ls2opt_adaptive_q0sched,17,976.0521784292864,24.496451330266126,0.09847266599535942,True,4d049fc,5,15,adaptive,68,2.2666666666666666,True,0.7,0.95,0.1,784.0
A-n32-k5,acs_cl15_ls2opt_adaptive_q0sched,18,1016.0457740275339,29.597675258614014,0.10362424980849028,True,4d049fc,5,15,adaptive,72,2.4,True,0.7,0.95,0.1,784.0
A-n32-k5,acs_cl15_ls2opt_adaptive_q0sched,19,998.7038016036031,27.385688980051416,0.09628845797851682,True,4d049fc,5,15,adaptive,58,1.9333333333333333,True,0.7,0.95,0.1,784.0
A-n32-k5,acs_cl15_ls2opt_adaptive_q0sched,20,971.9347384910116,23.971267664669842,0.09295641584321856,True,4d049fc,5,15,adaptive,48,1.6,True,0.7,0.95,0.1,784.0
A-n32-k5,acs_cl15_ls2opt_adaptive_q0sched,21,1009.6168656416521,28.777661433884198,0.09781991690397263,True,4d049fc,5,15,adaptive,64,2.1333333333333333,True,0.7,0.95,0.1,784.0
A-n32-k5,acs_cl15_ls2opt_adaptive_q0sched,22,975.8449732855379,24.47002210274718,0.10016124998219311,True,4d049fc,5,15,adaptive,74,2.466666666666667,True,0.7,0.95,0.1,784.0
A-n32-k5,acs_cl15_ls2opt_adaptive_q0sched,23,969.1653701003396,23.61803190055352,0.10096204094588757,True,4d049fc,5,15,adaptive,70,2.3333333333333335,True,0.7,0.95,0.1,784.0
A-n32-k5,acs_cl15_ls2opt_adaptive_q0sched,24,891.3141917646017,13.688034663852255,0.09652787493541837,True,4d049fc,5,15,adaptive,54,1.8,True,0.7,0.95,0.1,784.0
A-n32-k5,acs_cl15_ls2opt_adaptive_q0sched,25,992.1155296137681,26.545348165021444,0.09593045804649591,True,4d049fc,5,15,adaptive,58,1.9333333333333333,True,0.7,0.95,0.1,784.0
A-n32-k5,acs_cl15_ls2opt_adaptive_q0sched,26,1008.670884035794,28.65700051476964,0.10034008300863206,True,4d049fc,5,15,adaptive,76,2.533333333333333,True,0.7,0.95,0.1,784.0
A-n32-k5,acs_cl15_ls2opt_adaptive_q0sched,27,1009.193097106767,28.72360932484273,0.09949487494304776,True,4d049fc,5,15,adaptive,74,2.466666666666667,True,0.7,0.95,0.1,784.0
A-n32-k5,acs_cl15_ls2opt_adaptive_q0sched,28,992.1155296137681,26.545348165021444,0.09496316686272621,True,4d049fc,5,15,adaptive,58,1.9333333333333333,True,0.7,0.95,0.1,784.0
A-n32-k5,acs_cl15_ls2opt_adaptive_q0sched,29,990.7363841086187,26.36943674854831,0.0977574591524899,True,4d049fc,5,15,adaptive,68,2.2666666666666666,True,0.7,0.95,0.1,784.0
A-n32-k5,acs_cl15_ls2opt_fixed,0,999.0578463158499,27.430847744368613,0.08265241701155901,True,4d049fc,5,15,best,30,1.0,False,0.7,0.95,0.1,784.0
A-n32-k5,acs_cl15_ls2opt_fixed,1,1072.7430130241034,36.82946594695197,0.08197749988175929,True,4d049fc,5,15,best,30,1.0,False,0.7,0.95,0.1,784.0
A-n32-k5,acs_cl15_ls2opt_fixed,2,999.6325755141995,27.504155040076466,0.08283625007607043,True,4d049fc,5,15,best,30,1.0,False,0.7,0.95,0.1,784.0
A-n32-k5,acs_cl15_ls2opt_fixed,3,992.1155296137681,26.545348165021444,0.08210179209709167,True,4d049fc,5,15,best,30,1.0,False,0.7,0.95,0.1,784.0
A-n32-k5,acs_cl15_ls2opt_fixed,4,998.4429449527627,27.352416448056466,0.08258062484674156,True,4d049fc,5,15,best,30,1.0,False,0.7,0.95,0.1,784.0
A-n32-k5,acs_cl15_ls2opt_fixed,5,990.5844567003846,26.350058252600085,0.08260112488642335,True,4d049fc,5,15,best,30,1.0,False,0.7,0.95,0.1,784.0
A-n32-k5,acs_cl15_ls2opt_fixed,6,1023.1527591090039,30.504178457781112,0.08273412496782839,True,4d049fc,5,15,best,30,1.0,False,0.7,0.95,0.1,784.0
A-n32-k5,acs_cl15_ls2opt_fixed,7,1000.4159827791643,27.6040794361179,0.08243070798926055,True,4d049fc,5,15,best,30,1.0,False,0.7,0.95,0.1,784.0
A-n32-k5,acs_cl15_ls2opt_fixed,8,1009.6168656416521,28.777661433884198,0.08238800009712577,True,4d049fc,5,15,best,30,1.0,False,0.7,0.95,0.1,784.0
A-n32-k5,acs_cl15_ls2opt_fixed,9,927.1278649905255,18.256105228383355,0.08203520905226469,True,4d049fc,5,15,best,30,1.0,False,0.7,0.95,0.1,784.0
A-n32-k5,acs_cl15_ls2opt_fixed,10,993.9286292691154,26.776610876162678,0.08291933313012123,True,4d049fc,5,15,best,30,1.0,False,0.7,0.95,0.1,784.0
A-n32-k5,acs_cl15_ls2opt_fixed,11,1023.7569731534668,30.581246575697296,0.08259041584096849,True,4d049fc,5,15,best,30,1.0,False,0.7,0.95,0.1,784.0
A-n32-k5,acs_cl15_ls2opt_fixed,12,1009.87959583167,28.811172937713014,0.08245816687121987,True,4d049fc,5,15,best,30,1.0,False,0.7,0.95,0.1,784.0
A-n32-k5,acs_cl15_ls2opt_fixed,13,992.1155296137681,26.545348165021444,0.10745754209347069,True,4d049fc,5,15,best,30,1.0,False,0.7,0.95,0.1,784.0
A-n32-k5,acs_cl15_ls2opt_fixed,14,992.1155296137681,26.545348165021444,0.10137300007045269,True,4d049fc,5,15,best,30,1.0,False,0.7,0.95,0.1,784.0
A-n32-k5,acs_cl15_ls2opt_fixed,15,1009.87959583167,28.811172937713014,0.08345829090103507,True,4d049fc,5,15,best,30,1.0,False,0.7,0.95,0.1,784.0
A-n32-k5,acs_cl15_ls2opt_fixed,16,994.8839716610203,26.89846577308932,0.08362004207447171,True,4d049fc,5,15,best,30,1.0,False,0.7,0.95,0.1,784.0
A-n32-k5,acs_cl15_ls2opt_fixed,17,1028.0418244827745,31.127783735047764,0.08261537505313754,True,4d049fc,5,15,best,30,1.0,False,0.7,0.95,0.1,784.0
A-n32-k5,acs_cl15_ls2opt_fixed,18,916.2650697244251,16.87054460770728,0.08880104194395244,True,4d049fc,5,15,best,30,1.0,False,0.7,0.95,0.1,784.0
A-n32-k5,acs_cl15_ls2opt_fixed,19,992.1155296137681,26.545348165021444,0.08501162519678473,True,4d049fc,5,15,best,30,1.0,False,0.7,0.95,0.1,784.0
A-n32-k5,acs_cl15_ls2opt_fixed,20,1000.0335572221697,27.55530066609308,0.09073116607032716,True,4d049fc,5,15,best,30,1.0,False,0.7,0.95,0.1,784.0
A-n32-k5,acs_cl15_ls2opt_fixed,21,992.1155296137681,26.545348165021444,0.10536237503401935,True,4d049fc,5,15,best,30,1.0,False,0.7,0.95,0.1,784.0
A-n32-k5,acs_cl15_ls2opt_fixed,22,1023.1527591090039,30.504178457781112,0.08315945789217949,True,4d049fc,5,15,best,30,1.0,False,0.7,0.95,0.1,784.0
A-n32-k5,acs_cl15_ls2opt_fixed,23,943.6357227068074,20.361699324847887,0.08285716595128179,True,4d049fc,5,15,best,30,1.0,False,0.7,0.95,0.1,784.0
A-n32-k5,acs_cl15_ls2opt_fixed,24,969.9672976343999,23.72031857581631,0.08251916710287333,True,4d049fc,5,15,best,30,1.0,False,0.7,0.95,0.1,784.0
A-n32-k5,acs_cl15_ls2opt_fixed,25,1023.7569731534668,30.581246575697296,0.08199524995870888,True,4d049fc,5,15,best,30,1.0,False,0.7,0.95,0.1,784.0
A-n32-k5,acs_cl15_ls2opt_fixed,26,992.2674570220022,26.56472666096967,0.0823733750730753,True,4d049fc,5,15,best,30,1.0,False,0.7,0.95,0.1,784.0
A-n32-k5,acs_cl15_ls2opt_fixed,27,998.4429449527629,27.352416448056495,0.0819487078115344,True,4d049fc,5,15,best,30,1.0,False,0.7,0.95,0.1,784.0
A-n32-k5,acs_cl15_ls2opt_fixed,28,992.1155296137681,26.545348165021444,0.08224045787937939,True,4d049fc,5,15,best,30,1.0,False,0.7,0.95,0.1,784.0
A-n32-k5,acs_cl15_ls2opt_fixed,29,1000.165836453433,27.57217301701952,0.0854654589202255,True,4d049fc,5,15,best,30,1.0,False,0.7,0.95,0.1,784.0
A-n33-k5,acs_baseline,0,793.5135322670209,,0.0939174999948591,True,4d049fc,5,0,none,0,0.0,False,0.7,0.95,0.1,
A-n33-k5,acs_baseline,1,816.8759156159513,,0.0945227078627795,True,4d049fc,5,0,none,0,0.0,False,0.7,0.95,0.1,
A-n33-k5,acs_baseline,2,748.8373674206523,,0.09684241702780128,True,4d049fc,5,0,none,0,0.0,False,0.7,0.95,0.1,
A-n33-k5,acs_baseline,3,805.5575556604922,,0.09733579191379249,True,4d049fc,5,0,none,0,0.0,False,0.7,0.95,0.1,
A-n33-k5,acs_baseline,4,817.2440910491455,,0.09511175006628036,True,4d049fc,5,0,none,0,0.0,False,0.7,0.95,0.1,
A-n33-k5,acs_baseline,5,816.8759156159513,,0.09590104199014604,True,4d049fc,5,0,none,0,0.0,False,0.7,0.95,0.1,
A-n33-k5,acs_baseline,6,800.8650031706943,,0.09736387501470745,True,4d049fc,5,0,none,0,0.0,False,0.7,0.95,0.1,
A-n33-k5,acs_baseline,7,826.045945967961,,0.09650591597892344,True,4d049fc,5,0,none,0,0.0,False,0.7,0.95,0.1,
A-n33-k5,acs_baseline,8,798.9036728865493,,0.09384020790457726,True,4d049fc,5,0,none,0,0.0,False,0.7,0.95,0.1,
A-n33-k5,acs_baseline,9,804.8097673033934,,0.09369612508453429,True,4d049fc,5,0,none,0,0.0,False,0.7,0.95,0.1,
A-n33-k5,acs_baseline,10,757.4917601983277,,0.09389937506057322,True,4d049fc,5,0,none,0,0.0,False,0.7,0.95,0.1,
A-n33-k5,acs_baseline,11,816.8759156159513,,0.09442895790562034,True,4d049fc,5,0,none,0,0.0,False,0.7,0.95,0.1,
A-n33-k5,acs_baseline,12,825.1741633803765,,0.09752216702327132,True,4d049fc,5,0,none,0,0.0,False,0.7,0.95,0.1,
A-n33-k5,acs_baseline,13,814.9959592173279,,0.13483804208226502,True,4d049fc,5,0,none,0,0.0,False,0.7,0.95,0.1,
A-n33-k5,acs_baseline,14,816.8759156159513,,0.09672229108400643,True,4d049fc,5,0,none,0,0.0,False,0.7,0.95,0.1,
A-n33-k5,acs_baseline,15,816.8759156159513,,0.09730133321136236,True,4d049fc,5,0,none,0,0.0,False,0.7,0.95,0.1,
A-n33-k5,acs_baseline,16,776.0984716587651,,0.09543866594322026,True,4d049fc,5,0,none,0,0.0,False,0.7,0.95,0.1,
A-n33-k5,acs_baseline,17,819.2411112809973,,0.09555166703648865,True,4d049fc,5,0,none,0,0.0,False,0.7,0.95,0.1,
A-n33-k5,acs_baseline,18,822.0793315173205,,0.09568662499077618,True,4d049fc,5,0,none,0,0.0,False,0.7,0.95,0.1,
A-n33-k5,acs_baseline,19,796.2043258688636,,0.09475970803759992,True,4d049fc,5,0,none,0,0.0,False,0.7,0.95,0.1,
A-n33-k5,acs_baseline,20,816.8759156159513,,0.09523229207843542,True,4d049fc,5,0,none,0,0.0,False,0.7,0.95,0.1,
A-n33-k5,acs_baseline,21,829.2467028503046,,0.09476400003768504,True,4d049fc,5,0,none,0,0.0,False,0.7,0.95,0.1,
A-n33-k5,acs_baseline,22,816.8759156159513,,0.0953308749012649,True,4d049fc,5,0,none,0,0.0,False,0.7,0.95,0.1,
A-n33-k5,acs_baseline,23,798.0930858872271,,0.09442916582338512,True,4d049fc,5,0,none,0,0.0,False,0.7,0.95,0.1,
A-n33-k5,acs_baseline,24,796.0792643355396,,0.09429854201152921,True,4d049fc,5,0,none,0,0.0,False,0.7,0.95,0.1,
A-n33-k5,acs_baseline,25,816.8759156159513,,0.09417037479579449,True,4d049fc,5,0,none,0,0.0,False,0.7,0.95,0.1,
A-n33-k5,acs_baseline,26,811.8787395401198,,0.09396129194647074,True,4d049fc,5,0,none,0,0.0,False,0.7,0.95,0.1,
A-n33-k5,acs_baseline,27,819.6318514869897,,0.09592945803888142,True,4d049fc,5,0,none,0,0.0,False,0.7,0.95,0.1,
A-n33-k5,acs_baseline,28,818.3213194621251,,0.09397312509827316,True,4d049fc,5,0,none,0,0.0,False,0.7,0.95,0.1,
A-n33-k5,acs_baseline,29,805.2632194878743,,0.09436758304946125,True,4d049fc,5,0,none,0,0.0,False,0.7,0.95,0.1,
A-n33-k5,acs_cl15,0,816.8759156159513,,0.07844641711562872,True,4d049fc,5,15,none,0,0.0,False,0.7,0.95,0.1,
A-n33-k5,acs_cl15,1,798.0930858872271,,0.07876149984076619,True,4d049fc,5,15,none,0,0.0,False,0.7,0.95,0.1,
A-n33-k5,acs_cl15,2,831.9003600333444,,0.07886520796455443,True,4d049fc,5,15,none,0,0.0,False,0.7,0.95,0.1,
A-n33-k5,acs_cl15,3,825.5478196564729,,0.07945029204711318,True,4d049fc,5,15,none,0,0.0,False,0.7,0.95,0.1,
A-n33-k5,acs_cl15,4,822.2254066528674,,0.07900454080663621,True,4d049fc,5,15,none,0,0.0,False,0.7,0.95,0.1,
A-n33-k5,acs_cl15,5,816.8759156159513,,0.07850754191167653,True,4d049fc,5,15,none,0,0.0,False,0.7,0.95,0.1,
A-n33-k5,acs_cl15,6,816.8759156159513,,0.07857625000178814,True,4d049fc,5,15,none,0,0.0,False,0.7,0.95,0.1,
A-n33-k5,acs_cl15,7,799.8473922626524,,0.0787885831668973,True,4d049fc,5,15,none,0,0.0,False,0.7,0.95,0.1,
A-n33-k5,acs_cl15,8,816.8759156159513,,0.07828483288176358,True,4d049fc,5,15,none,0,0.0,False,0.7,0.95,0.1,
A-n33-k5,acs_cl15,9,810.8514984695435,,0.08119704201817513,True,4d049fc,5,15,none,0,0.0,False,0.7,0.95,0.1,
A-n33-k5,acs_cl15,10,825.4815481524712,,0.07849008310586214,True,4d049fc,5,15,none,0,0.0,False,0.7,0.95,0.1,
A-n33-k5,acs_cl15,11,751.1747405863256,,0.07854529190808535,True,4d049fc,5,15,none,0,0.0,False,0.7,0.95,0.1,
A-n33-k5,acs_cl15,12,831.2960487264877,,0.07848337502218783,True,4d049fc,5,15,none,0,0.0,False,0.7,0.95,0.1,
A-n33-k5,acs_cl15,13,816.8759156159513,,0.07859245897270739,True,4d049fc,5,15,none,0,0.0,False,0.7,0.95,0.1,
A-n33-k5,acs_cl15,14,779.1190231628601,,0.07858262490481138,True,4d049fc,5,15,none,0,0.0,False,0.7,0.95,0.1,
A-n33-k5,acs_cl15,15,814.4104660773098,,0.07890691701322794,True,4d049fc,5,15,none,0,0.0,False,0.7,0.95,0.1,
A-n33-k5,acs_cl15,16,816.8759156159513,,0.0810362498741597,True,4d049fc,5,15,none,0,0.0,False,0.7,0.95,0.1,
A-n33-k5,acs_cl15,17,815.7040268959798,,0.08040808304212987,True,4d049fc,5,15,none,0,0.0,False,0.7,0.95,0.1,
A-n33-k5,acs_cl15,18,831.9003600333444,,0.0786921251565218,True,4d049fc,5,15,none,0,0.0,False,0.7,0.95,0.1,
A-n33-k5,acs_cl15,19,738.9051209481875,,0.07913108402863145,True,4d049fc,5,15,none,0,0.0,False,0.7,0.95,0.1,
A-n33-k5,acs_cl15,20,816.8759156159513,,0.07924475008621812,True,4d049fc,5,15,none,0,0.0,False,0.7,0.95,0.1,
A-n33-k5,acs_cl15,21,791.140644722431,,0.07941512507386506,True,4d049fc,5,15,none,0,0.0,False,0.7,0.95,0.1,
A-n33-k5,acs_cl15,22,816.8759156159513,,0.0787185828667134,True,4d049fc,5,15,none,0,0.0,False,0.7,0.95,0.1,
A-n33-k5,acs_cl15,23,759.2253391440671,,0.07847637520171702,True,4d049fc,5,15,none,0,0.0,False,0.7,0.95,0.1,
A-n33-k5,acs_cl15,24,803.1711020055377,,0.0782482500653714,True,4d049fc,5,15,none,0,0.0,False,0.7,0.95,0.1,
A-n33-k5,acs_cl15,25,815.4278965510384,,0.07911808392964303,True,4d049fc,5,15,none,0,0.0,False,0.7,0.95,0.1,
A-n33-k5,acs_cl15,26,816.7038166360578,,0.07856762502342463,True,4d049fc,5,15,none,0,0.0,False,0.7,0.95,0.1,
A-n33-k5,acs_cl15,27,794.4165383253328,,0.07798724994063377,True,4d049fc,5,15,none,0,0.0,False,0.7,0.95,0.1,
A-n33-k5,acs_cl15,28,822.7142367236822,,0.07806058297865093,True,4d049fc,5,15,none,0,0.0,False,0.7,0.95,0.1,
A-n33-k5,acs_cl15,29,827.1445743859651,,0.07879112497903407,True,4d049fc,5,15,none,0,0.0,False,0.7,0.95,0.1,
A-n33-k5,acs_cl15_ls2opt_adaptive,0,780.6439665715909,,0.08645987510681152,True,4d049fc,5,15,adaptive,38,1.2666666666666666,False,0.7,0.95,0.1,
A-n33-k5,acs_cl15_ls2opt_adaptive,1,771.6279442849844,,0.09438462508842349,True,4d049fc,5,15,adaptive,74,2.466666666666667,False,0.7,0.95,0.1,
A-n33-k5,acs_cl15_ls2opt_adaptive,2,800.2478489226597,,0.09388787508942187,True,4d049fc,5,15,adaptive,66,2.2,False,0.7,0.95,0.1,
A-n33-k5,acs_cl15_ls2opt_adaptive,3,800.0633388353343,,0.0928221249487251,True,4d049fc,5,15,adaptive,66,2.2,False,0.7,0.95,0.1,
A-n33-k5,acs_cl15_ls2opt_adaptive,4,724.622523952862,,0.09428829117678106,True,4d049fc,5,15,adaptive,66,2.2,False,0.7,0.95,0.1,
A-n33-k5,acs_cl15_ls2opt_adaptive,5,800.2478489226597,,0.09109108382835984,True,4d049fc,5,15,adaptive,62,2.066666666666667,False,0.7,0.95,0.1,
A-n33-k5,acs_cl15_ls2opt_adaptive,6,800.2478489226597,,0.09073175000958145,True,4d049fc,5,15,adaptive,56,1.8666666666666667,False,0.7,0.95,0.1,
A-n33-k5,acs_cl15_ls2opt_adaptive,7,800.2478489226597,,0.09061341686174273,True,4d049fc,5,15,adaptive,58,1.9333333333333333,False,0.7,0.95,0.1,
A-n33-k5,acs_cl15_ls2opt_adaptive,8,773.0728649079114,,0.09146400005556643,True,4d049fc,5,15,adaptive,62,2.066666666666667,False,0.7,0.95,0.1,
A-n33-k5,acs_cl15_ls2opt_adaptive,9,780.7126410699462,,0.08649333287030458,True,4d049fc,5,15,adaptive,42,1.4,False,0.7,0.95,0.1,
A-n33-k5,acs_cl15_ls2opt_adaptive,10,806.5455802356101,,0.09029004210606217,True,4d049fc,5,15,adaptive,58,1.9333333333333333,False,0.7,0.95,0.1,
A-n33-k5,acs_cl15_ls2opt_adaptive,11,724.7025574602135,,0.09435420809313655,True,4d049fc,5,15,adaptive,76,2.533333333333333,False,0.7,0.95,0.1,
A-n33-k5,acs_cl15_ls2opt_adaptive,12,800.2478489226597,,0.09121733298525214,True,4d049fc,5,15,adaptive,60,2.0,False,0.7,0.95,0.1,
A-n33-k5,acs_cl15_ls2opt_adaptive,13,745.9488903085452,,0.09539583302102983,True,4d049fc,5,15,adaptive,74,2.466666666666667,False,0.7,0.95,0.1,
A-n33-k5,acs_cl15_ls2opt_adaptive,14,758.812833492127,,0.09494716697372496,True,4d049fc,5,15,adaptive,76,2.533333333333333,False,0.7,0.95,0.1,
A-n33-k5,acs_cl15_ls2opt_adaptive,15,773.501473884742,,0.09097262495197356,True,4d049fc,5,15,adaptive,50,1.6666666666666667,False,0.7,0.95,0.1,
A-n33-k5,acs_cl15_ls2opt_adaptive,16,783.0922101120735,,0.09017016692087054,True,4d049fc,5,15,adaptive,54,1.8,False,0.7,0.95,0.1,
A-n33-k5,acs_cl15_ls2opt_adaptive,17,800.0633388353343,,0.09254137519747019,True,4d049fc,5,15,adaptive,66,2.2,False,0.7,0.95,0.1,
A-n33-k5,acs_cl15_ls2opt_adaptive,18,792.3905459265568,,0.09180862503126264,True,4d049fc,5,15,adaptive,58,1.9333333333333333,False,0.7,0.95,0.1,
A-n33-k5,acs_cl15_ls2opt_adaptive,19,717.7060424192604,,0.09362170798704028,True,4d049fc,5,15,adaptive,62,2.066666666666667,False,0.7,0.95,0.1,
A-n33-k5,acs_cl15_ls2opt_adaptive,20,806.2307912357716,,0.09174237493425608,True,4d049fc,5,15,adaptive,60,2.0,False,0.7,0.95,0.1,
A-n33-k5,acs_cl15_ls2opt_adaptive,21,780.6439665715909,,0.09083066694438457,True,4d049fc,5,15,adaptive,60,2.0,False,0.7,0.95,0.1,
A-n33-k5,acs_cl15_ls2opt_adaptive,22,787.983639749851,,0.09277420886792243,True,4d049fc,5,15,adaptive,68,2.2666666666666666,False,0.7,0.95,0.1,
A-n33-k5,acs_cl15_ls2opt_adaptive,23,733.4620811708808,,0.09393149986863136,True,4d049fc,5,15,adaptive,68,2.2666666666666666,False,0.7,0.95,0.1,
A-n33-k5,acs_cl15_ls2opt_adaptive,24,762.4188204792613,,0.09280416718684137,True,4d049fc,5,15,adaptive,70,2.3333333333333335,False,0.7,0.95,0.1,
A-n33-k5,acs_cl15_ls2opt_adaptive,25,795.2839700909918,,0.08895520796068013,True,4d049fc,5,15,adaptive,50,1.6666666666666667,False,0.7,0.95,0.1,
A-n33-k5,acs_cl15_ls2opt_adaptive,26,788.6190316716152,,0.0957839589100331,True,4d049fc,5,15,adaptive,78,2.6,False,0.7,0.95,0.1,
A-n33-k5,acs_cl15_ls2opt_adaptive,27,756.0568104522864,,0.09623558283783495,True,4d049fc,5,15,adaptive,72,2.4,False,0.7,0.95,0.1,
A-n33-k5,acs_cl15_ls2opt_adaptive,28,755.5797358665609,,0.0975117499474436,True,4d049fc,5,15,adaptive,76,2.533333333333333,False,0.7,0.95,0.1,
A-n33-k5,acs_cl15_ls2opt_adaptive,29,800.0633388353343,,0.09495670790784061,True,4d049fc,5,15,adaptive,70,2.3333333333333335,False,0.7,0.95,0.1,
A-n33-k5,acs_cl15_ls2opt_adaptive_q0rho,0,775.2811163814065,,0.09727816702798009,True,4d049fc,5,15,adaptive,60,2.0,True,0.7,0.95,0.1,
A-n33-k5,acs_cl15_ls2opt_adaptive_q0rho,1,797.1191582322456,,0.0959582079667598,True,4d049fc,5,15,adaptive,60,2.0,True,0.7,0.95,0.1,
A-n33-k5,acs_cl15_ls2opt_adaptive_q0rho,2,753.678119963786,,0.09727866714820266,True,4d049fc,5,15,adaptive,58,1.9333333333333333,True,0.7,0.95,0.1,
A-n33-k5,acs_cl15_ls2opt_adaptive_q0rho,3,791.2450423689677,,0.10128908301703632,True,4d049fc,5,15,adaptive,78,2.6,True,0.7,0.95,0.1,
A-n33-k5,acs_cl15_ls2opt_adaptive_q0rho,4,734.0334310092309,,0.09728808305226266,True,4d049fc,5,15,adaptive,58,1.9333333333333333,True,0.7,0.95,0.1,
A-n33-k5,acs_cl15_ls2opt_adaptive_q0rho,5,791.4728310756702,,0.09661850007250905,True,4d049fc,5,15,adaptive,60,2.0,True,0.7,0.95,0.1,
A-n33-k5,acs_cl15_ls2opt_adaptive_q0rho,6,717.7060424192604,,0.0977963749319315,True,4d049fc,5,15,adaptive,64,2.1333333333333333,True,0.7,0.95,0.1,
A-n33-k5,acs_cl15_ls2opt_adaptive_q0rho,7,758.6628444228762,,0.09901683405041695,True,4d049fc,5,15,adaptive,72,2.4,True,0.7,0.95,0.1,
A-n33-k5,acs_cl15_ls2opt_adaptive_q0rho,8,788.72848546136,,0.09855220816098154,True,4d049fc,5,15,adaptive,64,2.1333333333333333,True,0.7,0.95,0.1,
A-n33-k5,acs_cl15_ls2opt_adaptive_q0rho,9,800.4563363895511,,0.09559912513941526,True,4d049fc,5,15,adaptive,50,1.6666666666666667,True,0.7,0.95,0.1,
A-n33-k5,acs_cl15_ls2opt_adaptive_q0rho,10,773.0728649079114,,0.09788720798678696,True,4d049fc,5,15,adaptive,66,2.2,True,0.7,0.95,0.1,
A-n33-k5,acs_cl15_ls2opt_adaptive_q0rho,11,780.6439665715909,,0.0931423339061439,True,4d049fc,5,15,adaptive,48,1.6,True,0.7,0.95,0.1,
A-n33-k5,acs_cl15_ls2opt_adaptive_q0rho,12,758.2518092948549,,0.09905429184436798,True,4d049fc,5,15,adaptive,76,2.533333333333333,True,0.7,0.95,0.1,
A-n33-k5,acs_cl15_ls2opt_adaptive_q0rho,13,725.329230140911,,0.0992625409271568,True,4d049fc,5,15,adaptive,70,2.3333333333333335,True,0.7,0.95,0.1,
A-n33-k5,acs_cl15_ls2opt_adaptive_q0rho,14,741.937881559436,,0.09777091699652374,True,4d049fc,5,15,adaptive,64,2.1333333333333333,True,0.7,0.95,0.1,
A-n33-k5,acs_cl15_ls2opt_adaptive_q0rho,15,789.9610479245152,,0.09967275010421872,True,4d049fc,5,15,adaptive,72,2.4,True,0.7,0.95,0.1,
A-n33-k5,acs_cl15_ls2opt_adaptive_q0rho,16,787.5801010957764,,0.09582887520082295,True,4d049fc,5,15,adaptive,58,1.9333333333333333,True,0.7,0.95,0.1,
A-n33-k5,acs_cl15_ls2opt_adaptive_q0rho,17,780.7126410699462,,0.09478091704659164,True,4d049fc,5,15,adaptive,56,1.8666666666666667,True,0.7,0.95,0.1,
A-n33-k5,acs_cl15_ls2opt_adaptive_q0rho,18,778.4435128993697,,0.10152566712349653,True,4d049fc,5,15,adaptive,72,2.4,True,0.7,0.95,0.1,
A-n33-k5,acs_cl15_ls2opt_adaptive_q0rho,19,750.5247614576431,,0.09950691577978432,True,4d049fc,5,15,adaptive,66,2.2,True,0.7,0.95,0.1,
A-n33-k5,acs_cl15_ls2opt_adaptive_q0rho,20,780.2336997687758,,0.10031475010327995,True,4d049fc,5,15,adaptive,74,2.466666666666667,True,0.7,0.95,0.1,
A-n33-k5,acs_cl15_ls2opt_adaptive_q0rho,21,772.4326638758007,,0.09791091619990766,True,4d049fc,5,15,adaptive,64,2.1333333333333333,True,0.7,0.95,0.1,
A-n33-k5,acs_cl15_ls2opt_adaptive_q0rho,22,800.0633388353343,,0.09800774999894202,True,4d049fc,5,15,adaptive,70,2.3333333333333335,True,0.7,0.95,0.1,
A-n33-k5,acs_cl15_ls2opt_adaptive_q0rho,23,778.480602690984,,0.10039662499912083,True,4d049fc,5,15,adaptive,78,2.6,True,0.7,0.95,0.1,
A-n33-k5,acs_cl15_ls2opt_adaptive_q0rho,24,795.5680298627542,,0.09852462518028915,True,4d049fc,5,15,adaptive,68,2.2666666666666666,True,0.7,0.95,0.1,
A-n33-k5,acs_cl15_ls2opt_adaptive_q0rho,25,788.6190316716152,,0.09885170892812312,True,4d049fc,5,15,adaptive,70,2.3333333333333335,True,0.7,0.95,0.1,
A-n33-k5,acs_cl15_ls2opt_adaptive_q0rho,26,774.1398045842341,,0.09878479200415313,True,4d049fc,5,15,adaptive,68,2.2666666666666666,True,0.7,0.95,0.1,
A-n33-k5,acs_cl15_ls2opt_adaptive_q0rho,27,711.7895036056346,,0.09915345814079046,True,4d049fc,5,15,adaptive,66,2.2,True,0.7,0.95,0.1,
A-n33-k5,acs_cl15_ls2opt_adaptive_q0rho,28,793.3250461558621,,0.16791495797224343,True,4d049fc,5,15,adaptive,66,2.2,True,0.7,0.95,0.1,
A-n33-k5,acs_cl15_ls2opt_adaptive_q0rho,29,758.2518092948549,,0.10685312515124679,True,4d049fc,5,15,adaptive,76,2.533333333333333,True,0.7,0.95,0.1,
A-n33-k5,acs_cl15_ls2opt_adaptive_q0sched,0,780.6439665715909,,0.09574629087001085,True,4d049fc,5,15,adaptive,58,1.9333333333333333,True,0.7,0.95,0.1,
A-n33-k5,acs_cl15_ls2opt_adaptive_q0sched,1,769.5800622454387,,0.09809304191730917,True,4d049fc,5,15,adaptive,68,2.2666666666666666,True,0.7,0.95,0.1,
A-n33-k5,acs_cl15_ls2opt_adaptive_q0sched,2,753.678119963786,,0.09523816709406674,True,4d049fc,5,15,adaptive,48,1.6,True,0.7,0.95,0.1,
A-n33-k5,acs_cl15_ls2opt_adaptive_q0sched,3,791.2450423689677,,0.10237095900811255,True,4d049fc,5,15,adaptive,78,2.6,True,0.7,0.95,0.1,
A-n33-k5,acs_cl15_ls2opt_adaptive_q0sched,4,709.4870814934127,,0.09595404099673033,True,4d049fc,5,15,adaptive,56,1.8666666666666667,True,0.7,0.95,0.1,
A-n33-k5,acs_cl15_ls2opt_adaptive_q0sched,5,789.8714195612108,,0.09892566595226526,True,4d049fc,5,15,adaptive,68,2.2666666666666666,True,0.7,0.95,0.1,
A-n33-k5,acs_cl15_ls2opt_adaptive_q0sched,6,755.5797358665609,,0.09938533301465213,True,4d049fc,5,15,adaptive,74,2.466666666666667,True,0.7,0.95,0.1,
A-n33-k5,acs_cl15_ls2opt_adaptive_q0sched,7,758.6628444228762,,0.1000214999075979,True,4d049fc,5,15,adaptive,72,2.4,True,0.7,0.95,0.1,
A-n33-k5,acs_cl15_ls2opt_adaptive_q0sched,8,787.3050043817689,,0.098741042194888,True,4d049fc,5,15,adaptive,64,2.1333333333333333,True,0.7,0.95,0.1,
A-n33-k5,acs_cl15_ls2opt_adaptive_q0sched,9,795.4830841019917,,0.09515137504786253,True,4d049fc,5,15,adaptive,52,1.7333333333333334,True,0.7,0.95,0.1,
A-n33-k5,acs_cl15_ls2opt_adaptive_q0sched,10,770.2822626974909,,0.09841945813968778,True,4d049fc,5,15,adaptive,66,2.2,True,0.7,0.95,0.1,
A-n33-k5,acs_cl15_ls2opt_adaptive_q0sched,11,795.371221645845,,0.09822825016453862,True,4d049fc,5,15,adaptive,68,2.2666666666666666,True,0.7,0.95,0.1,
A-n33-k5,acs_cl15_ls2opt_adaptive_q0sched,12,758.2518092948549,,0.09964925004169345,True,4d049fc,5,15,adaptive,76,2.533333333333333,True,0.7,0.95,0.1,
A-n33-k5,acs_cl15_ls2opt_adaptive_q0sched,13,763.2364488460858,,0.12683216691948473,True,4d049fc,5,15,adaptive,70,2.3333333333333335,True,0.7,0.95,0.1,
A-n33-k5,acs_cl15_ls2opt_adaptive_q0sched,14,741.0331828345603,,0.09787145908921957,True,4d049fc,5,15,adaptive,58,1.9333333333333333,True,0.7,0.95,0.1,
A-n33-k5,acs_cl15_ls2opt_adaptive_q0sched,15,765.9134047850343,,0.09748879098333418,True,4d049fc,5,15,adaptive,58,1.9333333333333333,True,0.7,0.95,0.1,
A-n33-k5,acs_cl15_ls2opt_adaptive_q0sched,16,779.1113606046358,,0.09587962506338954,True,4d049fc,5,15,adaptive,58,1.9333333333333333,True,0.7,0.95,0.1,
A-n33-k5,acs_cl15_ls2opt_adaptive_q0sched,17,788.2161255296896,,0.09814499993808568,True,4d049fc,5,15,adaptive,70,2.3333333333333335,True,0.7,0.95,0.1,
A-n33-k5,acs_cl15_ls2opt_adaptive_q0sched,18,778.4435128993697,,0.09968620911240578,True,4d049fc,5,15,adaptive,72,2.4,True,0.7,0.95,0.1,
A-n33-k5,acs_cl15_ls2opt_adaptive_q0sched,19,704.9135284301539,,0.0986053750384599,True,4d049fc,5,15,adaptive,66,2.2,True,0.7,0.95,0.1,
A-n33-k5,acs_cl15_ls2opt_adaptive_q0sched,20,776.6930183299727,,0.09792508301325142,True,4d049fc,5,15,adaptive,64,2.1333333333333333,True,0.7,0.95,0.1,
A-n33-k5,acs_cl15_ls2opt_adaptive_q0sched,21,778.675553493675,,0.09981516702100635,True,4d049fc,5,15,adaptive,74,2.466666666666667,True,0.7,0.95,0.1,
A-n33-k5,acs_cl15_ls2opt_adaptive_q0sched,22,769.1261460485293,,0.09703233395703137,True,4d049fc,5,15,adaptive,58,1.9333333333333333,True,0.7,0.95,0.1,
A-n33-k5,acs_cl15_ls2opt_adaptive_q0sched,23,772.4020161048468,,0.09856329183094203,True,4d049fc,5,15,adaptive,68,2.2666666666666666,True,0.7,0.95,0.1,
A-n33-k5,acs_cl15_ls2opt_adaptive_q0sched,24,795.2839700909918,,0.09869275009259582,True,4d049fc,5,15,adaptive,68,2.2666666666666666,True,0.7,0.95,0.1,
A-n33-k5,acs_cl15_ls2opt_adaptive_q0sched,25,801.5745498180528,,0.09785279189236462,True,4d049fc,5,15,adaptive,66,2.2,True,0.7,0.95,0.1,
A-n33-k5,acs_cl15_ls2opt_adaptive_q0sched,26,745.2934393238576,,0.09885829105041921,True,4d049fc,5,15,adaptive,68,2.2666666666666666,True,0.7,0.95,0.1,
A-n33-k5,acs_cl15_ls2opt_adaptive_q0sched,27,711.9240825443857,,0.09889970906078815,True,4d049fc,5,15,adaptive,66,2.2,True,0.7,0.95,0.1,
A-n33-k5,acs_cl15_ls2opt_adaptive_q0sched,28,800.2478489226597,,0.09916387498378754,True,4d049fc,5,15,adaptive,74,2.466666666666667,True,0.7,0.95,0.1,
A-n33-k5,acs_cl15_ls2opt_adaptive_q0sched,29,758.2518092948549,,0.10151295782998204,True,4d049fc,5,15,adaptive,76,2.533333333333333,True,0.7,0.95,0.1,
A-n33-k5,acs_cl15_ls2opt_fixed,0,780.6439665715909,,0.08506033313460648,True,4d049fc,5,15,best,30,1.0,False,0.7,0.95,0.1,
A-n33-k5,acs_cl15_ls2opt_fixed,1,771.6279442849844,,0.08510266686789691,True,4d049fc,5,15,best,30,1.0,False,0.7,0.95,0.1,
A-n33-k5,acs_cl15_ls2opt_fixed,2,800.2478489226597,,0.08605233300477266,True,4d049fc,5,15,best,30,1.0,False,0.7,0.95,0.1,
A-n33-k5,acs_cl15_ls2opt_fixed,3,800.0633388353343,,0.08477145805954933,True,4d049fc,5,15,best,30,1.0,False,0.7,0.95,0.1,
A-n33-k5,acs_cl15_ls2opt_fixed,4,724.622523952862,,0.08596654189750552,True,4d049fc,5,15,best,30,1.0,False,0.7,0.95,0.1,
A-n33-k5,acs_cl15_ls2opt_fixed,5,800.2478489226597,,0.08488754113204777,True,4d049fc,5,15,best,30,1.0,False,0.7,0.95,0.1,
A-n33-k5,acs_cl15_ls2opt_fixed,6,800.2478489226597,,0.0851610831450671,True,4d049fc,5,15,best,30,1.0,False,0.7,0.95,0.1,
A-n33-k5,acs_cl15_ls2opt_fixed,7,780.7126410699462,,0.08494820888154209,True,4d049fc,5,15,best,30,1.0,False,0.7,0.95,0.1,
A-n33-k5,acs_cl15_ls2opt_fixed,8,773.0728649079114,,0.08481591707095504,True,4d049fc,5,15,best,30,1.0,False,0.7,0.95,0.1,
A-n33-k5,acs_cl15_ls2opt_fixed,9,780.7126410699462,,0.0840426660142839,True,4d049fc,5,15,best,30,1.0,False,0.7,0.95,0.1,
A-n33-k5,acs_cl15_ls2opt_fixed,10,806.5455802356101,,0.08439629198983312,True,4d049fc,5,15,best,30,1.0,False,0.7,0.95,0.1,
A-n33-k5,acs_cl15_ls2opt_fixed,11,724.7025574602135,,0.08505862508900464,True,4d049fc,5,15,best,30,1.0,False,0.7,0.95,0.1,
A-n33-k5,acs_cl15_ls2opt_fixed,12,800.2478489226597,,0.0849167499691248,True,4d049fc,5,15,best,30,1.0,False,0.7,0.95,0.1,
A-n33-k5,acs_cl15_ls2opt_fixed,13,745.9488903085452,,0.08544183382764459,True,4d049fc,5,15,best,30,1.0,False,0.7,0.95,0.1,
A-n33-k5,acs_cl15_ls2opt_fixed,14,758.812833492127,,0.08488495810888708,True,4d049fc,5,15,best,30,1.0,False,0.7,0.95,0.1,
A-n33-k5,acs_cl15_ls2opt_fixed,15,773.501473884742,,0.08590699988417327,True,4d049fc,5,15,best,30,1.0,False,0.7,0.95,0.1,
A-n33-k5,acs_cl15_ls2opt_fixed,16,800.0633388353343,,0.08477070881053805,True,4d049fc,5,15,best,30,1.0,False,0.7,0.95,0.1,
A-n33-k5,acs_cl15_ls2opt_fixed,17,800.0633388353343,,0.08472295803949237,True,4d049fc,5,15,best,30,1.0,False,0.7,0.95,0.1,
A-n33-k5,acs_cl15_ls2opt_fixed,18,792.3905459265568,,0.08539387490600348,True,4d049fc,5,15,best,30,1.0,False,0.7,0.95,0.1,
A-n33-k5,acs_cl15_ls2opt_fixed,19,717.7060424192604,,0.08597895805723965,True,4d049fc,5,15,best,30,1.0,False,0.7,0.95,0.1,
A-n33-k5,acs_cl15_ls2opt_fixed,20,806.2307912357716,,0.08508733310736716,True,4d049fc,5,15,best,30,1.0,False,0.7,0.95,0.1,
A-n33-k5,acs_cl15_ls2opt_fixed,21,780.6439665715909,,0.08482687501236796,True,4d049fc,5,15,best,30,1.0,False,0.7,0.95,0.1,
A-n33-k5,acs_cl15_ls2opt_fixed,22,787.983639749851,,0.08471091696992517,True,4d049fc,5,15,best,30,1.0,False,0.7,0.95,0.1,
A-n33-k5,acs_cl15_ls2opt_fixed,23,733.4620811708808,,0.08514304179698229,True,4d049fc,5,15,best,30,1.0,False,0.7,0.95,0.1,
A-n33-k5,acs_cl15_ls2opt_fixed,24,762.4188204792613,,0.08480058400891721,True,4d049fc,5,15,best,30,1.0,False,0.7,0.95,0.1,
A-n33-k5,acs_cl15_ls2opt_fixed,25,795.2839700909918,,0.08495499985292554,True,4d049fc,5,15,best,30,1.0,False,0.7,0.95,0.1,
A-n33-k5,acs_cl15_ls2opt_fixed,26,788.6190316716152,,0.08477025013417006,True,4d049fc,5,15,best,30,1.0,False,0.7,0.95,0.1,
A-n33-k5,acs_cl15_ls2opt_fixed,27,756.0568104522864,,0.08487695804797113,True,4d049fc,5,15,best,30,1.0,False,0.7,0.95,0.1,
A-n33-k5,acs_cl15_ls2opt_fixed,28,755.5797358665609,,0.08472266606986523,True,4d049fc,5,15,best,30,1.0,False,0.7,0.95,0.1,
A-n33-k5,acs_cl15_ls2opt_fixed,29,800.0633388353343,,0.08563683298416436,True,4d049fc,5,15,best,30,1.0,False,0.7,0.95,0.1,
A-n33-k6,acs_baseline,0,960.12119752693,,0.10387112479656935,True,4d049fc,6,0,none,0,0.0,False,0.7,0.95,0.1,
A-n33-k6,acs_baseline,1,931.2997524662712,,0.09690725011751056,True,4d049fc,6,0,none,0,0.0,False,0.7,0.95,0.1,
A-n33-k6,acs_baseline,2,933.5777949390931,,0.11805291706696153,True,4d049fc,6,0,none,0,0.0,False,0.7,0.95,0.1,
A-n33-k6,acs_baseline,3,867.0662062422971,,0.09607299999333918,True,4d049fc,6,0,none,0,0.0,False,0.7,0.95,0.1,
A-n33-k6,acs_baseline,4,868.7225869344725,,0.1367523327935487,True,4d049fc,6,0,none,0,0.0,False,0.7,0.95,0.1,
A-n33-k6,acs_baseline,5,906.5573596819429,,0.11334274988621473,True,4d049fc,6,0,none,0,0.0,False,0.7,0.95,0.1,
A-n33-k6,acs_baseline,6,880.7834958892277,,0.10127500002272427,True,4d049fc,6,0,none,0,0.0,False,0.7,0.95,0.1,
A-n33-k6,acs_baseline,7,885.6214899986036,,0.10003179195336998,True,4d049fc,6,0,none,0,0.0,False,0.7,0.95,0.1,
A-n33-k6,acs_baseline,8,917.098912188459,,0.09958145907148719,True,4d049fc,6,0,none,0,0.0,False,0.7,0.95,0.1,
A-n33-k6,acs_baseline,9,917.9405569306621,,0.09678612486459315,True,4d049fc,6,0,none,0,0.0,False,0.7,0.95,0.1,
A-n33-k6,acs_baseline,10,920.0169138936551,,0.09536875016056001,True,4d049fc,6,0,none,0,0.0,False,0.7,0.95,0.1,
A-n33-k6,acs_baseline,11,874.5053604143982,,0.09481024998240173,True,4d049fc,6,0,none,0,0.0,False,0.7,0.95,0.1,
A-n33-k6,acs_baseline,12,890.0145958585633,,0.09476866689510643,True,4d049fc,6,0,none,0,0.0,False,0.7,0.95,0.1,
A-n33-k6,acs_baseline,13,929.6908847704474,,0.09550599986687303,True,4d049fc,6,0,none,0,0.0,False,0.7,0.95,0.1,
A-n33-k6,acs_baseline,14,933.4084035113085,,0.09476500004529953,True,4d049fc,6,0,none,0,0.0,False,0.7,0.95,0.1,
A-n33-k6,acs_baseline,15,933.5777949390931,,0.0952244158834219,True,4d049fc,6,0,none,0,0.0,False,0.7,0.95,0.1,
A-n33-k6,acs_baseline,16,916.467512322369,,0.09637729194946587,True,4d049fc,6,0,none,0,0.0,False,0.7,0.95,0.1,
A-n33-k6,acs_baseline,17,920.7896230938577,,0.10042279213666916,True,4d049fc,6,0,none,0,0.0,False,0.7,0.95,0.1,
A-n33-k6,acs_baseline,18,933.5777949390931,,0.09896254097111523,True,4d049fc,6,0,none,0,0.0,False,0.7,0.95,0.1,
A-n33-k6,acs_baseline,19,936.7097547231888,,0.09609691612422466,True,4d049fc,6,0,none,0,0.0,False,0.7,0.95,0.1,
A-n33-k6,acs_baseline,20,877.1822154466752,,0.09933545882813632,True,4d049fc,6,0,none,0,0.0,False,0.7,0.95,0.1,
A-n33-k6,acs_baseline,21,871.9608105243584,,0.10143316606990993,True,4d049fc,6,0,none,0,0.0,False,0.7,0.95,0.1,
A-n33-k6,acs_baseline,22,917.9021572216697,,0.1024291249923408,True,4d049fc,6,0,none,0,0.0,False,0.7,0.95,0.1,
A-n33-k6,acs_baseline,23,855.3042472219796,,0.10222645802423358,True,4d049fc,6,0,none,0,0.0,False,0.7,0.95,0.1,
A-n33-k6,acs_baseline,24,945.425742660633,,0.10122262500226498,True,4d049fc,6,0,none,0,0.0,False,0.7,0.95,0.1,
A-n33-k6,acs_baseline,25,879.5435066643577,,0.10193495801649988,True,4d049fc,6,0,none,0,0.0,False,0.7,0.95,0.1,
A-n33-k6,acs_baseline,26,844.1640588843838,,0.10032025002874434,True,4d049fc,6,0,none,0,0.0,False,0.7,0.95,0.1,
A-n33-k6,acs_baseline,27,896.6379846118875,,0.10619570803828537,True,4d049fc,6,0,none,0,0.0,False,0.7,0.95,0.1,
A-n33-k6,acs_baseline,28,891.6170901808927,,0.10620425012893975,True,4d049fc,6,0,none,0,0.0,False,0.7,0.95,0.1,
A-n33-k6,acs_baseline,29,915.2154400959043,,0.10575891705229878,True,4d049fc,6,0,none,0,0.0,False,0.7,0.95,0.1,
A-n33-k6,acs_cl15,0,943.2038584471036,,0.08601645822636783,True,4d049fc,6,15,none,0,0.0,False,0.7,0.95,0.1,
A-n33-k6,acs_cl15,1,933.5777949390931,,0.08375116717070341,True,4d049fc,6,15,none,0,0.0,False,0.7,0.95,0.1,
A-n33-k6,acs_cl15,2,913.8206586555681,,0.12657879083417356,True,4d049fc,6,15,none,0,0.0,False,0.7,0.95,0.1,
A-n33-k6,acs_cl15,3,933.5777949390931,,0.0852595828473568,True,4d049fc,6,15,none,0,0.0,False,0.7,0.95,0.1,
A-n33-k6,acs_cl15,4,916.4950317831958,,0.09218250005505979,True,4d049fc,6,15,none,0,0.0,False,0.7,0.95,0.1,
A-n33-k6,acs_cl15,5,953.0939459091221,,0.09469970897771418,True,4d049fc,6,15,none,0,0.0,False,0.7,0.95,0.1,
A-n33-k6,acs_cl15,6,848.3763213351058,,0.08629129105247557,True,4d049fc,6,15,none,0,0.0,False,0.7,0.95,0.1,
A-n33-k6,acs_cl15,7,922.446860238214,,0.08425545785576105,True,4d049fc,6,15,none,0,0.0,False,0.7,0.95,0.1,
A-n33-k6,acs_cl15,8,910.5295537521656,,0.08505199989303946,True,4d049fc,6,15,none,0,0.0,False,0.7,0.95,0.1,
A-n33-k6,acs_cl15,9,910.5983902923037,,0.08084954204969108,True,4d049fc,6,15,none,0,0.0,False,0.7,0.95,0.1,
A-n33-k6,acs_cl15,10,932.5304176830892,,0.07997745811007917,True,4d049fc,6,15,none,0,0.0,False,0.7,0.95,0.1,
A-n33-k6,acs_cl15,11,847.0069274807206,,0.0813427499961108,True,4d049fc,6,15,none,0,0.0,False,0.7,0.95,0.1,
A-n33-k6,acs_cl15,12,932.7385437154974,,0.08282925002276897,True,4d049fc,6,15,none,0,0.0,False,0.7,0.95,0.1,
A-n33-k6,acs_cl15,13,900.8343318986174,,0.08354849996976554,True,4d049fc,6,15,none,0,0.0,False,0.7,0.95,0.1,
A-n33-k6,acs_cl15,14,924.8236981883491,,0.08372245798818767,True,4d049fc,6,15,none,0,0.0,False,0.7,0.95,0.1,
A-n33-k6,acs_cl15,15,933.5777949390931,,0.08325820905156434,True,4d049fc,6,15,none,0,0.0,False,0.7,0.95,0.1,
A-n33-k6,acs_cl15,16,903.5729660264828,,0.08381325006484985,True,4d049fc,6,15,none,0,0.0,False,0.7,0.95,0.1,
A-n33-k6,acs_cl15,17,934.0116335038199,,0.08589116716757417,True,4d049fc,6,15,none,0,0.0,False,0.7,0.95,0.1,
A-n33-k6,acs_cl15,18,940.9875727580334,,0.08438458386808634,True,4d049fc,6,15,none,0,0.0,False,0.7,0.95,0.1,
A-n33-k6,acs_cl15,19,930.2862165108448,,0.08103695907630026,True,4d049fc,6,15,none,0,0.0,False,0.7,0.95,0.1,
A-n33-k6,acs_cl15,20,903.0234461257862,,0.07968687498942018,True,4d049fc,6,15,none,0,0.0,False,0.7,0.95,0.1,
A-n33-k6,acs_cl15,21,928.0607695480363,,0.07912083296105266,True,4d049fc,6,15,none,0,0.0,False,0.7,0.95,0.1,
A-n33-k6,acs_cl15,22,888.9132541447276,,0.0808902911376208,True,4d049fc,6,15,none,0,0.0,False,0.7,0.95,0.1,
A-n33-k6,acs_cl15,23,933.5777949390931,,0.08326591597869992,True,4d049fc,6,15,none,0,0.0,False,0.7,0.95,0.1,
A-n33-k6,acs_cl15,24,903.5729660264828,,0.08250195789150894,True,4d049fc,6,15,none,0,0.0,False,0.7,0.95,0.1,
A-n33-k6,acs_cl15,25,955.4379656803167,,0.08127295901067555,True,4d049fc,6,15,none,0,0.0,False,0.7,0.95,0.1,
A-n33-k6,acs_cl15,26,915.8901238597599,,0.07947529200464487,True,4d049fc,6,15,none,0,0.0,False,0.7,0.95,0.1,
A-n33-k6,acs_cl15,27,857.5081204817836,,0.07875962485559285,True,4d049fc,6,15,none,0,0.0,False,0.7,0.95,0.1,
A-n33-k6,acs_cl15,28,933.5777949390931,,0.07858425006270409,True,4d049fc,6,15,none,0,0.0,False,0.7,0.95,0.1,
A-n33-k6,acs_cl15,29,921.9524321414762,,0.0798325000796467,True,4d049fc,6,15,none,0,0.0,False,0.7,0.95,0.1,
A-n33-k6,acs_cl15_ls2opt_adaptive,0,924.4437635516891,,0.12075512506999075,True,4d049fc,6,15,adaptive,78,2.6,False,0.7,0.95,0.1,
A-n33-k6,acs_cl15_ls2opt_adaptive,1,911.7864683820383,,0.09273787494748831,True,4d049fc,6,15,adaptive,66,2.2,False,0.7,0.95,0.1,
A-n33-k6,acs_cl15_ls2opt_adaptive,2,903.5749428902111,,0.09499137499369681,True,4d049fc,6,15,adaptive,74,2.466666666666667,False,0.7,0.95,0.1,
A-n33-k6,acs_cl15_ls2opt_adaptive,3,869.1342665005432,,0.09331162506714463,True,4d049fc,6,15,adaptive,60,2.0,False,0.7,0.95,0.1,
A-n33-k6,acs_cl15_ls2opt_adaptive,4,899.3136717870467,,0.09314254112541676,True,4d049fc,6,15,adaptive,68,2.2666666666666666,False,0.7,0.95,0.1,
A-n33-k6,acs_cl15_ls2opt_adaptive,5,892.7695720993266,,0.09224408282898366,True,4d049fc,6,15,adaptive,64,2.1333333333333333,False,0.7,0.95,0.1,
A-n33-k6,acs_cl15_ls2opt_adaptive,6,823.5947304623094,,0.0932443339843303,True,4d049fc,6,15,adaptive,72,2.4,False,0.7,0.95,0.1,
A-n33-k6,acs_cl15_ls2opt_adaptive,7,901.4055192175609,,0.09203208307735622,True,4d049fc,6,15,adaptive,62,2.066666666666667,False,0.7,0.95,0.1,
A-n33-k6,acs_cl15_ls2opt_adaptive,8,898.9250214628778,,0.09095366694964468,True,4d049fc,6,15,adaptive,56,1.8666666666666667,False,0.7,0.95,0.1,
A-n33-k6,acs_cl15_ls2opt_adaptive,9,892.7695720993266,,0.09137641708366573,True,4d049fc,6,15,adaptive,64,2.1333333333333333,False,0.7,0.95,0.1,
A-n33-k6,acs_cl15_ls2opt_adaptive,10,902.4207290538145,,0.09030579193495214,True,4d049fc,6,15,adaptive,58,1.9333333333333333,False,0.7,0.95,0.1,
A-n33-k6,acs_cl15_ls2opt_adaptive,11,809.7329438670602,,0.08913466590456665,True,4d049fc,6,15,adaptive,54,1.8,False,0.7,0.95,0.1,
A-n33-k6,acs_cl15_ls2opt_adaptive,12,915.3058761335294,,0.09620570787228644,True,4d049fc,6,15,adaptive,78,2.6,False,0.7,0.95,0.1,
A-n33-k6,acs_cl15_ls2opt_adaptive,13,870.5541894952419,,0.09435620787553489,True,4d049fc,6,15,adaptive,78,2.6,False,0.7,0.95,0.1,
A-n33-k6,acs_cl15_ls2opt_adaptive,14,867.7976252266762,,0.09230133309029043,True,4d049fc,6,15,adaptive,66,2.2,False,0.7,0.95,0.1,
A-n33-k6,acs_cl15_ls2opt_adaptive,15,915.3058761335294,,0.0927148750051856,True,4d049fc,6,15,adaptive,72,2.4,False,0.7,0.95,0.1,
A-n33-k6,acs_cl15_ls2opt_adaptive,16,872.8732850569215,,0.08932429202832282,True,4d049fc,6,15,adaptive,52,1.7333333333333334,False,0.7,0.95,0.1,
A-n33-k6,acs_cl15_ls2opt_adaptive,17,899.3136717870467,,0.09273949987255037,True,4d049fc,6,15,adaptive,70,2.3333333333333335,False,0.7,0.95,0.1,
A-n33-k6,acs_cl15_ls2opt_adaptive,18,913.0715775229323,,0.09420262509956956,True,4d049fc,6,15,adaptive,78,2.6,False,0.7,0.95,0.1,
A-n33-k6,acs_cl15_ls2opt_adaptive,19,891.9883764641282,,0.08929366688244045,True,4d049fc,6,15,adaptive,50,1.6666666666666667,False,0.7,0.95,0.1,
A-n33-k6,acs_cl15_ls2opt_adaptive,20,870.5541894952419,,0.09327258402481675,True,4d049fc,6,15,adaptive,72,2.4,False,0.7,0.95,0.1,
A-n33-k6,acs_cl15_ls2opt_adaptive,21,903.9887754631717,,0.09402925008907914,True,4d049fc,6,15,adaptive,78,2.6,False,0.7,0.95,0.1,
A-n33-k6,acs_cl15_ls2opt_adaptive,22,901.0168688933919,,0.091626166831702,True,4d049fc,6,15,adaptive,66,2.2,False,0.7,0.95,0.1,
A-n33-k6,acs_cl15_ls2opt_adaptive,23,915.3058761335294,,0.09320495813153684,True,4d049fc,6,15,adaptive,74,2.466666666666667,False,0.7,0.95,0.1,
A-n33-k6,acs_cl15_ls2opt_adaptive,24,915.3058761335294,,0.092933916952461,True,4d049fc,6,15,adaptive,72,2.4,False,0.7,0.95,0.1,
A-n33-k6,acs_cl15_ls2opt_adaptive,25,919.1849964394431,,0.09040887514129281,True,4d049fc,6,15,adaptive,60,2.0,False,0.7,0.95,0.1,
A-n33-k6,acs_cl15_ls2opt_adaptive,26,898.9250214628778,,0.09192141587845981,True,4d049fc,6,15,adaptive,66,2.2,False,0.7,0.95,0.1,
A-n33-k6,acs_cl15_ls2opt_adaptive,27,915.3058761335294,,0.09149370808154345,True,4d049fc,6,15,adaptive,66,2.2,False,0.7,0.95,0.1,
A-n33-k6,acs_cl15_ls2opt_adaptive,28,892.7695720993266,,0.09056874993257225,True,4d049fc,6,15,adaptive,62,2.066666666666667,False,0.7,0.95,0.1,
A-n33-k6,acs_cl15_ls2opt_adaptive,29,898.9250214628778,,0.09223908302374184,True,4d049fc,6,15,adaptive,64,2.1333333333333333,False,0.7,0.95,0.1,
A-n33-k6,acs_cl15_ls2opt_adaptive_q0rho,0,901.0168688933919,,0.09792737499810755,True,4d049fc,6,15,adaptive,66,2.2,True,0.7,0.95,0.1,
A-n33-k6,acs_cl15_ls2opt_adaptive_q0rho,1,902.9515701366411,,0.09708712506107986,True,4d049fc,6,15,adaptive,62,2.066666666666667,True,0.7,0.95,0.1,
A-n33-k6,acs_cl15_ls2opt_adaptive_q0rho,2,864.0302421421843,,0.0974631670396775,True,4d049fc,6,15,adaptive,64,2.1333333333333333,True,0.7,0.95,0.1,
A-n33-k6,acs_cl15_ls2opt_adaptive_q0rho,3,891.9883764641282,,0.0960310420487076,True,4d049fc,6,15,adaptive,62,2.066666666666667,True,0.7,0.95,0.1,
A-n33-k6,acs_cl15_ls2opt_adaptive_q0rho,4,911.3340335367678,,0.09816437494009733,True,4d049fc,6,15,adaptive,64,2.1333333333333333,True,0.7,0.95,0.1,
A-n33-k6,acs_cl15_ls2opt_adaptive_q0rho,5,870.5541894952419,,0.09792775008827448,True,4d049fc,6,15,adaptive,64,2.1333333333333333,True,0.7,0.95,0.1,
A-n33-k6,acs_cl15_ls2opt_adaptive_q0rho,6,870.5541894952419,,0.09814287489280105,True,4d049fc,6,15,adaptive,74,2.466666666666667,True,0.7,0.95,0.1,
A-n33-k6,acs_cl15_ls2opt_adaptive_q0rho,7,892.7695720993266,,0.0971760000102222,True,4d049fc,6,15,adaptive,66,2.2,True,0.7,0.95,0.1,
A-n33-k6,acs_cl15_ls2opt_adaptive_q0rho,8,867.0222860817964,,0.0968559579923749,True,4d049fc,6,15,adaptive,68,2.2666666666666666,True,0.7,0.95,0.1,
A-n33-k6,acs_cl15_ls2opt_adaptive_q0rho,9,884.0305481819594,,0.09567208285443485,True,4d049fc,6,15,adaptive,58,1.9333333333333333,True,0.7,0.95,0.1,
A-n33-k6,acs_cl15_ls2opt_adaptive_q0rho,10,901.0168688933919,,0.09512945800088346,True,4d049fc,6,15,adaptive,54,1.8,True,0.7,0.95,0.1,
A-n33-k6,acs_cl15_ls2opt_adaptive_q0rho,11,885.3250177905794,,0.09736462496221066,True,4d049fc,6,15,adaptive,68,2.2666666666666666,True,0.7,0.95,0.1,
A-n33-k6,acs_cl15_ls2opt_adaptive_q0rho,12,901.4055192175609,,0.09825791697949171,True,4d049fc,6,15,adaptive,72,2.4,True,0.7,0.95,0.1,
A-n33-k6,acs_cl15_ls2opt_adaptive_q0rho,13,887.0590847966475,,0.09456891589798033,True,4d049fc,6,15,adaptive,52,1.7333333333333334,True,0.7,0.95,0.1,
A-n33-k6,acs_cl15_ls2opt_adaptive_q0rho,14,860.5419831730255,,0.09893083316273987,True,4d049fc,6,15,adaptive,76,2.533333333333333,True,0.7,0.95,0.1,
A-n33-k6,acs_cl15_ls2opt_adaptive_q0rho,15,880.901951526357,,0.09735729219391942,True,4d049fc,6,15,adaptive,64,2.1333333333333333,True,0.7,0.95,0.1,
A-n33-k6,acs_cl15_ls2opt_adaptive_q0rho,16,807.6410964365461,,0.1005309580359608,True,4d049fc,6,15,adaptive,74,2.466666666666667,True,0.7,0.95,0.1,
A-n33-k6,acs_cl15_ls2opt_adaptive_q0rho,17,877.2922104811914,,0.19994445820339024,True,4d049fc,6,15,adaptive,72,2.4,True,0.7,0.95,0.1,
A-n33-k6,acs_cl15_ls2opt_adaptive_q0rho,18,921.160554753493,,0.10421683290041983,True,4d049fc,6,15,adaptive,72,2.4,True,0.7,0.95,0.1,
A-n33-k6,acs_cl15_ls2opt_adaptive_q0rho,19,898.9250214628778,,0.10429383302107453,True,4d049fc,6,15,adaptive,74,2.466666666666667,True,0.7,0.95,0.1,
A-n33-k6,acs_cl15_ls2opt_adaptive_q0rho,20,881.4885724974315,,0.09624974988400936,True,4d049fc,6,15,adaptive,54,1.8,True,0.7,0.95,0.1,
A-n33-k6,acs_cl15_ls2opt_adaptive_q0rho,21,901.0168688933919,,0.11491766711696982,True,4d049fc,6,15,adaptive,68,2.2666666666666666,True,0.7,0.95,0.1,
A-n33-k6,acs_cl15_ls2opt_adaptive_q0rho,22,883.4832758472594,,0.10073670814745128,True,4d049fc,6,15,adaptive,70,2.3333333333333335,True,0.7,0.95,0.1,
A-n33-k6,acs_cl15_ls2opt_adaptive_q0rho,23,871.8324518747768,,0.11814733291976154,True,4d049fc,6,15,adaptive,74,2.466666666666667,True,0.7,0.95,0.1,
A-n33-k6,acs_cl15_ls2opt_adaptive_q0rho,24,807.6410964365461,,0.09639837499707937,True,4d049fc,6,15,adaptive,58,1.9333333333333333,True,0.7,0.95,0.1,
A-n33-k6,acs_cl15_ls2opt_adaptive_q0rho,25,914.7982409459595,,0.10184891591779888,True,4d049fc,6,15,adaptive,74,2.466666666666667,True,0.7,0.95,0.1,
A-n33-k6,acs_cl15_ls2opt_adaptive_q0rho,26,868.6941970828519,,0.10104958293959498,True,4d049fc,6,15,adaptive,58,1.9333333333333333,True,0.7,0.95,0.1,
A-n33-k6,acs_cl15_ls2opt_adaptive_q0rho,27,870.5541894952419,,0.1006437090691179,True,4d049fc,6,15,adaptive,78,2.6,True,0.7,0.95,0.1,
A-n33-k6,acs_cl15_ls2opt_adaptive_q0rho,28,890.9304310224848,,0.11698750010691583,True,4d049fc,6,15,adaptive,64,2.1333333333333333,True,0.7,0.95,0.1,
A-n33-k6,acs_cl15_ls2opt_adaptive_q0rho,29,873.924299305291,,0.10050854086875916,True,4d049fc,6,15,adaptive,78,2.6,True,0.7,0.95,0.1,
A-n33-k6,acs_cl15_ls2opt_adaptive_q0sched,0,901.0168688933919,,0.0973948750179261,True,4d049fc,6,15,adaptive,66,2.2,True,0.7,0.95,0.1,
A-n33-k6,acs_cl15_ls2opt_adaptive_q0sched,1,892.4233327912541,,0.0954726249910891,True,4d049fc,6,15,adaptive,58,1.9333333333333333,True,0.7,0.95,0.1,
A-n33-k6,acs_cl15_ls2opt_adaptive_q0sched,2,864.0302421421843,,0.09726420906372368,True,4d049fc,6,15,adaptive,64,2.1333333333333333,True,0.7,0.95,0.1,
A-n33-k6,acs_cl15_ls2opt_adaptive_q0sched,3,896.3849730758826,,0.10025395802222192,True,4d049fc,6,15,adaptive,72,2.4,True,0.7,0.95,0.1,
A-n33-k6,acs_cl15_ls2opt_adaptive_q0sched,4,911.3340335367678,,0.09701991593465209,True,4d049fc,6,15,adaptive,64,2.1333333333333333,True,0.7,0.95,0.1,
A-n33-k6,acs_cl15_ls2opt_adaptive_q0sched,5,870.5541894952419,,0.09711279207840562,True,4d049fc,6,15,adaptive,64,2.1333333333333333,True,0.7,0.95,0.1,
A-n33-k6,acs_cl15_ls2opt_adaptive_q0sched,6,864.9784777027044,,0.09688570885919034,True,4d049fc,6,15,adaptive,64,2.1333333333333333,True,0.7,0.95,0.1,
A-n33-k6,acs_cl15_ls2opt_adaptive_q0sched,7,899.0577471039479,,0.09968112502247095,True,4d049fc,6,15,adaptive,76,2.533333333333333,True,0.7,0.95,0.1,
A-n33-k6,acs_cl15_ls2opt_adaptive_q0sched,8,882.9698883894685,,0.09672283311374485,True,4d049fc,6,15,adaptive,60,2.0,True,0.7,0.95,0.1,
A-n33-k6,acs_cl15_ls2opt_adaptive_q0sched,9,915.7838433740302,,0.09751154202967882,True,4d049fc,6,15,adaptive,68,2.2666666666666666,True,0.7,0.95,0.1,
A-n33-k6,acs_cl15_ls2opt_adaptive_q0sched,10,901.0168688933919,,0.09533599996939301,True,4d049fc,6,15,adaptive,54,1.8,True,0.7,0.95,0.1,
A-n33-k6,acs_cl15_ls2opt_adaptive_q0sched,11,885.3250177905794,,0.09764791699126363,True,4d049fc,6,15,adaptive,68,2.2666666666666666,True,0.7,0.95,0.1,
A-n33-k6,acs_cl15_ls2opt_adaptive_q0sched,12,901.4055192175609,,0.09802279178984463,True,4d049fc,6,15,adaptive,72,2.4,True,0.7,0.95,0.1,
A-n33-k6,acs_cl15_ls2opt_adaptive_q0sched,13,892.7695720993266,,0.09843383287079632,True,4d049fc,6,15,adaptive,62,2.066666666666667,True,0.7,0.95,0.1,
A-n33-k6,acs_cl15_ls2opt_adaptive_q0sched,14,860.5419831730255,,0.10138079198077321,True,4d049fc,6,15,adaptive,76,2.533333333333333,True,0.7,0.95,0.1,
A-n33-k6,acs_cl15_ls2opt_adaptive_q0sched,15,880.901951526357,,0.09772995882667601,True,4d049fc,6,15,adaptive,64,2.1333333333333333,True,0.7,0.95,0.1,
A-n33-k6,acs_cl15_ls2opt_adaptive_q0sched,16,807.6410964365461,,0.09936741692945361,True,4d049fc,6,15,adaptive,74,2.466666666666667,True,0.7,0.95,0.1,
A-n33-k6,acs_cl15_ls2opt_adaptive_q0sched,17,877.2922104811914,,0.09788533300161362,True,4d049fc,6,15,adaptive,72,2.4,True,0.7,0.95,0.1,
A-n33-k6,acs_cl15_ls2opt_adaptive_q0sched,18,903.9887754631717,,0.0976182499434799,True,4d049fc,6,15,adaptive,66,2.2,True,0.7,0.95,0.1,
A-n33-k6,acs_cl15_ls2opt_adaptive_q0sched,19,898.9250214628778,,0.0987293750513345,True,4d049fc,6,15,adaptive,74,2.466666666666667,True,0.7,0.95,0.1,
A-n33-k6,acs_cl15_ls2opt_adaptive_q0sched,20,892.7695720993266,,0.09669695817865431,True,4d049fc,6,15,adaptive,64,2.1333333333333333,True,0.7,0.95,0.1,
A-n33-k6,acs_cl15_ls2opt_adaptive_q0sched,21,901.0168688933919,,0.09773074998520315,True,4d049fc,6,15,adaptive,68,2.2666666666666666,True,0.7,0.95,0.1,
A-n33-k6,acs_cl15_ls2opt_adaptive_q0sched,22,883.4832758472594,,0.09767254185862839,True,4d049fc,6,15,adaptive,70,2.3333333333333335,True,0.7,0.95,0.1,
A-n33-k6,acs_cl15_ls2opt_adaptive_q0sched,23,871.8324518747768,,0.09878791589289904,True,4d049fc,6,15,adaptive,74,2.466666666666667,True,0.7,0.95,0.1,
A-n33-k6,acs_cl15_ls2opt_adaptive_q0sched,24,901.0168688933919,,0.09856445901095867,True,4d049fc,6,15,adaptive,58,1.9333333333333333,True,0.7,0.95,0.1,
A-n33-k6,acs_cl15_ls2opt_adaptive_q0sched,25,898.9250214628778,,0.09891883307136595,True,4d049fc,6,15,adaptive,60,2.0,True,0.7,0.95,0.1,
A-n33-k6,acs_cl15_ls2opt_adaptive_q0sched,26,868.6941970828519,,0.09606345905922353,True,4d049fc,6,15,adaptive,58,1.9333333333333333,True,0.7,0.95,0.1,
A-n33-k6,acs_cl15_ls2opt_adaptive_q0sched,27,870.5541894952419,,0.10020408383570611,True,4d049fc,6,15,adaptive,78,2.6,True,0.7,0.95,0.1,
A-n33-k6,acs_cl15_ls2opt_adaptive_q0sched,28,910.0822845879158,,0.09644820797257125,True,4d049fc,6,15,adaptive,64,2.1333333333333333,True,0.7,0.95,0.1,
A-n33-k6,acs_cl15_ls2opt_adaptive_q0sched,29,873.924299305291,,0.10129349981434643,True,4d049fc,6,15,adaptive,78,2.6,True,0.7,0.95,0.1,
A-n33-k6,acs_cl15_ls2opt_fixed,0,924.4437635516891,,0.08613299997523427,True,4d049fc,6,15,best,30,1.0,False,0.7,0.95,0.1,
A-n33-k6,acs_cl15_ls2opt_fixed,1,911.7864683820383,,0.08743199985474348,True,4d049fc,6,15,best,30,1.0,False,0.7,0.95,0.1,
A-n33-k6,acs_cl15_ls2opt_fixed,2,903.5749428902111,,0.08645887486636639,True,4d049fc,6,15,best,30,1.0,False,0.7,0.95,0.1,
A-n33-k6,acs_cl15_ls2opt_fixed,3,869.1342665005432,,0.08569137495942414,True,4d049fc,6,15,best,30,1.0,False,0.7,0.95,0.1,
A-n33-k6,acs_cl15_ls2opt_fixed,4,899.3136717870467,,0.08573908405378461,True,4d049fc,6,15,best,30,1.0,False,0.7,0.95,0.1,
A-n33-k6,acs_cl15_ls2opt_fixed,5,892.7695720993266,,0.08558437507599592,True,4d049fc,6,15,best,30,1.0,False,0.7,0.95,0.1,
A-n33-k6,acs_cl15_ls2opt_fixed,6,823.5947304623094,,0.08498149993829429,True,4d049fc,6,15,best,30,1.0,False,0.7,0.95,0.1,
A-n33-k6,acs_cl15_ls2opt_fixed,7,901.4055192175609,,0.08522074995562434,True,4d049fc,6,15,best,30,1.0,False,0.7,0.95,0.1,
A-n33-k6,acs_cl15_ls2opt_fixed,8,898.9250214628778,,0.08577137487009168,True,4d049fc,6,15,best,30,1.0,False,0.7,0.95,0.1,
A-n33-k6,acs_cl15_ls2opt_fixed,9,892.7695720993266,,0.08496650005690753,True,4d049fc,6,15,best,30,1.0,False,0.7,0.95,0.1,
A-n33-k6,acs_cl15_ls2opt_fixed,10,902.4207290538145,,0.09027599985711277,True,4d049fc,6,15,best,30,1.0,False,0.7,0.95,0.1,
A-n33-k6,acs_cl15_ls2opt_fixed,11,809.7329438670602,,0.08743958314880729,True,4d049fc,6,15,best,30,1.0,False,0.7,0.95,0.1,
A-n33-k6,acs_cl15_ls2opt_fixed,12,915.3058761335294,,0.08644445915706456,True,4d049fc,6,15,best,30,1.0,False,0.7,0.95,0.1,
A-n33-k6,acs_cl15_ls2opt_fixed,13,870.5541894952419,,0.08734633307904005,True,4d049fc,6,15,best,30,1.0,False,0.7,0.95,0.1,
A-n33-k6,acs_cl15_ls2opt_fixed,14,867.7976252266762,,0.09141554101370275,True,4d049fc,6,15,best,30,1.0,False,0.7,0.95,0.1,
A-n33-k6,acs_cl15_ls2opt_fixed,15,915.3058761335294,,0.09050012496300042,True,4d049fc,6,15,best,30,1.0,False,0.7,0.95,0.1,
A-n33-k6,acs_cl15_ls2opt_fixed,16,872.8732850569215,,0.09086950006894767,True,4d049fc,6,15,best,30,1.0,False,0.7,0.95,0.1,
A-n33-k6,acs_cl15_ls2opt_fixed,17,899.3136717870467,,0.08894866704940796,True,4d049fc,6,15,best,30,1.0,False,0.7,0.95,0.1,
A-n33-k6,acs_cl15_ls2opt_fixed,18,913.0715775229323,,0.08556316699832678,True,4d049fc,6,15,best,30,1.0,False,0.7,0.95,0.1,
A-n33-k6,acs_cl15_ls2opt_fixed,19,891.9883764641282,,0.08642979199066758,True,4d049fc,6,15,best,30,1.0,False,0.7,0.95,0.1,
A-n33-k6,acs_cl15_ls2opt_fixed,20,870.5541894952419,,0.0863921670243144,True,4d049fc,6,15,best,30,1.0,False,0.7,0.95,0.1,
A-n33-k6,acs_cl15_ls2opt_fixed,21,903.9887754631717,,0.08623341610655189,True,4d049fc,6,15,best,30,1.0,False,0.7,0.95,0.1,
A-n33-k6,acs_cl15_ls2opt_fixed,22,901.0168688933919,,0.08617904200218618,True,4d049fc,6,15,best,30,1.0,False,0.7,0.95,0.1,
A-n33-k6,acs_cl15_ls2opt_fixed,23,915.3058761335294,,0.08567712502554059,True,4d049fc,6,15,best,30,1.0,False,0.7,0.95,0.1,
A-n33-k6,acs_cl15_ls2opt_fixed,24,915.3058761335294,,0.08559395908378065,True,4d049fc,6,15,best,30,1.0,False,0.7,0.95,0.1,
A-n33-k6,acs_cl15_ls2opt_fixed,25,919.1849964394431,,0.0854591669049114,True,4d049fc,6,15,best,30,1.0,False,0.7,0.95,0.1,
A-n33-k6,acs_cl15_ls2opt_fixed,26,898.9250214628778,,0.0856084160041064,True,4d049fc,6,15,best,30,1.0,False,0.7,0.95,0.1,
A-n33-k6,acs_cl15_ls2opt_fixed,27,915.3058761335294,,0.08483858406543732,True,4d049fc,6,15,best,30,1.0,False,0.7,0.95,0.1,
A-n33-k6,acs_cl15_ls2opt_fixed,28,892.7695720993266,,0.08449225011281669,True,4d049fc,6,15,best,30,1.0,False,0.7,0.95,0.1,
A-n33-k6,acs_cl15_ls2opt_fixed,29,898.9250214628778,,0.08532383316196501,True,4d049fc,6,15,best,30,1.0,False,0.7,0.95,0.1,
A-n34-k5,acs_baseline,0,870.9092579318069,,0.10100470785982907,True,4d049fc,5,0,none,0,0.0,False,0.7,0.95,0.1,
A-n34-k5,acs_baseline,1,886.6552438980714,,0.10105533292517066,True,4d049fc,5,0,none,0,0.0,False,0.7,0.95,0.1,
A-n34-k5,acs_baseline,2,875.3322254723082,,0.1006948750000447,True,4d049fc,5,0,none,0,0.0,False,0.7,0.95,0.1,
A-n34-k5,acs_baseline,3,874.4882905595938,,0.11397624993696809,True,4d049fc,5,0,none,0,0.0,False,0.7,0.95,0.1,
A-n34-k5,acs_baseline,4,880.2630488888287,,0.1007735829334706,True,4d049fc,5,0,none,0,0.0,False,0.7,0.95,0.1,
A-n34-k5,acs_baseline,5,886.6552438980714,,0.13813499989919364,True,4d049fc,5,0,none,0,0.0,False,0.7,0.95,0.1,
A-n34-k5,acs_baseline,6,875.3322254723083,,0.10185966710560024,True,4d049fc,5,0,none,0,0.0,False,0.7,0.95,0.1,
A-n34-k5,acs_baseline,7,880.9556792164004,,0.10109749995172024,True,4d049fc,5,0,none,0,0.0,False,0.7,0.95,0.1,
A-n34-k5,acs_baseline,8,882.032043223362,,0.10065766703337431,True,4d049fc,5,0,none,0,0.0,False,0.7,0.95,0.1,
A-n34-k5,acs_baseline,9,874.4882905595938,,0.10986295784823596,True,4d049fc,5,0,none,0,0.0,False,0.7,0.95,0.1,
A-n34-k5,acs_baseline,10,863.9148738272618,,0.10056929104030132,True,4d049fc,5,0,none,0,0.0,False,0.7,0.95,0.1,
A-n34-k5,acs_baseline,11,870.9092579318069,,0.10131875006482005,True,4d049fc,5,0,none,0,0.0,False,0.7,0.95,0.1,
A-n34-k5,acs_baseline,12,886.3357974669966,,0.10000045807100832,True,4d049fc,5,0,none,0,0.0,False,0.7,0.95,0.1,
A-n34-k5,acs_baseline,13,879.3460679216147,,0.10140954190865159,True,4d049fc,5,0,none,0,0.0,False,0.7,0.95,0.1,
A-n34-k5,acs_baseline,14,875.3322254723082,,0.10583691694773734,True,4d049fc,5,0,none,0,0.0,False,0.7,0.95,0.1,
A-n34-k5,acs_baseline,15,875.3322254723082,,0.10645516589283943,True,4d049fc,5,0,none,0,0.0,False,0.7,0.95,0.1,
A-n34-k5,acs_baseline,16,870.0231987118328,,0.10189679218456149,True,4d049fc,5,0,none,0,0.0,False,0.7,0.95,0.1,
A-n34-k5,acs_baseline,17,876.6022857102323,,0.10068441717885435,True,4d049fc,5,0,none,0,0.0,False,0.7,0.95,0.1,
A-n34-k5,acs_baseline,18,892.523851717452,,0.10109662497416139,True,4d049fc,5,0,none,0,0.0,False,0.7,0.95,0.1,
A-n34-k5,acs_baseline,19,876.7556594144444,,0.10123904095962644,True,4d049fc,5,0,none,0,0.0,False,0.7,0.95,0.1,
A-n34-k5,acs_baseline,20,882.7238057490824,,0.10040220897644758,True,4d049fc,5,0,none,0,0.0,False,0.7,0.95,0.1,
A-n34-k5,acs_baseline,21,875.3322254723082,,0.10093083302490413,True,4d049fc,5,0,none,0,0.0,False,0.7,0.95,0.1,
A-n34-k5,acs_baseline,22,874.4882905595938,,0.1014536248985678,True,4d049fc,5,0,none,0,0.0,False,0.7,0.95,0.1,
A-n34-k5,acs_baseline,23,886.6552438980714,,0.10156437498517334,True,4d049fc,5,0,none,0,0.0,False,0.7,0.95,0.1,
A-n34-k5,acs_baseline,24,860.7864783809941,,0.1007660839240998,True,4d049fc,5,0,none,0,0.0,False,0.7,0.95,0.1,
A-n34-k5,acs_baseline,25,886.6552438980714,,0.10035862517543137,True,4d049fc,5,0,none,0,0.0,False,0.7,0.95,0.1,
A-n34-k5,acs_baseline,26,874.4882905595938,,0.10120879183523357,True,4d049fc,5,0,none,0,0.0,False,0.7,0.95,0.1,
A-n34-k5,acs_baseline,27,890.958998141706,,0.10019312519580126,True,4d049fc,5,0,none,0,0.0,False,0.7,0.95,0.1,
A-n34-k5,acs_baseline,28,870.909257931807,,0.1007392080500722,True,4d049fc,5,0,none,0,0.0,False,0.7,0.95,0.1,
A-n34-k5,acs_baseline,29,870.9092579318069,,0.10063775000162423,True,4d049fc,5,0,none,0,0.0,False,0.7,0.95,0.1,
A-n34-k5,acs_cl15,0,874.4882905595938,,0.08444691682234406,True,4d049fc,5,15,none,0,0.0,False,0.7,0.95,0.1,
A-n34-k5,acs_cl15,1,886.6552438980714,,0.08447766699828207,True,4d049fc,5,15,none,0,0.0,False,0.7,0.95,0.1,
A-n34-k5,acs_cl15,2,887.9006510427425,,0.08407387509942055,True,4d049fc,5,15,none,0,0.0,False,0.7,0.95,0.1,
A-n34-k5,acs_cl15,3,874.4882905595938,,0.08382229204289615,True,4d049fc,5,15,none,0,0.0,False,0.7,0.95,0.1,
A-n34-k5,acs_cl15,4,884.4480422358588,,0.0843885000795126,True,4d049fc,5,15,none,0,0.0,False,0.7,0.95,0.1,
A-n34-k5,acs_cl15,5,874.447217983766,,0.08471608301624656,True,4d049fc,5,15,none,0,0.0,False,0.7,0.95,0.1,
A-n34-k5,acs_cl15,6,880.2451507588358,,0.08345666597597301,True,4d049fc,5,15,none,0,0.0,False,0.7,0.95,0.1,
A-n34-k5,acs_cl15,7,869.728552632838,,0.08483170787803829,True,4d049fc,5,15,none,0,0.0,False,0.7,0.95,0.1,
A-n34-k5,acs_cl15,8,884.7634464369008,,0.08407791703939438,True,4d049fc,5,15,none,0,0.0,False,0.7,0.95,0.1,
A-n34-k5,acs_cl15,9,874.4882905595938,,0.084262624848634,True,4d049fc,5,15,none,0,0.0,False,0.7,0.95,0.1,
A-n34-k5,acs_cl15,10,886.6552438980714,,0.08414520905353129,True,4d049fc,5,15,none,0,0.0,False,0.7,0.95,0.1,
A-n34-k5,acs_cl15,11,886.6552438980714,,0.08415949996560812,True,4d049fc,5,15,none,0,0.0,False,0.7,0.95,0.1,
A-n34-k5,acs_cl15,12,874.4882905595938,,0.08439900004304945,True,4d049fc,5,15,none,0,0.0,False,0.7,0.95,0.1,
A-n34-k5,acs_cl15,13,874.4882905595938,,0.08442787500098348,True,4d049fc,5,15,none,0,0.0,False,0.7,0.95,0.1,
A-n34-k5,acs_cl15,14,887.9006510427425,,0.08368825004436076,True,4d049fc,5,15,none,0,0.0,False,0.7,0.95,0.1,
A-n34-k5,acs_cl15,15,892.523851717452,,0.0842270830180496,True,4d049fc,5,15,none,0,0.0,False,0.7,0.95,0.1,
A-n34-k5,acs_cl15,16,884.5297278999343,,0.08465729095041752,True,4d049fc,5,15,none,0,0.0,False,0.7,0.95,0.1,
A-n34-k5,acs_cl15,17,880.1861759049038,,0.08587037492543459,True,4d049fc,5,15,none,0,0.0,False,0.7,0.95,0.1,
A-n34-k5,acs_cl15,18,874.4882905595938,,0.08774945908226073,True,4d049fc,5,15,none,0,0.0,False,0.7,0.95,0.1,
A-n34-k5,acs_cl15,19,874.4882905595938,,0.08718066709116101,True,4d049fc,5,15,none,0,0.0,False,0.7,0.95,0.1,
A-n34-k5,acs_cl15,20,886.6552438980714,,0.08730337489396334,True,4d049fc,5,15,none,0,0.0,False,0.7,0.95,0.1,
A-n34-k5,acs_cl15,21,886.6552438980714,,0.09930037497542799,True,4d049fc,5,15,none,0,0.0,False,0.7,0.95,0.1,
A-n34-k5,acs_cl15,22,880.7576726619759,,0.08483758312650025,True,4d049fc,5,15,none,0,0.0,False,0.7,0.95,0.1,
A-n34-k5,acs_cl15,23,869.8650898848844,,0.08445616601966321,True,4d049fc,5,15,none,0,0.0,False,0.7,0.95,0.1,
A-n34-k5,acs_cl15,24,872.2810888973813,,0.08450962486676872,True,4d049fc,5,15,none,0,0.0,False,0.7,0.95,0.1,
A-n34-k5,acs_cl15,25,884.4480422358588,,0.0843005410861224,True,4d049fc,5,15,none,0,0.0,False,0.7,0.95,0.1,
A-n34-k5,acs_cl15,26,887.9006510427425,,0.083404750097543,True,4d049fc,5,15,none,0,0.0,False,0.7,0.95,0.1,
A-n34-k5,acs_cl15,27,874.4882905595938,,0.083588584093377,True,4d049fc,5,15,none,0,0.0,False,0.7,0.95,0.1,
A-n34-k5,acs_cl15,28,874.4882905595938,,0.0839880418498069,True,4d049fc,5,15,none,0,0.0,False,0.7,0.95,0.1,
A-n34-k5,acs_cl15,29,886.3844581907906,,0.08437695819884539,True,4d049fc,5,15,none,0,0.0,False,0.7,0.95,0.1,
A-n34-k5,acs_cl15_ls2opt_adaptive,0,830.4315927075738,,0.10642950003966689,True,4d049fc,5,15,adaptive,66,2.2,False,0.7,0.95,0.1,
A-n34-k5,acs_cl15_ls2opt_adaptive,1,841.3410312876506,,0.10546341608278453,True,4d049fc,5,15,adaptive,54,1.8,False,0.7,0.95,0.1,
A-n34-k5,acs_cl15_ls2opt_adaptive,2,838.1097451701912,,0.12454637489281595,True,4d049fc,5,15,adaptive,54,1.8,False,0.7,0.95,0.1,
A-n34-k5,acs_cl15_ls2opt_adaptive,3,838.1097451701912,,0.10936050000600517,True,4d049fc,5,15,adaptive,74,2.466666666666667,False,0.7,0.95,0.1,
A-n34-k5,acs_cl15_ls2opt_adaptive,4,841.3410312876506,,0.10596408392302692,True,4d049fc,5,15,adaptive,68,2.2666666666666666,False,0.7,0.95,0.1,
A-n34-k5,acs_cl15_ls2opt_adaptive,5,837.4884547861147,,0.10566299990750849,True,4d049fc,5,15,adaptive,68,2.2666666666666666,False,0.7,0.95,0.1,
A-n34-k5,acs_cl15_ls2opt_adaptive,6,837.4884547861145,,0.10213200002908707,True,4d049fc,5,15,adaptive,58,1.9333333333333333,False,0.7,0.95,0.1,
A-n34-k5,acs_cl15_ls2opt_adaptive,7,841.0732869776765,,0.10152654093690217,True,4d049fc,5,15,adaptive,58,1.9333333333333333,False,0.7,0.95,0.1,
A-n34-k5,acs_cl15_ls2opt_adaptive,8,841.4165037912867,,0.10644512507133186,True,4d049fc,5,15,adaptive,68,2.2666666666666666,False,0.7,0.95,0.1,
A-n34-k5,acs_cl15_ls2opt_adaptive,9,841.0732869776765,,0.1018779578153044,True,4d049fc,5,15,adaptive,58,1.9333333333333333,False,0.7,0.95,0.1,
A-n34-k5,acs_cl15_ls2opt_adaptive,10,841.4165037912867,,0.10711249988526106,True,4d049fc,5,15,adaptive,78,2.6,False,0.7,0.95,0.1,
A-n34-k5,acs_cl15_ls2opt_adaptive,11,837.4884547861145,,0.10576770803891122,True,4d049fc,5,15,adaptive,66,2.2,False,0.7,0.95,0.1,
A-n34-k5,acs_cl15_ls2opt_adaptive,12,832.3561230132254,,0.10466058296151459,True,4d049fc,5,15,adaptive,66,2.2,False,0.7,0.95,0.1,
A-n34-k5,acs_cl15_ls2opt_adaptive,13,832.3561230132254,,0.09969208296388388,True,4d049fc,5,15,adaptive,48,1.6,False,0.7,0.95,0.1,
A-n34-k5,acs_cl15_ls2opt_adaptive,14,841.4165037912867,,0.13987954193726182,True,4d049fc,5,15,adaptive,60,2.0,False,0.7,0.95,0.1,
A-n34-k5,acs_cl15_ls2opt_adaptive,15,842.2534791366677,,0.1090469581540674,True,4d049fc,5,15,adaptive,68,2.2666666666666666,False,0.7,0.95,0.1,
A-n34-k5,acs_cl15_ls2opt_adaptive,16,841.4165037912867,,0.1086251251399517,True,4d049fc,5,15,adaptive,68,2.2666666666666666,False,0.7,0.95,0.1,
A-n34-k5,acs_cl15_ls2opt_adaptive,17,838.1097451701912,,0.10583683312870562,True,4d049fc,5,15,adaptive,70,2.3333333333333335,False,0.7,0.95,0.1,
A-n34-k5,acs_cl15_ls2opt_adaptive,18,841.4165037912867,,0.1082896669395268,True,4d049fc,5,15,adaptive,76,2.533333333333333,False,0.7,0.95,0.1,
A-n34-k5,acs_cl15_ls2opt_adaptive,19,842.2534791366677,,0.10643595806322992,True,4d049fc,5,15,adaptive,70,2.3333333333333335,False,0.7,0.95,0.1,
A-n34-k5,acs_cl15_ls2opt_adaptive,20,840.4095680084407,,0.1035457500256598,True,4d049fc,5,15,adaptive,60,2.0,False,0.7,0.95,0.1,
A-n34-k5,acs_cl15_ls2opt_adaptive,21,837.4884547861147,,0.10501416609622538,True,4d049fc,5,15,adaptive,68,2.2666666666666666,False,0.7,0.95,0.1,
A-n34-k5,acs_cl15_ls2opt_adaptive,22,845.7202580349212,,0.10686758300289512,True,4d049fc,5,15,adaptive,78,2.6,False,0.7,0.95,0.1,
A-n34-k5,acs_cl15_ls2opt_adaptive,23,837.4884547861147,,0.10539170890115201,True,4d049fc,5,15,adaptive,68,2.2666666666666666,False,0.7,0.95,0.1,
A-n34-k5,acs_cl15_ls2opt_adaptive,24,832.3561230132254,,0.11676324997097254,True,4d049fc,5,15,adaptive,74,2.466666666666667,False,0.7,0.95,0.1,
A-n34-k5,acs_cl15_ls2opt_adaptive,25,841.4165037912867,,0.10728545812889934,True,4d049fc,5,15,adaptive,74,2.466666666666667,False,0.7,0.95,0.1,
A-n34-k5,acs_cl15_ls2opt_adaptive,26,845.7202580349212,,0.11068337503820658,True,4d049fc,5,15,adaptive,78,2.6,False,0.7,0.95,0.1,
A-n34-k5,acs_cl15_ls2opt_adaptive,27,832.3561230132254,,0.10602016700431705,True,4d049fc,5,15,adaptive,68,2.2666666666666666,False,0.7,0.95,0.1,
A-n34-k5,acs_cl15_ls2opt_adaptive,28,841.4165037912867,,0.10491087497211993,True,4d049fc,5,15,adaptive,68,2.2666666666666666,False,0.7,0.95,0.1,
A-n34-k5,acs_cl15_ls2opt_adaptive,29,841.3410312876506,,0.10261362511664629,True,4d049fc,5,15,adaptive,56,1.8666666666666667,False,0.7,0.95,0.1,
A-n34-k5,acs_cl15_ls2opt_adaptive_q0rho,0,841.0732869776765,,0.1120289999525994,True,4d049fc,5,15,adaptive,60,2.0,True,0.7,0.95,0.1,
A-n34-k5,acs_cl15_ls2opt_adaptive_q0rho,1,838.1097451701912,,0.10907749994657934,True,4d049fc,5,15,adaptive,54,1.8,True,0.7,0.95,0.1,
A-n34-k5,acs_cl15_ls2opt_adaptive_q0rho,2,837.4884547861145,,0.12135866703465581,True,4d049fc,5,15,adaptive,72,2.4,True,0.7,0.95,0.1,
A-n34-k5,acs_cl15_ls2opt_adaptive_q0rho,3,837.4884547861147,,0.11328887497074902,True,4d049fc,5,15,adaptive,72,2.4,True,0.7,0.95,0.1,
A-n34-k5,acs_cl15_ls2opt_adaptive_q0rho,4,838.1097451701912,,0.10828625014983118,True,4d049fc,5,15,adaptive,58,1.9333333333333333,True,0.7,0.95,0.1,
A-n34-k5,acs_cl15_ls2opt_adaptive_q0rho,5,841.4165037912867,,0.10784004209563136,True,4d049fc,5,15,adaptive,66,2.2,True,0.7,0.95,0.1,
A-n34-k5,acs_cl15_ls2opt_adaptive_q0rho,6,843.0505846053572,,0.10305229108780622,True,4d049fc,5,15,adaptive,48,1.6,True,0.7,0.95,0.1,
A-n34-k5,acs_cl15_ls2opt_adaptive_q0rho,7,841.4165037912867,,0.10875958413816988,True,4d049fc,5,15,adaptive,56,1.8666666666666667,True,0.7,0.95,0.1,
A-n34-k5,acs_cl15_ls2opt_adaptive_q0rho,8,837.4884547861147,,0.11267341603524983,True,4d049fc,5,15,adaptive,74,2.466666666666667,True,0.7,0.95,0.1,
A-n34-k5,acs_cl15_ls2opt_adaptive_q0rho,9,836.5009566239723,,0.11485020816326141,True,4d049fc,5,15,adaptive,70,2.3333333333333335,True,0.7,0.95,0.1,
A-n34-k5,acs_cl15_ls2opt_adaptive_q0rho,10,839.4445379507308,,0.11327629117295146,True,4d049fc,5,15,adaptive,64,2.1333333333333333,True,0.7,0.95,0.1,
A-n34-k5,acs_cl15_ls2opt_adaptive_q0rho,11,845.7202580349212,,0.11178562487475574,True,4d049fc,5,15,adaptive,70,2.3333333333333335,True,0.7,0.95,0.1,
A-n34-k5,acs_cl15_ls2opt_adaptive_q0rho,12,841.4165037912867,,0.11728787492029369,True,4d049fc,5,15,adaptive,74,2.466666666666667,True,0.7,0.95,0.1,
A-n34-k5,acs_cl15_ls2opt_adaptive_q0rho,13,841.3410312876506,,0.10902712517417967,True,4d049fc,5,15,adaptive,60,2.0,True,0.7,0.95,0.1,
A-n34-k5,acs_cl15_ls2opt_adaptive_q0rho,14,842.2534791366677,,0.10877487505786121,True,4d049fc,5,15,adaptive,66,2.2,True,0.7,0.95,0.1,
A-n34-k5,acs_cl15_ls2opt_adaptive_q0rho,15,832.8414837288699,,0.11109974980354309,True,4d049fc,5,15,adaptive,68,2.2666666666666666,True,0.7,0.95,0.1,
A-n34-k5,acs_cl15_ls2opt_adaptive_q0rho,16,841.4165037912867,,0.1077700830064714,True,4d049fc,5,15,adaptive,62,2.066666666666667,True,0.7,0.95,0.1,
A-n34-k5,acs_cl15_ls2opt_adaptive_q0rho,17,841.3410312876506,,0.11135083297267556,True,4d049fc,5,15,adaptive,72,2.4,True,0.7,0.95,0.1,
A-n34-k5,acs_cl15_ls2opt_adaptive_q0rho,18,832.3561230132254,,0.11100133298896253,True,4d049fc,5,15,adaptive,62,2.066666666666667,True,0.7,0.95,0.1,
A-n34-k5,acs_cl15_ls2opt_adaptive_q0rho,19,841.4165037912867,,0.10960804205387831,True,4d049fc,5,15,adaptive,62,2.066666666666667,True,0.7,0.95,0.1,
A-n34-k5,acs_cl15_ls2opt_adaptive_q0rho,20,837.4884547861147,,0.10402866685763001,True,4d049fc,5,15,adaptive,50,1.6666666666666667,True,0.7,0.95,0.1,
A-n34-k5,acs_cl15_ls2opt_adaptive_q0rho,21,841.4165037912867,,0.10787254106253386,True,4d049fc,5,15,adaptive,62,2.066666666666667,True,0.7,0.95,0.1,
A-n34-k5,acs_cl15_ls2opt_adaptive_q0rho,22,838.1097451701912,,0.11158520798198879,True,4d049fc,5,15,adaptive,60,2.0,True,0.7,0.95,0.1,
A-n34-k5,acs_cl15_ls2opt_adaptive_q0rho,23,843.415450664183,,0.10857291705906391,True,4d049fc,5,15,adaptive,62,2.066666666666667,True,0.7,0.95,0.1,
A-n34-k5,acs_cl15_ls2opt_adaptive_q0rho,24,837.4884547861147,,0.11338237510062754,True,4d049fc,5,15,adaptive,68,2.2666666666666666,True,0.7,0.95,0.1,
A-n34-k5,acs_cl15_ls2opt_adaptive_q0rho,25,837.4884547861147,,0.10932908300310373,True,4d049fc,5,15,adaptive,62,2.066666666666667,True,0.7,0.95,0.1,
A-n34-k5,acs_cl15_ls2opt_adaptive_q0rho,26,841.4165037912867,,0.11233187513425946,True,4d049fc,5,15,adaptive,72,2.4,True,0.7,0.95,0.1,
A-n34-k5,acs_cl15_ls2opt_adaptive_q0rho,27,841.0732869776765,,0.10984679195098579,True,4d049fc,5,15,adaptive,66,2.2,True,0.7,0.95,0.1,
A-n34-k5,acs_cl15_ls2opt_adaptive_q0rho,28,830.2220598127839,,0.10791816585697234,True,4d049fc,5,15,adaptive,66,2.2,True,0.7,0.95,0.1,
A-n34-k5,acs_cl15_ls2opt_adaptive_q0rho,29,841.4165037912867,,0.11038070893846452,True,4d049fc,5,15,adaptive,66,2.2,True,0.7,0.95,0.1,
A-n34-k5,acs_cl15_ls2opt_adaptive_q0sched,0,842.2534791366677,,0.11258358298800886,True,4d049fc,5,15,adaptive,70,2.3333333333333335,True,0.7,0.95,0.1,
A-n34-k5,acs_cl15_ls2opt_adaptive_q0sched,1,837.4884547861145,,0.10868033301085234,True,4d049fc,5,15,adaptive,58,1.9333333333333333,True,0.7,0.95,0.1,
A-n34-k5,acs_cl15_ls2opt_adaptive_q0sched,2,837.4884547861145,,0.11053404211997986,True,4d049fc,5,15,adaptive,72,2.4,True,0.7,0.95,0.1,
A-n34-k5,acs_cl15_ls2opt_adaptive_q0sched,3,837.4884547861147,,0.11080974992364645,True,4d049fc,5,15,adaptive,72,2.4,True,0.7,0.95,0.1,
A-n34-k5,acs_cl15_ls2opt_adaptive_q0sched,4,845.7202580349212,,0.11308195791207254,True,4d049fc,5,15,adaptive,78,2.6,True,0.7,0.95,0.1,
A-n34-k5,acs_cl15_ls2opt_adaptive_q0sched,5,838.1097451701912,,0.10887041687965393,True,4d049fc,5,15,adaptive,66,2.2,True,0.7,0.95,0.1,
A-n34-k5,acs_cl15_ls2opt_adaptive_q0sched,6,837.4884547861147,,0.105007333913818,True,4d049fc,5,15,adaptive,58,1.9333333333333333,True,0.7,0.95,0.1,
A-n34-k5,acs_cl15_ls2opt_adaptive_q0sched,7,841.3410312876506,,0.10638545779511333,True,4d049fc,5,15,adaptive,56,1.8666666666666667,True,0.7,0.95,0.1,
A-n34-k5,acs_cl15_ls2opt_adaptive_q0sched,8,837.4884547861147,,0.11081012478098273,True,4d049fc,5,15,adaptive,74,2.466666666666667,True,0.7,0.95,0.1,
A-n34-k5,acs_cl15_ls2opt_adaptive_q0sched,9,836.5009566239723,,0.1095367909874767,True,4d049fc,5,15,adaptive,70,2.3333333333333335,True,0.7,0.95,0.1,
A-n34-k5,acs_cl15_ls2opt_adaptive_q0sched,10,842.2534791366677,,0.11033741687424481,True,4d049fc,5,15,adaptive,68,2.2666666666666666,True,0.7,0.95,0.1,
A-n34-k5,acs_cl15_ls2opt_adaptive_q0sched,11,837.4884547861145,,0.10827008285559714,True,4d049fc,5,15,adaptive,60,2.0,True,0.7,0.95,0.1,
A-n34-k5,acs_cl15_ls2opt_adaptive_q0sched,12,837.4884547861147,,0.10773849999532104,True,4d049fc,5,15,adaptive,64,2.1333333333333333,True,0.7,0.95,0.1,
A-n34-k5,acs_cl15_ls2opt_adaptive_q0sched,13,837.4884547861147,,0.10760291595943272,True,4d049fc,5,15,adaptive,58,1.9333333333333333,True,0.7,0.95,0.1,
A-n34-k5,acs_cl15_ls2opt_adaptive_q0sched,14,838.1097451701912,,0.10928154084831476,True,4d049fc,5,15,adaptive,66,2.2,True,0.7,0.95,0.1,
A-n34-k5,acs_cl15_ls2opt_adaptive_q0sched,15,841.4165037912867,,0.1160212499089539,True,4d049fc,5,15,adaptive,78,2.6,True,0.7,0.95,0.1,
A-n34-k5,acs_cl15_ls2opt_adaptive_q0sched,16,844.0705364368473,,0.1094884998165071,True,4d049fc,5,15,adaptive,62,2.066666666666667,True,0.7,0.95,0.1,
A-n34-k5,acs_cl15_ls2opt_adaptive_q0sched,17,841.3410312876506,,0.11153450002893806,True,4d049fc,5,15,adaptive,72,2.4,True,0.7,0.95,0.1,
A-n34-k5,acs_cl15_ls2opt_adaptive_q0sched,18,841.4165037912867,,0.10677383397705853,True,4d049fc,5,15,adaptive,56,1.8666666666666667,True,0.7,0.95,0.1,
A-n34-k5,acs_cl15_ls2opt_adaptive_q0sched,19,841.4165037912867,,0.10779987508431077,True,4d049fc,5,15,adaptive,62,2.066666666666667,True,0.7,0.95,0.1,
A-n34-k5,acs_cl15_ls2opt_adaptive_q0sched,20,841.4165037912867,,0.1084125000052154,True,4d049fc,5,15,adaptive,62,2.066666666666667,True,0.7,0.95,0.1,
A-n34-k5,acs_cl15_ls2opt_adaptive_q0sched,21,841.4165037912867,,0.10820129211060703,True,4d049fc,5,15,adaptive,62,2.066666666666667,True,0.7,0.95,0.1,
A-n34-k5,acs_cl15_ls2opt_adaptive_q0sched,22,841.4165037912867,,0.10971970786340535,True,4d049fc,5,15,adaptive,60,2.0,True,0.7,0.95,0.1,
A-n34-k5,acs_cl15_ls2opt_adaptive_q0sched,23,845.7202580349212,,0.1147877920884639,True,4d049fc,5,15,adaptive,68,2.2666666666666666,True,0.7,0.95,0.1,
A-n34-k5,acs_cl15_ls2opt_adaptive_q0sched,24,837.4884547861147,,0.1279357080347836,True,4d049fc,5,15,adaptive,68,2.2666666666666666,True,0.7,0.95,0.1,
A-n34-k5,acs_cl15_ls2opt_adaptive_q0sched,25,841.4165037912867,,0.10601070779375732,True,4d049fc,5,15,adaptive,54,1.8,True,0.7,0.95,0.1,
A-n34-k5,acs_cl15_ls2opt_adaptive_q0sched,26,841.4165037912867,,0.11089091701433063,True,4d049fc,5,15,adaptive,72,2.4,True,0.7,0.95,0.1,
A-n34-k5,acs_cl15_ls2opt_adaptive_q0sched,27,841.3410312876506,,0.11004191706888378,True,4d049fc,5,15,adaptive,68,2.2666666666666666,True,0.7,0.95,0.1,
A-n34-k5,acs_cl15_ls2opt_adaptive_q0sched,28,837.4884547861145,,0.10817470890469849,True,4d049fc,5,15,adaptive,62,2.066666666666667,True,0.7,0.95,0.1,
A-n34-k5,acs_cl15_ls2opt_adaptive_q0sched,29,841.4165037912867,,0.10949908313341439,True,4d049fc,5,15,adaptive,66,2.2,True,0.7,0.95,0.1,
A-n34-k5,acs_cl15_ls2opt_fixed,0,845.7202580349212,,0.09386429213918746,True,4d049fc,5,15,best,30,1.0,False,0.7,0.95,0.1,
A-n34-k5,acs_cl15_ls2opt_fixed,1,841.4165037912867,,0.09379320801235735,True,4d049fc,5,15,best,30,1.0,False,0.7,0.95,0.1,
A-n34-k5,acs_cl15_ls2opt_fixed,2,838.1097451701912,,0.092891416978091,True,4d049fc,5,15,best,30,1.0,False,0.7,0.95,0.1,
A-n34-k5,acs_cl15_ls2opt_fixed,3,841.3410312876506,,0.09341879212297499,True,4d049fc,5,15,best,30,1.0,False,0.7,0.95,0.1,
A-n34-k5,acs_cl15_ls2opt_fixed,4,841.4165037912867,,0.09661166602745652,True,4d049fc,5,15,best,30,1.0,False,0.7,0.95,0.1,
A-n34-k5,acs_cl15_ls2opt_fixed,5,841.4165037912867,,0.16933374991640449,True,4d049fc,5,15,best,30,1.0,False,0.7,0.95,0.1,
A-n34-k5,acs_cl15_ls2opt_fixed,6,837.4884547861145,,0.10855579096823931,True,4d049fc,5,15,best,30,1.0,False,0.7,0.95,0.1,
A-n34-k5,acs_cl15_ls2opt_fixed,7,841.0732869776765,,0.0952486249152571,True,4d049fc,5,15,best,30,1.0,False,0.7,0.95,0.1,
A-n34-k5,acs_cl15_ls2opt_fixed,8,841.4165037912867,,0.09381708386354148,True,4d049fc,5,15,best,30,1.0,False,0.7,0.95,0.1,
A-n34-k5,acs_cl15_ls2opt_fixed,9,841.0732869776765,,0.10618683299981058,True,4d049fc,5,15,best,30,1.0,False,0.7,0.95,0.1,
A-n34-k5,acs_cl15_ls2opt_fixed,10,841.4165037912867,,0.09381029196083546,True,4d049fc,5,15,best,30,1.0,False,0.7,0.95,0.1,
A-n34-k5,acs_cl15_ls2opt_fixed,11,837.4884547861145,,0.09352075005881488,True,4d049fc,5,15,best,30,1.0,False,0.7,0.95,0.1,
A-n34-k5,acs_cl15_ls2opt_fixed,12,832.3561230132254,,0.09408279205672443,True,4d049fc,5,15,best,30,1.0,False,0.7,0.95,0.1,
A-n34-k5,acs_cl15_ls2opt_fixed,13,832.3561230132254,,0.0923568750731647,True,4d049fc,5,15,best,30,1.0,False,0.7,0.95,0.1,
A-n34-k5,acs_cl15_ls2opt_fixed,14,842.2534791366677,,0.09340825001709163,True,4d049fc,5,15,best,30,1.0,False,0.7,0.95,0.1,
A-n34-k5,acs_cl15_ls2opt_fixed,15,842.2534791366677,,0.09321062499657273,True,4d049fc,5,15,best,30,1.0,False,0.7,0.95,0.1,
A-n34-k5,acs_cl15_ls2opt_fixed,16,841.4165037912867,,0.09412054205313325,True,4d049fc,5,15,best,30,1.0,False,0.7,0.95,0.1,
A-n34-k5,acs_cl15_ls2opt_fixed,17,845.7202580349212,,0.100768500007689,True,4d049fc,5,15,best,30,1.0,False,0.7,0.95,0.1,
A-n34-k5,acs_cl15_ls2opt_fixed,18,841.4165037912867,,0.09643241693265736,True,4d049fc,5,15,best,30,1.0,False,0.7,0.95,0.1,
A-n34-k5,acs_cl15_ls2opt_fixed,19,842.2534791366677,,0.09413108299486339,True,4d049fc,5,15,best,30,1.0,False,0.7,0.95,0.1,
A-n34-k5,acs_cl15_ls2opt_fixed,20,841.4165037912867,,0.09389458410441875,True,4d049fc,5,15,best,30,1.0,False,0.7,0.95,0.1,
A-n34-k5,acs_cl15_ls2opt_fixed,21,837.4884547861147,,0.0939839999191463,True,4d049fc,5,15,best,30,1.0,False,0.7,0.95,0.1,
A-n34-k5,acs_cl15_ls2opt_fixed,22,845.7202580349212,,0.09354124986566603,True,4d049fc,5,15,best,30,1.0,False,0.7,0.95,0.1,
A-n34-k5,acs_cl15_ls2opt_fixed,23,837.4884547861147,,0.09271358395926654,True,4d049fc,5,15,best,30,1.0,False,0.7,0.95,0.1,
A-n34-k5,acs_cl15_ls2opt_fixed,24,832.3561230132254,,0.09367200010456145,True,4d049fc,5,15,best,30,1.0,False,0.7,0.95,0.1,
A-n34-k5,acs_cl15_ls2opt_fixed,25,841.4165037912867,,0.0939965839497745,True,4d049fc,5,15,best,30,1.0,False,0.7,0.95,0.1,
A-n34-k5,acs_cl15_ls2opt_fixed,26,845.7202580349212,,0.09590433305129409,True,4d049fc,5,15,best,30,1.0,False,0.7,0.95,0.1,
A-n34-k5,acs_cl15_ls2opt_fixed,27,832.3561230132254,,0.09326545801013708,True,4d049fc,5,15,best,30,1.0,False,0.7,0.95,0.1,
A-n34-k5,acs_cl15_ls2opt_fixed,28,841.4165037912867,,0.09328704210929573,True,4d049fc,5,15,best,30,1.0,False,0.7,0.95,0.1,
A-n34-k5,acs_cl15_ls2opt_fixed,29,841.3410312876506,,0.09404220804572105,True,4d049fc,5,15,best,30,1.0,False,0.7,0.95,0.1,
A-n36-k5,acs_baseline,0,1038.1330325950057,,0.10799666587263346,True,4d049fc,5,0,none,0,0.0,False,0.7,0.95,0.1,
A-n36-k5,acs_baseline,1,1057.4585021835017,,0.10834654094651341,True,4d049fc,5,0,none,0,0.0,False,0.7,0.95,0.1,
A-n36-k5,acs_baseline,2,1021.1965205115827,,0.10821683309040964,True,4d049fc,5,0,none,0,0.0,False,0.7,0.95,0.1,
A-n36-k5,acs_baseline,3,1025.7990294847032,,0.10786108300089836,True,4d049fc,5,0,none,0,0.0,False,0.7,0.95,0.1,
A-n36-k5,acs_baseline,4,1014.0686369059856,,0.1081989579834044,True,4d049fc,5,0,none,0,0.0,False,0.7,0.95,0.1,
A-n36-k5,acs_baseline,5,1044.562648056658,,0.10811429098248482,True,4d049fc,5,0,none,0,0.0,False,0.7,0.95,0.1,
A-n36-k5,acs_baseline,6,1037.5175122072442,,0.11205279198475182,True,4d049fc,5,0,none,0,0.0,False,0.7,0.95,0.1,
A-n36-k5,acs_baseline,7,1029.8481011573638,,0.10936212493106723,True,4d049fc,5,0,none,0,0.0,False,0.7,0.95,0.1,
A-n36-k5,acs_baseline,8,1032.5672130984262,,0.10877608391456306,True,4d049fc,5,0,none,0,0.0,False,0.7,0.95,0.1,
A-n36-k5,acs_baseline,9,1015.4026449708696,,0.1143356659449637,True,4d049fc,5,0,none,0,0.0,False,0.7,0.95,0.1,
A-n36-k5,acs_baseline,10,996.8634689935697,,0.10833870782516897,True,4d049fc,5,0,none,0,0.0,False,0.7,0.95,0.1,
A-n36-k5,acs_baseline,11,1034.9291702710925,,0.10767183406278491,True,4d049fc,5,0,none,0,0.0,False,0.7,0.95,0.1,
A-n36-k5,acs_baseline,12,1050.5837519132617,,0.10773666598834097,True,4d049fc,5,0,none,0,0.0,False,0.7,0.95,0.1,
A-n36-k5,acs_baseline,13,1037.7634687679083,,0.1081617921590805,True,4d049fc,5,0,none,0,0.0,False,0.7,0.95,0.1,
A-n36-k5,acs_baseline,14,1042.5401932568313,,0.10794279212132096,True,4d049fc,5,0,none,0,0.0,False,0.7,0.95,0.1,
A-n36-k5,acs_baseline,15,1040.3849145992274,,0.10798300011083484,True,4d049fc,5,0,none,0,0.0,False,0.7,0.95,0.1,
A-n36-k5,acs_baseline,16,1055.9884372564122,,0.10828895890153944,True,4d049fc,5,0,none,0,0.0,False,0.7,0.95,0.1,
A-n36-k5,acs_baseline,17,1051.10917294601,,0.10766745894216001,True,4d049fc,5,0,none,0,0.0,False,0.7,0.95,0.1,
A-n36-k5,acs_baseline,18,1050.0019876082033,,0.1083603750448674,True,4d049fc,5,0,none,0,0.0,False,0.7,0.95,0.1,
A-n36-k5,acs_baseline,19,1038.9648933699532,,0.1083242918830365,True,4d049fc,5,0,none,0,0.0,False,0.7,0.95,0.1,
A-n36-k5,acs_baseline,20,1042.4894469982476,,0.10825616610236466,True,4d049fc,5,0,none,0,0.0,False,0.7,0.95,0.1,
A-n36-k5,acs_baseline,21,1039.571684306178,,0.10804512491449714,True,4d049fc,5,0,none,0,0.0,False,0.7,0.95,0.1,
A-n36-k5,acs_baseline,22,1044.3196718968882,,0.10821320791728795,True,4d049fc,5,0,none,0,0.0,False,0.7,0.95,0.1,
A-n36-k5,acs_baseline,23,1032.9450763401148,,0.10802749986760318,True,4d049fc,5,0,none,0,0.0,False,0.7,0.95,0.1,
A-n36-k5,acs_baseline,24,1036.4900251059257,,0.10849983408115804,True,4d049fc,5,0,none,0,0.0,False,0.7,0.95,0.1,
A-n36-k5,acs_baseline,25,1044.7051607862027,,0.1079050418920815,True,4d049fc,5,0,none,0,0.0,False,0.7,0.95,0.1,
A-n36-k5,acs_baseline,26,1000.8032209990016,,0.1082237500231713,True,4d049fc,5,0,none,0,0.0,False,0.7,0.95,0.1,
A-n36-k5,acs_baseline,27,1024.433267248649,,0.10848987498320639,True,4d049fc,5,0,none,0,0.0,False,0.7,0.95,0.1,
A-n36-k5,acs_baseline,28,1044.208422461254,,0.10764279100112617,True,4d049fc,5,0,none,0,0.0,False,0.7,0.95,0.1,
A-n36-k5,acs_baseline,29,1043.1239235434077,,0.10860808310098946,True,4d049fc,5,0,none,0,0.0,False,0.7,0.95,0.1,
A-n36-k5,acs_cl15,0,1016.303412433333,,0.0877392920665443,True,4d049fc,5,15,none,0,0.0,False,0.7,0.95,0.1,
A-n36-k5,acs_cl15,1,1030.7322531853838,,0.08824000018648803,True,4d049fc,5,15,none,0,0.0,False,0.7,0.95,0.1,
A-n36-k5,acs_cl15,2,1052.786615715462,,0.08822200004942715,True,4d049fc,5,15,none,0,0.0,False,0.7,0.95,0.1,
A-n36-k5,acs_cl15,3,1028.1998856774308,,0.08826866699382663,True,4d049fc,5,15,none,0,0.0,False,0.7,0.95,0.1,
A-n36-k5,acs_cl15,4,1056.3806915893597,,0.08852087496779859,True,4d049fc,5,15,none,0,0.0,False,0.7,0.95,0.1,
A-n36-k5,acs_cl15,5,1033.7511288137982,,0.08805925003252923,True,4d049fc,5,15,none,0,0.0,False,0.7,0.95,0.1,
A-n36-k5,acs_cl15,6,1037.5981168667772,,0.08775945799425244,True,4d049fc,5,15,none,0,0.0,False,0.7,0.95,0.1,
A-n36-k5,acs_cl15,7,1058.771534670974,,0.08855879097245634,True,4d049fc,5,15,none,0,0.0,False,0.7,0.95,0.1,
A-n36-k5,acs_cl15,8,1027.8714536827417,,0.09032670920714736,True,4d049fc,5,15,none,0,0.0,False,0.7,0.95,0.1,
A-n36-k5,acs_cl15,9,980.0623959449102,,0.0895813750103116,True,4d049fc,5,15,none,0,0.0,False,0.7,0.95,0.1,
A-n36-k5,acs_cl15,10,1070.3036370681186,,0.08826541691087186,True,4d049fc,5,15,none,0,0.0,False,0.7,0.95,0.1,
A-n36-k5,acs_cl15,11,1059.7417640937401,,0.08804862503893673,True,4d049fc,5,15,none,0,0.0,False,0.7,0.95,0.1,
A-n36-k5,acs_cl15,12,1058.771534670974,,0.08791400003246963,True,4d049fc,5,15,none,0,0.0,False,0.7,0.95,0.1,
A-n36-k5,acs_cl15,13,1034.1020607906617,,0.08788770786486566,True,4d049fc,5,15,none,0,0.0,False,0.7,0.95,0.1,
A-n36-k5,acs_cl15,14,1053.1895159334815,,0.08823670889250934,True,4d049fc,5,15,none,0,0.0,False,0.7,0.95,0.1,
A-n36-k5,acs_cl15,15,1006.0062517589582,,0.08853433281183243,True,4d049fc,5,15,none,0,0.0,False,0.7,0.95,0.1,
A-n36-k5,acs_cl15,16,1038.0379654650512,,0.08819341706112027,True,4d049fc,5,15,none,0,0.0,False,0.7,0.95,0.1,
A-n36-k5,acs_cl15,17,1056.8536291171235,,0.08795358310453594,True,4d049fc,5,15,none,0,0.0,False,0.7,0.95,0.1,
A-n36-k5,acs_cl15,18,1033.8520272936344,,0.0884446669369936,True,4d049fc,5,15,none,0,0.0,False,0.7,0.95,0.1,
A-n36-k5,acs_cl15,19,1016.303412433333,,0.08864858304150403,True,4d049fc,5,15,none,0,0.0,False,0.7,0.95,0.1,
A-n36-k5,acs_cl15,20,1042.5791953388425,,0.08855620794929564,True,4d049fc,5,15,none,0,0.0,False,0.7,0.95,0.1,
A-n36-k5,acs_cl15,21,1016.303412433333,,0.08802395896054804,True,4d049fc,5,15,none,0,0.0,False,0.7,0.95,0.1,
A-n36-k5,acs_cl15,22,1049.9424389942678,,0.08791937492787838,True,4d049fc,5,15,none,0,0.0,False,0.7,0.95,0.1,
A-n36-k5,acs_cl15,23,1056.2522477753168,,0.08827841584570706,True,4d049fc,5,15,none,0,0.0,False,0.7,0.95,0.1,
A-n36-k5,acs_cl15,24,1040.9244920370236,,0.08868641592562199,True,4d049fc,5,15,none,0,0.0,False,0.7,0.95,0.1,
A-n36-k5,acs_cl15,25,1036.6662298044776,,0.08816320798359811,True,4d049fc,5,15,none,0,0.0,False,0.7,0.95,0.1,
A-n36-k5,acs_cl15,26,1020.8773616027718,,0.08819816610775888,True,4d049fc,5,15,none,0,0.0,False,0.7,0.95,0.1,
A-n36-k5,acs_cl15,27,1059.7417640937401,,0.08821358415298164,True,4d049fc,5,15,none,0,0.0,False,0.7,0.95,0.1,
A-n36-k5,acs_cl15,28,1036.6662298044776,,0.08766912505961955,True,4d049fc,5,15,none,0,0.0,False,0.7,0.95,0.1,
A-n36-k5,acs_cl15,29,1051.2829233027483,,0.0879996670410037,True,4d049fc,5,15,none,0,0.0,False,0.7,0.95,0.1,
A-n36-k5,acs_cl15_ls2opt_adaptive,0,976.7335037234229,,0.11606483301147819,True,4d049fc,5,15,adaptive,78,2.6,False,0.7,0.95,0.1,
A-n36-k5,acs_cl15_ls2opt_adaptive,1,976.7335037234229,,0.11650766711682081,True,4d049fc,5,15,adaptive,78,2.6,False,0.7,0.95,0.1,
A-n36-k5,acs_cl15_ls2opt_adaptive,2,1002.1740181402096,,0.11581354215741158,True,4d049fc,5,15,adaptive,74,2.466666666666667,False,0.7,0.95,0.1,
A-n36-k5,acs_cl15_ls2opt_adaptive,3,990.8996782549401,,0.11422733403742313,True,4d049fc,5,15,adaptive,74,2.466666666666667,False,0.7,0.95,0.1,
A-n36-k5,acs_cl15_ls2opt_adaptive,4,977.9286127731776,,0.11348370788618922,True,4d049fc,5,15,adaptive,68,2.2666666666666666,False,0.7,0.95,0.1,
A-n36-k5,acs_cl15_ls2opt_adaptive,5,978.5607011059197,,0.11032841703854501,True,4d049fc,5,15,adaptive,60,2.0,False,0.7,0.95,0.1,
A-n36-k5,acs_cl15_ls2opt_adaptive,6,978.5607011059197,,0.11489399988204241,True,4d049fc,5,15,adaptive,78,2.6,False,0.7,0.95,0.1,
A-n36-k5,acs_cl15_ls2opt_adaptive,7,1002.1740181402096,,0.11433095810934901,True,4d049fc,5,15,adaptive,74,2.466666666666667,False,0.7,0.95,0.1,
A-n36-k5,acs_cl15_ls2opt_adaptive,8,980.0386270658212,,0.11525025009177625,True,4d049fc,5,15,adaptive,76,2.533333333333333,False,0.7,0.95,0.1,
A-n36-k5,acs_cl15_ls2opt_adaptive,9,966.288400450327,,0.10701533290557563,True,4d049fc,5,15,adaptive,54,1.8,False,0.7,0.95,0.1,
A-n36-k5,acs_cl15_ls2opt_adaptive,10,1002.1740181402096,,0.11524766706861556,True,4d049fc,5,15,adaptive,76,2.533333333333333,False,0.7,0.95,0.1,
A-n36-k5,acs_cl15_ls2opt_adaptive,11,1002.0984576315261,,0.11128645902499557,True,4d049fc,5,15,adaptive,62,2.066666666666667,False,0.7,0.95,0.1,
A-n36-k5,acs_cl15_ls2opt_adaptive,12,981.8600511836072,,0.10965549992397428,True,4d049fc,5,15,adaptive,60,2.0,False,0.7,0.95,0.1,
A-n36-k5,acs_cl15_ls2opt_adaptive,13,1002.1740181402096,,0.11380020901560783,True,4d049fc,5,15,adaptive,70,2.3333333333333335,False,0.7,0.95,0.1,
A-n36-k5,acs_cl15_ls2opt_adaptive,14,1002.1740181402096,,0.11177641595713794,True,4d049fc,5,15,adaptive,64,2.1333333333333333,False,0.7,0.95,0.1,
A-n36-k5,acs_cl15_ls2opt_adaptive,15,991.1063417118603,,0.1130165841896087,True,4d049fc,5,15,adaptive,70,2.3333333333333335,False,0.7,0.95,0.1,
A-n36-k5,acs_cl15_ls2opt_adaptive,16,1002.1740181402096,,0.10873874998651445,True,4d049fc,5,15,adaptive,58,1.9333333333333333,False,0.7,0.95,0.1,
A-n36-k5,acs_cl15_ls2opt_adaptive,17,1000.1482897066601,,0.11329683405347168,True,4d049fc,5,15,adaptive,68,2.2666666666666666,False,0.7,0.95,0.1,
A-n36-k5,acs_cl15_ls2opt_adaptive,18,997.0554678201963,,0.10756612499244511,True,4d049fc,5,15,adaptive,54,1.8,False,0.7,0.95,0.1,
A-n36-k5,acs_cl15_ls2opt_adaptive,19,978.5607011059197,,0.11031591705977917,True,4d049fc,5,15,adaptive,64,2.1333333333333333,False,0.7,0.95,0.1,
A-n36-k5,acs_cl15_ls2opt_adaptive,20,1002.1740181402096,,0.11557091609574854,True,4d049fc,5,15,adaptive,68,2.2666666666666666,False,0.7,0.95,0.1,
A-n36-k5,acs_cl15_ls2opt_adaptive,21,976.7335037234229,,0.11641933396458626,True,4d049fc,5,15,adaptive,78,2.6,False,0.7,0.95,0.1,
A-n36-k5,acs_cl15_ls2opt_adaptive,22,976.7335037234229,,0.11398558295331895,True,4d049fc,5,15,adaptive,74,2.466666666666667,False,0.7,0.95,0.1,
A-n36-k5,acs_cl15_ls2opt_adaptive,23,996.2852544777926,,0.11275566718541086,True,4d049fc,5,15,adaptive,68,2.2666666666666666,False,0.7,0.95,0.1,
A-n36-k5,acs_cl15_ls2opt_adaptive,24,978.4426422964264,,0.1077241247985512,True,4d049fc,5,15,adaptive,56,1.8666666666666667,False,0.7,0.95,0.1,
A-n36-k5,acs_cl15_ls2opt_adaptive,25,986.6166323505131,,0.10585091612301767,True,4d049fc,5,15,adaptive,46,1.5333333333333334,False,0.7,0.95,0.1,
A-n36-k5,acs_cl15_ls2opt_adaptive,26,997.0554678201963,,0.11158929113298655,True,4d049fc,5,15,adaptive,64,2.1333333333333333,False,0.7,0.95,0.1,
A-n36-k5,acs_cl15_ls2opt_adaptive,27,1002.0984576315261,,0.11064883414655924,True,4d049fc,5,15,adaptive,62,2.066666666666667,False,0.7,0.95,0.1,
A-n36-k5,acs_cl15_ls2opt_adaptive,28,978.5607011059197,,0.11117395805194974,True,4d049fc,5,15,adaptive,66,2.2,False,0.7,0.95,0.1,
A-n36-k5,acs_cl15_ls2opt_adaptive,29,986.6166323505131,,0.11357054184190929,True,4d049fc,5,15,adaptive,66,2.2,False,0.7,0.95,0.1,
A-n36-k5,acs_cl15_ls2opt_adaptive_q0rho,0,975.100565563765,,0.11712154117412865,True,4d049fc,5,15,adaptive,60,2.0,True,0.7,0.95,0.1,
A-n36-k5,acs_cl15_ls2opt_adaptive_q0rho,1,970.0176782251888,,0.11930224997922778,True,4d049fc,5,15,adaptive,68,2.2666666666666666,True,0.7,0.95,0.1,
A-n36-k5,acs_cl15_ls2opt_adaptive_q0rho,2,976.7335037234229,,0.11956283310428262,True,4d049fc,5,15,adaptive,70,2.3333333333333335,True,0.7,0.95,0.1,
A-n36-k5,acs_cl15_ls2opt_adaptive_q0rho,3,978.5607011059197,,0.11315904185175896,True,4d049fc,5,15,adaptive,54,1.8,True,0.7,0.95,0.1,
A-n36-k5,acs_cl15_ls2opt_adaptive_q0rho,4,998.1893194719007,,0.11636283295229077,True,4d049fc,5,15,adaptive,64,2.1333333333333333,True,0.7,0.95,0.1,
A-n36-k5,acs_cl15_ls2opt_adaptive_q0rho,5,958.2224598220234,,0.1216582499910146,True,4d049fc,5,15,adaptive,78,2.6,True,0.7,0.95,0.1,
A-n36-k5,acs_cl15_ls2opt_adaptive_q0rho,6,958.8200329706272,,0.11799808288924396,True,4d049fc,5,15,adaptive,70,2.3333333333333335,True,0.7,0.95,0.1,
A-n36-k5,acs_cl15_ls2opt_adaptive_q0rho,7,959.1251115817406,,0.1186461669858545,True,4d049fc,5,15,adaptive,68,2.2666666666666666,True,0.7,0.95,0.1,
A-n36-k5,acs_cl15_ls2opt_adaptive_q0rho,8,986.7271433675667,,0.11472695786505938,True,4d049fc,5,15,adaptive,52,1.7333333333333334,True,0.7,0.95,0.1,
A-n36-k5,acs_cl15_ls2opt_adaptive_q0rho,9,981.8600511836072,,0.12022854201495647,True,4d049fc,5,15,adaptive,76,2.533333333333333,True,0.7,0.95,0.1,
A-n36-k5,acs_cl15_ls2opt_adaptive_q0rho,10,974.9480362483413,,0.12055687489919364,True,4d049fc,5,15,adaptive,72,2.4,True,0.7,0.95,0.1,
A-n36-k5,acs_cl15_ls2opt_adaptive_q0rho,11,970.2952771243584,,0.11896816594526172,True,4d049fc,5,15,adaptive,72,2.4,True,0.7,0.95,0.1,
A-n36-k5,acs_cl15_ls2opt_adaptive_q0rho,12,943.5930289677582,,0.1210467501077801,True,4d049fc,5,15,adaptive,74,2.466666666666667,True,0.7,0.95,0.1,
A-n36-k5,acs_cl15_ls2opt_adaptive_q0rho,13,955.1987218793078,,0.12165345903486013,True,4d049fc,5,15,adaptive,78,2.6,True,0.7,0.95,0.1,
A-n36-k5,acs_cl15_ls2opt_adaptive_q0rho,14,981.1432166339367,,0.12098179198801517,True,4d049fc,5,15,adaptive,76,2.533333333333333,True,0.7,0.95,0.1,
A-n36-k5,acs_cl15_ls2opt_adaptive_q0rho,15,984.7798034631917,,0.12219666689634323,True,4d049fc,5,15,adaptive,78,2.6,True,0.7,0.95,0.1,
A-n36-k5,acs_cl15_ls2opt_adaptive_q0rho,16,977.1558616335643,,0.12090158322826028,True,4d049fc,5,15,adaptive,68,2.2666666666666666,True,0.7,0.95,0.1,
A-n36-k5,acs_cl15_ls2opt_adaptive_q0rho,17,977.9576462893384,,0.12528341612778604,True,4d049fc,5,15,adaptive,78,2.6,True,0.7,0.95,0.1,
A-n36-k5,acs_cl15_ls2opt_adaptive_q0rho,18,978.0239263994813,,0.1192475410643965,True,4d049fc,5,15,adaptive,70,2.3333333333333335,True,0.7,0.95,0.1,
A-n36-k5,acs_cl15_ls2opt_adaptive_q0rho,19,997.0554678201963,,0.11353274993598461,True,4d049fc,5,15,adaptive,52,1.7333333333333334,True,0.7,0.95,0.1,
A-n36-k5,acs_cl15_ls2opt_adaptive_q0rho,20,979.1758563522541,,0.11435795901343226,True,4d049fc,5,15,adaptive,52,1.7333333333333334,True,0.7,0.95,0.1,
A-n36-k5,acs_cl15_ls2opt_adaptive_q0rho,21,971.3542231534624,,0.11604812508448958,True,4d049fc,5,15,adaptive,62,2.066666666666667,True,0.7,0.95,0.1,
A-n36-k5,acs_cl15_ls2opt_adaptive_q0rho,22,997.0554678201963,,0.11810249998234212,True,4d049fc,5,15,adaptive,68,2.2666666666666666,True,0.7,0.95,0.1,
A-n36-k5,acs_cl15_ls2opt_adaptive_q0rho,23,1002.1740181402096,,0.12037558411248028,True,4d049fc,5,15,adaptive,76,2.533333333333333,True,0.7,0.95,0.1,
A-n36-k5,acs_cl15_ls2opt_adaptive_q0rho,24,968.1929006779366,,0.11915254197083414,True,4d049fc,5,15,adaptive,70,2.3333333333333335,True,0.7,0.95,0.1,
A-n36-k5,acs_cl15_ls2opt_adaptive_q0rho,25,1000.7971551996397,,0.11858887481503189,True,4d049fc,5,15,adaptive,70,2.3333333333333335,True,0.7,0.95,0.1,
A-n36-k5,acs_cl15_ls2opt_adaptive_q0rho,26,978.5607011059197,,0.11571870814077556,True,4d049fc,5,15,adaptive,62,2.066666666666667,True,0.7,0.95,0.1,
A-n36-k5,acs_cl15_ls2opt_adaptive_q0rho,27,968.5498851810294,,0.1166460420936346,True,4d049fc,5,15,adaptive,66,2.2,True,0.7,0.95,0.1,
A-n36-k5,acs_cl15_ls2opt_adaptive_q0rho,28,998.9720110026732,,0.11743433307856321,True,4d049fc,5,15,adaptive,64,2.1333333333333333,True,0.7,0.95,0.1,
A-n36-k5,acs_cl15_ls2opt_adaptive_q0rho,29,975.518034900036,,0.118067333009094,True,4d049fc,5,15,adaptive,70,2.3333333333333335,True,0.7,0.95,0.1,
A-n36-k5,acs_cl15_ls2opt_adaptive_q0sched,0,975.100565563765,,0.11917670792900026,True,4d049fc,5,15,adaptive,60,2.0,True,0.7,0.95,0.1,
A-n36-k5,acs_cl15_ls2opt_adaptive_q0sched,1,978.0713296571124,,0.11773883295245469,True,4d049fc,5,15,adaptive,66,2.2,True,0.7,0.95,0.1,
A-n36-k5,acs_cl15_ls2opt_adaptive_q0sched,2,977.1558616335643,,0.11697570816613734,True,4d049fc,5,15,adaptive,62,2.066666666666667,True,0.7,0.95,0.1,
A-n36-k5,acs_cl15_ls2opt_adaptive_q0sched,3,1002.1740181402096,,0.1151978331618011,True,4d049fc,5,15,adaptive,60,2.0,True,0.7,0.95,0.1,
A-n36-k5,acs_cl15_ls2opt_adaptive_q0sched,4,998.1893194719007,,0.11620049993507564,True,4d049fc,5,15,adaptive,64,2.1333333333333333,True,0.7,0.95,0.1,
A-n36-k5,acs_cl15_ls2opt_adaptive_q0sched,5,958.2224598220234,,0.12193091702647507,True,4d049fc,5,15,adaptive,78,2.6,True,0.7,0.95,0.1,
A-n36-k5,acs_cl15_ls2opt_adaptive_q0sched,6,958.8200329706272,,0.11812770809046924,True,4d049fc,5,15,adaptive,70,2.3333333333333335,True,0.7,0.95,0.1,
A-n36-k5,acs_cl15_ls2opt_adaptive_q0sched,7,959.1251115817406,,0.11997095891274512,True,4d049fc,5,15,adaptive,68,2.2666666666666666,True,0.7,0.95,0.1,
A-n36-k5,acs_cl15_ls2opt_adaptive_q0sched,8,978.5607011059197,,0.11652166699059308,True,4d049fc,5,15,adaptive,56,1.8666666666666667,True,0.7,0.95,0.1,
A-n36-k5,acs_cl15_ls2opt_adaptive_q0sched,9,972.2453674940105,,0.11774324998259544,True,4d049fc,5,15,adaptive,66,2.2,True,0.7,0.95,0.1,
A-n36-k5,acs_cl15_ls2opt_adaptive_q0sched,10,974.9480362483413,,0.12127374997362494,True,4d049fc,5,15,adaptive,72,2.4,True,0.7,0.95,0.1,
A-n36-k5,acs_cl15_ls2opt_adaptive_q0sched,11,970.2952771243584,,0.11848362488672137,True,4d049fc,5,15,adaptive,72,2.4,True,0.7,0.95,0.1,
A-n36-k5,acs_cl15_ls2opt_adaptive_q0sched,12,943.5930289677582,,0.12140470906160772,True,4d049fc,5,15,adaptive,74,2.466666666666667,True,0.7,0.95,0.1,
A-n36-k5,acs_cl15_ls2opt_adaptive_q0sched,13,955.1987218793078,,0.12190245813690126,True,4d049fc,5,15,adaptive,78,2.6,True,0.7,0.95,0.1,
A-n36-k5,acs_cl15_ls2opt_adaptive_q0sched,14,981.1432166339367,,0.12267004186287522,True,4d049fc,5,15,adaptive,76,2.533333333333333,True,0.7,0.95,0.1,
A-n36-k5,acs_cl15_ls2opt_adaptive_q0sched,15,954.2151757597087,,0.11856879107654095,True,4d049fc,5,15,adaptive,68,2.2666666666666666,True,0.7,0.95,0.1,
A-n36-k5,acs_cl15_ls2opt_adaptive_q0sched,16,977.1558616335643,,0.11516283405944705,True,4d049fc,5,15,adaptive,62,2.066666666666667,True,0.7,0.95,0.1,
A-n36-k5,acs_cl15_ls2opt_adaptive_q0sched,17,969.701905175703,,0.11827620910480618,True,4d049fc,5,15,adaptive,70,2.3333333333333335,True,0.7,0.95,0.1,
A-n36-k5,acs_cl15_ls2opt_adaptive_q0sched,18,978.0239263994813,,0.11925912508741021,True,4d049fc,5,15,adaptive,70,2.3333333333333335,True,0.7,0.95,0.1,
A-n36-k5,acs_cl15_ls2opt_adaptive_q0sched,19,997.0554678201963,,0.10917970794253051,True,4d049fc,5,15,adaptive,42,1.4,True,0.7,0.95,0.1,
A-n36-k5,acs_cl15_ls2opt_adaptive_q0sched,20,1002.1740181402096,,0.11512291594408453,True,4d049fc,5,15,adaptive,54,1.8,True,0.7,0.95,0.1,
A-n36-k5,acs_cl15_ls2opt_adaptive_q0sched,21,974.6385947766194,,0.11552274995483458,True,4d049fc,5,15,adaptive,60,2.0,True,0.7,0.95,0.1,
A-n36-k5,acs_cl15_ls2opt_adaptive_q0sched,22,978.5607011059197,,0.11520908400416374,True,4d049fc,5,15,adaptive,58,1.9333333333333333,True,0.7,0.95,0.1,
A-n36-k5,acs_cl15_ls2opt_adaptive_q0sched,23,1002.1740181402096,,0.11960191698744893,True,4d049fc,5,15,adaptive,76,2.533333333333333,True,0.7,0.95,0.1,
A-n36-k5,acs_cl15_ls2opt_adaptive_q0sched,24,968.1929006779366,,0.12094691698439419,True,4d049fc,5,15,adaptive,70,2.3333333333333335,True,0.7,0.95,0.1,
A-n36-k5,acs_cl15_ls2opt_adaptive_q0sched,25,1000.7971551996397,,0.11871508392505348,True,4d049fc,5,15,adaptive,70,2.3333333333333335,True,0.7,0.95,0.1,
A-n36-k5,acs_cl15_ls2opt_adaptive_q0sched,26,989.2664900469244,,0.119366625091061,True,4d049fc,5,15,adaptive,72,2.4,True,0.7,0.95,0.1,
A-n36-k5,acs_cl15_ls2opt_adaptive_q0sched,27,950.1716619027475,,0.11795250000432134,True,4d049fc,5,15,adaptive,66,2.2,True,0.7,0.95,0.1,
A-n36-k5,acs_cl15_ls2opt_adaptive_q0sched,28,1002.1740181402096,,0.1205888339318335,True,4d049fc,5,15,adaptive,74,2.466666666666667,True,0.7,0.95,0.1,
A-n36-k5,acs_cl15_ls2opt_adaptive_q0sched,29,975.518034900036,,0.11809787503443658,True,4d049fc,5,15,adaptive,70,2.3333333333333335,True,0.7,0.95,0.1,
A-n36-k5,acs_cl15_ls2opt_fixed,0,976.7335037234229,,0.10003283293917775,True,4d049fc,5,15,best,30,1.0,False,0.7,0.95,0.1,
A-n36-k5,acs_cl15_ls2opt_fixed,1,976.7335037234229,,0.1002510420512408,True,4d049fc,5,15,best,30,1.0,False,0.7,0.95,0.1,
A-n36-k5,acs_cl15_ls2opt_fixed,2,1002.1740181402096,,0.09954754216596484,True,4d049fc,5,15,best,30,1.0,False,0.7,0.95,0.1,
A-n36-k5,acs_cl15_ls2opt_fixed,3,990.8996782549401,,0.09909016685560346,True,4d049fc,5,15,best,30,1.0,False,0.7,0.95,0.1,
A-n36-k5,acs_cl15_ls2opt_fixed,4,977.9286127731776,,0.10005112481303513,True,4d049fc,5,15,best,30,1.0,False,0.7,0.95,0.1,
A-n36-k5,acs_cl15_ls2opt_fixed,5,978.5607011059197,,0.09960375004447997,True,4d049fc,5,15,best,30,1.0,False,0.7,0.95,0.1,
A-n36-k5,acs_cl15_ls2opt_fixed,6,978.5607011059197,,0.09802399994805455,True,4d049fc,5,15,best,30,1.0,False,0.7,0.95,0.1,
A-n36-k5,acs_cl15_ls2opt_fixed,7,1002.1740181402096,,0.09920233394950628,True,4d049fc,5,15,best,30,1.0,False,0.7,0.95,0.1,
A-n36-k5,acs_cl15_ls2opt_fixed,8,980.0386270658212,,0.09867579187266529,True,4d049fc,5,15,best,30,1.0,False,0.7,0.95,0.1,
A-n36-k5,acs_cl15_ls2opt_fixed,9,966.288400450327,,0.09920020797289908,True,4d049fc,5,15,best,30,1.0,False,0.7,0.95,0.1,
A-n36-k5,acs_cl15_ls2opt_fixed,10,1002.1740181402096,,0.09932666691020131,True,4d049fc,5,15,best,30,1.0,False,0.7,0.95,0.1,
A-n36-k5,acs_cl15_ls2opt_fixed,11,1002.0984576315261,,0.09913562494330108,True,4d049fc,5,15,best,30,1.0,False,0.7,0.95,0.1,
A-n36-k5,acs_cl15_ls2opt_fixed,12,981.8600511836072,,0.09935133298859,True,4d049fc,5,15,best,30,1.0,False,0.7,0.95,0.1,
A-n36-k5,acs_cl15_ls2opt_fixed,13,1002.1740181402096,,0.09940870781429112,True,4d049fc,5,15,best,30,1.0,False,0.7,0.95,0.1,
A-n36-k5,acs_cl15_ls2opt_fixed,14,1002.1740181402096,,0.09925337485037744,True,4d049fc,5,15,best,30,1.0,False,0.7,0.95,0.1,
A-n36-k5,acs_cl15_ls2opt_fixed,15,991.1063417118603,,0.0992141671013087,True,4d049fc,5,15,best,30,1.0,False,0.7,0.95,0.1,
A-n36-k5,acs_cl15_ls2opt_fixed,16,1002.1740181402096,,0.09913641586899757,True,4d049fc,5,15,best,30,1.0,False,0.7,0.95,0.1,
A-n36-k5,acs_cl15_ls2opt_fixed,17,1000.1482897066601,,0.10091758286580443,True,4d049fc,5,15,best,30,1.0,False,0.7,0.95,0.1,
A-n36-k5,acs_cl15_ls2opt_fixed,18,997.0554678201963,,0.10198116698302329,True,4d049fc,5,15,best,30,1.0,False,0.7,0.95,0.1,
A-n36-k5,acs_cl15_ls2opt_fixed,19,978.5607011059197,,0.10324633307754993,True,4d049fc,5,15,best,30,1.0,False,0.7,0.95,0.1,
A-n36-k5,acs_cl15_ls2opt_fixed,20,1002.1740181402096,,0.1001494589727372,True,4d049fc,5,15,best,30,1.0,False,0.7,0.95,0.1,
A-n36-k5,acs_cl15_ls2opt_fixed,21,976.7335037234229,,0.09974029217846692,True,4d049fc,5,15,best,30,1.0,False,0.7,0.95,0.1,
A-n36-k5,acs_cl15_ls2opt_fixed,22,976.7335037234229,,0.09938987507484853,True,4d049fc,5,15,best,30,1.0,False,0.7,0.95,0.1,
A-n36-k5,acs_cl15_ls2opt_fixed,23,1002.0984576315261,,0.09929408389143646,True,4d049fc,5,15,best,30,1.0,False,0.7,0.95,0.1,
A-n36-k5,acs_cl15_ls2opt_fixed,24,998.9486392188992,,0.09940616600215435,True,4d049fc,5,15,best,30,1.0,False,0.7,0.95,0.1,
A-n36-k5,acs_cl15_ls2opt_fixed,25,986.6166323505131,,0.09926950000226498,True,4d049fc,5,15,best,30,1.0,False,0.7,0.95,0.1,
A-n36-k5,acs_cl15_ls2opt_fixed,26,997.0554678201963,,0.09967933292500675,True,4d049fc,5,15,best,30,1.0,False,0.7,0.95,0.1,
A-n36-k5,acs_cl15_ls2opt_fixed,27,1002.0984576315261,,0.09952891687862575,True,4d049fc,5,15,best,30,1.0,False,0.7,0.95,0.1,
A-n36-k5,acs_cl15_ls2opt_fixed,28,978.5607011059197,,0.0983490829821676,True,4d049fc,5,15,best,30,1.0,False,0.7,0.95,0.1,
A-n36-k5,acs_cl15_ls2opt_fixed,29,994.5197530754378,,0.09950141608715057,True,4d049fc,5,15,best,30,1.0,False,0.7,0.95,0.1,
A-n37-k5,acs_baseline,0,846.6384220524794,,0.1133691668510437,True,4d049fc,5,0,none,0,0.0,False,0.7,0.95,0.1,
A-n37-k5,acs_baseline,1,904.0397993364678,,0.1111801250372082,True,4d049fc,5,0,none,0,0.0,False,0.7,0.95,0.1,
A-n37-k5,acs_baseline,2,870.997936753397,,0.11361129092983902,True,4d049fc,5,0,none,0,0.0,False,0.7,0.95,0.1,
A-n37-k5,acs_baseline,3,847.8482571930447,,0.11404929193668067,True,4d049fc,5,0,none,0,0.0,False,0.7,0.95,0.1,
A-n37-k5,acs_baseline,4,887.5348342512342,,0.1146106249652803,True,4d049fc,5,0,none,0,0.0,False,0.7,0.95,0.1,
A-n37-k5,acs_baseline,5,867.5841480220591,,0.11392870801500976,True,4d049fc,5,0,none,0,0.0,False,0.7,0.95,0.1,
A-n37-k5,acs_baseline,6,854.942945004883,,0.11301416694186628,True,4d049fc,5,0,none,0,0.0,False,0.7,0.95,0.1,
A-n37-k5,acs_baseline,7,847.117721943184,,0.1138246669434011,True,4d049fc,5,0,none,0,0.0,False,0.7,0.95,0.1,
A-n37-k5,acs_baseline,8,894.4488916077687,,0.11318570794537663,True,4d049fc,5,0,none,0,0.0,False,0.7,0.95,0.1,
A-n37-k5,acs_baseline,9,865.2289241471537,,0.11349199991673231,True,4d049fc,5,0,none,0,0.0,False,0.7,0.95,0.1,
A-n37-k5,acs_baseline,10,899.9574044081555,,0.11340975016355515,True,4d049fc,5,0,none,0,0.0,False,0.7,0.95,0.1,
A-n37-k5,acs_baseline,11,848.1336472110272,,0.1134672500193119,True,4d049fc,5,0,none,0,0.0,False,0.7,0.95,0.1,
A-n37-k5,acs_baseline,12,853.7168525464589,,0.11311270901933312,True,4d049fc,5,0,none,0,0.0,False,0.7,0.95,0.1,
A-n37-k5,acs_baseline,13,872.43242991516,,0.11383683304302394,True,4d049fc,5,0,none,0,0.0,False,0.7,0.95,0.1,
A-n37-k5,acs_baseline,14,892.6594023187159,,0.1136452502105385,True,4d049fc,5,0,none,0,0.0,False,0.7,0.95,0.1,
A-n37-k5,acs_baseline,15,853.6653654719466,,0.11342249996960163,True,4d049fc,5,0,none,0,0.0,False,0.7,0.95,0.1,
A-n37-k5,acs_baseline,16,833.6619948495202,,0.11399416695348918,True,4d049fc,5,0,none,0,0.0,False,0.7,0.95,0.1,
A-n37-k5,acs_baseline,17,855.0285874779307,,0.11424879101105034,True,4d049fc,5,0,none,0,0.0,False,0.7,0.95,0.1,
A-n37-k5,acs_baseline,18,880.2160193573758,,0.1138138750102371,True,4d049fc,5,0,none,0,0.0,False,0.7,0.95,0.1,
A-n37-k5,acs_baseline,19,890.1888702265636,,0.11406520800665021,True,4d049fc,5,0,none,0,0.0,False,0.7,0.95,0.1,
A-n37-k5,acs_baseline,20,897.9423824178074,,0.11431041709147394,True,4d049fc,5,0,none,0,0.0,False,0.7,0.95,0.1,
A-n37-k5,acs_baseline,21,841.9479978638913,,0.113571000052616,True,4d049fc,5,0,none,0,0.0,False,0.7,0.95,0.1,
A-n37-k5,acs_baseline,22,872.626478135728,,0.11373408301733434,True,4d049fc,5,0,none,0,0.0,False,0.7,0.95,0.1,
A-n37-k5,acs_baseline,23,842.7733437297659,,0.1133194169960916,True,4d049fc,5,0,none,0,0.0,False,0.7,0.95,0.1,
A-n37-k5,acs_baseline,24,899.0245116435634,,0.11378241702914238,True,4d049fc,5,0,none,0,0.0,False,0.7,0.95,0.1,
A-n37-k5,acs_baseline,25,878.2495050275539,,0.11381591716781259,True,4d049fc,5,0,none,0,0.0,False,0.7,0.95,0.1,
A-n37-k5,acs_baseline,26,892.4414705714435,,0.11474575009196997,True,4d049fc,5,0,none,0,0.0,False,0.7,0.95,0.1,
A-n37-k5,acs_baseline,27,906.0500148329838,,0.11738429102115333,True,4d049fc,5,0,none,0,0.0,False,0.7,0.95,0.1,
A-n37-k5,acs_baseline,28,876.4216832961898,,0.11699891602620482,True,4d049fc,5,0,none,0,0.0,False,0.7,0.95,0.1,
A-n37-k5,acs_baseline,29,890.6807030636693,,0.12561295786872506,True,4d049fc,5,0,none,0,0.0,False,0.7,0.95,0.1,
A-n37-k5,acs_cl15,0,914.524846674433,,0.0899419579654932,True,4d049fc,5,15,none,0,0.0,False,0.7,0.95,0.1,
A-n37-k5,acs_cl15,1,887.6614512784561,,0.09010124998167157,True,4d049fc,5,15,none,0,0.0,False,0.7,0.95,0.1,
A-n37-k5,acs_cl15,2,882.5700943511855,,0.08976862509734929,True,4d049fc,5,15,none,0,0.0,False,0.7,0.95,0.1,
A-n37-k5,acs_cl15,3,883.6208884382789,,0.08954733284190297,True,4d049fc,5,15,none,0,0.0,False,0.7,0.95,0.1,
A-n37-k5,acs_cl15,4,899.8398299708853,,0.09044179203920066,True,4d049fc,5,15,none,0,0.0,False,0.7,0.95,0.1,
A-n37-k5,acs_cl15,5,881.0155848939224,,0.08992749988101423,True,4d049fc,5,15,none,0,0.0,False,0.7,0.95,0.1,
A-n37-k5,acs_cl15,6,904.5293638337299,,0.08901887503452599,True,4d049fc,5,15,none,0,0.0,False,0.7,0.95,0.1,
A-n37-k5,acs_cl15,7,904.841953609589,,0.09010829101316631,True,4d049fc,5,15,none,0,0.0,False,0.7,0.95,0.1,
A-n37-k5,acs_cl15,8,880.4360483624632,,0.09003470884636045,True,4d049fc,5,15,none,0,0.0,False,0.7,0.95,0.1,
A-n37-k5,acs_cl15,9,904.841953609589,,0.08911183313466609,True,4d049fc,5,15,none,0,0.0,False,0.7,0.95,0.1,
A-n37-k5,acs_cl15,10,867.1411725601575,,0.08989116689190269,True,4d049fc,5,15,none,0,0.0,False,0.7,0.95,0.1,
A-n37-k5,acs_cl15,11,914.9871662895488,,0.0911385000217706,True,4d049fc,5,15,none,0,0.0,False,0.7,0.95,0.1,
A-n37-k5,acs_cl15,12,883.5546843233031,,0.08987004193477333,True,4d049fc,5,15,none,0,0.0,False,0.7,0.95,0.1,
A-n37-k5,acs_cl15,13,870.3556206576047,,0.08943933295086026,True,4d049fc,5,15,none,0,0.0,False,0.7,0.95,0.1,
A-n37-k5,acs_cl15,14,904.841953609589,,0.09010075009427965,True,4d049fc,5,15,none,0,0.0,False,0.7,0.95,0.1,
A-n37-k5,acs_cl15,15,904.5293638337299,,0.08997570793144405,True,4d049fc,5,15,none,0,0.0,False,0.7,0.95,0.1,
A-n37-k5,acs_cl15,16,909.6072424107407,,0.08942175004631281,True,4d049fc,5,15,none,0,0.0,False,0.7,0.95,0.1,
A-n37-k5,acs_cl15,17,902.802917379422,,0.09016137500293553,True,4d049fc,5,15,none,0,0.0,False,0.7,0.95,0.1,
A-n37-k5,acs_cl15,18,859.0745501312439,,0.08936966583132744,True,4d049fc,5,15,none,0,0.0,False,0.7,0.95,0.1,
A-n37-k5,acs_cl15,19,904.5293638337299,,0.09018679196015,True,4d049fc,5,15,none,0,0.0,False,0.7,0.95,0.1,
A-n37-k5,acs_cl15,20,899.8398299708853,,0.08962541585788131,True,4d049fc,5,15,none,0,0.0,False,0.7,0.95,0.1,
A-n37-k5,acs_cl15,21,895.3646402885379,,0.08956949994899333,True,4d049fc,5,15,none,0,0.0,False,0.7,0.95,0.1,
A-n37-k5,acs_cl15,22,902.0777849545528,,0.0891612081322819,True,4d049fc,5,15,none,0,0.0,False,0.7,0.95,0.1,
A-n37-k5,acs_cl15,23,878.3122313758864,,0.08985554100945592,True,4d049fc,5,15,none,0,0.0,False,0.7,0.95,0.1,
A-n37-k5,acs_cl15,24,865.4163017486347,,0.09030066709965467,True,4d049fc,5,15,none,0,0.0,False,0.7,0.95,0.1,
A-n37-k5,acs_cl15,25,865.2289241471537,,0.09139583306387067,True,4d049fc,5,15,none,0,0.0,False,0.7,0.95,0.1,
A-n37-k5,acs_cl15,26,884.3572276930616,,0.08956237509846687,True,4d049fc,5,15,none,0,0.0,False,0.7,0.95,0.1,
A-n37-k5,acs_cl15,27,915.1223431558155,,0.08972891699522734,True,4d049fc,5,15,none,0,0.0,False,0.7,0.95,0.1,
A-n37-k5,acs_cl15,28,878.5525606845994,,0.089028500020504,True,4d049fc,5,15,none,0,0.0,False,0.7,0.95,0.1,
A-n37-k5,acs_cl15,29,910.9188096207666,,0.08991624996997416,True,4d049fc,5,15,none,0,0.0,False,0.7,0.95,0.1,
A-n37-k5,acs_cl15_ls2opt_adaptive,0,858.6058969150698,,0.12217162502929568,True,4d049fc,5,15,adaptive,70,2.3333333333333335,False,0.7,0.95,0.1,
A-n37-k5,acs_cl15_ls2opt_adaptive,1,859.4697826905937,,0.1260581670794636,True,4d049fc,5,15,adaptive,74,2.466666666666667,False,0.7,0.95,0.1,
A-n37-k5,acs_cl15_ls2opt_adaptive,2,847.5510155916809,,0.1184086250141263,True,4d049fc,5,15,adaptive,64,2.1333333333333333,False,0.7,0.95,0.1,
A-n37-k5,acs_cl15_ls2opt_adaptive,3,800.3843172789839,,0.12349487491883337,True,4d049fc,5,15,adaptive,72,2.4,False,0.7,0.95,0.1,
A-n37-k5,acs_cl15_ls2opt_adaptive,4,828.6653003868861,,0.11634158296510577,True,4d049fc,5,15,adaptive,58,1.9333333333333333,False,0.7,0.95,0.1,
A-n37-k5,acs_cl15_ls2opt_adaptive,5,860.4649525436286,,0.1179117918945849,True,4d049fc,5,15,adaptive,62,2.066666666666667,False,0.7,0.95,0.1,
A-n37-k5,acs_cl15_ls2opt_adaptive,6,804.7422349589411,,0.11600037501193583,True,4d049fc,5,15,adaptive,62,2.066666666666667,False,0.7,0.95,0.1,
A-n37-k5,acs_cl15_ls2opt_adaptive,7,826.7720037888589,,0.12287479219958186,True,4d049fc,5,15,adaptive,68,2.2666666666666666,False,0.7,0.95,0.1,
A-n37-k5,acs_cl15_ls2opt_adaptive,8,851.9704203515787,,0.11857766704633832,True,4d049fc,5,15,adaptive,62,2.066666666666667,False,0.7,0.95,0.1,
A-n37-k5,acs_cl15_ls2opt_adaptive,9,864.8377353268655,,0.12085529183968902,True,4d049fc,5,15,adaptive,66,2.2,False,0.7,0.95,0.1,
A-n37-k5,acs_cl15_ls2opt_adaptive,10,837.188893619414,,0.11744604213163257,True,4d049fc,5,15,adaptive,60,2.0,False,0.7,0.95,0.1,
A-n37-k5,acs_cl15_ls2opt_adaptive,11,872.2908610481086,,0.11565933306701481,True,4d049fc,5,15,adaptive,56,1.8666666666666667,False,0.7,0.95,0.1,
A-n37-k5,acs_cl15_ls2opt_adaptive,12,816.4059883535359,,0.12043037498369813,True,4d049fc,5,15,adaptive,66,2.2,False,0.7,0.95,0.1,
A-n37-k5,acs_cl15_ls2opt_adaptive,13,844.6658700329484,,0.11946866591461003,True,4d049fc,5,15,adaptive,70,2.3333333333333335,False,0.7,0.95,0.1,
A-n37-k5,acs_cl15_ls2opt_adaptive,14,841.9234643878978,,0.11537149990908802,True,4d049fc,5,15,adaptive,60,2.0,False,0.7,0.95,0.1,
A-n37-k5,acs_cl15_ls2opt_adaptive,15,845.7444426206476,,0.11506225005723536,True,4d049fc,5,15,adaptive,56,1.8666666666666667,False,0.7,0.95,0.1,
A-n37-k5,acs_cl15_ls2opt_adaptive,16,864.8377353268655,,0.1150562500115484,True,4d049fc,5,15,adaptive,54,1.8,False,0.7,0.95,0.1,
A-n37-k5,acs_cl15_ls2opt_adaptive,17,859.2038627029542,,0.11447887495160103,True,4d049fc,5,15,adaptive,54,1.8,False,0.7,0.95,0.1,
A-n37-k5,acs_cl15_ls2opt_adaptive,18,835.3763200203147,,0.12375349993817508,True,4d049fc,5,15,adaptive,70,2.3333333333333335,False,0.7,0.95,0.1,
A-n37-k5,acs_cl15_ls2opt_adaptive,19,865.0876254018324,,0.11368562490679324,True,4d049fc,5,15,adaptive,52,1.7333333333333334,False,0.7,0.95,0.1,
A-n37-k5,acs_cl15_ls2opt_adaptive,20,864.8377353268655,,0.11706037493422627,True,4d049fc,5,15,adaptive,56,1.8666666666666667,False,0.7,0.95,0.1,
A-n37-k5,acs_cl15_ls2opt_adaptive,21,857.0103671519478,,0.1236730411183089,True,4d049fc,5,15,adaptive,76,2.533333333333333,False,0.7,0.95,0.1,
A-n37-k5,acs_cl15_ls2opt_adaptive,22,837.7924372717604,,0.11559762503020465,True,4d049fc,5,15,adaptive,60,2.0,False,0.7,0.95,0.1,
A-n37-k5,acs_cl15_ls2opt_adaptive,23,824.7287799231245,,0.11823679180815816,True,4d049fc,5,15,adaptive,62,2.066666666666667,False,0.7,0.95,0.1,
A-n37-k5,acs_cl15_ls2opt_adaptive,24,832.9169044816687,,0.12173720798455179,True,4d049fc,5,15,adaptive,72,2.4,False,0.7,0.95,0.1,
A-n37-k5,acs_cl15_ls2opt_adaptive,25,818.3748935766157,,0.1164086670614779,True,4d049fc,5,15,adaptive,58,1.9333333333333333,False,0.7,0.95,0.1,
A-n37-k5,acs_cl15_ls2opt_adaptive,26,786.7685954859854,,0.11993320798501372,True,4d049fc,5,15,adaptive,66,2.2,False,0.7,0.95,0.1,
A-n37-k5,acs_cl15_ls2opt_adaptive,27,858.6286543084567,,0.11947566596791148,True,4d049fc,5,15,adaptive,74,2.466666666666667,False,0.7,0.95,0.1,
A-n37-k5,acs_cl15_ls2opt_adaptive,28,837.7924372717604,,0.11477879085578024,True,4d049fc,5,15,adaptive,60,2.0,False,0.7,0.95,0.1,
A-n37-k5,acs_cl15_ls2opt_adaptive,29,853.2327771249782,,0.11853995802812278,True,4d049fc,5,15,adaptive,60,2.0,False,0.7,0.95,0.1,
A-n37-k5,acs_cl15_ls2opt_adaptive_q0rho,0,825.9486968806158,,0.12691862508654594,True,4d049fc,5,15,adaptive,68,2.2666666666666666,True,0.7,0.95,0.1,
A-n37-k5,acs_cl15_ls2opt_adaptive_q0rho,1,820.985354425655,,0.12057187501341105,True,4d049fc,5,15,adaptive,54,1.8,True,0.7,0.95,0.1,
A-n37-k5,acs_cl15_ls2opt_adaptive_q0rho,2,810.5364770075083,,0.13101579202339053,True,4d049fc,5,15,adaptive,76,2.533333333333333,True,0.7,0.95,0.1,
A-n37-k5,acs_cl15_ls2opt_adaptive_q0rho,3,820.145162861738,,0.1265620831400156,True,4d049fc,5,15,adaptive,66,2.2,True,0.7,0.95,0.1,
A-n37-k5,acs_cl15_ls2opt_adaptive_q0rho,4,827.3993594222596,,0.12815162516199052,True,4d049fc,5,15,adaptive,74,2.466666666666667,True,0.7,0.95,0.1,
A-n37-k5,acs_cl15_ls2opt_adaptive_q0rho,5,792.8235789395577,,0.1272515831515193,True,4d049fc,5,15,adaptive,68,2.2666666666666666,True,0.7,0.95,0.1,
A-n37-k5,acs_cl15_ls2opt_adaptive_q0rho,6,840.6004113567595,,0.12543216696940362,True,4d049fc,5,15,adaptive,64,2.1333333333333333,True,0.7,0.95,0.1,
A-n37-k5,acs_cl15_ls2opt_adaptive_q0rho,7,837.8742369608266,,0.11951837502419949,True,4d049fc,5,15,adaptive,58,1.9333333333333333,True,0.7,0.95,0.1,
A-n37-k5,acs_cl15_ls2opt_adaptive_q0rho,8,813.8872542311151,,0.1217974170576781,True,4d049fc,5,15,adaptive,56,1.8666666666666667,True,0.7,0.95,0.1,
A-n37-k5,acs_cl15_ls2opt_adaptive_q0rho,9,794.9222327277661,,0.12687629205174744,True,4d049fc,5,15,adaptive,74,2.466666666666667,True,0.7,0.95,0.1,
A-n37-k5,acs_cl15_ls2opt_adaptive_q0rho,10,815.7861835178335,,0.12154570803977549,True,4d049fc,5,15,adaptive,62,2.066666666666667,True,0.7,0.95,0.1,
A-n37-k5,acs_cl15_ls2opt_adaptive_q0rho,11,787.2385852663434,,0.12790737487375736,True,4d049fc,5,15,adaptive,68,2.2666666666666666,True,0.7,0.95,0.1,
A-n37-k5,acs_cl15_ls2opt_adaptive_q0rho,12,839.1528673747122,,0.13414825010113418,True,4d049fc,5,15,adaptive,78,2.6,True,0.7,0.95,0.1,
A-n37-k5,acs_cl15_ls2opt_adaptive_q0rho,13,833.238959467137,,0.12697674985975027,True,4d049fc,5,15,adaptive,66,2.2,True,0.7,0.95,0.1,
A-n37-k5,acs_cl15_ls2opt_adaptive_q0rho,14,846.2493556813639,,0.13312945887446404,True,4d049fc,5,15,adaptive,76,2.533333333333333,True,0.7,0.95,0.1,
A-n37-k5,acs_cl15_ls2opt_adaptive_q0rho,15,816.4059883535359,,0.12686379114165902,True,4d049fc,5,15,adaptive,66,2.2,True,0.7,0.95,0.1,
A-n37-k5,acs_cl15_ls2opt_adaptive_q0rho,16,825.9779837904899,,0.12288250005804002,True,4d049fc,5,15,adaptive,66,2.2,True,0.7,0.95,0.1,
A-n37-k5,acs_cl15_ls2opt_adaptive_q0rho,17,853.2327771249783,,0.1293173748999834,True,4d049fc,5,15,adaptive,68,2.2666666666666666,True,0.7,0.95,0.1,
A-n37-k5,acs_cl15_ls2opt_adaptive_q0rho,18,816.5972223084783,,0.12680666684173048,True,4d049fc,5,15,adaptive,68,2.2666666666666666,True,0.7,0.95,0.1,
A-n37-k5,acs_cl15_ls2opt_adaptive_q0rho,19,807.1845577565185,,0.12171458313241601,True,4d049fc,5,15,adaptive,58,1.9333333333333333,True,0.7,0.95,0.1,
A-n37-k5,acs_cl15_ls2opt_adaptive_q0rho,20,824.7987121227521,,0.1258689588867128,True,4d049fc,5,15,adaptive,68,2.2666666666666666,True,0.7,0.95,0.1,
A-n37-k5,acs_cl15_ls2opt_adaptive_q0rho,21,826.5603915410878,,0.12597674992866814,True,4d049fc,5,15,adaptive,62,2.066666666666667,True,0.7,0.95,0.1,
A-n37-k5,acs_cl15_ls2opt_adaptive_q0rho,22,839.7184982864351,,0.1310772500000894,True,4d049fc,5,15,adaptive,76,2.533333333333333,True,0.7,0.95,0.1,
A-n37-k5,acs_cl15_ls2opt_adaptive_q0rho,23,859.0521184547956,,0.12228816701099277,True,4d049fc,5,15,adaptive,62,2.066666666666667,True,0.7,0.95,0.1,
A-n37-k5,acs_cl15_ls2opt_adaptive_q0rho,24,857.7514920889738,,0.12816141708754003,True,4d049fc,5,15,adaptive,72,2.4,True,0.7,0.95,0.1,
A-n37-k5,acs_cl15_ls2opt_adaptive_q0rho,25,827.066805740431,,0.11562141706235707,True,4d049fc,5,15,adaptive,46,1.5333333333333334,True,0.7,0.95,0.1,
A-n37-k5,acs_cl15_ls2opt_adaptive_q0rho,26,835.8974758055364,,0.12465908285230398,True,4d049fc,5,15,adaptive,62,2.066666666666667,True,0.7,0.95,0.1,
A-n37-k5,acs_cl15_ls2opt_adaptive_q0rho,27,800.8553626509192,,0.12517354195006192,True,4d049fc,5,15,adaptive,70,2.3333333333333335,True,0.7,0.95,0.1,
A-n37-k5,acs_cl15_ls2opt_adaptive_q0rho,28,834.3558542017132,,0.12359083397313952,True,4d049fc,5,15,adaptive,68,2.2666666666666666,True,0.7,0.95,0.1,
A-n37-k5,acs_cl15_ls2opt_adaptive_q0rho,29,856.9092331424564,,0.12404133309610188,True,4d049fc,5,15,adaptive,62,2.066666666666667,True,0.7,0.95,0.1,
A-n37-k5,acs_cl15_ls2opt_adaptive_q0sched,0,818.3748935766157,,0.12333629210479558,True,4d049fc,5,15,adaptive,58,1.9333333333333333,True,0.7,0.95,0.1,
A-n37-k5,acs_cl15_ls2opt_adaptive_q0sched,1,864.8377353268655,,0.12278012512251735,True,4d049fc,5,15,adaptive,60,2.0,True,0.7,0.95,0.1,
A-n37-k5,acs_cl15_ls2opt_adaptive_q0sched,2,810.5364770075083,,0.13322025001980364,True,4d049fc,5,15,adaptive,76,2.533333333333333,True,0.7,0.95,0.1,
A-n37-k5,acs_cl15_ls2opt_adaptive_q0sched,3,807.7265797821865,,0.12283854209817946,True,4d049fc,5,15,adaptive,60,2.0,True,0.7,0.95,0.1,
A-n37-k5,acs_cl15_ls2opt_adaptive_q0sched,4,827.3993594222596,,0.1290045001078397,True,4d049fc,5,15,adaptive,74,2.466666666666667,True,0.7,0.95,0.1,
A-n37-k5,acs_cl15_ls2opt_adaptive_q0sched,5,806.7217597361955,,0.13239850010722876,True,4d049fc,5,15,adaptive,78,2.6,True,0.7,0.95,0.1,
A-n37-k5,acs_cl15_ls2opt_adaptive_q0sched,6,853.2327771249782,,0.12596245808526874,True,4d049fc,5,15,adaptive,64,2.1333333333333333,True,0.7,0.95,0.1,
A-n37-k5,acs_cl15_ls2opt_adaptive_q0sched,7,841.3553922995217,,0.12539674993604422,True,4d049fc,5,15,adaptive,68,2.2666666666666666,True,0.7,0.95,0.1,
A-n37-k5,acs_cl15_ls2opt_adaptive_q0sched,8,803.1841454605285,,0.11757887504063547,True,4d049fc,5,15,adaptive,46,1.5333333333333334,True,0.7,0.95,0.1,
A-n37-k5,acs_cl15_ls2opt_adaptive_q0sched,9,794.9222327277661,,0.13114595809020102,True,4d049fc,5,15,adaptive,74,2.466666666666667,True,0.7,0.95,0.1,
A-n37-k5,acs_cl15_ls2opt_adaptive_q0sched,10,820.3425088172975,,0.12444124999456108,True,4d049fc,5,15,adaptive,62,2.066666666666667,True,0.7,0.95,0.1,
A-n37-k5,acs_cl15_ls2opt_adaptive_q0sched,11,842.4666995698534,,0.11564325005747378,True,4d049fc,5,15,adaptive,36,1.2,True,0.7,0.95,0.1,
A-n37-k5,acs_cl15_ls2opt_adaptive_q0sched,12,835.4328988154026,,0.1292031668126583,True,4d049fc,5,15,adaptive,68,2.2666666666666666,True,0.7,0.95,0.1,
A-n37-k5,acs_cl15_ls2opt_adaptive_q0sched,13,809.5242892914222,,0.1269062920473516,True,4d049fc,5,15,adaptive,66,2.2,True,0.7,0.95,0.1,
A-n37-k5,acs_cl15_ls2opt_adaptive_q0sched,14,841.753532429849,,0.12387045915238559,True,4d049fc,5,15,adaptive,56,1.8666666666666667,True,0.7,0.95,0.1,
A-n37-k5,acs_cl15_ls2opt_adaptive_q0sched,15,827.066805740431,,0.12764945905655622,True,4d049fc,5,15,adaptive,66,2.2,True,0.7,0.95,0.1,
A-n37-k5,acs_cl15_ls2opt_adaptive_q0sched,16,782.0292901514083,,0.12198512488976121,True,4d049fc,5,15,adaptive,64,2.1333333333333333,True,0.7,0.95,0.1,
A-n37-k5,acs_cl15_ls2opt_adaptive_q0sched,17,853.2327771249783,,0.12695737509056926,True,4d049fc,5,15,adaptive,68,2.2666666666666666,True,0.7,0.95,0.1,
A-n37-k5,acs_cl15_ls2opt_adaptive_q0sched,18,817.3161765173617,,0.13383958395570517,True,4d049fc,5,15,adaptive,78,2.6,True,0.7,0.95,0.1,
A-n37-k5,acs_cl15_ls2opt_adaptive_q0sched,19,812.231163733602,,0.12682441691868007,True,4d049fc,5,15,adaptive,68,2.2666666666666666,True,0.7,0.95,0.1,
A-n37-k5,acs_cl15_ls2opt_adaptive_q0sched,20,824.7987121227521,,0.1268440829589963,True,4d049fc,5,15,adaptive,68,2.2666666666666666,True,0.7,0.95,0.1,
A-n37-k5,acs_cl15_ls2opt_adaptive_q0sched,21,828.6653003868861,,0.13009279198013246,True,4d049fc,5,15,adaptive,72,2.4,True,0.7,0.95,0.1,
A-n37-k5,acs_cl15_ls2opt_adaptive_q0sched,22,839.7184982864351,,0.13096766616217792,True,4d049fc,5,15,adaptive,76,2.533333333333333,True,0.7,0.95,0.1,
A-n37-k5,acs_cl15_ls2opt_adaptive_q0sched,23,768.1278479520114,,0.12870091712102294,True,4d049fc,5,15,adaptive,66,2.2,True,0.7,0.95,0.1,
A-n37-k5,acs_cl15_ls2opt_adaptive_q0sched,24,853.2327771249783,,0.12929041706956923,True,4d049fc,5,15,adaptive,68,2.2666666666666666,True,0.7,0.95,0.1,
A-n37-k5,acs_cl15_ls2opt_adaptive_q0sched,25,818.3748935766157,,0.11591350007802248,True,4d049fc,5,15,adaptive,44,1.4666666666666666,True,0.7,0.95,0.1,
A-n37-k5,acs_cl15_ls2opt_adaptive_q0sched,26,857.3688890182833,,0.12353754206560552,True,4d049fc,5,15,adaptive,56,1.8666666666666667,True,0.7,0.95,0.1,
A-n37-k5,acs_cl15_ls2opt_adaptive_q0sched,27,793.0229035269817,,0.12362516694702208,True,4d049fc,5,15,adaptive,68,2.2666666666666666,True,0.7,0.95,0.1,
A-n37-k5,acs_cl15_ls2opt_adaptive_q0sched,28,812.5622372325148,,0.12479970790445805,True,4d049fc,5,15,adaptive,66,2.2,True,0.7,0.95,0.1,
A-n37-k5,acs_cl15_ls2opt_adaptive_q0sched,29,849.7793954271859,,0.12653245800174773,True,4d049fc,5,15,adaptive,62,2.066666666666667,True,0.7,0.95,0.1,
A-n37-k5,acs_cl15_ls2opt_fixed,0,858.6058969150698,,0.1033087910618633,True,4d049fc,5,15,best,30,1.0,False,0.7,0.95,0.1,
A-n37-k5,acs_cl15_ls2opt_fixed,1,859.4697826905937,,0.10330037516541779,True,4d049fc,5,15,best,30,1.0,False,0.7,0.95,0.1,
A-n37-k5,acs_cl15_ls2opt_fixed,2,847.5510155916809,,0.1032664580270648,True,4d049fc,5,15,best,30,1.0,False,0.7,0.95,0.1,
A-n37-k5,acs_cl15_ls2opt_fixed,3,800.3843172789839,,0.10310587496496737,True,4d049fc,5,15,best,30,1.0,False,0.7,0.95,0.1,
A-n37-k5,acs_cl15_ls2opt_fixed,4,828.6653003868861,,0.10448295786045492,True,4d049fc,5,15,best,30,1.0,False,0.7,0.95,0.1,
A-n37-k5,acs_cl15_ls2opt_fixed,5,860.4649525436286,,0.10291874990798533,True,4d049fc,5,15,best,30,1.0,False,0.7,0.95,0.1,
A-n37-k5,acs_cl15_ls2opt_fixed,6,804.7422349589411,,0.10236333403736353,True,4d049fc,5,15,best,30,1.0,False,0.7,0.95,0.1,
A-n37-k5,acs_cl15_ls2opt_fixed,7,841.9234643878978,,0.104396834038198,True,4d049fc,5,15,best,30,1.0,False,0.7,0.95,0.1,
A-n37-k5,acs_cl15_ls2opt_fixed,8,851.9704203515787,,0.10430612484924495,True,4d049fc,5,15,best,30,1.0,False,0.7,0.95,0.1,
A-n37-k5,acs_cl15_ls2opt_fixed,9,864.8377353268655,,0.10388495912775397,True,4d049fc,5,15,best,30,1.0,False,0.7,0.95,0.1,
A-n37-k5,acs_cl15_ls2opt_fixed,10,837.188893619414,,0.10318762483075261,True,4d049fc,5,15,best,30,1.0,False,0.7,0.95,0.1,
A-n37-k5,acs_cl15_ls2opt_fixed,11,872.2908610481086,,0.1034990418702364,True,4d049fc,5,15,best,30,1.0,False,0.7,0.95,0.1,
A-n37-k5,acs_cl15_ls2opt_fixed,12,816.4059883535359,,0.10471587488427758,True,4d049fc,5,15,best,30,1.0,False,0.7,0.95,0.1,
A-n37-k5,acs_cl15_ls2opt_fixed,13,844.6658700329484,,0.10279654199257493,True,4d049fc,5,15,best,30,1.0,False,0.7,0.95,0.1,
A-n37-k5,acs_cl15_ls2opt_fixed,14,841.9234643878978,,0.10308891697786748,True,4d049fc,5,15,best,30,1.0,False,0.7,0.95,0.1,
A-n37-k5,acs_cl15_ls2opt_fixed,15,845.7444426206476,,0.10484575014561415,True,4d049fc,5,15,best,30,1.0,False,0.7,0.95,0.1,
A-n37-k5,acs_cl15_ls2opt_fixed,16,864.8377353268655,,0.10428358311764896,True,4d049fc,5,15,best,30,1.0,False,0.7,0.95,0.1,
A-n37-k5,acs_cl15_ls2opt_fixed,17,859.2038627029542,,0.10327554191462696,True,4d049fc,5,15,best,30,1.0,False,0.7,0.95,0.1,
A-n37-k5,acs_cl15_ls2opt_fixed,18,835.3763200203147,,0.1048556671012193,True,4d049fc,5,15,best,30,1.0,False,0.7,0.95,0.1,
A-n37-k5,acs_cl15_ls2opt_fixed,19,865.0876254018324,,0.10487104207277298,True,4d049fc,5,15,best,30,1.0,False,0.7,0.95,0.1,
A-n37-k5,acs_cl15_ls2opt_fixed,20,864.8377353268655,,0.1080104170832783,True,4d049fc,5,15,best,30,1.0,False,0.7,0.95,0.1,
A-n37-k5,acs_cl15_ls2opt_fixed,21,857.0103671519478,,0.10339266713708639,True,4d049fc,5,15,best,30,1.0,False,0.7,0.95,0.1,
A-n37-k5,acs_cl15_ls2opt_fixed,22,837.7924372717604,,0.10325220786035061,True,4d049fc,5,15,best,30,1.0,False,0.7,0.95,0.1,
A-n37-k5,acs_cl15_ls2opt_fixed,23,824.7287799231245,,0.1033065419178456,True,4d049fc,5,15,best,30,1.0,False,0.7,0.95,0.1,
A-n37-k5,acs_cl15_ls2opt_fixed,24,832.9169044816687,,0.10341054201126099,True,4d049fc,5,15,best,30,1.0,False,0.7,0.95,0.1,
A-n37-k5,acs_cl15_ls2opt_fixed,25,818.3748935766157,,0.10488370805978775,True,4d049fc,5,15,best,30,1.0,False,0.7,0.95,0.1,
A-n37-k5,acs_cl15_ls2opt_fixed,26,786.7685954859854,,0.10326770902611315,True,4d049fc,5,15,best,30,1.0,False,0.7,0.95,0.1,
A-n37-k5,acs_cl15_ls2opt_fixed,27,858.6286543084567,,0.10229024989530444,True,4d049fc,5,15,best,30,1.0,False,0.7,0.95,0.1,
A-n37-k5,acs_cl15_ls2opt_fixed,28,837.7924372717604,,0.10205516708083451,True,4d049fc,5,15,best,30,1.0,False,0.7,0.95,0.1,
A-n37-k5,acs_cl15_ls2opt_fixed,29,853.2327771249782,,0.10403275000862777,True,4d049fc,5,15,best,30,1.0,False,0.7,0.95,0.1,
A-n37-k6,acs_baseline,0,1193.3410135357026,,0.11080333311110735,True,4d049fc,6,0,none,0,0.0,False,0.7,0.95,0.1,
A-n37-k6,acs_baseline,1,1208.7294936230264,,0.11096974997781217,True,4d049fc,6,0,none,0,0.0,False,0.7,0.95,0.1,
A-n37-k6,acs_baseline,2,1198.586124681924,,0.11095050000585616,True,4d049fc,6,0,none,0,0.0,False,0.7,0.95,0.1,
A-n37-k6,acs_baseline,3,1143.702207267493,,0.11048462498001754,True,4d049fc,6,0,none,0,0.0,False,0.7,0.95,0.1,
A-n37-k6,acs_baseline,4,1261.7161152769338,,0.1111897500231862,True,4d049fc,6,0,none,0,0.0,False,0.7,0.95,0.1,
A-n37-k6,acs_baseline,5,1125.131175484827,,0.11044783308170736,True,4d049fc,6,0,none,0,0.0,False,0.7,0.95,0.1,
A-n37-k6,acs_baseline,6,1141.8433483801514,,0.11035562492907047,True,4d049fc,6,0,none,0,0.0,False,0.7,0.95,0.1,
A-n37-k6,acs_baseline,7,1198.8202821405366,,0.11061429209075868,True,4d049fc,6,0,none,0,0.0,False,0.7,0.95,0.1,
A-n37-k6,acs_baseline,8,1214.6600597535373,,0.11012579197995365,True,4d049fc,6,0,none,0,0.0,False,0.7,0.95,0.1,
A-n37-k6,acs_baseline,9,1133.4036138750544,,0.11039929208345711,True,4d049fc,6,0,none,0,0.0,False,0.7,0.95,0.1,
A-n37-k6,acs_baseline,10,1182.6978581944559,,0.11043912498280406,True,4d049fc,6,0,none,0,0.0,False,0.7,0.95,0.1,
A-n37-k6,acs_baseline,11,1196.1891909418798,,0.11009116703644395,True,4d049fc,6,0,none,0,0.0,False,0.7,0.95,0.1,
A-n37-k6,acs_baseline,12,1188.8356457247423,,0.11035591596737504,True,4d049fc,6,0,none,0,0.0,False,0.7,0.95,0.1,
A-n37-k6,acs_baseline,13,1160.4194431397805,,0.11073937499895692,True,4d049fc,6,0,none,0,0.0,False,0.7,0.95,0.1,
A-n37-k6,acs_baseline,14,1164.6708253337029,,0.11042966600507498,True,4d049fc,6,0,none,0,0.0,False,0.7,0.95,0.1,
A-n37-k6,acs_baseline,15,1104.9979002042046,,0.11081637511961162,True,4d049fc,6,0,none,0,0.0,False,0.7,0.95,0.1,
A-n37-k6,acs_baseline,16,1140.261423211764,,0.1104827078524977,True,4d049fc,6,0,none,0,0.0,False,0.7,0.95,0.1,
A-n37-k6,acs_baseline,17,1190.4259990611952,,0.11049041710793972,True,4d049fc,6,0,none,0,0.0,False,0.7,0.95,0.1,
A-n37-k6,acs_baseline,18,1182.1932448657021,,0.11134812491945922,True,4d049fc,6,0,none,0,0.0,False,0.7,0.95,0.1,
A-n37-k6,acs_baseline,19,1155.9136921701117,,0.11065050004981458,True,4d049fc,6,0,none,0,0.0,False,0.7,0.95,0.1,
A-n37-k6,acs_baseline,20,1206.6953624085331,,0.11059837485663593,True,4d049fc,6,0,none,0,0.0,False,0.7,0.95,0.1,
A-n37-k6,acs_baseline,21,1203.3206991936067,,0.11000541597604752,True,4d049fc,6,0,none,0,0.0,False,0.7,0.95,0.1,
A-n37-k6,acs_baseline,22,1187.275026080061,,0.11006516707129776,True,4d049fc,6,0,none,0,0.0,False,0.7,0.95,0.1,
A-n37-k6,acs_baseline,23,1182.9094492874074,,0.11029554205015302,True,4d049fc,6,0,none,0,0.0,False,0.7,0.95,0.1,
A-n37-k6,acs_baseline,24,1182.1932448657021,,0.11084974999539554,True,4d049fc,6,0,none,0,0.0,False,0.7,0.95,0.1,
A-n37-k6,acs_baseline,25,1176.5457609278965,,0.11090558301657438,True,4d049fc,6,0,none,0,0.0,False,0.7,0.95,0.1,
A-n37-k6,acs_baseline,26,1177.9072589223176,,0.11058183293789625,True,4d049fc,6,0,none,0,0.0,False,0.7,0.95,0.1,
A-n37-k6,acs_baseline,27,1165.35756619856,,0.11051870905794203,True,4d049fc,6,0,none,0,0.0,False,0.7,0.95,0.1,
A-n37-k6,acs_baseline,28,1182.1932448657021,,0.1102835419587791,True,4d049fc,6,0,none,0,0.0,False,0.7,0.95,0.1,
A-n37-k6,acs_baseline,29,1164.6708253337029,,0.11051670811139047,True,4d049fc,6,0,none,0,0.0,False,0.7,0.95,0.1,
A-n37-k6,acs_cl15,0,1141.638763547141,,0.08940520789474249,True,4d049fc,6,15,none,0,0.0,False,0.7,0.95,0.1,
A-n37-k6,acs_cl15,1,1182.1932448657021,,0.08985295798629522,True,4d049fc,6,15,none,0,0.0,False,0.7,0.95,0.1,
A-n37-k6,acs_cl15,2,1182.5952007436579,,0.08963316585868597,True,4d049fc,6,15,none,0,0.0,False,0.7,0.95,0.1,
A-n37-k6,acs_cl15,3,1169.9181009503973,,0.08923358307220042,True,4d049fc,6,15,none,0,0.0,False,0.7,0.95,0.1,
A-n37-k6,acs_cl15,4,1200.1210867182647,,0.08980433316901326,True,4d049fc,6,15,none,0,0.0,False,0.7,0.95,0.1,
A-n37-k6,acs_cl15,5,1178.8476579185808,,0.08939170790836215,True,4d049fc,6,15,none,0,0.0,False,0.7,0.95,0.1,
A-n37-k6,acs_cl15,6,1196.4523132223417,,0.09001275012269616,True,4d049fc,6,15,none,0,0.0,False,0.7,0.95,0.1,
A-n37-k6,acs_cl15,7,1189.7653054635387,,0.09225804079324007,True,4d049fc,6,15,none,0,0.0,False,0.7,0.95,0.1,
A-n37-k6,acs_cl15,8,1208.930976340892,,0.08944904105737805,True,4d049fc,6,15,none,0,0.0,False,0.7,0.95,0.1,
A-n37-k6,acs_cl15,9,1185.9232719024087,,0.08896833402104676,True,4d049fc,6,15,none,0,0.0,False,0.7,0.95,0.1,
A-n37-k6,acs_cl15,10,1132.4825231869718,,0.08914970816113055,True,4d049fc,6,15,none,0,0.0,False,0.7,0.95,0.1,
A-n37-k6,acs_cl15,11,1202.33987607939,,0.08915450004860759,True,4d049fc,6,15,none,0,0.0,False,0.7,0.95,0.1,
A-n37-k6,acs_cl15,12,1186.419322954752,,0.08934712503105402,True,4d049fc,6,15,none,0,0.0,False,0.7,0.95,0.1,
A-n37-k6,acs_cl15,13,1171.8140970686375,,0.08924729190766811,True,4d049fc,6,15,none,0,0.0,False,0.7,0.95,0.1,
A-n37-k6,acs_cl15,14,1140.232869898158,,0.0894660409539938,True,4d049fc,6,15,none,0,0.0,False,0.7,0.95,0.1,
A-n37-k6,acs_cl15,15,1182.1932448657021,,0.08951020799577236,True,4d049fc,6,15,none,0,0.0,False,0.7,0.95,0.1,
A-n37-k6,acs_cl15,16,1184.6500370292981,,0.0891208341345191,True,4d049fc,6,15,none,0,0.0,False,0.7,0.95,0.1,
A-n37-k6,acs_cl15,17,1216.0285516216882,,0.08954733284190297,True,4d049fc,6,15,none,0,0.0,False,0.7,0.95,0.1,
A-n37-k6,acs_cl15,18,1199.5501699953656,,0.0893234999384731,True,4d049fc,6,15,none,0,0.0,False,0.7,0.95,0.1,
A-n37-k6,acs_cl15,19,1228.3963213326592,,0.09012679103761911,True,4d049fc,6,15,none,0,0.0,False,0.7,0.95,0.1,
A-n37-k6,acs_cl15,20,1219.1177180361433,,0.0896733331028372,True,4d049fc,6,15,none,0,0.0,False,0.7,0.95,0.1,
A-n37-k6,acs_cl15,21,1183.1572980182555,,0.08936808397993445,True,4d049fc,6,15,none,0,0.0,False,0.7,0.95,0.1,
A-n37-k6,acs_cl15,22,1185.291101638726,,0.08964941697195172,True,4d049fc,6,15,none,0,0.0,False,0.7,0.95,0.1,
A-n37-k6,acs_cl15,23,1178.6792756470095,,0.08925945917144418,True,4d049fc,6,15,none,0,0.0,False,0.7,0.95,0.1,
A-n37-k6,acs_cl15,24,1213.2966794447243,,0.08965520793572068,True,4d049fc,6,15,none,0,0.0,False,0.7,0.95,0.1,
A-n37-k6,acs_cl15,25,1184.9811728509687,,0.08967299992218614,True,4d049fc,6,15,none,0,0.0,False,0.7,0.95,0.1,
A-n37-k6,acs_cl15,26,1187.8688880407226,,0.08959204191341996,True,4d049fc,6,15,none,0,0.0,False,0.7,0.95,0.1,
A-n37-k6,acs_cl15,27,1207.1930755375042,,0.08901583310216665,True,4d049fc,6,15,none,0,0.0,False,0.7,0.95,0.1,
A-n37-k6,acs_cl15,28,1171.834497688339,,0.08931833296082914,True,4d049fc,6,15,none,0,0.0,False,0.7,0.95,0.1,
A-n37-k6,acs_cl15,29,1199.1333243895315,,0.0895509161055088,True,4d049fc,6,15,none,0,0.0,False,0.7,0.95,0.1,
A-n37-k6,acs_cl15_ls2opt_adaptive,0,1106.783067634573,,0.10628008283674717,True,4d049fc,6,15,adaptive,58,1.9333333333333333,False,0.7,0.95,0.1,
A-n37-k6,acs_cl15_ls2opt_adaptive,1,1131.5973202409664,,0.10882170777767897,True,4d049fc,6,15,adaptive,72,2.4,False,0.7,0.95,0.1,
A-n37-k6,acs_cl15_ls2opt_adaptive,2,1119.1608928001442,,0.10728383297100663,True,4d049fc,6,15,adaptive,66,2.2,False,0.7,0.95,0.1,
A-n37-k6,acs_cl15_ls2opt_adaptive,3,1131.6908597401034,,0.1072703751269728,True,4d049fc,6,15,adaptive,70,2.3333333333333335,False,0.7,0.95,0.1,
A-n37-k6,acs_cl15_ls2opt_adaptive,4,1113.1319223356095,,0.10472958418540657,True,4d049fc,6,15,adaptive,56,1.8666666666666667,False,0.7,0.95,0.1,
A-n37-k6,acs_cl15_ls2opt_adaptive,5,1139.3642089483992,,0.10938083380460739,True,4d049fc,6,15,adaptive,76,2.533333333333333,False,0.7,0.95,0.1,
A-n37-k6,acs_cl15_ls2opt_adaptive,6,1139.3642089483992,,0.10748591716401279,True,4d049fc,6,15,adaptive,68,2.2666666666666666,False,0.7,0.95,0.1,
A-n37-k6,acs_cl15_ls2opt_adaptive,7,1139.3642089483992,,0.10784929106011987,True,4d049fc,6,15,adaptive,66,2.2,False,0.7,0.95,0.1,
A-n37-k6,acs_cl15_ls2opt_adaptive,8,1145.7130636494358,,0.10975387506186962,True,4d049fc,6,15,adaptive,72,2.4,False,0.7,0.95,0.1,
A-n37-k6,acs_cl15_ls2opt_adaptive,9,1131.3129146282845,,0.10773875005543232,True,4d049fc,6,15,adaptive,68,2.2666666666666666,False,0.7,0.95,0.1,
A-n37-k6,acs_cl15_ls2opt_adaptive,10,1071.8381849077405,,0.10636616707779467,True,4d049fc,6,15,adaptive,52,1.7333333333333334,False,0.7,0.95,0.1,
A-n37-k6,acs_cl15_ls2opt_adaptive,11,1139.89304736471,,0.10633495915681124,True,4d049fc,6,15,adaptive,60,2.0,False,0.7,0.95,0.1,
A-n37-k6,acs_cl15_ls2opt_adaptive,12,1118.5246311125175,,0.10610220907256007,True,4d049fc,6,15,adaptive,66,2.2,False,0.7,0.95,0.1,
A-n37-k6,acs_cl15_ls2opt_adaptive,13,1128.8655284228892,,0.10829604207538068,True,4d049fc,6,15,adaptive,68,2.2666666666666666,False,0.7,0.95,0.1,
A-n37-k6,acs_cl15_ls2opt_adaptive,14,1097.196146710051,,0.10383604187518358,True,4d049fc,6,15,adaptive,52,1.7333333333333334,False,0.7,0.95,0.1,
A-n37-k6,acs_cl15_ls2opt_adaptive,15,1119.03079707914,,0.10573141695931554,True,4d049fc,6,15,adaptive,64,2.1333333333333333,False,0.7,0.95,0.1,
A-n37-k6,acs_cl15_ls2opt_adaptive,16,1156.8517805654005,,0.10480812517926097,True,4d049fc,6,15,adaptive,62,2.066666666666667,False,0.7,0.95,0.1,
A-n37-k6,acs_cl15_ls2opt_adaptive,17,1120.0659740926017,,0.1052011251449585,True,4d049fc,6,15,adaptive,64,2.1333333333333333,False,0.7,0.95,0.1,
A-n37-k6,acs_cl15_ls2opt_adaptive,18,1139.3642089483992,,0.10664241621270776,True,4d049fc,6,15,adaptive,62,2.066666666666667,False,0.7,0.95,0.1,
A-n37-k6,acs_cl15_ls2opt_adaptive,19,1141.3664193381844,,0.10871170903556049,True,4d049fc,6,15,adaptive,68,2.2666666666666666,False,0.7,0.95,0.1,
A-n37-k6,acs_cl15_ls2opt_adaptive,20,1113.1319223356095,,0.1057134170550853,True,4d049fc,6,15,adaptive,62,2.066666666666667,False,0.7,0.95,0.1,
A-n37-k6,acs_cl15_ls2opt_adaptive,21,1153.4577729902867,,0.10534104192629457,True,4d049fc,6,15,adaptive,60,2.0,False,0.7,0.95,0.1,
A-n37-k6,acs_cl15_ls2opt_adaptive,22,1139.3642089483992,,0.10692304093390703,True,4d049fc,6,15,adaptive,72,2.4,False,0.7,0.95,0.1,
A-n37-k6,acs_cl15_ls2opt_adaptive,23,1152.1550297637032,,0.10800525010563433,True,4d049fc,6,15,adaptive,66,2.2,False,0.7,0.95,0.1,
A-n37-k6,acs_cl15_ls2opt_adaptive,24,1139.3642089483992,,0.10776679101400077,True,4d049fc,6,15,adaptive,68,2.2666666666666666,False,0.7,0.95,0.1,
A-n37-k6,acs_cl15_ls2opt_adaptive,25,1145.7130636494358,,0.10445220791734755,True,4d049fc,6,15,adaptive,56,1.8666666666666667,False,0.7,0.95,0.1,
A-n37-k6,acs_cl15_ls2opt_adaptive,26,1084.6831325995854,,0.10723924986086786,True,4d049fc,6,15,adaptive,68,2.2666666666666666,False,0.7,0.95,0.1,
A-n37-k6,acs_cl15_ls2opt_adaptive,27,1113.1319223356095,,0.10642916616052389,True,4d049fc,6,15,adaptive,64,2.1333333333333333,False,0.7,0.95,0.1,
A-n37-k6,acs_cl15_ls2opt_adaptive,28,1146.2419020657462,,0.10375775001011789,True,4d049fc,6,15,adaptive,60,2.0,False,0.7,0.95,0.1,
A-n37-k6,acs_cl15_ls2opt_adaptive,29,1145.5516507374896,,0.10732716601341963,True,4d049fc,6,15,adaptive,68,2.2666666666666666,False,0.7,0.95,0.1,
A-n37-k6,acs_cl15_ls2opt_adaptive_q0rho,0,1128.204210211361,,0.13080237503163517,True,4d049fc,6,15,adaptive,62,2.066666666666667,True,0.7,0.95,0.1,
A-n37-k6,acs_cl15_ls2opt_adaptive_q0rho,1,1123.9309399062213,,0.1349004579242319,True,4d049fc,6,15,adaptive,42,1.4,True,0.7,0.95,0.1,
A-n37-k6,acs_cl15_ls2opt_adaptive_q0rho,2,1106.783067634573,,0.11638004193082452,True,4d049fc,6,15,adaptive,70,2.3333333333333335,True,0.7,0.95,0.1,
A-n37-k6,acs_cl15_ls2opt_adaptive_q0rho,3,1142.5298287008525,,0.11243274994194508,True,4d049fc,6,15,adaptive,64,2.1333333333333333,True,0.7,0.95,0.1,
A-n37-k6,acs_cl15_ls2opt_adaptive_q0rho,4,1113.1319223356095,,0.1119768749922514,True,4d049fc,6,15,adaptive,58,1.9333333333333333,True,0.7,0.95,0.1,
A-n37-k6,acs_cl15_ls2opt_adaptive_q0rho,5,1106.783067634573,,0.11094037513248622,True,4d049fc,6,15,adaptive,58,1.9333333333333333,True,0.7,0.95,0.1,
A-n37-k6,acs_cl15_ls2opt_adaptive_q0rho,6,1113.1319223356095,,0.11461487505584955,True,4d049fc,6,15,adaptive,78,2.6,True,0.7,0.95,0.1,
A-n37-k6,acs_cl15_ls2opt_adaptive_q0rho,7,1139.7327792930912,,0.11374725005589426,True,4d049fc,6,15,adaptive,64,2.1333333333333333,True,0.7,0.95,0.1,
A-n37-k6,acs_cl15_ls2opt_adaptive_q0rho,8,1091.3752653175152,,0.11470408295281231,True,4d049fc,6,15,adaptive,72,2.4,True,0.7,0.95,0.1,
A-n37-k6,acs_cl15_ls2opt_adaptive_q0rho,9,1136.7994611450004,,0.11318783392198384,True,4d049fc,6,15,adaptive,70,2.3333333333333335,True,0.7,0.95,0.1,
A-n37-k6,acs_cl15_ls2opt_adaptive_q0rho,10,1137.2764734226223,,0.11588287516497076,True,4d049fc,6,15,adaptive,72,2.4,True,0.7,0.95,0.1,
A-n37-k6,acs_cl15_ls2opt_adaptive_q0rho,11,1092.9466307074947,,0.11308904108591378,True,4d049fc,6,15,adaptive,62,2.066666666666667,True,0.7,0.95,0.1,
A-n37-k6,acs_cl15_ls2opt_adaptive_q0rho,12,1113.1319223356095,,0.11498679197393358,True,4d049fc,6,15,adaptive,76,2.533333333333333,True,0.7,0.95,0.1,
A-n37-k6,acs_cl15_ls2opt_adaptive_q0rho,13,1144.2435015385308,,0.11730345897376537,True,4d049fc,6,15,adaptive,68,2.2666666666666666,True,0.7,0.95,0.1,
A-n37-k6,acs_cl15_ls2opt_adaptive_q0rho,14,1138.3858747431977,,0.1303881669882685,True,4d049fc,6,15,adaptive,56,1.8666666666666667,True,0.7,0.95,0.1,
A-n37-k6,acs_cl15_ls2opt_adaptive_q0rho,15,1122.4468103188224,,0.15332862501963973,True,4d049fc,6,15,adaptive,56,1.8666666666666667,True,0.7,0.95,0.1,
A-n37-k6,acs_cl15_ls2opt_adaptive_q0rho,16,1113.1319223356095,,0.11512299999594688,True,4d049fc,6,15,adaptive,64,2.1333333333333333,True,0.7,0.95,0.1,
A-n37-k6,acs_cl15_ls2opt_adaptive_q0rho,17,1139.3642089483992,,0.1118654168676585,True,4d049fc,6,15,adaptive,66,2.2,True,0.7,0.95,0.1,
A-n37-k6,acs_cl15_ls2opt_adaptive_q0rho,18,1097.2659385468203,,0.11292012501507998,True,4d049fc,6,15,adaptive,60,2.0,True,0.7,0.95,0.1,
A-n37-k6,acs_cl15_ls2opt_adaptive_q0rho,19,1113.1319223356095,,0.11197037505917251,True,4d049fc,6,15,adaptive,60,2.0,True,0.7,0.95,0.1,
A-n37-k6,acs_cl15_ls2opt_adaptive_q0rho,20,1118.5246311125175,,0.11333079193718731,True,4d049fc,6,15,adaptive,68,2.2666666666666666,True,0.7,0.95,0.1,
A-n37-k6,acs_cl15_ls2opt_adaptive_q0rho,21,1130.7086849366203,,0.11218566680327058,True,4d049fc,6,15,adaptive,64,2.1333333333333333,True,0.7,0.95,0.1,
A-n37-k6,acs_cl15_ls2opt_adaptive_q0rho,22,1105.2383596636298,,0.11506270803511143,True,4d049fc,6,15,adaptive,76,2.533333333333333,True,0.7,0.95,0.1,
A-n37-k6,acs_cl15_ls2opt_adaptive_q0rho,23,1106.783067634573,,0.10939954197965562,True,4d049fc,6,15,adaptive,60,2.0,True,0.7,0.95,0.1,
A-n37-k6,acs_cl15_ls2opt_adaptive_q0rho,24,1070.5241385708962,,0.1155052911490202,True,4d049fc,6,15,adaptive,76,2.533333333333333,True,0.7,0.95,0.1,
A-n37-k6,acs_cl15_ls2opt_adaptive_q0rho,25,1139.3642089483992,,0.11672570882365108,True,4d049fc,6,15,adaptive,78,2.6,True,0.7,0.95,0.1,
A-n37-k6,acs_cl15_ls2opt_adaptive_q0rho,26,1139.89304736471,,0.11101958295330405,True,4d049fc,6,15,adaptive,60,2.0,True,0.7,0.95,0.1,
A-n37-k6,acs_cl15_ls2opt_adaptive_q0rho,27,1139.3642089483992,,0.11597662512212992,True,4d049fc,6,15,adaptive,78,2.6,True,0.7,0.95,0.1,
A-n37-k6,acs_cl15_ls2opt_adaptive_q0rho,28,1120.0659740926017,,0.11133170803077519,True,4d049fc,6,15,adaptive,64,2.1333333333333333,True,0.7,0.95,0.1,
A-n37-k6,acs_cl15_ls2opt_adaptive_q0rho,29,1116.8607274750213,,0.1124632922001183,True,4d049fc,6,15,adaptive,66,2.2,True,0.7,0.95,0.1,
A-n37-k6,acs_cl15_ls2opt_adaptive_q0sched,0,1136.3849566090514,,0.1155935418792069,True,4d049fc,6,15,adaptive,72,2.4,True,0.7,0.95,0.1,
A-n37-k6,acs_cl15_ls2opt_adaptive_q0sched,1,1155.3135769850428,,0.11271912511438131,True,4d049fc,6,15,adaptive,64,2.1333333333333333,True,0.7,0.95,0.1,
A-n37-k6,acs_cl15_ls2opt_adaptive_q0sched,2,1106.783067634573,,0.113700499990955,True,4d049fc,6,15,adaptive,70,2.3333333333333335,True,0.7,0.95,0.1,
A-n37-k6,acs_cl15_ls2opt_adaptive_q0sched,3,1139.3642089483992,,0.11086354195140302,True,4d049fc,6,15,adaptive,54,1.8,True,0.7,0.95,0.1,
A-n37-k6,acs_cl15_ls2opt_adaptive_q0sched,4,1106.5403165125465,,0.11103116604499519,True,4d049fc,6,15,adaptive,54,1.8,True,0.7,0.95,0.1,
A-n37-k6,acs_cl15_ls2opt_adaptive_q0sched,5,1113.1319223356095,,0.11198670789599419,True,4d049fc,6,15,adaptive,62,2.066666666666667,True,0.7,0.95,0.1,
A-n37-k6,acs_cl15_ls2opt_adaptive_q0sched,6,1084.3289036915135,,0.1156392078846693,True,4d049fc,6,15,adaptive,68,2.2666666666666666,True,0.7,0.95,0.1,
A-n37-k6,acs_cl15_ls2opt_adaptive_q0sched,7,1114.2232412129413,,0.11153483320958912,True,4d049fc,6,15,adaptive,54,1.8,True,0.7,0.95,0.1,
A-n37-k6,acs_cl15_ls2opt_adaptive_q0sched,8,1091.3752653175152,,0.11507695796899498,True,4d049fc,6,15,adaptive,72,2.4,True,0.7,0.95,0.1,
A-n37-k6,acs_cl15_ls2opt_adaptive_q0sched,9,1123.559097794507,,0.11019850010052323,True,4d049fc,6,15,adaptive,52,1.7333333333333334,True,0.7,0.95,0.1,
A-n37-k6,acs_cl15_ls2opt_adaptive_q0sched,10,1105.6560731920877,,0.11257987492717803,True,4d049fc,6,15,adaptive,62,2.066666666666667,True,0.7,0.95,0.1,
A-n37-k6,acs_cl15_ls2opt_adaptive_q0sched,11,1127.9117649301481,,0.11572266696020961,True,4d049fc,6,15,adaptive,72,2.4,True,0.7,0.95,0.1,
A-n37-k6,acs_cl15_ls2opt_adaptive_q0sched,12,1113.1319223356095,,0.11577891698107123,True,4d049fc,6,15,adaptive,76,2.533333333333333,True,0.7,0.95,0.1,
A-n37-k6,acs_cl15_ls2opt_adaptive_q0sched,13,1113.1319223356095,,0.11204987508244812,True,4d049fc,6,15,adaptive,56,1.8666666666666667,True,0.7,0.95,0.1,
A-n37-k6,acs_cl15_ls2opt_adaptive_q0sched,14,1129.4132176499159,,0.1095033751334995,True,4d049fc,6,15,adaptive,46,1.5333333333333334,True,0.7,0.95,0.1,
A-n37-k6,acs_cl15_ls2opt_adaptive_q0sched,15,1113.1319223356095,,0.1126774582080543,True,4d049fc,6,15,adaptive,56,1.8666666666666667,True,0.7,0.95,0.1,
A-n37-k6,acs_cl15_ls2opt_adaptive_q0sched,16,1106.783067634573,,0.11199524998664856,True,4d049fc,6,15,adaptive,58,1.9333333333333333,True,0.7,0.95,0.1,
A-n37-k6,acs_cl15_ls2opt_adaptive_q0sched,17,1131.7145705606672,,0.11147820786572993,True,4d049fc,6,15,adaptive,56,1.8666666666666667,True,0.7,0.95,0.1,
A-n37-k6,acs_cl15_ls2opt_adaptive_q0sched,18,1139.3642089483992,,0.11448229197412729,True,4d049fc,6,15,adaptive,68,2.2666666666666666,True,0.7,0.95,0.1,
A-n37-k6,acs_cl15_ls2opt_adaptive_q0sched,19,1128.7742419525443,,0.11504141590557992,True,4d049fc,6,15,adaptive,70,2.3333333333333335,True,0.7,0.95,0.1,
A-n37-k6,acs_cl15_ls2opt_adaptive_q0sched,20,1067.0548434120544,,0.11171441688202322,True,4d049fc,6,15,adaptive,58,1.9333333333333333,True,0.7,0.95,0.1,
A-n37-k6,acs_cl15_ls2opt_adaptive_q0sched,21,1130.7086849366203,,0.11359825008548796,True,4d049fc,6,15,adaptive,64,2.1333333333333333,True,0.7,0.95,0.1,
A-n37-k6,acs_cl15_ls2opt_adaptive_q0sched,22,1102.380069076924,,0.11372370808385313,True,4d049fc,6,15,adaptive,66,2.2,True,0.7,0.95,0.1,
A-n37-k6,acs_cl15_ls2opt_adaptive_q0sched,23,1139.3642089483992,,0.114106958033517,True,4d049fc,6,15,adaptive,72,2.4,True,0.7,0.95,0.1,
A-n37-k6,acs_cl15_ls2opt_adaptive_q0sched,24,1070.5241385708962,,0.137749332934618,True,4d049fc,6,15,adaptive,76,2.533333333333333,True,0.7,0.95,0.1,
A-n37-k6,acs_cl15_ls2opt_adaptive_q0sched,25,1117.757612100975,,0.1688680830411613,True,4d049fc,6,15,adaptive,68,2.2666666666666666,True,0.7,0.95,0.1,
A-n37-k6,acs_cl15_ls2opt_adaptive_q0sched,26,1123.9571754837289,,0.1392220831476152,True,4d049fc,6,15,adaptive,60,2.0,True,0.7,0.95,0.1,
A-n37-k6,acs_cl15_ls2opt_adaptive_q0sched,27,1139.3642089483992,,0.15849575004540384,True,4d049fc,6,15,adaptive,78,2.6,True,0.7,0.95,0.1,
A-n37-k6,acs_cl15_ls2opt_adaptive_q0sched,28,1116.0305611388567,,0.14330087509006262,True,4d049fc,6,15,adaptive,64,2.1333333333333333,True,0.7,0.95,0.1,
A-n37-k6,acs_cl15_ls2opt_adaptive_q0sched,29,1108.3601510812568,,0.1436431671027094,True,4d049fc,6,15,adaptive,66,2.2,True,0.7,0.95,0.1,
A-n37-k6,acs_cl15_ls2opt_fixed,0,1106.783067634573,,0.09908279194496572,True,4d049fc,6,15,best,30,1.0,False,0.7,0.95,0.1,
A-n37-k6,acs_cl15_ls2opt_fixed,1,1131.5973202409664,,0.09888049983419478,True,4d049fc,6,15,best,30,1.0,False,0.7,0.95,0.1,
A-n37-k6,acs_cl15_ls2opt_fixed,2,1119.1608928001442,,0.09870583401061594,True,4d049fc,6,15,best,30,1.0,False,0.7,0.95,0.1,
A-n37-k6,acs_cl15_ls2opt_fixed,3,1131.6908597401034,,0.09742795792408288,True,4d049fc,6,15,best,30,1.0,False,0.7,0.95,0.1,
A-n37-k6,acs_cl15_ls2opt_fixed,4,1113.1319223356095,,0.09838191606104374,True,4d049fc,6,15,best,30,1.0,False,0.7,0.95,0.1,
A-n37-k6,acs_cl15_ls2opt_fixed,5,1139.3642089483992,,0.09854629193432629,True,4d049fc,6,15,best,30,1.0,False,0.7,0.95,0.1,
A-n37-k6,acs_cl15_ls2opt_fixed,6,1139.3642089483992,,0.09841970796696842,True,4d049fc,6,15,best,30,1.0,False,0.7,0.95,0.1,
A-n37-k6,acs_cl15_ls2opt_fixed,7,1139.3642089483992,,0.09888133290223777,True,4d049fc,6,15,best,30,1.0,False,0.7,0.95,0.1,
A-n37-k6,acs_cl15_ls2opt_fixed,8,1145.7130636494358,,0.09791449992917478,True,4d049fc,6,15,best,30,1.0,False,0.7,0.95,0.1,
A-n37-k6,acs_cl15_ls2opt_fixed,9,1131.3129146282845,,0.09727504197508097,True,4d049fc,6,15,best,30,1.0,False,0.7,0.95,0.1,
A-n37-k6,acs_cl15_ls2opt_fixed,10,1071.8381849077405,,0.09815487498417497,True,4d049fc,6,15,best,30,1.0,False,0.7,0.95,0.1,
A-n37-k6,acs_cl15_ls2opt_fixed,11,1139.89304736471,,0.09852716606110334,True,4d049fc,6,15,best,30,1.0,False,0.7,0.95,0.1,
A-n37-k6,acs_cl15_ls2opt_fixed,12,1118.5246311125175,,0.09820870799012482,True,4d049fc,6,15,best,30,1.0,False,0.7,0.95,0.1,
A-n37-k6,acs_cl15_ls2opt_fixed,13,1128.8655284228892,,0.097924874862656,True,4d049fc,6,15,best,30,1.0,False,0.7,0.95,0.1,
A-n37-k6,acs_cl15_ls2opt_fixed,14,1097.196146710051,,0.09841133304871619,True,4d049fc,6,15,best,30,1.0,False,0.7,0.95,0.1,
A-n37-k6,acs_cl15_ls2opt_fixed,15,1119.03079707914,,0.09814512496814132,True,4d049fc,6,15,best,30,1.0,False,0.7,0.95,0.1,
A-n37-k6,acs_cl15_ls2opt_fixed,16,1156.8517805654005,,0.0986828338354826,True,4d049fc,6,15,best,30,1.0,False,0.7,0.95,0.1,
A-n37-k6,acs_cl15_ls2opt_fixed,17,1120.0659740926017,,0.09952987497672439,True,4d049fc,6,15,best,30,1.0,False,0.7,0.95,0.1,
A-n37-k6,acs_cl15_ls2opt_fixed,18,1139.3642089483992,,0.10057683289051056,True,4d049fc,6,15,best,30,1.0,False,0.7,0.95,0.1,
A-n37-k6,acs_cl15_ls2opt_fixed,19,1141.3664193381844,,0.09935033298097551,True,4d049fc,6,15,best,30,1.0,False,0.7,0.95,0.1,
A-n37-k6,acs_cl15_ls2opt_fixed,20,1113.1319223356095,,0.09818783402442932,True,4d049fc,6,15,best,30,1.0,False,0.7,0.95,0.1,
A-n37-k6,acs_cl15_ls2opt_fixed,21,1153.4577729902867,,0.09809300000779331,True,4d049fc,6,15,best,30,1.0,False,0.7,0.95,0.1,
A-n37-k6,acs_cl15_ls2opt_fixed,22,1139.3642089483992,,0.09791087498888373,True,4d049fc,6,15,best,30,1.0,False,0.7,0.95,0.1,
A-n37-k6,acs_cl15_ls2opt_fixed,23,1152.1550297637032,,0.09759979113005102,True,4d049fc,6,15,best,30,1.0,False,0.7,0.95,0.1,
A-n37-k6,acs_cl15_ls2opt_fixed,24,1139.3642089483992,,0.09854170819744468,True,4d049fc,6,15,best,30,1.0,False,0.7,0.95,0.1,
A-n37-k6,acs_cl15_ls2opt_fixed,25,1145.7130636494358,,0.09793504094704986,True,4d049fc,6,15,best,30,1.0,False,0.7,0.95,0.1,
A-n37-k6,acs_cl15_ls2opt_fixed,26,1084.6831325995854,,0.09793845796957612,True,4d049fc,6,15,best,30,1.0,False,0.7,0.95,0.1,
A-n37-k6,acs_cl15_ls2opt_fixed,27,1113.1319223356095,,0.09814275009557605,True,4d049fc,6,15,best,30,1.0,False,0.7,0.95,0.1,
A-n37-k6,acs_cl15_ls2opt_fixed,28,1146.2419020657462,,0.09694012487307191,True,4d049fc,6,15,best,30,1.0,False,0.7,0.95,0.1,
A-n37-k6,acs_cl15_ls2opt_fixed,29,1145.5516507374896,,0.09844054211862385,True,4d049fc,6,15,best,30,1.0,False,0.7,0.95,0.1,
A-n38-k5,acs_baseline,0,917.4925051748733,,0.11763837491162121,True,4d049fc,5,0,none,0,0.0,False,0.7,0.95,0.1,
A-n38-k5,acs_baseline,1,928.1198217245255,,0.11816629208624363,True,4d049fc,5,0,none,0,0.0,False,0.7,0.95,0.1,
A-n38-k5,acs_baseline,2,914.3621858931656,,0.11795758293010294,True,4d049fc,5,0,none,0,0.0,False,0.7,0.95,0.1,
A-n38-k5,acs_baseline,3,926.1695326502158,,0.117949582869187,True,4d049fc,5,0,none,0,0.0,False,0.7,0.95,0.1,
A-n38-k5,acs_baseline,4,863.8181357683438,,0.11803320795297623,True,4d049fc,5,0,none,0,0.0,False,0.7,0.95,0.1,
A-n38-k5,acs_baseline,5,930.5775932635174,,0.11775883403606713,True,4d049fc,5,0,none,0,0.0,False,0.7,0.95,0.1,
A-n38-k5,acs_baseline,6,876.9589800455259,,0.11740616615861654,True,4d049fc,5,0,none,0,0.0,False,0.7,0.95,0.1,
A-n38-k5,acs_baseline,7,873.5316353869723,,0.11803875002078712,True,4d049fc,5,0,none,0,0.0,False,0.7,0.95,0.1,
A-n38-k5,acs_baseline,8,894.1768548228391,,0.11760316602885723,True,4d049fc,5,0,none,0,0.0,False,0.7,0.95,0.1,
A-n38-k5,acs_baseline,9,940.7808603121206,,0.11750900000333786,True,4d049fc,5,0,none,0,0.0,False,0.7,0.95,0.1,
A-n38-k5,acs_baseline,10,944.1072883788917,,0.11767645902000368,True,4d049fc,5,0,none,0,0.0,False,0.7,0.95,0.1,
A-n38-k5,acs_baseline,11,932.6818411571447,,0.11796991596929729,True,4d049fc,5,0,none,0,0.0,False,0.7,0.95,0.1,
A-n38-k5,acs_baseline,12,893.4512086957384,,0.11746974987909198,True,4d049fc,5,0,none,0,0.0,False,0.7,0.95,0.1,
A-n38-k5,acs_baseline,13,890.6797662184869,,0.11781408311799169,True,4d049fc,5,0,none,0,0.0,False,0.7,0.95,0.1,
A-n38-k5,acs_baseline,14,935.4401178636963,,0.11871891701593995,True,4d049fc,5,0,none,0,0.0,False,0.7,0.95,0.1,
A-n38-k5,acs_baseline,15,918.4312116251242,,0.11800541682168841,True,4d049fc,5,0,none,0,0.0,False,0.7,0.95,0.1,
A-n38-k5,acs_baseline,16,919.1156013103397,,0.11830041604116559,True,4d049fc,5,0,none,0,0.0,False,0.7,0.95,0.1,
A-n38-k5,acs_baseline,17,918.6181147709451,,0.11822049994952977,True,4d049fc,5,0,none,0,0.0,False,0.7,0.95,0.1,
A-n38-k5,acs_baseline,18,863.8181357683438,,0.1184977910015732,True,4d049fc,5,0,none,0,0.0,False,0.7,0.95,0.1,
A-n38-k5,acs_baseline,19,881.5135783383307,,0.1181056669447571,True,4d049fc,5,0,none,0,0.0,False,0.7,0.95,0.1,
A-n38-k5,acs_baseline,20,894.7604469578404,,0.11813954217359424,True,4d049fc,5,0,none,0,0.0,False,0.7,0.95,0.1,
A-n38-k5,acs_baseline,21,900.727480766767,,0.1181279169395566,True,4d049fc,5,0,none,0,0.0,False,0.7,0.95,0.1,
A-n38-k5,acs_baseline,22,913.1545251502474,,0.11798374983482063,True,4d049fc,5,0,none,0,0.0,False,0.7,0.95,0.1,
A-n38-k5,acs_baseline,23,924.0518795117283,,0.11776754097081721,True,4d049fc,5,0,none,0,0.0,False,0.7,0.95,0.1,
A-n38-k5,acs_baseline,24,892.3481554380353,,0.1178307079244405,True,4d049fc,5,0,none,0,0.0,False,0.7,0.95,0.1,
A-n38-k5,acs_baseline,25,846.7081961203104,,0.11811566702090204,True,4d049fc,5,0,none,0,0.0,False,0.7,0.95,0.1,
A-n38-k5,acs_baseline,26,939.7070202444879,,0.11783224996179342,True,4d049fc,5,0,none,0,0.0,False,0.7,0.95,0.1,
A-n38-k5,acs_baseline,27,907.4823303822502,,0.11771216709166765,True,4d049fc,5,0,none,0,0.0,False,0.7,0.95,0.1,
A-n38-k5,acs_baseline,28,902.5596047032194,,0.11777333309873939,True,4d049fc,5,0,none,0,0.0,False,0.7,0.95,0.1,
A-n38-k5,acs_baseline,29,952.3917574943907,,0.11824150010943413,True,4d049fc,5,0,none,0,0.0,False,0.7,0.95,0.1,
A-n38-k5,acs_cl15,0,910.2832864697987,,0.0941212500911206,True,4d049fc,5,15,none,0,0.0,False,0.7,0.95,0.1,
A-n38-k5,acs_cl15,1,953.6039604351794,,0.09405558393336833,True,4d049fc,5,15,none,0,0.0,False,0.7,0.95,0.1,
A-n38-k5,acs_cl15,2,877.4880565843171,,0.09405333292670548,True,4d049fc,5,15,none,0,0.0,False,0.7,0.95,0.1,
A-n38-k5,acs_cl15,3,880.2797744457736,,0.09369308385066688,True,4d049fc,5,15,none,0,0.0,False,0.7,0.95,0.1,
A-n38-k5,acs_cl15,4,922.8250295898777,,0.09414170891977847,True,4d049fc,5,15,none,0,0.0,False,0.7,0.95,0.1,
A-n38-k5,acs_cl15,5,893.8949774391771,,0.09389804094098508,True,4d049fc,5,15,none,0,0.0,False,0.7,0.95,0.1,
A-n38-k5,acs_cl15,6,876.9589800455259,,0.09379575005732477,True,4d049fc,5,15,none,0,0.0,False,0.7,0.95,0.1,
A-n38-k5,acs_cl15,7,860.6122289712325,,0.09414712502621114,True,4d049fc,5,15,none,0,0.0,False,0.7,0.95,0.1,
A-n38-k5,acs_cl15,8,930.2956957989037,,0.0937969998922199,True,4d049fc,5,15,none,0,0.0,False,0.7,0.95,0.1,
A-n38-k5,acs_cl15,9,881.8063220397523,,0.09344258299097419,True,4d049fc,5,15,none,0,0.0,False,0.7,0.95,0.1,
A-n38-k5,acs_cl15,10,960.2978193394906,,0.09350345795974135,True,4d049fc,5,15,none,0,0.0,False,0.7,0.95,0.1,
A-n38-k5,acs_cl15,11,942.434057023853,,0.09366708295419812,True,4d049fc,5,15,none,0,0.0,False,0.7,0.95,0.1,
A-n38-k5,acs_cl15,12,841.9459411522603,,0.09408266609534621,True,4d049fc,5,15,none,0,0.0,False,0.7,0.95,0.1,
A-n38-k5,acs_cl15,13,943.5916193107307,,0.09408479114063084,True,4d049fc,5,15,none,0,0.0,False,0.7,0.95,0.1,
A-n38-k5,acs_cl15,14,937.7390162952362,,0.09401629096828401,True,4d049fc,5,15,none,0,0.0,False,0.7,0.95,0.1,
A-n38-k5,acs_cl15,15,939.8154304067288,,0.09407070791348815,True,4d049fc,5,15,none,0,0.0,False,0.7,0.95,0.1,
A-n38-k5,acs_cl15,16,930.9662845551244,,0.09376666601747274,True,4d049fc,5,15,none,0,0.0,False,0.7,0.95,0.1,
A-n38-k5,acs_cl15,17,915.8047660248607,,0.09359166701324284,True,4d049fc,5,15,none,0,0.0,False,0.7,0.95,0.1,
A-n38-k5,acs_cl15,18,943.5095527588451,,0.09386062482371926,True,4d049fc,5,15,none,0,0.0,False,0.7,0.95,0.1,
A-n38-k5,acs_cl15,19,938.956148696561,,0.09444379108026624,True,4d049fc,5,15,none,0,0.0,False,0.7,0.95,0.1,
A-n38-k5,acs_cl15,20,865.2389335141548,,0.09408883401192725,True,4d049fc,5,15,none,0,0.0,False,0.7,0.95,0.1,
A-n38-k5,acs_cl15,21,880.8795958025077,,0.09407558408565819,True,4d049fc,5,15,none,0,0.0,False,0.7,0.95,0.1,
A-n38-k5,acs_cl15,22,942.234513862185,,0.09349008393473923,True,4d049fc,5,15,none,0,0.0,False,0.7,0.95,0.1,
A-n38-k5,acs_cl15,23,889.0762105302936,,0.09352058288641274,True,4d049fc,5,15,none,0,0.0,False,0.7,0.95,0.1,
A-n38-k5,acs_cl15,24,860.112599406302,,0.09406624990515411,True,4d049fc,5,15,none,0,0.0,False,0.7,0.95,0.1,
A-n38-k5,acs_cl15,25,915.7845034036707,,0.09369091596454382,True,4d049fc,5,15,none,0,0.0,False,0.7,0.95,0.1,
A-n38-k5,acs_cl15,26,931.2275362308891,,0.09388995915651321,True,4d049fc,5,15,none,0,0.0,False,0.7,0.95,0.1,
A-n38-k5,acs_cl15,27,879.4555875935139,,0.09361708303913474,True,4d049fc,5,15,none,0,0.0,False,0.7,0.95,0.1,
A-n38-k5,acs_cl15,28,926.5963829434577,,0.09344604099169374,True,4d049fc,5,15,none,0,0.0,False,0.7,0.95,0.1,
A-n38-k5,acs_cl15,29,920.1771629061564,,0.09392354195006192,True,4d049fc,5,15,none,0,0.0,False,0.7,0.95,0.1,
A-n38-k5,acs_cl15_ls2opt_adaptive,0,861.9800814147936,,0.11899337498471141,True,4d049fc,5,15,adaptive,76,2.533333333333333,False,0.7,0.95,0.1,
A-n38-k5,acs_cl15_ls2opt_adaptive,1,900.4644330068468,,0.1146759579423815,True,4d049fc,5,15,adaptive,64,2.1333333333333333,False,0.7,0.95,0.1,
A-n38-k5,acs_cl15_ls2opt_adaptive,2,859.1357881110625,,0.11887404206208885,True,4d049fc,5,15,adaptive,74,2.466666666666667,False,0.7,0.95,0.1,
A-n38-k5,acs_cl15_ls2opt_adaptive,3,848.6099600497504,,0.11748087499290705,True,4d049fc,5,15,adaptive,74,2.466666666666667,False,0.7,0.95,0.1,
A-n38-k5,acs_cl15_ls2opt_adaptive,4,889.8457059173243,,0.11153350002132356,True,4d049fc,5,15,adaptive,50,1.6666666666666667,False,0.7,0.95,0.1,
A-n38-k5,acs_cl15_ls2opt_adaptive,5,853.7647972142654,,0.11664895783178508,True,4d049fc,5,15,adaptive,68,2.2666666666666666,False,0.7,0.95,0.1,
A-n38-k5,acs_cl15_ls2opt_adaptive,6,871.2275346935182,,0.11521466705016792,True,4d049fc,5,15,adaptive,68,2.2666666666666666,False,0.7,0.95,0.1,
A-n38-k5,acs_cl15_ls2opt_adaptive,7,909.4056774440692,,0.1149383750744164,True,4d049fc,5,15,adaptive,62,2.066666666666667,False,0.7,0.95,0.1,
A-n38-k5,acs_cl15_ls2opt_adaptive,8,866.6944627557368,,0.11567812482826412,True,4d049fc,5,15,adaptive,66,2.2,False,0.7,0.95,0.1,
A-n38-k5,acs_cl15_ls2opt_adaptive,9,843.0494907297496,,0.11727379099465907,True,4d049fc,5,15,adaptive,70,2.3333333333333335,False,0.7,0.95,0.1,
A-n38-k5,acs_cl15_ls2opt_adaptive,10,907.9988932587075,,0.11406558402813971,True,4d049fc,5,15,adaptive,62,2.066666666666667,False,0.7,0.95,0.1,
A-n38-k5,acs_cl15_ls2opt_adaptive,11,896.5816858334553,,0.1199663751758635,True,4d049fc,5,15,adaptive,78,2.6,False,0.7,0.95,0.1,
A-n38-k5,acs_cl15_ls2opt_adaptive,12,835.4741999027859,,0.11377266608178616,True,4d049fc,5,15,adaptive,60,2.0,False,0.7,0.95,0.1,
A-n38-k5,acs_cl15_ls2opt_adaptive,13,877.6322487881046,,0.11612725001759827,True,4d049fc,5,15,adaptive,64,2.1333333333333333,False,0.7,0.95,0.1,
A-n38-k5,acs_cl15_ls2opt_adaptive,14,872.2187146202727,,0.11774516594596207,True,4d049fc,5,15,adaptive,74,2.466666666666667,False,0.7,0.95,0.1,
A-n38-k5,acs_cl15_ls2opt_adaptive,15,896.148803566611,,0.10965799982659519,True,4d049fc,5,15,adaptive,50,1.6666666666666667,False,0.7,0.95,0.1,
A-n38-k5,acs_cl15_ls2opt_adaptive,16,880.3486744437614,,0.11640866682864726,True,4d049fc,5,15,adaptive,72,2.4,False,0.7,0.95,0.1,
A-n38-k5,acs_cl15_ls2opt_adaptive,17,880.3486744437614,,0.11793687497265637,True,4d049fc,5,15,adaptive,74,2.466666666666667,False,0.7,0.95,0.1,
A-n38-k5,acs_cl15_ls2opt_adaptive,18,885.4099590702908,,0.11410420807078481,True,4d049fc,5,15,adaptive,60,2.0,False,0.7,0.95,0.1,
A-n38-k5,acs_cl15_ls2opt_adaptive,19,866.6944627557368,,0.11734233377501369,True,4d049fc,5,15,adaptive,68,2.2666666666666666,False,0.7,0.95,0.1,
A-n38-k5,acs_cl15_ls2opt_adaptive,20,866.901188716912,,0.11588679091073573,True,4d049fc,5,15,adaptive,72,2.4,False,0.7,0.95,0.1,
A-n38-k5,acs_cl15_ls2opt_adaptive,21,866.6944627557368,,0.1148885830771178,True,4d049fc,5,15,adaptive,62,2.066666666666667,False,0.7,0.95,0.1,
A-n38-k5,acs_cl15_ls2opt_adaptive,22,890.0393485881907,,0.11382966698147357,True,4d049fc,5,15,adaptive,58,1.9333333333333333,False,0.7,0.95,0.1,
A-n38-k5,acs_cl15_ls2opt_adaptive,23,878.3780673036297,,0.12053112499415874,True,4d049fc,5,15,adaptive,78,2.6,False,0.7,0.95,0.1,
A-n38-k5,acs_cl15_ls2opt_adaptive,24,844.0377227954548,,0.11528620892204344,True,4d049fc,5,15,adaptive,68,2.2666666666666666,False,0.7,0.95,0.1,
A-n38-k5,acs_cl15_ls2opt_adaptive,25,887.7962926658208,,0.11108633386902511,True,4d049fc,5,15,adaptive,54,1.8,False,0.7,0.95,0.1,
A-n38-k5,acs_cl15_ls2opt_adaptive,26,880.3486744437614,,0.11668691597878933,True,4d049fc,5,15,adaptive,74,2.466666666666667,False,0.7,0.95,0.1,
A-n38-k5,acs_cl15_ls2opt_adaptive,27,855.7400506353617,,0.11801908304914832,True,4d049fc,5,15,adaptive,70,2.3333333333333335,False,0.7,0.95,0.1,
A-n38-k5,acs_cl15_ls2opt_adaptive,28,870.4247138559989,,0.11688879202120006,True,4d049fc,5,15,adaptive,68,2.2666666666666666,False,0.7,0.95,0.1,
A-n38-k5,acs_cl15_ls2opt_adaptive,29,858.0634567633454,,0.11782579100690782,True,4d049fc,5,15,adaptive,74,2.466666666666667,False,0.7,0.95,0.1,
A-n38-k5,acs_cl15_ls2opt_adaptive_q0rho,0,859.587514474842,,0.12048716703429818,True,4d049fc,5,15,adaptive,62,2.066666666666667,True,0.7,0.95,0.1,
A-n38-k5,acs_cl15_ls2opt_adaptive_q0rho,1,850.9189178464053,,0.12055729213170707,True,4d049fc,5,15,adaptive,66,2.2,True,0.7,0.95,0.1,
A-n38-k5,acs_cl15_ls2opt_adaptive_q0rho,2,850.0339290462344,,0.12139454204589128,True,4d049fc,5,15,adaptive,62,2.066666666666667,True,0.7,0.95,0.1,
A-n38-k5,acs_cl15_ls2opt_adaptive_q0rho,3,824.5316283796692,,0.12358262506313622,True,4d049fc,5,15,adaptive,78,2.6,True,0.7,0.95,0.1,
A-n38-k5,acs_cl15_ls2opt_adaptive_q0rho,4,824.0025560628765,,0.12265208293683827,True,4d049fc,5,15,adaptive,72,2.4,True,0.7,0.95,0.1,
A-n38-k5,acs_cl15_ls2opt_adaptive_q0rho,5,882.990539603322,,0.12184654199518263,True,4d049fc,5,15,adaptive,70,2.3333333333333335,True,0.7,0.95,0.1,
A-n38-k5,acs_cl15_ls2opt_adaptive_q0rho,6,842.5344266431943,,0.12255270802415907,True,4d049fc,5,15,adaptive,72,2.4,True,0.7,0.95,0.1,
A-n38-k5,acs_cl15_ls2opt_adaptive_q0rho,7,858.3607395628195,,0.12058087484911084,True,4d049fc,5,15,adaptive,62,2.066666666666667,True,0.7,0.95,0.1,
A-n38-k5,acs_cl15_ls2opt_adaptive_q0rho,8,870.8778219624442,,0.12642612494528294,True,4d049fc,5,15,adaptive,78,2.6,True,0.7,0.95,0.1,
A-n38-k5,acs_cl15_ls2opt_adaptive_q0rho,9,892.3699616085087,,0.11911841691471636,True,4d049fc,5,15,adaptive,60,2.0,True,0.7,0.95,0.1,
A-n38-k5,acs_cl15_ls2opt_adaptive_q0rho,10,858.3607395628195,,0.12170395790599287,True,4d049fc,5,15,adaptive,70,2.3333333333333335,True,0.7,0.95,0.1,
A-n38-k5,acs_cl15_ls2opt_adaptive_q0rho,11,903.2010397329873,,0.12360649998299778,True,4d049fc,5,15,adaptive,74,2.466666666666667,True,0.7,0.95,0.1,
A-n38-k5,acs_cl15_ls2opt_adaptive_q0rho,12,856.5832652560482,,0.12247112486511469,True,4d049fc,5,15,adaptive,66,2.2,True,0.7,0.95,0.1,
A-n38-k5,acs_cl15_ls2opt_adaptive_q0rho,13,829.8810595638009,,0.12488454091362655,True,4d049fc,5,15,adaptive,72,2.4,True,0.7,0.95,0.1,
A-n38-k5,acs_cl15_ls2opt_adaptive_q0rho,14,824.0982993541068,,0.1228519999422133,True,4d049fc,5,15,adaptive,68,2.2666666666666666,True,0.7,0.95,0.1,
A-n38-k5,acs_cl15_ls2opt_adaptive_q0rho,15,836.5023911315834,,0.12355658295564353,True,4d049fc,5,15,adaptive,74,2.466666666666667,True,0.7,0.95,0.1,
A-n38-k5,acs_cl15_ls2opt_adaptive_q0rho,16,860.9565890430324,,0.12189645785838366,True,4d049fc,5,15,adaptive,68,2.2666666666666666,True,0.7,0.95,0.1,
A-n38-k5,acs_cl15_ls2opt_adaptive_q0rho,17,885.8000167037121,,0.12039291695691645,True,4d049fc,5,15,adaptive,62,2.066666666666667,True,0.7,0.95,0.1,
A-n38-k5,acs_cl15_ls2opt_adaptive_q0rho,18,878.691484238957,,0.12277575000189245,True,4d049fc,5,15,adaptive,68,2.2666666666666666,True,0.7,0.95,0.1,
A-n38-k5,acs_cl15_ls2opt_adaptive_q0rho,19,835.1000439824968,,0.12341300002299249,True,4d049fc,5,15,adaptive,68,2.2666666666666666,True,0.7,0.95,0.1,
A-n38-k5,acs_cl15_ls2opt_adaptive_q0rho,20,866.5557250439754,,0.12031533406116068,True,4d049fc,5,15,adaptive,62,2.066666666666667,True,0.7,0.95,0.1,
A-n38-k5,acs_cl15_ls2opt_adaptive_q0rho,21,880.3486744437614,,0.12340308306738734,True,4d049fc,5,15,adaptive,72,2.4,True,0.7,0.95,0.1,
A-n38-k5,acs_cl15_ls2opt_adaptive_q0rho,22,855.5736739903235,,0.12284950003959239,True,4d049fc,5,15,adaptive,72,2.4,True,0.7,0.95,0.1,
A-n38-k5,acs_cl15_ls2opt_adaptive_q0rho,23,880.4949336963243,,0.12127420888282359,True,4d049fc,5,15,adaptive,68,2.2666666666666666,True,0.7,0.95,0.1,
A-n38-k5,acs_cl15_ls2opt_adaptive_q0rho,24,868.8560402371377,,0.12502799998037517,True,4d049fc,5,15,adaptive,78,2.6,True,0.7,0.95,0.1,
A-n38-k5,acs_cl15_ls2opt_adaptive_q0rho,25,897.1861163683159,,0.11928724986501038,True,4d049fc,5,15,adaptive,60,2.0,True,0.7,0.95,0.1,
A-n38-k5,acs_cl15_ls2opt_adaptive_q0rho,26,861.6232313780278,,0.12328304187394679,True,4d049fc,5,15,adaptive,72,2.4,True,0.7,0.95,0.1,
A-n38-k5,acs_cl15_ls2opt_adaptive_q0rho,27,876.5938336131851,,0.12447137502022088,True,4d049fc,5,15,adaptive,74,2.466666666666667,True,0.7,0.95,0.1,
A-n38-k5,acs_cl15_ls2opt_adaptive_q0rho,28,896.1483732364667,,0.12082824995741248,True,4d049fc,5,15,adaptive,66,2.2,True,0.7,0.95,0.1,
A-n38-k5,acs_cl15_ls2opt_adaptive_q0rho,29,806.1846368551182,,0.11838100012391806,True,4d049fc,5,15,adaptive,54,1.8,True,0.7,0.95,0.1,
A-n38-k5,acs_cl15_ls2opt_adaptive_q0sched,0,871.3506514327389,,0.12062950013205409,True,4d049fc,5,15,adaptive,58,1.9333333333333333,True,0.7,0.95,0.1,
A-n38-k5,acs_cl15_ls2opt_adaptive_q0sched,1,844.0377227954548,,0.11809670901857316,True,4d049fc,5,15,adaptive,56,1.8666666666666667,True,0.7,0.95,0.1,
A-n38-k5,acs_cl15_ls2opt_adaptive_q0sched,2,850.0339290462344,,0.12017958285287023,True,4d049fc,5,15,adaptive,62,2.066666666666667,True,0.7,0.95,0.1,
A-n38-k5,acs_cl15_ls2opt_adaptive_q0sched,3,824.5316283796692,,0.1260996670462191,True,4d049fc,5,15,adaptive,78,2.6,True,0.7,0.95,0.1,
A-n38-k5,acs_cl15_ls2opt_adaptive_q0sched,4,824.0025560628765,,0.12337041716091335,True,4d049fc,5,15,adaptive,72,2.4,True,0.7,0.95,0.1,
A-n38-k5,acs_cl15_ls2opt_adaptive_q0sched,5,882.990539603322,,0.1234602089971304,True,4d049fc,5,15,adaptive,70,2.3333333333333335,True,0.7,0.95,0.1,
A-n38-k5,acs_cl15_ls2opt_adaptive_q0sched,6,842.5344266431943,,0.12390991603024304,True,4d049fc,5,15,adaptive,72,2.4,True,0.7,0.95,0.1,
A-n38-k5,acs_cl15_ls2opt_adaptive_q0sched,7,882.9875603242774,,0.12448279210366309,True,4d049fc,5,15,adaptive,72,2.4,True,0.7,0.95,0.1,
A-n38-k5,acs_cl15_ls2opt_adaptive_q0sched,8,837.7527526333095,,0.12225316604599357,True,4d049fc,5,15,adaptive,68,2.2666666666666666,True,0.7,0.95,0.1,
A-n38-k5,acs_cl15_ls2opt_adaptive_q0sched,9,901.5142481405758,,0.12020812486298382,True,4d049fc,5,15,adaptive,62,2.066666666666667,True,0.7,0.95,0.1,
A-n38-k5,acs_cl15_ls2opt_adaptive_q0sched,10,851.004317342324,,0.11917770793661475,True,4d049fc,5,15,adaptive,60,2.0,True,0.7,0.95,0.1,
A-n38-k5,acs_cl15_ls2opt_adaptive_q0sched,11,881.430701922322,,0.11720500001683831,True,4d049fc,5,15,adaptive,54,1.8,True,0.7,0.95,0.1,
A-n38-k5,acs_cl15_ls2opt_adaptive_q0sched,12,856.5832652560482,,0.12242091610096395,True,4d049fc,5,15,adaptive,66,2.2,True,0.7,0.95,0.1,
A-n38-k5,acs_cl15_ls2opt_adaptive_q0sched,13,829.8810595638009,,0.12399566709063947,True,4d049fc,5,15,adaptive,72,2.4,True,0.7,0.95,0.1,
A-n38-k5,acs_cl15_ls2opt_adaptive_q0sched,14,836.1703453759405,,0.11849954212084413,True,4d049fc,5,15,adaptive,58,1.9333333333333333,True,0.7,0.95,0.1,
A-n38-k5,acs_cl15_ls2opt_adaptive_q0sched,15,836.5023911315834,,0.12424266687594354,True,4d049fc,5,15,adaptive,74,2.466666666666667,True,0.7,0.95,0.1,
A-n38-k5,acs_cl15_ls2opt_adaptive_q0sched,16,860.9565890430324,,0.12251000013202429,True,4d049fc,5,15,adaptive,68,2.2666666666666666,True,0.7,0.95,0.1,
A-n38-k5,acs_cl15_ls2opt_adaptive_q0sched,17,893.1067448271384,,0.12025983398780227,True,4d049fc,5,15,adaptive,62,2.066666666666667,True,0.7,0.95,0.1,
A-n38-k5,acs_cl15_ls2opt_adaptive_q0sched,18,878.691484238957,,0.12317133299075067,True,4d049fc,5,15,adaptive,68,2.2666666666666666,True,0.7,0.95,0.1,
A-n38-k5,acs_cl15_ls2opt_adaptive_q0sched,19,835.1000439824968,,0.1241912089753896,True,4d049fc,5,15,adaptive,68,2.2666666666666666,True,0.7,0.95,0.1,
A-n38-k5,acs_cl15_ls2opt_adaptive_q0sched,20,873.4341578323335,,0.12043825001455843,True,4d049fc,5,15,adaptive,64,2.1333333333333333,True,0.7,0.95,0.1,
A-n38-k5,acs_cl15_ls2opt_adaptive_q0sched,21,857.9886041237454,,0.12085383385419846,True,4d049fc,5,15,adaptive,62,2.066666666666667,True,0.7,0.95,0.1,
A-n38-k5,acs_cl15_ls2opt_adaptive_q0sched,22,855.5736739903235,,0.12378604197874665,True,4d049fc,5,15,adaptive,72,2.4,True,0.7,0.95,0.1,
A-n38-k5,acs_cl15_ls2opt_adaptive_q0sched,23,874.3848316384131,,0.11982533289119601,True,4d049fc,5,15,adaptive,62,2.066666666666667,True,0.7,0.95,0.1,
A-n38-k5,acs_cl15_ls2opt_adaptive_q0sched,24,824.4625504618285,,0.12217424996197224,True,4d049fc,5,15,adaptive,68,2.2666666666666666,True,0.7,0.95,0.1,
A-n38-k5,acs_cl15_ls2opt_adaptive_q0sched,25,872.0843484085722,,0.11994137498550117,True,4d049fc,5,15,adaptive,60,2.0,True,0.7,0.95,0.1,
A-n38-k5,acs_cl15_ls2opt_adaptive_q0sched,26,861.6232313780278,,0.12423654203303158,True,4d049fc,5,15,adaptive,72,2.4,True,0.7,0.95,0.1,
A-n38-k5,acs_cl15_ls2opt_adaptive_q0sched,27,808.030978993506,,0.12074837507680058,True,4d049fc,5,15,adaptive,64,2.1333333333333333,True,0.7,0.95,0.1,
A-n38-k5,acs_cl15_ls2opt_adaptive_q0sched,28,909.6271025580372,,0.11782891699112952,True,4d049fc,5,15,adaptive,56,1.8666666666666667,True,0.7,0.95,0.1,
A-n38-k5,acs_cl15_ls2opt_adaptive_q0sched,29,879.3326556681495,,0.11996804201044142,True,4d049fc,5,15,adaptive,64,2.1333333333333333,True,0.7,0.95,0.1,
A-n38-k5,acs_cl15_ls2opt_fixed,0,861.9800814147936,,0.10337549983523786,True,4d049fc,5,15,best,30,1.0,False,0.7,0.95,0.1,
A-n38-k5,acs_cl15_ls2opt_fixed,1,905.9159659151354,,0.10384608386084437,True,4d049fc,5,15,best,30,1.0,False,0.7,0.95,0.1,
A-n38-k5,acs_cl15_ls2opt_fixed,2,859.1357881110625,,0.10339183290489018,True,4d049fc,5,15,best,30,1.0,False,0.7,0.95,0.1,
A-n38-k5,acs_cl15_ls2opt_fixed,3,848.6099600497504,,0.1041262501385063,True,4d049fc,5,15,best,30,1.0,False,0.7,0.95,0.1,
A-n38-k5,acs_cl15_ls2opt_fixed,4,889.8457059173243,,0.10474120802246034,True,4d049fc,5,15,best,30,1.0,False,0.7,0.95,0.1,
A-n38-k5,acs_cl15_ls2opt_fixed,5,853.7647972142654,,0.10436462494544685,True,4d049fc,5,15,best,30,1.0,False,0.7,0.95,0.1,
A-n38-k5,acs_cl15_ls2opt_fixed,6,871.2275346935182,,0.10316829080693424,True,4d049fc,5,15,best,30,1.0,False,0.7,0.95,0.1,
A-n38-k5,acs_cl15_ls2opt_fixed,7,877.208522930267,,0.10426529194228351,True,4d049fc,5,15,best,30,1.0,False,0.7,0.95,0.1,
A-n38-k5,acs_cl15_ls2opt_fixed,8,866.6944627557368,,0.10407454194501042,True,4d049fc,5,15,best,30,1.0,False,0.7,0.95,0.1,
A-n38-k5,acs_cl15_ls2opt_fixed,9,843.0494907297496,,0.10374370799399912,True,4d049fc,5,15,best,30,1.0,False,0.7,0.95,0.1,
A-n38-k5,acs_cl15_ls2opt_fixed,10,907.9988932587075,,0.10308183310553432,True,4d049fc,5,15,best,30,1.0,False,0.7,0.95,0.1,
A-n38-k5,acs_cl15_ls2opt_fixed,11,896.5816858334553,,0.10346483299508691,True,4d049fc,5,15,best,30,1.0,False,0.7,0.95,0.1,
A-n38-k5,acs_cl15_ls2opt_fixed,12,835.4741999027859,,0.10319191706366837,True,4d049fc,5,15,best,30,1.0,False,0.7,0.95,0.1,
A-n38-k5,acs_cl15_ls2opt_fixed,13,877.6322487881046,,0.10511537501588464,True,4d049fc,5,15,best,30,1.0,False,0.7,0.95,0.1,
A-n38-k5,acs_cl15_ls2opt_fixed,14,872.2187146202727,,0.10401112493127584,True,4d049fc,5,15,best,30,1.0,False,0.7,0.95,0.1,
A-n38-k5,acs_cl15_ls2opt_fixed,15,896.148803566611,,0.10361875011585653,True,4d049fc,5,15,best,30,1.0,False,0.7,0.95,0.1,
A-n38-k5,acs_cl15_ls2opt_fixed,16,880.3486744437614,,0.10322991712018847,True,4d049fc,5,15,best,30,1.0,False,0.7,0.95,0.1,
A-n38-k5,acs_cl15_ls2opt_fixed,17,880.3486744437614,,0.10462833382189274,True,4d049fc,5,15,best,30,1.0,False,0.7,0.95,0.1,
A-n38-k5,acs_cl15_ls2opt_fixed,18,885.4099590702908,,0.10681641707196832,True,4d049fc,5,15,best,30,1.0,False,0.7,0.95,0.1,
A-n38-k5,acs_cl15_ls2opt_fixed,19,866.6944627557368,,0.10667941602878273,True,4d049fc,5,15,best,30,1.0,False,0.7,0.95,0.1,
A-n38-k5,acs_cl15_ls2opt_fixed,20,866.901188716912,,0.10375583288259804,True,4d049fc,5,15,best,30,1.0,False,0.7,0.95,0.1,
A-n38-k5,acs_cl15_ls2opt_fixed,21,849.9313751943309,,0.10441812500357628,True,4d049fc,5,15,best,30,1.0,False,0.7,0.95,0.1,
A-n38-k5,acs_cl15_ls2opt_fixed,22,890.0393485881907,,0.10474249999970198,True,4d049fc,5,15,best,30,1.0,False,0.7,0.95,0.1,
A-n38-k5,acs_cl15_ls2opt_fixed,23,878.3780673036297,,0.10503137484192848,True,4d049fc,5,15,best,30,1.0,False,0.7,0.95,0.1,
A-n38-k5,acs_cl15_ls2opt_fixed,24,844.0377227954548,,0.10393954091705382,True,4d049fc,5,15,best,30,1.0,False,0.7,0.95,0.1,
A-n38-k5,acs_cl15_ls2opt_fixed,25,887.7962926658208,,0.10342479101382196,True,4d049fc,5,15,best,30,1.0,False,0.7,0.95,0.1,
A-n38-k5,acs_cl15_ls2opt_fixed,26,880.3486744437614,,0.10346362506970763,True,4d049fc,5,15,best,30,1.0,False,0.7,0.95,0.1,
A-n38-k5,acs_cl15_ls2opt_fixed,27,855.7400506353617,,0.10460429196245968,True,4d049fc,5,15,best,30,1.0,False,0.7,0.95,0.1,
A-n38-k5,acs_cl15_ls2opt_fixed,28,870.4247138559989,,0.10495179099962115,True,4d049fc,5,15,best,30,1.0,False,0.7,0.95,0.1,
A-n38-k5,acs_cl15_ls2opt_fixed,29,858.0634567633454,,0.10435545910149813,True,4d049fc,5,15,best,30,1.0,False,0.7,0.95,0.1,
A-n39-k5,acs_baseline,0,975.1257884754368,,0.12479404197074473,True,4d049fc,5,0,none,0,0.0,False,0.7,0.95,0.1,
A-n39-k5,acs_baseline,1,974.4629340220579,,0.1252015419304371,True,4d049fc,5,0,none,0,0.0,False,0.7,0.95,0.1,
A-n39-k5,acs_baseline,2,912.3678699269146,,0.12581825000233948,True,4d049fc,5,0,none,0,0.0,False,0.7,0.95,0.1,
A-n39-k5,acs_baseline,3,981.0730963837248,,0.12451041699387133,True,4d049fc,5,0,none,0,0.0,False,0.7,0.95,0.1,
A-n39-k5,acs_baseline,4,954.237840479946,,0.12563116708770394,True,4d049fc,5,0,none,0,0.0,False,0.7,0.95,0.1,
A-n39-k5,acs_baseline,5,981.0505198291742,,0.12485870881937444,True,4d049fc,5,0,none,0,0.0,False,0.7,0.95,0.1,
A-n39-k5,acs_baseline,6,979.4276894755006,,0.12422570888884366,True,4d049fc,5,0,none,0,0.0,False,0.7,0.95,0.1,
A-n39-k5,acs_baseline,7,951.3975608899325,,0.12585291592404246,True,4d049fc,5,0,none,0,0.0,False,0.7,0.95,0.1,
A-n39-k5,acs_baseline,8,960.8757435878385,,0.12423800001852214,True,4d049fc,5,0,none,0,0.0,False,0.7,0.95,0.1,
A-n39-k5,acs_baseline,9,971.4831360492221,,0.12513774982653558,True,4d049fc,5,0,none,0,0.0,False,0.7,0.95,0.1,
A-n39-k5,acs_baseline,10,981.0505198291742,,0.12515991693362594,True,4d049fc,5,0,none,0,0.0,False,0.7,0.95,0.1,
A-n39-k5,acs_baseline,11,946.4197032084337,,0.12556870910339057,True,4d049fc,5,0,none,0,0.0,False,0.7,0.95,0.1,
A-n39-k5,acs_baseline,12,961.8030995960601,,0.12501345807686448,True,4d049fc,5,0,none,0,0.0,False,0.7,0.95,0.1,
A-n39-k5,acs_baseline,13,968.6370748849477,,0.12552212504670024,True,4d049fc,5,0,none,0,0.0,False,0.7,0.95,0.1,
A-n39-k5,acs_baseline,14,984.1177373894093,,0.12512329197488725,True,4d049fc,5,0,none,0,0.0,False,0.7,0.95,0.1,
A-n39-k5,acs_baseline,15,927.5055530393875,,0.1260587910655886,True,4d049fc,5,0,none,0,0.0,False,0.7,0.95,0.1,
A-n39-k5,acs_baseline,16,969.1888762699152,,0.12533979187719524,True,4d049fc,5,0,none,0,0.0,False,0.7,0.95,0.1,
A-n39-k5,acs_baseline,17,979.3406252812644,,0.12510537495836616,True,4d049fc,5,0,none,0,0.0,False,0.7,0.95,0.1,
A-n39-k5,acs_baseline,18,970.6449811230466,,0.12948424997739494,True,4d049fc,5,0,none,0,0.0,False,0.7,0.95,0.1,
A-n39-k5,acs_baseline,19,920.8403124222768,,0.12667379202321172,True,4d049fc,5,0,none,0,0.0,False,0.7,0.95,0.1,
A-n39-k5,acs_baseline,20,979.7946201314851,,0.12533887499012053,True,4d049fc,5,0,none,0,0.0,False,0.7,0.95,0.1,
A-n39-k5,acs_baseline,21,964.8389006784992,,0.12458649999462068,True,4d049fc,5,0,none,0,0.0,False,0.7,0.95,0.1,
A-n39-k5,acs_baseline,22,951.3975608899325,,0.12583958311006427,True,4d049fc,5,0,none,0,0.0,False,0.7,0.95,0.1,
A-n39-k5,acs_baseline,23,960.8757435878385,,0.12474270886741579,True,4d049fc,5,0,none,0,0.0,False,0.7,0.95,0.1,
A-n39-k5,acs_baseline,24,987.7103017351935,,0.1252783751115203,True,4d049fc,5,0,none,0,0.0,False,0.7,0.95,0.1,
A-n39-k5,acs_baseline,25,979.8460212827745,,0.12522308412007987,True,4d049fc,5,0,none,0,0.0,False,0.7,0.95,0.1,
A-n39-k5,acs_baseline,26,962.5356346808236,,0.12494675000198185,True,4d049fc,5,0,none,0,0.0,False,0.7,0.95,0.1,
A-n39-k5,acs_baseline,27,962.3700641041555,,0.1246766250114888,True,4d049fc,5,0,none,0,0.0,False,0.7,0.95,0.1,
A-n39-k5,acs_baseline,28,992.3723112209167,,0.12487258412875235,True,4d049fc,5,0,none,0,0.0,False,0.7,0.95,0.1,
A-n39-k5,acs_baseline,29,993.1433897470765,,0.12565062497742474,True,4d049fc,5,0,none,0,0.0,False,0.7,0.95,0.1,
A-n39-k5,acs_cl15,0,974.9045271947917,,0.09752345806919038,True,4d049fc,5,15,none,0,0.0,False,0.7,0.95,0.1,
A-n39-k5,acs_cl15,1,965.5249856259478,,0.09721341589465737,True,4d049fc,5,15,none,0,0.0,False,0.7,0.95,0.1,
A-n39-k5,acs_cl15,2,983.1794442136827,,0.09770333394408226,True,4d049fc,5,15,none,0,0.0,False,0.7,0.95,0.1,
A-n39-k5,acs_cl15,3,984.3529397722759,,0.10489233420230448,True,4d049fc,5,15,none,0,0.0,False,0.7,0.95,0.1,
A-n39-k5,acs_cl15,4,979.4276894755006,,0.10038679209537804,True,4d049fc,5,15,none,0,0.0,False,0.7,0.95,0.1,
A-n39-k5,acs_cl15,5,966.9785518472435,,0.09752395888790488,True,4d049fc,5,15,none,0,0.0,False,0.7,0.95,0.1,
A-n39-k5,acs_cl15,6,984.2185727501774,,0.09706887509673834,True,4d049fc,5,15,none,0,0.0,False,0.7,0.95,0.1,
A-n39-k5,acs_cl15,7,970.6674112304604,,0.09773258306086063,True,4d049fc,5,15,none,0,0.0,False,0.7,0.95,0.1,
A-n39-k5,acs_cl15,8,957.7671775874594,,0.09723920887336135,True,4d049fc,5,15,none,0,0.0,False,0.7,0.95,0.1,
A-n39-k5,acs_cl15,9,974.0060252584246,,0.09642216609790921,True,4d049fc,5,15,none,0,0.0,False,0.7,0.95,0.1,
A-n39-k5,acs_cl15,10,957.7694136714063,,0.09712645807303488,True,4d049fc,5,15,none,0,0.0,False,0.7,0.95,0.1,
A-n39-k5,acs_cl15,11,962.7619439832047,,0.09676750004291534,True,4d049fc,5,15,none,0,0.0,False,0.7,0.95,0.1,
A-n39-k5,acs_cl15,12,966.2924076144286,,0.09674237505532801,True,4d049fc,5,15,none,0,0.0,False,0.7,0.95,0.1,
A-n39-k5,acs_cl15,13,1005.4951789751071,,0.09671262511983514,True,4d049fc,5,15,none,0,0.0,False,0.7,0.95,0.1,
A-n39-k5,acs_cl15,14,972.1865244874712,,0.09720970899797976,True,4d049fc,5,15,none,0,0.0,False,0.7,0.95,0.1,
A-n39-k5,acs_cl15,15,979.4276894755006,,0.09705508290790021,True,4d049fc,5,15,none,0,0.0,False,0.7,0.95,0.1,
A-n39-k5,acs_cl15,16,977.7362000633656,,0.09678100002929568,True,4d049fc,5,15,none,0,0.0,False,0.7,0.95,0.1,
A-n39-k5,acs_cl15,17,974.9045271947917,,0.09695345815271139,True,4d049fc,5,15,none,0,0.0,False,0.7,0.95,0.1,
A-n39-k5,acs_cl15,18,974.7668453446579,,0.09700425015762448,True,4d049fc,5,15,none,0,0.0,False,0.7,0.95,0.1,
A-n39-k5,acs_cl15,19,986.8488224380812,,0.09743600012734532,True,4d049fc,5,15,none,0,0.0,False,0.7,0.95,0.1,
A-n39-k5,acs_cl15,20,969.7941557261951,,0.09811254101805389,True,4d049fc,5,15,none,0,0.0,False,0.7,0.95,0.1,
A-n39-k5,acs_cl15,21,967.7271670469463,,0.097387959016487,True,4d049fc,5,15,none,0,0.0,False,0.7,0.95,0.1,
A-n39-k5,acs_cl15,22,965.50430723507,,0.09750416595488787,True,4d049fc,5,15,none,0,0.0,False,0.7,0.95,0.1,
A-n39-k5,acs_cl15,23,973.4302299477768,,0.09710774989798665,True,4d049fc,5,15,none,0,0.0,False,0.7,0.95,0.1,
A-n39-k5,acs_cl15,24,964.127039965902,,0.0969910838175565,True,4d049fc,5,15,none,0,0.0,False,0.7,0.95,0.1,
A-n39-k5,acs_cl15,25,960.6097325449234,,0.09869295894168317,True,4d049fc,5,15,none,0,0.0,False,0.7,0.95,0.1,
A-n39-k5,acs_cl15,26,974.0060252584246,,0.09724354185163975,True,4d049fc,5,15,none,0,0.0,False,0.7,0.95,0.1,
A-n39-k5,acs_cl15,27,971.9856174112646,,0.0979235409758985,True,4d049fc,5,15,none,0,0.0,False,0.7,0.95,0.1,
A-n39-k5,acs_cl15,28,976.5383583292388,,0.0972326670307666,True,4d049fc,5,15,none,0,0.0,False,0.7,0.95,0.1,
A-n39-k5,acs_cl15,29,972.4694184041143,,0.09755262499675155,True,4d049fc,5,15,none,0,0.0,False,0.7,0.95,0.1,
A-n39-k5,acs_cl15_ls2opt_adaptive,0,904.6883829195363,,0.13361825002357364,True,4d049fc,5,15,adaptive,68,2.2666666666666666,False,0.7,0.95,0.1,
A-n39-k5,acs_cl15_ls2opt_adaptive,1,916.8576226498392,,0.13810083293356,True,4d049fc,5,15,adaptive,78,2.6,False,0.7,0.95,0.1,
A-n39-k5,acs_cl15_ls2opt_adaptive,2,913.4695632408246,,0.13166133407503366,True,4d049fc,5,15,adaptive,64,2.1333333333333333,False,0.7,0.95,0.1,
A-n39-k5,acs_cl15_ls2opt_adaptive,3,921.5680695552041,,0.13141350005753338,True,4d049fc,5,15,adaptive,66,2.2,False,0.7,0.95,0.1,
A-n39-k5,acs_cl15_ls2opt_adaptive,4,867.329569394823,,0.13630316616035998,True,4d049fc,5,15,adaptive,74,2.466666666666667,False,0.7,0.95,0.1,
A-n39-k5,acs_cl15_ls2opt_adaptive,5,921.5680695552041,,0.1376864172052592,True,4d049fc,5,15,adaptive,72,2.4,False,0.7,0.95,0.1,
A-n39-k5,acs_cl15_ls2opt_adaptive,6,916.8576226498392,,0.13101141597144306,True,4d049fc,5,15,adaptive,66,2.2,False,0.7,0.95,0.1,
A-n39-k5,acs_cl15_ls2opt_adaptive,7,904.0793357997857,,0.13651591702364385,True,4d049fc,5,15,adaptive,74,2.466666666666667,False,0.7,0.95,0.1,
A-n39-k5,acs_cl15_ls2opt_adaptive,8,899.2691185761846,,0.12847016588784754,True,4d049fc,5,15,adaptive,66,2.2,False,0.7,0.95,0.1,
A-n39-k5,acs_cl15_ls2opt_adaptive,9,921.5680695552041,,0.13393662497401237,True,4d049fc,5,15,adaptive,72,2.4,False,0.7,0.95,0.1,
A-n39-k5,acs_cl15_ls2opt_adaptive,10,901.7710586413814,,0.12942654197104275,True,4d049fc,5,15,adaptive,62,2.066666666666667,False,0.7,0.95,0.1,
A-n39-k5,acs_cl15_ls2opt_adaptive,11,908.2662426865325,,0.12759391707368195,True,4d049fc,5,15,adaptive,58,1.9333333333333333,False,0.7,0.95,0.1,
A-n39-k5,acs_cl15_ls2opt_adaptive,12,916.8576226498392,,0.1294281252194196,True,4d049fc,5,15,adaptive,64,2.1333333333333333,False,0.7,0.95,0.1,
A-n39-k5,acs_cl15_ls2opt_adaptive,13,916.8576226498392,,0.11918408400379121,True,4d049fc,5,15,adaptive,40,1.3333333333333333,False,0.7,0.95,0.1,
A-n39-k5,acs_cl15_ls2opt_adaptive,14,908.2662426865325,,0.13138408306986094,True,4d049fc,5,15,adaptive,66,2.2,False,0.7,0.95,0.1,
A-n39-k5,acs_cl15_ls2opt_adaptive,15,916.8576226498392,,0.13098816690035164,True,4d049fc,5,15,adaptive,66,2.2,False,0.7,0.95,0.1,
A-n39-k5,acs_cl15_ls2opt_adaptive,16,913.8354597467282,,0.12449983390979469,True,4d049fc,5,15,adaptive,52,1.7333333333333334,False,0.7,0.95,0.1,
A-n39-k5,acs_cl15_ls2opt_adaptive,17,916.8576226498392,,0.1451171669177711,True,4d049fc,5,15,adaptive,78,2.6,False,0.7,0.95,0.1,
A-n39-k5,acs_cl15_ls2opt_adaptive,18,901.7710586413814,,0.12592383287847042,True,4d049fc,5,15,adaptive,54,1.8,False,0.7,0.95,0.1,
A-n39-k5,acs_cl15_ls2opt_adaptive,19,937.7427007582401,,0.133543916977942,True,4d049fc,5,15,adaptive,58,1.9333333333333333,False,0.7,0.95,0.1,
A-n39-k5,acs_cl15_ls2opt_adaptive,20,904.0793357997857,,0.14428691705688834,True,4d049fc,5,15,adaptive,58,1.9333333333333333,False,0.7,0.95,0.1,
A-n39-k5,acs_cl15_ls2opt_adaptive,21,930.4073130786568,,0.13983470806851983,True,4d049fc,5,15,adaptive,66,2.2,False,0.7,0.95,0.1,
A-n39-k5,acs_cl15_ls2opt_adaptive,22,936.3896384766238,,0.12846033414825797,True,4d049fc,5,15,adaptive,58,1.9333333333333333,False,0.7,0.95,0.1,
A-n39-k5,acs_cl15_ls2opt_adaptive,23,908.2662426865325,,0.12925058417022228,True,4d049fc,5,15,adaptive,62,2.066666666666667,False,0.7,0.95,0.1,
A-n39-k5,acs_cl15_ls2opt_adaptive,24,946.0742732125218,,0.13005620799958706,True,4d049fc,5,15,adaptive,58,1.9333333333333333,False,0.7,0.95,0.1,
A-n39-k5,acs_cl15_ls2opt_adaptive,25,888.8283441383305,,0.12763570807874203,True,4d049fc,5,15,adaptive,64,2.1333333333333333,False,0.7,0.95,0.1,
A-n39-k5,acs_cl15_ls2opt_adaptive,26,916.8576226498392,,0.1389760000165552,True,4d049fc,5,15,adaptive,78,2.6,False,0.7,0.95,0.1,
A-n39-k5,acs_cl15_ls2opt_adaptive,27,889.2640703034085,,0.1384378329385072,True,4d049fc,5,15,adaptive,76,2.533333333333333,False,0.7,0.95,0.1,
A-n39-k5,acs_cl15_ls2opt_adaptive,28,908.2662426865325,,0.1377157079987228,True,4d049fc,5,15,adaptive,78,2.6,False,0.7,0.95,0.1,
A-n39-k5,acs_cl15_ls2opt_adaptive,29,908.2662426865325,,0.13711624988354743,True,4d049fc,5,15,adaptive,76,2.533333333333333,False,0.7,0.95,0.1,
A-n39-k5,acs_cl15_ls2opt_adaptive_q0rho,0,933.1235814594456,,0.1477523751091212,True,4d049fc,5,15,adaptive,56,1.8666666666666667,True,0.7,0.95,0.1,
A-n39-k5,acs_cl15_ls2opt_adaptive_q0rho,1,936.604748489551,,0.1269001248292625,True,4d049fc,5,15,adaptive,46,1.5333333333333334,True,0.7,0.95,0.1,
A-n39-k5,acs_cl15_ls2opt_adaptive_q0rho,2,894.507599512111,,0.14178112521767616,True,4d049fc,5,15,adaptive,66,2.2,True,0.7,0.95,0.1,
A-n39-k5,acs_cl15_ls2opt_adaptive_q0rho,3,931.5501493424572,,0.15859899995848536,True,4d049fc,5,15,adaptive,68,2.2666666666666666,True,0.7,0.95,0.1,
A-n39-k5,acs_cl15_ls2opt_adaptive_q0rho,4,908.2662426865325,,0.13870929181575775,True,4d049fc,5,15,adaptive,66,2.2,True,0.7,0.95,0.1,
A-n39-k5,acs_cl15_ls2opt_adaptive_q0rho,5,923.5988065942458,,0.1373549581039697,True,4d049fc,5,15,adaptive,64,2.1333333333333333,True,0.7,0.95,0.1,
A-n39-k5,acs_cl15_ls2opt_adaptive_q0rho,6,932.2932890831332,,0.13353441702201962,True,4d049fc,5,15,adaptive,60,2.0,True,0.7,0.95,0.1,
A-n39-k5,acs_cl15_ls2opt_adaptive_q0rho,7,908.2662426865325,,0.16186216589994729,True,4d049fc,5,15,adaptive,68,2.2666666666666666,True,0.7,0.95,0.1,
A-n39-k5,acs_cl15_ls2opt_adaptive_q0rho,8,887.8314372943564,,0.1390816669445485,True,4d049fc,5,15,adaptive,64,2.1333333333333333,True,0.7,0.95,0.1,
A-n39-k5,acs_cl15_ls2opt_adaptive_q0rho,9,908.1250835197638,,0.13479354209266603,True,4d049fc,5,15,adaptive,58,1.9333333333333333,True,0.7,0.95,0.1,
A-n39-k5,acs_cl15_ls2opt_adaptive_q0rho,10,908.2662426865325,,0.13597620814107358,True,4d049fc,5,15,adaptive,60,2.0,True,0.7,0.95,0.1,
A-n39-k5,acs_cl15_ls2opt_adaptive_q0rho,11,963.1420190629639,,0.13332041609100997,True,4d049fc,5,15,adaptive,52,1.7333333333333334,True,0.7,0.95,0.1,
A-n39-k5,acs_cl15_ls2opt_adaptive_q0rho,12,904.0793357997857,,0.15471216710284352,True,4d049fc,5,15,adaptive,66,2.2,True,0.7,0.95,0.1,
A-n39-k5,acs_cl15_ls2opt_adaptive_q0rho,13,889.2640703034085,,0.12511324998922646,True,4d049fc,5,15,adaptive,42,1.4,True,0.7,0.95,0.1,
A-n39-k5,acs_cl15_ls2opt_adaptive_q0rho,14,904.0793357997857,,0.15091491700150073,True,4d049fc,5,15,adaptive,64,2.1333333333333333,True,0.7,0.95,0.1,
A-n39-k5,acs_cl15_ls2opt_adaptive_q0rho,15,916.8576226498392,,0.13970541604794562,True,4d049fc,5,15,adaptive,66,2.2,True,0.7,0.95,0.1,
A-n39-k5,acs_cl15_ls2opt_adaptive_q0rho,16,904.0793357997857,,0.13317537517286837,True,4d049fc,5,15,adaptive,54,1.8,True,0.7,0.95,0.1,
A-n39-k5,acs_cl15_ls2opt_adaptive_q0rho,17,905.6991864316016,,0.1573632920626551,True,4d049fc,5,15,adaptive,62,2.066666666666667,True,0.7,0.95,0.1,
A-n39-k5,acs_cl15_ls2opt_adaptive_q0rho,18,908.2662426865325,,0.12994933384470642,True,4d049fc,5,15,adaptive,50,1.6666666666666667,True,0.7,0.95,0.1,
A-n39-k5,acs_cl15_ls2opt_adaptive_q0rho,19,916.8576226498392,,0.13201054092496634,True,4d049fc,5,15,adaptive,52,1.7333333333333334,True,0.7,0.95,0.1,
A-n39-k5,acs_cl15_ls2opt_adaptive_q0rho,20,922.715139348584,,0.15356849995441735,True,4d049fc,5,15,adaptive,62,2.066666666666667,True,0.7,0.95,0.1,
A-n39-k5,acs_cl15_ls2opt_adaptive_q0rho,21,925.7959731574103,,0.16119570890441537,True,4d049fc,5,15,adaptive,72,2.4,True,0.7,0.95,0.1,
A-n39-k5,acs_cl15_ls2opt_adaptive_q0rho,22,889.2640703034085,,0.14457537489943206,True,4d049fc,5,15,adaptive,74,2.466666666666667,True,0.7,0.95,0.1,
A-n39-k5,acs_cl15_ls2opt_adaptive_q0rho,23,926.5452175599755,,0.15833749994635582,True,4d049fc,5,15,adaptive,68,2.2666666666666666,True,0.7,0.95,0.1,
A-n39-k5,acs_cl15_ls2opt_adaptive_q0rho,24,908.2662426865325,,0.1359581658616662,True,4d049fc,5,15,adaptive,60,2.0,True,0.7,0.95,0.1,
A-n39-k5,acs_cl15_ls2opt_adaptive_q0rho,25,904.0793357997857,,0.1357404999434948,True,4d049fc,5,15,adaptive,58,1.9333333333333333,True,0.7,0.95,0.1,
A-n39-k5,acs_cl15_ls2opt_adaptive_q0rho,26,936.3833528314175,,0.13771508308127522,True,4d049fc,5,15,adaptive,58,1.9333333333333333,True,0.7,0.95,0.1,
A-n39-k5,acs_cl15_ls2opt_adaptive_q0rho,27,879.7921806792488,,0.13051012507639825,True,4d049fc,5,15,adaptive,58,1.9333333333333333,True,0.7,0.95,0.1,
A-n39-k5,acs_cl15_ls2opt_adaptive_q0rho,28,908.2662426865325,,0.15684504201635718,True,4d049fc,5,15,adaptive,62,2.066666666666667,True,0.7,0.95,0.1,
A-n39-k5,acs_cl15_ls2opt_adaptive_q0rho,29,917.8535155841932,,0.13205212517641485,True,4d049fc,5,15,adaptive,60,2.0,True,0.7,0.95,0.1,
A-n39-k5,acs_cl15_ls2opt_adaptive_q0sched,0,904.3755515195464,,0.13205683301202953,True,4d049fc,5,15,adaptive,58,1.9333333333333333,True,0.7,0.95,0.1,
A-n39-k5,acs_cl15_ls2opt_adaptive_q0sched,1,936.604748489551,,0.12623858405277133,True,4d049fc,5,15,adaptive,44,1.4666666666666666,True,0.7,0.95,0.1,
A-n39-k5,acs_cl15_ls2opt_adaptive_q0sched,2,904.0793357997857,,0.14352129213511944,True,4d049fc,5,15,adaptive,68,2.2666666666666666,True,0.7,0.95,0.1,
A-n39-k5,acs_cl15_ls2opt_adaptive_q0sched,3,922.9016671361244,,0.14688083389773965,True,4d049fc,5,15,adaptive,58,1.9333333333333333,True,0.7,0.95,0.1,
A-n39-k5,acs_cl15_ls2opt_adaptive_q0sched,4,908.2662426865325,,0.13924750010482967,True,4d049fc,5,15,adaptive,66,2.2,True,0.7,0.95,0.1,
A-n39-k5,acs_cl15_ls2opt_adaptive_q0sched,5,922.6744635991674,,0.13767083291895688,True,4d049fc,5,15,adaptive,64,2.1333333333333333,True,0.7,0.95,0.1,
A-n39-k5,acs_cl15_ls2opt_adaptive_q0sched,6,902.6467027907336,,0.13293799990788102,True,4d049fc,5,15,adaptive,60,2.0,True,0.7,0.95,0.1,
A-n39-k5,acs_cl15_ls2opt_adaptive_q0sched,7,908.2662426865325,,0.1578228750731796,True,4d049fc,5,15,adaptive,68,2.2666666666666666,True,0.7,0.95,0.1,
A-n39-k5,acs_cl15_ls2opt_adaptive_q0sched,8,904.0793357997857,,0.13724466692656279,True,4d049fc,5,15,adaptive,58,1.9333333333333333,True,0.7,0.95,0.1,
A-n39-k5,acs_cl15_ls2opt_adaptive_q0sched,9,908.2662426865325,,0.13938366598449647,True,4d049fc,5,15,adaptive,68,2.2666666666666666,True,0.7,0.95,0.1,
A-n39-k5,acs_cl15_ls2opt_adaptive_q0sched,10,908.2662426865325,,0.1332870409823954,True,4d049fc,5,15,adaptive,56,1.8666666666666667,True,0.7,0.95,0.1,
A-n39-k5,acs_cl15_ls2opt_adaptive_q0sched,11,948.7576449829222,,0.13010095804929733,True,4d049fc,5,15,adaptive,46,1.5333333333333334,True,0.7,0.95,0.1,
A-n39-k5,acs_cl15_ls2opt_adaptive_q0sched,12,904.0793357997857,,0.15455695893615484,True,4d049fc,5,15,adaptive,66,2.2,True,0.7,0.95,0.1,
A-n39-k5,acs_cl15_ls2opt_adaptive_q0sched,13,889.2640703034085,,0.12841037497855723,True,4d049fc,5,15,adaptive,52,1.7333333333333334,True,0.7,0.95,0.1,
A-n39-k5,acs_cl15_ls2opt_adaptive_q0sched,14,904.0793357997857,,0.15052933315746486,True,4d049fc,5,15,adaptive,64,2.1333333333333333,True,0.7,0.95,0.1,
A-n39-k5,acs_cl15_ls2opt_adaptive_q0sched,15,926.5483981620353,,0.12625279207713902,True,4d049fc,5,15,adaptive,42,1.4,True,0.7,0.95,0.1,
A-n39-k5,acs_cl15_ls2opt_adaptive_q0sched,16,889.2640703034085,,0.13519341708160937,True,4d049fc,5,15,adaptive,56,1.8666666666666667,True,0.7,0.95,0.1,
A-n39-k5,acs_cl15_ls2opt_adaptive_q0sched,17,905.6991864316016,,0.15312287490814924,True,4d049fc,5,15,adaptive,62,2.066666666666667,True,0.7,0.95,0.1,
A-n39-k5,acs_cl15_ls2opt_adaptive_q0sched,18,908.2662426865325,,0.13472974998876452,True,4d049fc,5,15,adaptive,56,1.8666666666666667,True,0.7,0.95,0.1,
A-n39-k5,acs_cl15_ls2opt_adaptive_q0sched,19,916.8576226498392,,0.13213879195973277,True,4d049fc,5,15,adaptive,52,1.7333333333333334,True,0.7,0.95,0.1,
A-n39-k5,acs_cl15_ls2opt_adaptive_q0sched,20,904.0793357997857,,0.15731558296829462,True,4d049fc,5,15,adaptive,66,2.2,True,0.7,0.95,0.1,
A-n39-k5,acs_cl15_ls2opt_adaptive_q0sched,21,925.7959731574103,,0.1600328751374036,True,4d049fc,5,15,adaptive,72,2.4,True,0.7,0.95,0.1,
A-n39-k5,acs_cl15_ls2opt_adaptive_q0sched,22,889.2640703034085,,0.1449965420179069,True,4d049fc,5,15,adaptive,74,2.466666666666667,True,0.7,0.95,0.1,
A-n39-k5,acs_cl15_ls2opt_adaptive_q0sched,23,921.5680695552041,,0.13944549998268485,True,4d049fc,5,15,adaptive,48,1.6,True,0.7,0.95,0.1,
A-n39-k5,acs_cl15_ls2opt_adaptive_q0sched,24,916.8576226498392,,0.14863445912487805,True,4d049fc,5,15,adaptive,78,2.6,True,0.7,0.95,0.1,
A-n39-k5,acs_cl15_ls2opt_adaptive_q0sched,25,894.507599512111,,0.13719854201190174,True,4d049fc,5,15,adaptive,58,1.9333333333333333,True,0.7,0.95,0.1,
A-n39-k5,acs_cl15_ls2opt_adaptive_q0sched,26,936.3833528314175,,0.1404902080539614,True,4d049fc,5,15,adaptive,58,1.9333333333333333,True,0.7,0.95,0.1,
A-n39-k5,acs_cl15_ls2opt_adaptive_q0sched,27,889.2640703034085,,0.14044345915317535,True,4d049fc,5,15,adaptive,68,2.2666666666666666,True,0.7,0.95,0.1,
A-n39-k5,acs_cl15_ls2opt_adaptive_q0sched,28,940.8763565441243,,0.1539750408846885,True,4d049fc,5,15,adaptive,64,2.1333333333333333,True,0.7,0.95,0.1,
A-n39-k5,acs_cl15_ls2opt_adaptive_q0sched,29,899.3372013326832,,0.12952062510885298,True,4d049fc,5,15,adaptive,54,1.8,True,0.7,0.95,0.1,
A-n39-k5,acs_cl15_ls2opt_fixed,0,908.2662426865325,,0.11400787509046495,True,4d049fc,5,15,best,30,1.0,False,0.7,0.95,0.1,
A-n39-k5,acs_cl15_ls2opt_fixed,1,916.8576226498392,,0.11337704211473465,True,4d049fc,5,15,best,30,1.0,False,0.7,0.95,0.1,
A-n39-k5,acs_cl15_ls2opt_fixed,2,913.4695632408246,,0.11409854213707149,True,4d049fc,5,15,best,30,1.0,False,0.7,0.95,0.1,
A-n39-k5,acs_cl15_ls2opt_fixed,3,921.5680695552041,,0.11346891708672047,True,4d049fc,5,15,best,30,1.0,False,0.7,0.95,0.1,
A-n39-k5,acs_cl15_ls2opt_fixed,4,867.329569394823,,0.11492420802824199,True,4d049fc,5,15,best,30,1.0,False,0.7,0.95,0.1,
A-n39-k5,acs_cl15_ls2opt_fixed,5,921.5680695552041,,0.1133406669832766,True,4d049fc,5,15,best,30,1.0,False,0.7,0.95,0.1,
A-n39-k5,acs_cl15_ls2opt_fixed,6,916.8576226498392,,0.1125147498678416,True,4d049fc,5,15,best,30,1.0,False,0.7,0.95,0.1,
A-n39-k5,acs_cl15_ls2opt_fixed,7,904.0793357997857,,0.11331679206341505,True,4d049fc,5,15,best,30,1.0,False,0.7,0.95,0.1,
A-n39-k5,acs_cl15_ls2opt_fixed,8,899.3551488410874,,0.11141587514430285,True,4d049fc,5,15,best,30,1.0,False,0.7,0.95,0.1,
A-n39-k5,acs_cl15_ls2opt_fixed,9,921.5680695552041,,0.11255325004458427,True,4d049fc,5,15,best,30,1.0,False,0.7,0.95,0.1,
A-n39-k5,acs_cl15_ls2opt_fixed,10,901.7710586413814,,0.11295987502671778,True,4d049fc,5,15,best,30,1.0,False,0.7,0.95,0.1,
A-n39-k5,acs_cl15_ls2opt_fixed,11,908.2662426865325,,0.11571691697463393,True,4d049fc,5,15,best,30,1.0,False,0.7,0.95,0.1,
A-n39-k5,acs_cl15_ls2opt_fixed,12,916.8576226498392,,0.11494704196229577,True,4d049fc,5,15,best,30,1.0,False,0.7,0.95,0.1,
A-n39-k5,acs_cl15_ls2opt_fixed,13,916.8576226498392,,0.1141539579257369,True,4d049fc,5,15,best,30,1.0,False,0.7,0.95,0.1,
A-n39-k5,acs_cl15_ls2opt_fixed,14,908.2662426865325,,0.11353345797397196,True,4d049fc,5,15,best,30,1.0,False,0.7,0.95,0.1,
A-n39-k5,acs_cl15_ls2opt_fixed,15,916.8576226498392,,0.1133295411709696,True,4d049fc,5,15,best,30,1.0,False,0.7,0.95,0.1,
A-n39-k5,acs_cl15_ls2opt_fixed,16,913.8354597467282,,0.11280658398754895,True,4d049fc,5,15,best,30,1.0,False,0.7,0.95,0.1,
A-n39-k5,acs_cl15_ls2opt_fixed,17,916.8576226498392,,0.11452412488870323,True,4d049fc,5,15,best,30,1.0,False,0.7,0.95,0.1,
A-n39-k5,acs_cl15_ls2opt_fixed,18,901.7710586413814,,0.113387499935925,True,4d049fc,5,15,best,30,1.0,False,0.7,0.95,0.1,
A-n39-k5,acs_cl15_ls2opt_fixed,19,937.7427007582401,,0.1160876250360161,True,4d049fc,5,15,best,30,1.0,False,0.7,0.95,0.1,
A-n39-k5,acs_cl15_ls2opt_fixed,20,904.0793357997857,,0.1214712921064347,True,4d049fc,5,15,best,30,1.0,False,0.7,0.95,0.1,
A-n39-k5,acs_cl15_ls2opt_fixed,21,930.4073130786568,,0.1159779999870807,True,4d049fc,5,15,best,30,1.0,False,0.7,0.95,0.1,
A-n39-k5,acs_cl15_ls2opt_fixed,22,936.3896384766238,,0.11354670906439424,True,4d049fc,5,15,best,30,1.0,False,0.7,0.95,0.1,
A-n39-k5,acs_cl15_ls2opt_fixed,23,908.2662426865325,,0.11292920797131956,True,4d049fc,5,15,best,30,1.0,False,0.7,0.95,0.1,
A-n39-k5,acs_cl15_ls2opt_fixed,24,946.0742732125218,,0.11317954096011817,True,4d049fc,5,15,best,30,1.0,False,0.7,0.95,0.1,
A-n39-k5,acs_cl15_ls2opt_fixed,25,888.8283441383305,,0.11227687494829297,True,4d049fc,5,15,best,30,1.0,False,0.7,0.95,0.1,
A-n39-k5,acs_cl15_ls2opt_fixed,26,916.8576226498392,,0.11418775003403425,True,4d049fc,5,15,best,30,1.0,False,0.7,0.95,0.1,
A-n39-k5,acs_cl15_ls2opt_fixed,27,889.2640703034085,,0.11404295894317329,True,4d049fc,5,15,best,30,1.0,False,0.7,0.95,0.1,
A-n39-k5,acs_cl15_ls2opt_fixed,28,908.2662426865325,,0.11298033315688372,True,4d049fc,5,15,best,30,1.0,False,0.7,0.95,0.1,
A-n39-k5,acs_cl15_ls2opt_fixed,29,908.2662426865325,,0.11308820801787078,True,4d049fc,5,15,best,30,1.0,False,0.7,0.95,0.1,
A-n39-k6,acs_baseline,0,1044.4773347684004,,0.12374479207210243,True,4d049fc,6,0,none,0,0.0,False,0.7,0.95,0.1,
A-n39-k6,acs_baseline,1,1058.6116498907886,,0.12359150010161102,True,4d049fc,6,0,none,0,0.0,False,0.7,0.95,0.1,
A-n39-k6,acs_baseline,2,1114.4833403392854,,0.12375962501391768,True,4d049fc,6,0,none,0,0.0,False,0.7,0.95,0.1,
A-n39-k6,acs_baseline,3,1064.3785153515844,,0.12324820808134973,True,4d049fc,6,0,none,0,0.0,False,0.7,0.95,0.1,
A-n39-k6,acs_baseline,4,1064.5113026676456,,0.1236236251424998,True,4d049fc,6,0,none,0,0.0,False,0.7,0.95,0.1,
A-n39-k6,acs_baseline,5,1074.13996086408,,0.12312154192477465,True,4d049fc,6,0,none,0,0.0,False,0.7,0.95,0.1,
A-n39-k6,acs_baseline,6,1058.6116498907886,,0.12281187484040856,True,4d049fc,6,0,none,0,0.0,False,0.7,0.95,0.1,
A-n39-k6,acs_baseline,7,1064.752619135957,,0.12376199988648295,True,4d049fc,6,0,none,0,0.0,False,0.7,0.95,0.1,
A-n39-k6,acs_baseline,8,1065.357828086945,,0.12331966706551611,True,4d049fc,6,0,none,0,0.0,False,0.7,0.95,0.1,
A-n39-k6,acs_baseline,9,1082.4057400014567,,0.12305237492546439,True,4d049fc,6,0,none,0,0.0,False,0.7,0.95,0.1,
A-n39-k6,acs_baseline,10,1024.6817049133122,,0.12345224991440773,True,4d049fc,6,0,none,0,0.0,False,0.7,0.95,0.1,
A-n39-k6,acs_baseline,11,1062.8224081768922,,0.12312904209829867,True,4d049fc,6,0,none,0,0.0,False,0.7,0.95,0.1,
A-n39-k6,acs_baseline,12,1069.508055269558,,0.12302329111844301,True,4d049fc,6,0,none,0,0.0,False,0.7,0.95,0.1,
A-n39-k6,acs_baseline,13,1024.6817049133122,,0.12327291700057685,True,4d049fc,6,0,none,0,0.0,False,0.7,0.95,0.1,
A-n39-k6,acs_baseline,14,1024.847486965389,,0.12372395908460021,True,4d049fc,6,0,none,0,0.0,False,0.7,0.95,0.1,
A-n39-k6,acs_baseline,15,1036.7023554463117,,0.12373962509445846,True,4d049fc,6,0,none,0,0.0,False,0.7,0.95,0.1,
A-n39-k6,acs_baseline,16,1044.6345130935842,,0.12347874999977648,True,4d049fc,6,0,none,0,0.0,False,0.7,0.95,0.1,
A-n39-k6,acs_baseline,17,1040.9447583927993,,0.1233550829347223,True,4d049fc,6,0,none,0,0.0,False,0.7,0.95,0.1,
A-n39-k6,acs_baseline,18,1035.1302866130266,,0.12353908317163587,True,4d049fc,6,0,none,0,0.0,False,0.7,0.95,0.1,
A-n39-k6,acs_baseline,19,1015.5323991008089,,0.12391083315014839,True,4d049fc,6,0,none,0,0.0,False,0.7,0.95,0.1,
A-n39-k6,acs_baseline,20,1076.9845133263555,,0.12403166596777737,True,4d049fc,6,0,none,0,0.0,False,0.7,0.95,0.1,
A-n39-k6,acs_baseline,21,1067.1453456286295,,0.12350033293478191,True,4d049fc,6,0,none,0,0.0,False,0.7,0.95,0.1,
A-n39-k6,acs_baseline,22,1067.0378181988212,,0.12360120820812881,True,4d049fc,6,0,none,0,0.0,False,0.7,0.95,0.1,
A-n39-k6,acs_baseline,23,1019.4403271877342,,0.12350574997253716,True,4d049fc,6,0,none,0,0.0,False,0.7,0.95,0.1,
A-n39-k6,acs_baseline,24,1064.752619135957,,0.12419033283367753,True,4d049fc,6,0,none,0,0.0,False,0.7,0.95,0.1,
A-n39-k6,acs_baseline,25,1038.6040019327886,,0.1234889579936862,True,4d049fc,6,0,none,0,0.0,False,0.7,0.95,0.1,
A-n39-k6,acs_baseline,26,1043.3900744199534,,0.12386962492018938,True,4d049fc,6,0,none,0,0.0,False,0.7,0.95,0.1,
A-n39-k6,acs_baseline,27,1063.159492642793,,0.12383558391593397,True,4d049fc,6,0,none,0,0.0,False,0.7,0.95,0.1,
A-n39-k6,acs_baseline,28,1071.2413885311967,,0.12357487482950091,True,4d049fc,6,0,none,0,0.0,False,0.7,0.95,0.1,
A-n39-k6,acs_baseline,29,1061.2349176789203,,0.12315812497399747,True,4d049fc,6,0,none,0,0.0,False,0.7,0.95,0.1,
A-n39-k6,acs_cl15,0,1046.9351902032558,,0.09790925006382167,True,4d049fc,6,15,none,0,0.0,False,0.7,0.95,0.1,
A-n39-k6,acs_cl15,1,1044.4773347684004,,0.12375125009566545,True,4d049fc,6,15,none,0,0.0,False,0.7,0.95,0.1,
A-n39-k6,acs_cl15,2,1012.1266908423945,,0.09825749997980893,True,4d049fc,6,15,none,0,0.0,False,0.7,0.95,0.1,
A-n39-k6,acs_cl15,3,1079.9180920197089,,0.0975915000308305,True,4d049fc,6,15,none,0,0.0,False,0.7,0.95,0.1,
A-n39-k6,acs_cl15,4,1058.6391098363333,,0.09798095817677677,True,4d049fc,6,15,none,0,0.0,False,0.7,0.95,0.1,
A-n39-k6,acs_cl15,5,1062.5740999468294,,0.09753550007008016,True,4d049fc,6,15,none,0,0.0,False,0.7,0.95,0.1,
A-n39-k6,acs_cl15,6,1080.2916699288742,,0.09735333314165473,True,4d049fc,6,15,none,0,0.0,False,0.7,0.95,0.1,
A-n39-k6,acs_cl15,7,1029.6820820709997,,0.09825312509201467,True,4d049fc,6,15,none,0,0.0,False,0.7,0.95,0.1,
A-n39-k6,acs_cl15,8,1065.2293331567028,,0.09791470901109278,True,4d049fc,6,15,none,0,0.0,False,0.7,0.95,0.1,
A-n39-k6,acs_cl15,9,1068.8974538534362,,0.09724216698668897,True,4d049fc,6,15,none,0,0.0,False,0.7,0.95,0.1,
A-n39-k6,acs_cl15,10,1104.5368692864452,,0.09813504200428724,True,4d049fc,6,15,none,0,0.0,False,0.7,0.95,0.1,
A-n39-k6,acs_cl15,11,1062.8224081768922,,0.09761025011539459,True,4d049fc,6,15,none,0,0.0,False,0.7,0.95,0.1,
A-n39-k6,acs_cl15,12,1050.932556281285,,0.09762908308766782,True,4d049fc,6,15,none,0,0.0,False,0.7,0.95,0.1,
A-n39-k6,acs_cl15,13,1073.032688128923,,0.09853829210624099,True,4d049fc,6,15,none,0,0.0,False,0.7,0.95,0.1,
A-n39-k6,acs_cl15,14,1029.5151818599536,,0.10004062508232892,True,4d049fc,6,15,none,0,0.0,False,0.7,0.95,0.1,
A-n39-k6,acs_cl15,15,1050.4961839106033,,0.09933779202401638,True,4d049fc,6,15,none,0,0.0,False,0.7,0.95,0.1,
A-n39-k6,acs_cl15,16,1058.6391098363333,,0.09856799989938736,True,4d049fc,6,15,none,0,0.0,False,0.7,0.95,0.1,
A-n39-k6,acs_cl15,17,1052.3093345325267,,0.09808837505988777,True,4d049fc,6,15,none,0,0.0,False,0.7,0.95,0.1,
A-n39-k6,acs_cl15,18,1069.967584992784,,0.09825791581533849,True,4d049fc,6,15,none,0,0.0,False,0.7,0.95,0.1,
A-n39-k6,acs_cl15,19,1069.508055269558,,0.0983187910169363,True,4d049fc,6,15,none,0,0.0,False,0.7,0.95,0.1,
A-n39-k6,acs_cl15,20,1068.8317956756082,,0.09863620810210705,True,4d049fc,6,15,none,0,0.0,False,0.7,0.95,0.1,
A-n39-k6,acs_cl15,21,1044.4773347684004,,0.09806491690687835,True,4d049fc,6,15,none,0,0.0,False,0.7,0.95,0.1,
A-n39-k6,acs_cl15,22,1079.6984897325185,,0.09817020781338215,True,4d049fc,6,15,none,0,0.0,False,0.7,0.95,0.1,
A-n39-k6,acs_cl15,23,1050.7054777410544,,0.09787250007502735,True,4d049fc,6,15,none,0,0.0,False,0.7,0.95,0.1,
A-n39-k6,acs_cl15,24,1056.9570770016412,,0.09824775019660592,True,4d049fc,6,15,none,0,0.0,False,0.7,0.95,0.1,
A-n39-k6,acs_cl15,25,1080.8025386233846,,0.09778133290819824,True,4d049fc,6,15,none,0,0.0,False,0.7,0.95,0.1,
A-n39-k6,acs_cl15,26,1057.0755582314318,,0.09769774996675551,True,4d049fc,6,15,none,0,0.0,False,0.7,0.95,0.1,
A-n39-k6,acs_cl15,27,1044.4773347684004,,0.09793270914815366,True,4d049fc,6,15,none,0,0.0,False,0.7,0.95,0.1,
A-n39-k6,acs_cl15,28,1079.6984897325185,,0.09782991604879498,True,4d049fc,6,15,none,0,0.0,False,0.7,0.95,0.1,
A-n39-k6,acs_cl15,29,1090.1430145037716,,0.09808150003664196,True,4d049fc,6,15,none,0,0.0,False,0.7,0.95,0.1,
A-n39-k6,acs_cl15_ls2opt_adaptive,0,1029.3471312155616,,0.11663649999536574,True,4d049fc,6,15,adaptive,54,1.8,False,0.7,0.95,0.1,
A-n39-k6,acs_cl15_ls2opt_adaptive,1,1023.5536793735172,,0.1186408749781549,True,4d049fc,6,15,adaptive,60,2.0,False,0.7,0.95,0.1,
A-n39-k6,acs_cl15_ls2opt_adaptive,2,1007.5478391439165,,0.12261820794083178,True,4d049fc,6,15,adaptive,70,2.3333333333333335,False,0.7,0.95,0.1,
A-n39-k6,acs_cl15_ls2opt_adaptive,3,979.2426584698295,,0.11574658402241766,True,4d049fc,6,15,adaptive,50,1.6666666666666667,False,0.7,0.95,0.1,
A-n39-k6,acs_cl15_ls2opt_adaptive,4,1043.0161804223394,,0.11712987488135695,True,4d049fc,6,15,adaptive,54,1.8,False,0.7,0.95,0.1,
A-n39-k6,acs_cl15_ls2opt_adaptive,5,1029.5028024802632,,0.12287654099054635,True,4d049fc,6,15,adaptive,74,2.466666666666667,False,0.7,0.95,0.1,
A-n39-k6,acs_cl15_ls2opt_adaptive,6,1054.9552320785415,,0.11688787513412535,True,4d049fc,6,15,adaptive,54,1.8,False,0.7,0.95,0.1,
A-n39-k6,acs_cl15_ls2opt_adaptive,7,1007.5478391439165,,0.11920750001445413,True,4d049fc,6,15,adaptive,60,2.0,False,0.7,0.95,0.1,
A-n39-k6,acs_cl15_ls2opt_adaptive,8,1048.3691688322126,,0.11879391688853502,True,4d049fc,6,15,adaptive,62,2.066666666666667,False,0.7,0.95,0.1,
A-n39-k6,acs_cl15_ls2opt_adaptive,9,1049.4404109207294,,0.1197636250872165,True,4d049fc,6,15,adaptive,64,2.1333333333333333,False,0.7,0.95,0.1,
A-n39-k6,acs_cl15_ls2opt_adaptive,10,1040.0826961268754,,0.11674145795404911,True,4d049fc,6,15,adaptive,56,1.8666666666666667,False,0.7,0.95,0.1,
A-n39-k6,acs_cl15_ls2opt_adaptive,11,1041.7208074646214,,0.12170474999584258,True,4d049fc,6,15,adaptive,68,2.2666666666666666,False,0.7,0.95,0.1,
A-n39-k6,acs_cl15_ls2opt_adaptive,12,978.6732954316077,,0.11843137512914836,True,4d049fc,6,15,adaptive,60,2.0,False,0.7,0.95,0.1,
A-n39-k6,acs_cl15_ls2opt_adaptive,13,1029.3471312155616,,0.1204148749820888,True,4d049fc,6,15,adaptive,64,2.1333333333333333,False,0.7,0.95,0.1,
A-n39-k6,acs_cl15_ls2opt_adaptive,14,969.1324208859703,,0.11932287504896522,True,4d049fc,6,15,adaptive,64,2.1333333333333333,False,0.7,0.95,0.1,
A-n39-k6,acs_cl15_ls2opt_adaptive,15,987.1493055680592,,0.11804745905101299,True,4d049fc,6,15,adaptive,56,1.8666666666666667,False,0.7,0.95,0.1,
A-n39-k6,acs_cl15_ls2opt_adaptive,16,1055.025099764819,,0.11690666689537466,True,4d049fc,6,15,adaptive,56,1.8666666666666667,False,0.7,0.95,0.1,
A-n39-k6,acs_cl15_ls2opt_adaptive,17,1048.9930426598198,,0.11629904084838927,True,4d049fc,6,15,adaptive,54,1.8,False,0.7,0.95,0.1,
A-n39-k6,acs_cl15_ls2opt_adaptive,18,1018.1739887015701,,0.11966254096478224,True,4d049fc,6,15,adaptive,64,2.1333333333333333,False,0.7,0.95,0.1,
A-n39-k6,acs_cl15_ls2opt_adaptive,19,1029.8433142690894,,0.12159595801495016,True,4d049fc,6,15,adaptive,66,2.2,False,0.7,0.95,0.1,
A-n39-k6,acs_cl15_ls2opt_adaptive,20,1021.3673041326381,,0.14562604203820229,True,4d049fc,6,15,adaptive,78,2.6,False,0.7,0.95,0.1,
A-n39-k6,acs_cl15_ls2opt_adaptive,21,1034.459479627217,,0.17539791692979634,True,4d049fc,6,15,adaptive,64,2.1333333333333333,False,0.7,0.95,0.1,
A-n39-k6,acs_cl15_ls2opt_adaptive,22,987.1493055680592,,0.15767012513242662,True,4d049fc,6,15,adaptive,60,2.0,False,0.7,0.95,0.1,
A-n39-k6,acs_cl15_ls2opt_adaptive,23,1029.8433142690894,,0.14630470797419548,True,4d049fc,6,15,adaptive,58,1.9333333333333333,False,0.7,0.95,0.1,
A-n39-k6,acs_cl15_ls2opt_adaptive,24,969.1324208859703,,0.15171487489715219,True,4d049fc,6,15,adaptive,68,2.2666666666666666,False,0.7,0.95,0.1,
A-n39-k6,acs_cl15_ls2opt_adaptive,25,1048.3691688322126,,0.14580208295956254,True,4d049fc,6,15,adaptive,48,1.6,False,0.7,0.95,0.1,
A-n39-k6,acs_cl15_ls2opt_adaptive,26,1028.7106158289464,,0.1657195829320699,True,4d049fc,6,15,adaptive,74,2.466666666666667,False,0.7,0.95,0.1,
A-n39-k6,acs_cl15_ls2opt_adaptive,27,1026.9610483403326,,0.12125349999405444,True,4d049fc,6,15,adaptive,64,2.1333333333333333,False,0.7,0.95,0.1,
A-n39-k6,acs_cl15_ls2opt_adaptive,28,1041.0025376430542,,0.11684758309274912,True,4d049fc,6,15,adaptive,54,1.8,False,0.7,0.95,0.1,
A-n39-k6,acs_cl15_ls2opt_adaptive,29,1053.0264873168953,,0.12279099994339049,True,4d049fc,6,15,adaptive,70,2.3333333333333335,False,0.7,0.95,0.1,
A-n39-k6,acs_cl15_ls2opt_adaptive_q0rho,0,1056.5233392940304,,0.1275280830450356,True,4d049fc,6,15,adaptive,66,2.2,True,0.7,0.95,0.1,
A-n39-k6,acs_cl15_ls2opt_adaptive_q0rho,1,1028.6208499025913,,0.13030729186721146,True,4d049fc,6,15,adaptive,76,2.533333333333333,True,0.7,0.95,0.1,
A-n39-k6,acs_cl15_ls2opt_adaptive_q0rho,2,1030.8047139007733,,0.12868966604582965,True,4d049fc,6,15,adaptive,68,2.2666666666666666,True,0.7,0.95,0.1,
A-n39-k6,acs_cl15_ls2opt_adaptive_q0rho,3,1018.9397457815262,,0.12562504201196134,True,4d049fc,6,15,adaptive,60,2.0,True,0.7,0.95,0.1,
A-n39-k6,acs_cl15_ls2opt_adaptive_q0rho,4,1020.8332946411902,,0.1259847499895841,True,4d049fc,6,15,adaptive,64,2.1333333333333333,True,0.7,0.95,0.1,
A-n39-k6,acs_cl15_ls2opt_adaptive_q0rho,5,987.1493055680592,,0.12965291691944003,True,4d049fc,6,15,adaptive,68,2.2666666666666666,True,0.7,0.95,0.1,
A-n39-k6,acs_cl15_ls2opt_adaptive_q0rho,6,1007.5478391439165,,0.12462879181839526,True,4d049fc,6,15,adaptive,62,2.066666666666667,True,0.7,0.95,0.1,
A-n39-k6,acs_cl15_ls2opt_adaptive_q0rho,7,1000.3713876189345,,0.12813625019043684,True,4d049fc,6,15,adaptive,70,2.3333333333333335,True,0.7,0.95,0.1,
A-n39-k6,acs_cl15_ls2opt_adaptive_q0rho,8,1010.4763652970071,,0.12858612509444356,True,4d049fc,6,15,adaptive,66,2.2,True,0.7,0.95,0.1,
A-n39-k6,acs_cl15_ls2opt_adaptive_q0rho,9,1018.9397457815261,,0.1200284999795258,True,4d049fc,6,15,adaptive,44,1.4666666666666666,True,0.7,0.95,0.1,
A-n39-k6,acs_cl15_ls2opt_adaptive_q0rho,10,1025.2913383599237,,0.1264066668227315,True,4d049fc,6,15,adaptive,64,2.1333333333333333,True,0.7,0.95,0.1,
A-n39-k6,acs_cl15_ls2opt_adaptive_q0rho,11,1034.2511114654847,,0.12353391712531447,True,4d049fc,6,15,adaptive,56,1.8666666666666667,True,0.7,0.95,0.1,
A-n39-k6,acs_cl15_ls2opt_adaptive_q0rho,12,1025.5252186645962,,0.1277510840445757,True,4d049fc,6,15,adaptive,70,2.3333333333333335,True,0.7,0.95,0.1,
A-n39-k6,acs_cl15_ls2opt_adaptive_q0rho,13,969.1324208859703,,0.12802066700533032,True,4d049fc,6,15,adaptive,66,2.2,True,0.7,0.95,0.1,
A-n39-k6,acs_cl15_ls2opt_adaptive_q0rho,14,1010.8103541236711,,0.13006033306010067,True,4d049fc,6,15,adaptive,68,2.2666666666666666,True,0.7,0.95,0.1,
A-n39-k6,acs_cl15_ls2opt_adaptive_q0rho,15,987.7441137619805,,0.12914291699416935,True,4d049fc,6,15,adaptive,68,2.2666666666666666,True,0.7,0.95,0.1,
A-n39-k6,acs_cl15_ls2opt_adaptive_q0rho,16,1020.5954367356799,,0.13269212492741644,True,4d049fc,6,15,adaptive,78,2.6,True,0.7,0.95,0.1,
A-n39-k6,acs_cl15_ls2opt_adaptive_q0rho,17,1021.3673041326381,,0.1270151250064373,True,4d049fc,6,15,adaptive,64,2.1333333333333333,True,0.7,0.95,0.1,
A-n39-k6,acs_cl15_ls2opt_adaptive_q0rho,18,1002.1995027231515,,0.131183166988194,True,4d049fc,6,15,adaptive,74,2.466666666666667,True,0.7,0.95,0.1,
A-n39-k6,acs_cl15_ls2opt_adaptive_q0rho,19,1018.9397457815261,,0.12866208399645984,True,4d049fc,6,15,adaptive,68,2.2666666666666666,True,0.7,0.95,0.1,
A-n39-k6,acs_cl15_ls2opt_adaptive_q0rho,20,1000.7259985807075,,0.12338000000454485,True,4d049fc,6,15,adaptive,54,1.8,True,0.7,0.95,0.1,
A-n39-k6,acs_cl15_ls2opt_adaptive_q0rho,21,1010.7811068244188,,0.12442420911975205,True,4d049fc,6,15,adaptive,56,1.8666666666666667,True,0.7,0.95,0.1,
A-n39-k6,acs_cl15_ls2opt_adaptive_q0rho,22,1007.5478391439163,,0.12167875003069639,True,4d049fc,6,15,adaptive,56,1.8666666666666667,True,0.7,0.95,0.1,
A-n39-k6,acs_cl15_ls2opt_adaptive_q0rho,23,987.1493055680592,,0.12033966602757573,True,4d049fc,6,15,adaptive,46,1.5333333333333334,True,0.7,0.95,0.1,
A-n39-k6,acs_cl15_ls2opt_adaptive_q0rho,24,995.8185165066209,,0.12100570788607001,True,4d049fc,6,15,adaptive,48,1.6,True,0.7,0.95,0.1,
A-n39-k6,acs_cl15_ls2opt_adaptive_q0rho,25,954.5981191314738,,0.12694900017231703,True,4d049fc,6,15,adaptive,62,2.066666666666667,True,0.7,0.95,0.1,
A-n39-k6,acs_cl15_ls2opt_adaptive_q0rho,26,1029.8433142690894,,0.121296291006729,True,4d049fc,6,15,adaptive,52,1.7333333333333334,True,0.7,0.95,0.1,
A-n39-k6,acs_cl15_ls2opt_adaptive_q0rho,27,1048.4467967561038,,0.1251460830681026,True,4d049fc,6,15,adaptive,58,1.9333333333333333,True,0.7,0.95,0.1,
A-n39-k6,acs_cl15_ls2opt_adaptive_q0rho,28,1056.3829061611211,,0.12483120802789927,True,4d049fc,6,15,adaptive,60,2.0,True,0.7,0.95,0.1,
A-n39-k6,acs_cl15_ls2opt_adaptive_q0rho,29,987.1493055680592,,0.1210913339164108,True,4d049fc,6,15,adaptive,48,1.6,True,0.7,0.95,0.1,
A-n39-k6,acs_cl15_ls2opt_adaptive_q0sched,0,1029.8433142690894,,0.12289050011895597,True,4d049fc,6,15,adaptive,54,1.8,True,0.7,0.95,0.1,
A-n39-k6,acs_cl15_ls2opt_adaptive_q0sched,1,1028.6208499025913,,0.12966808304190636,True,4d049fc,6,15,adaptive,76,2.533333333333333,True,0.7,0.95,0.1,
A-n39-k6,acs_cl15_ls2opt_adaptive_q0sched,2,1045.9785599577826,,0.12458091718144715,True,4d049fc,6,15,adaptive,56,1.8666666666666667,True,0.7,0.95,0.1,
A-n39-k6,acs_cl15_ls2opt_adaptive_q0sched,3,1018.9397457815262,,0.12212679209187627,True,4d049fc,6,15,adaptive,50,1.6666666666666667,True,0.7,0.95,0.1,
A-n39-k6,acs_cl15_ls2opt_adaptive_q0sched,4,978.6732954316077,,0.12208174983970821,True,4d049fc,6,15,adaptive,54,1.8,True,0.7,0.95,0.1,
A-n39-k6,acs_cl15_ls2opt_adaptive_q0sched,5,987.1493055680592,,0.1310685419011861,True,4d049fc,6,15,adaptive,68,2.2666666666666666,True,0.7,0.95,0.1,
A-n39-k6,acs_cl15_ls2opt_adaptive_q0sched,6,1039.6667106694422,,0.12509204191155732,True,4d049fc,6,15,adaptive,62,2.066666666666667,True,0.7,0.95,0.1,
A-n39-k6,acs_cl15_ls2opt_adaptive_q0sched,7,1000.3713876189345,,0.12710162485018373,True,4d049fc,6,15,adaptive,70,2.3333333333333335,True,0.7,0.95,0.1,
A-n39-k6,acs_cl15_ls2opt_adaptive_q0sched,8,980.4002830871226,,0.13238245900720358,True,4d049fc,6,15,adaptive,66,2.2,True,0.7,0.95,0.1,
A-n39-k6,acs_cl15_ls2opt_adaptive_q0sched,9,1004.1349015599524,,0.15955891693010926,True,4d049fc,6,15,adaptive,50,1.6666666666666667,True,0.7,0.95,0.1,
A-n39-k6,acs_cl15_ls2opt_adaptive_q0sched,10,1025.2913383599237,,0.14066558401100338,True,4d049fc,6,15,adaptive,64,2.1333333333333333,True,0.7,0.95,0.1,
A-n39-k6,acs_cl15_ls2opt_adaptive_q0sched,11,1018.9397457815261,,0.12481266702525318,True,4d049fc,6,15,adaptive,56,1.8666666666666667,True,0.7,0.95,0.1,
A-n39-k6,acs_cl15_ls2opt_adaptive_q0sched,12,1025.5252186645962,,0.1278626669663936,True,4d049fc,6,15,adaptive,70,2.3333333333333335,True,0.7,0.95,0.1,
A-n39-k6,acs_cl15_ls2opt_adaptive_q0sched,13,996.0545256413135,,0.1279968749731779,True,4d049fc,6,15,adaptive,66,2.2,True,0.7,0.95,0.1,
A-n39-k6,acs_cl15_ls2opt_adaptive_q0sched,14,998.7026754298192,,0.12619545799680054,True,4d049fc,6,15,adaptive,60,2.0,True,0.7,0.95,0.1,
A-n39-k6,acs_cl15_ls2opt_adaptive_q0sched,15,987.7441137619805,,0.12832733313553035,True,4d049fc,6,15,adaptive,68,2.2666666666666666,True,0.7,0.95,0.1,
A-n39-k6,acs_cl15_ls2opt_adaptive_q0sched,16,1015.8208742173521,,0.12828924995847046,True,4d049fc,6,15,adaptive,70,2.3333333333333335,True,0.7,0.95,0.1,
A-n39-k6,acs_cl15_ls2opt_adaptive_q0sched,17,1021.3673041326381,,0.12631145911291242,True,4d049fc,6,15,adaptive,64,2.1333333333333333,True,0.7,0.95,0.1,
A-n39-k6,acs_cl15_ls2opt_adaptive_q0sched,18,1002.1995027231515,,0.13101554196327925,True,4d049fc,6,15,adaptive,74,2.466666666666667,True,0.7,0.95,0.1,
A-n39-k6,acs_cl15_ls2opt_adaptive_q0sched,19,1034.998407385851,,0.12486041686497629,True,4d049fc,6,15,adaptive,56,1.8666666666666667,True,0.7,0.95,0.1,
A-n39-k6,acs_cl15_ls2opt_adaptive_q0sched,20,1036.932008251819,,0.12926108296960592,True,4d049fc,6,15,adaptive,68,2.2666666666666666,True,0.7,0.95,0.1,
A-n39-k6,acs_cl15_ls2opt_adaptive_q0sched,21,1021.7264884826676,,0.12475858302786946,True,4d049fc,6,15,adaptive,58,1.9333333333333333,True,0.7,0.95,0.1,
A-n39-k6,acs_cl15_ls2opt_adaptive_q0sched,22,999.3902732773983,,0.1259926671627909,True,4d049fc,6,15,adaptive,64,2.1333333333333333,True,0.7,0.95,0.1,
A-n39-k6,acs_cl15_ls2opt_adaptive_q0sched,23,1007.5478391439165,,0.12349870894104242,True,4d049fc,6,15,adaptive,56,1.8666666666666667,True,0.7,0.95,0.1,
A-n39-k6,acs_cl15_ls2opt_adaptive_q0sched,24,1018.4375810592051,,0.12229154095984995,True,4d049fc,6,15,adaptive,52,1.7333333333333334,True,0.7,0.95,0.1,
A-n39-k6,acs_cl15_ls2opt_adaptive_q0sched,25,1028.7739937082436,,0.12986529082991183,True,4d049fc,6,15,adaptive,72,2.4,True,0.7,0.95,0.1,
A-n39-k6,acs_cl15_ls2opt_adaptive_q0sched,26,987.7441137619805,,0.12327783298678696,True,4d049fc,6,15,adaptive,58,1.9333333333333333,True,0.7,0.95,0.1,
A-n39-k6,acs_cl15_ls2opt_adaptive_q0sched,27,1036.8354383517424,,0.12816070788539946,True,4d049fc,6,15,adaptive,68,2.2666666666666666,True,0.7,0.95,0.1,
A-n39-k6,acs_cl15_ls2opt_adaptive_q0sched,28,998.7685711281893,,0.12111295899376273,True,4d049fc,6,15,adaptive,50,1.6666666666666667,True,0.7,0.95,0.1,
A-n39-k6,acs_cl15_ls2opt_adaptive_q0sched,29,987.1493055680592,,0.11991170793771744,True,4d049fc,6,15,adaptive,48,1.6,True,0.7,0.95,0.1,
A-n39-k6,acs_cl15_ls2opt_fixed,0,1029.3471312155616,,0.10828191693872213,True,4d049fc,6,15,best,30,1.0,False,0.7,0.95,0.1,
A-n39-k6,acs_cl15_ls2opt_fixed,1,1023.5536793735172,,0.10773808299563825,True,4d049fc,6,15,best,30,1.0,False,0.7,0.95,0.1,
A-n39-k6,acs_cl15_ls2opt_fixed,2,1007.5478391439165,,0.10910308291204274,True,4d049fc,6,15,best,30,1.0,False,0.7,0.95,0.1,
A-n39-k6,acs_cl15_ls2opt_fixed,3,979.2426584698295,,0.10880587506107986,True,4d049fc,6,15,best,30,1.0,False,0.7,0.95,0.1,
A-n39-k6,acs_cl15_ls2opt_fixed,4,1043.0161804223394,,0.10815087519586086,True,4d049fc,6,15,best,30,1.0,False,0.7,0.95,0.1,
A-n39-k6,acs_cl15_ls2opt_fixed,5,1029.5028024802632,,0.10723320883698761,True,4d049fc,6,15,best,30,1.0,False,0.7,0.95,0.1,
A-n39-k6,acs_cl15_ls2opt_fixed,6,1047.8333420657007,,0.10799658414907753,True,4d049fc,6,15,best,30,1.0,False,0.7,0.95,0.1,
A-n39-k6,acs_cl15_ls2opt_fixed,7,1007.5478391439165,,0.11052124993875623,True,4d049fc,6,15,best,30,1.0,False,0.7,0.95,0.1,
A-n39-k6,acs_cl15_ls2opt_fixed,8,1048.3691688322126,,0.10717199998907745,True,4d049fc,6,15,best,30,1.0,False,0.7,0.95,0.1,
A-n39-k6,acs_cl15_ls2opt_fixed,9,1049.4404109207294,,0.10742954188026488,True,4d049fc,6,15,best,30,1.0,False,0.7,0.95,0.1,
A-n39-k6,acs_cl15_ls2opt_fixed,10,1040.0826961268754,,0.10727666690945625,True,4d049fc,6,15,best,30,1.0,False,0.7,0.95,0.1,
A-n39-k6,acs_cl15_ls2opt_fixed,11,1041.7208074646214,,0.10746749979443848,True,4d049fc,6,15,best,30,1.0,False,0.7,0.95,0.1,
A-n39-k6,acs_cl15_ls2opt_fixed,12,978.6732954316077,,0.10685558314435184,True,4d049fc,6,15,best,30,1.0,False,0.7,0.95,0.1,
A-n39-k6,acs_cl15_ls2opt_fixed,13,1029.3471312155616,,0.10796437505632639,True,4d049fc,6,15,best,30,1.0,False,0.7,0.95,0.1,
A-n39-k6,acs_cl15_ls2opt_fixed,14,969.1324208859703,,0.10706595797091722,True,4d049fc,6,15,best,30,1.0,False,0.7,0.95,0.1,
A-n39-k6,acs_cl15_ls2opt_fixed,15,987.1493055680592,,0.10813366691581905,True,4d049fc,6,15,best,30,1.0,False,0.7,0.95,0.1,
A-n39-k6,acs_cl15_ls2opt_fixed,16,1055.025099764819,,0.10808066697791219,True,4d049fc,6,15,best,30,1.0,False,0.7,0.95,0.1,
A-n39-k6,acs_cl15_ls2opt_fixed,17,1048.9930426598198,,0.10734966699965298,True,4d049fc,6,15,best,30,1.0,False,0.7,0.95,0.1,
A-n39-k6,acs_cl15_ls2opt_fixed,18,1047.9650057276313,,0.10753408307209611,True,4d049fc,6,15,best,30,1.0,False,0.7,0.95,0.1,
A-n39-k6,acs_cl15_ls2opt_fixed,19,1029.8433142690894,,0.10855629201978445,True,4d049fc,6,15,best,30,1.0,False,0.7,0.95,0.1,
A-n39-k6,acs_cl15_ls2opt_fixed,20,1021.3673041326381,,0.10801358404569328,True,4d049fc,6,15,best,30,1.0,False,0.7,0.95,0.1,
A-n39-k6,acs_cl15_ls2opt_fixed,21,1034.459479627217,,0.10744537506252527,True,4d049fc,6,15,best,30,1.0,False,0.7,0.95,0.1,
A-n39-k6,acs_cl15_ls2opt_fixed,22,987.1493055680592,,0.10844224994070828,True,4d049fc,6,15,best,30,1.0,False,0.7,0.95,0.1,
A-n39-k6,acs_cl15_ls2opt_fixed,23,1029.8433142690894,,0.10790820908732712,True,4d049fc,6,15,best,30,1.0,False,0.7,0.95,0.1,
A-n39-k6,acs_cl15_ls2opt_fixed,24,969.1324208859703,,0.10836891597136855,True,4d049fc,6,15,best,30,1.0,False,0.7,0.95,0.1,
A-n39-k6,acs_cl15_ls2opt_fixed,25,1048.3691688322126,,0.10766845801845193,True,4d049fc,6,15,best,30,1.0,False,0.7,0.95,0.1,
A-n39-k6,acs_cl15_ls2opt_fixed,26,1028.7106158289464,,0.10792037495411932,True,4d049fc,6,15,best,30,1.0,False,0.7,0.95,0.1,
A-n39-k6,acs_cl15_ls2opt_fixed,27,1026.9610483403326,,0.10804787487722933,True,4d049fc,6,15,best,30,1.0,False,0.7,0.95,0.1,
A-n39-k6,acs_cl15_ls2opt_fixed,28,1041.0025376430542,,0.10814020899124444,True,4d049fc,6,15,best,30,1.0,False,0.7,0.95,0.1,
A-n39-k6,acs_cl15_ls2opt_fixed,29,1053.0264873168953,,0.1081670830026269,True,4d049fc,6,15,best,30,1.0,False,0.7,0.95,0.1,
A-n44-k6,acs_baseline,0,1150.59368435066,,0.15292291715741158,True,4d049fc,6,0,none,0,0.0,False,0.7,0.95,0.1,
A-n44-k6,acs_baseline,1,1122.7864642583454,,0.15276829106733203,True,4d049fc,6,0,none,0,0.0,False,0.7,0.95,0.1,
A-n44-k6,acs_baseline,2,1141.4158989736666,,0.153093374799937,True,4d049fc,6,0,none,0,0.0,False,0.7,0.95,0.1,
A-n44-k6,acs_baseline,3,1114.0842056878982,,0.15245862491428852,True,4d049fc,6,0,none,0,0.0,False,0.7,0.95,0.1,
A-n44-k6,acs_baseline,4,1135.7096633251447,,0.153010583948344,True,4d049fc,6,0,none,0,0.0,False,0.7,0.95,0.1,
A-n44-k6,acs_baseline,5,1144.7212618894137,,0.15261874999850988,True,4d049fc,6,0,none,0,0.0,False,0.7,0.95,0.1,
A-n44-k6,acs_baseline,6,1077.2010540157235,,0.1522115000989288,True,4d049fc,6,0,none,0,0.0,False,0.7,0.95,0.1,
A-n44-k6,acs_baseline,7,1154.0693430222177,,0.15345450001768768,True,4d049fc,6,0,none,0,0.0,False,0.7,0.95,0.1,
A-n44-k6,acs_baseline,8,1114.5517440029128,,0.15230154083110392,True,4d049fc,6,0,none,0,0.0,False,0.7,0.95,0.1,
A-n44-k6,acs_baseline,9,1103.8482879732765,,0.15263145905919373,True,4d049fc,6,0,none,0,0.0,False,0.7,0.95,0.1,
A-n44-k6,acs_baseline,10,1157.608239516558,,0.15246287500485778,True,4d049fc,6,0,none,0,0.0,False,0.7,0.95,0.1,
A-n44-k6,acs_baseline,11,1097.0636741651983,,0.15198433306068182,True,4d049fc,6,0,none,0,0.0,False,0.7,0.95,0.1,
A-n44-k6,acs_baseline,12,1132.006960539401,,0.15173954190686345,True,4d049fc,6,0,none,0,0.0,False,0.7,0.95,0.1,
A-n44-k6,acs_baseline,13,1157.8564821889304,,0.15227058297023177,True,4d049fc,6,0,none,0,0.0,False,0.7,0.95,0.1,
A-n44-k6,acs_baseline,14,1139.8738114292696,,0.15270320791751146,True,4d049fc,6,0,none,0,0.0,False,0.7,0.95,0.1,
A-n44-k6,acs_baseline,15,1124.7359239962616,,0.15302141709253192,True,4d049fc,6,0,none,0,0.0,False,0.7,0.95,0.1,
A-n44-k6,acs_baseline,16,1062.8455562893575,,0.1522348748985678,True,4d049fc,6,0,none,0,0.0,False,0.7,0.95,0.1,
A-n44-k6,acs_baseline,17,1117.8702305367751,,0.15264420793391764,True,4d049fc,6,0,none,0,0.0,False,0.7,0.95,0.1,
A-n44-k6,acs_baseline,18,1142.681277580091,,0.15273020812310278,True,4d049fc,6,0,none,0,0.0,False,0.7,0.95,0.1,
A-n44-k6,acs_baseline,19,1149.1022880613893,,0.15286658401601017,True,4d049fc,6,0,none,0,0.0,False,0.7,0.95,0.1,
A-n44-k6,acs_baseline,20,1071.0727310367029,,0.15303108398802578,True,4d049fc,6,0,none,0,0.0,False,0.7,0.95,0.1,
A-n44-k6,acs_baseline,21,1125.059133519476,,0.15290158311836421,True,4d049fc,6,0,none,0,0.0,False,0.7,0.95,0.1,
A-n44-k6,acs_baseline,22,1134.9264984028157,,0.15246995794586837,True,4d049fc,6,0,none,0,0.0,False,0.7,0.95,0.1,
A-n44-k6,acs_baseline,23,1116.8366367175838,,0.15481233410537243,True,4d049fc,6,0,none,0,0.0,False,0.7,0.95,0.1,
A-n44-k6,acs_baseline,24,1130.8545812325992,,0.1565192500129342,True,4d049fc,6,0,none,0,0.0,False,0.7,0.95,0.1,
A-n44-k6,acs_baseline,25,1104.8988750033946,,0.15321558294817805,True,4d049fc,6,0,none,0,0.0,False,0.7,0.95,0.1,
A-n44-k6,acs_baseline,26,1136.6008116568414,,0.1529704169370234,True,4d049fc,6,0,none,0,0.0,False,0.7,0.95,0.1,
A-n44-k6,acs_baseline,27,1132.3400422945545,,0.15259887487627566,True,4d049fc,6,0,none,0,0.0,False,0.7,0.95,0.1,
A-n44-k6,acs_baseline,28,1107.8745929353101,,0.1526854580733925,True,4d049fc,6,0,none,0,0.0,False,0.7,0.95,0.1,
A-n44-k6,acs_baseline,29,1151.0800611709456,,0.15274054207839072,True,4d049fc,6,0,none,0,0.0,False,0.7,0.95,0.1,
A-n44-k6,acs_cl15,0,1122.6101898943962,,0.11469808383844793,True,4d049fc,6,15,none,0,0.0,False,0.7,0.95,0.1,
A-n44-k6,acs_cl15,1,1129.1971896966004,,0.1142188748344779,True,4d049fc,6,15,none,0,0.0,False,0.7,0.95,0.1,
A-n44-k6,acs_cl15,2,1138.2563907072513,,0.11457420815713704,True,4d049fc,6,15,none,0,0.0,False,0.7,0.95,0.1,
A-n44-k6,acs_cl15,3,1145.0603454806546,,0.11456995899789035,True,4d049fc,6,15,none,0,0.0,False,0.7,0.95,0.1,
A-n44-k6,acs_cl15,4,1106.632820301947,,0.11406754096969962,True,4d049fc,6,15,none,0,0.0,False,0.7,0.95,0.1,
A-n44-k6,acs_cl15,5,1111.8392758007362,,0.11426054104231298,True,4d049fc,6,15,none,0,0.0,False,0.7,0.95,0.1,
A-n44-k6,acs_cl15,6,1114.7334064408751,,0.11371520790271461,True,4d049fc,6,15,none,0,0.0,False,0.7,0.95,0.1,
A-n44-k6,acs_cl15,7,1160.1456185917573,,0.1147095828782767,True,4d049fc,6,15,none,0,0.0,False,0.7,0.95,0.1,
A-n44-k6,acs_cl15,8,1152.2043457593563,,0.11449775006622076,True,4d049fc,6,15,none,0,0.0,False,0.7,0.95,0.1,
A-n44-k6,acs_cl15,9,1118.9113168432434,,0.11372154182754457,True,4d049fc,6,15,none,0,0.0,False,0.7,0.95,0.1,
A-n44-k6,acs_cl15,10,1111.446713397016,,0.11415320914238691,True,4d049fc,6,15,none,0,0.0,False,0.7,0.95,0.1,
A-n44-k6,acs_cl15,11,1139.0096001866511,,0.11403508414514363,True,4d049fc,6,15,none,0,0.0,False,0.7,0.95,0.1,
A-n44-k6,acs_cl15,12,1116.5289978204519,,0.11363349994644523,True,4d049fc,6,15,none,0,0.0,False,0.7,0.95,0.1,
A-n44-k6,acs_cl15,13,1136.67281204326,,0.11420291708782315,True,4d049fc,6,15,none,0,0.0,False,0.7,0.95,0.1,
A-n44-k6,acs_cl15,14,1124.9361613215096,,0.11438354197889566,True,4d049fc,6,15,none,0,0.0,False,0.7,0.95,0.1,
A-n44-k6,acs_cl15,15,1125.204955564212,,0.11450108396820724,True,4d049fc,6,15,none,0,0.0,False,0.7,0.95,0.1,
A-n44-k6,acs_cl15,16,1078.125258768996,,0.11394629185087979,True,4d049fc,6,15,none,0,0.0,False,0.7,0.95,0.1,
A-n44-k6,acs_cl15,17,1089.2688536753399,,0.11417908291332424,True,4d049fc,6,15,none,0,0.0,False,0.7,0.95,0.1,
A-n44-k6,acs_cl15,18,1099.879509916548,,0.11399233411066234,True,4d049fc,6,15,none,0,0.0,False,0.7,0.95,0.1,
A-n44-k6,acs_cl15,19,1151.9820218239452,,0.1142321249935776,True,4d049fc,6,15,none,0,0.0,False,0.7,0.95,0.1,
A-n44-k6,acs_cl15,20,1139.883774330537,,0.11464279191568494,True,4d049fc,6,15,none,0,0.0,False,0.7,0.95,0.1,
A-n44-k6,acs_cl15,21,1069.8430340575048,,0.11454716697335243,True,4d049fc,6,15,none,0,0.0,False,0.7,0.95,0.1,
A-n44-k6,acs_cl15,22,1137.0223496060617,,0.11423399997875094,True,4d049fc,6,15,none,0,0.0,False,0.7,0.95,0.1,
A-n44-k6,acs_cl15,23,1134.9264984028157,,0.11444462509825826,True,4d049fc,6,15,none,0,0.0,False,0.7,0.95,0.1,
A-n44-k6,acs_cl15,24,1119.7685671863296,,0.11474100011400878,True,4d049fc,6,15,none,0,0.0,False,0.7,0.95,0.1,
A-n44-k6,acs_cl15,25,1141.0453400298845,,0.11436404194682837,True,4d049fc,6,15,none,0,0.0,False,0.7,0.95,0.1,
A-n44-k6,acs_cl15,26,1113.8458784720515,,0.11433687503449619,True,4d049fc,6,15,none,0,0.0,False,0.7,0.95,0.1,
A-n44-k6,acs_cl15,27,1125.8012261324284,,0.11400266690179706,True,4d049fc,6,15,none,0,0.0,False,0.7,0.95,0.1,
A-n44-k6,acs_cl15,28,1086.927345968777,,0.11376537499018013,True,4d049fc,6,15,none,0,0.0,False,0.7,0.95,0.1,
A-n44-k6,acs_cl15,29,1128.9318396813733,,0.11432041693478823,True,4d049fc,6,15,none,0,0.0,False,0.7,0.95,0.1,
A-n44-k6,acs_cl15_ls2opt_adaptive,0,1049.2732563293926,,0.13939804187975824,True,4d049fc,6,15,adaptive,62,2.066666666666667,False,0.7,0.95,0.1,
A-n44-k6,acs_cl15_ls2opt_adaptive,1,1061.2671081948304,,0.1397030409425497,True,4d049fc,6,15,adaptive,62,2.066666666666667,False,0.7,0.95,0.1,
A-n44-k6,acs_cl15_ls2opt_adaptive,2,1050.0401373284617,,0.14001537510193884,True,4d049fc,6,15,adaptive,64,2.1333333333333333,False,0.7,0.95,0.1,
A-n44-k6,acs_cl15_ls2opt_adaptive,3,1083.10781131593,,0.1375810829922557,True,4d049fc,6,15,adaptive,58,1.9333333333333333,False,0.7,0.95,0.1,
A-n44-k6,acs_cl15_ls2opt_adaptive,4,1083.8783370066121,,0.1379044158384204,True,4d049fc,6,15,adaptive,60,2.0,False,0.7,0.95,0.1,
A-n44-k6,acs_cl15_ls2opt_adaptive,5,1073.5161100144428,,0.14417324983514845,True,4d049fc,6,15,adaptive,72,2.4,False,0.7,0.95,0.1,
A-n44-k6,acs_cl15_ls2opt_adaptive,6,1069.4705708825154,,0.1422582499217242,True,4d049fc,6,15,adaptive,70,2.3333333333333335,False,0.7,0.95,0.1,
A-n44-k6,acs_cl15_ls2opt_adaptive,7,1084.376621806939,,0.14154062513262033,True,4d049fc,6,15,adaptive,66,2.2,False,0.7,0.95,0.1,
A-n44-k6,acs_cl15_ls2opt_adaptive,8,1082.8337289874335,,0.1401036251336336,True,4d049fc,6,15,adaptive,64,2.1333333333333333,False,0.7,0.95,0.1,
A-n44-k6,acs_cl15_ls2opt_adaptive,9,1057.87061348631,,0.1364734589587897,True,4d049fc,6,15,adaptive,58,1.9333333333333333,False,0.7,0.95,0.1,
A-n44-k6,acs_cl15_ls2opt_adaptive,10,1055.9916695055692,,0.13599670794792473,True,4d049fc,6,15,adaptive,54,1.8,False,0.7,0.95,0.1,
A-n44-k6,acs_cl15_ls2opt_adaptive,11,1075.1136602709655,,0.13016070798039436,True,4d049fc,6,15,adaptive,38,1.2666666666666666,False,0.7,0.95,0.1,
A-n44-k6,acs_cl15_ls2opt_adaptive,12,1043.1187571191763,,0.14523174986243248,True,4d049fc,6,15,adaptive,68,2.2666666666666666,False,0.7,0.95,0.1,
A-n44-k6,acs_cl15_ls2opt_adaptive,13,1087.1120002861207,,0.13807091722264886,True,4d049fc,6,15,adaptive,58,1.9333333333333333,False,0.7,0.95,0.1,
A-n44-k6,acs_cl15_ls2opt_adaptive,14,1069.5926372548972,,0.14210095792077482,True,4d049fc,6,15,adaptive,68,2.2666666666666666,False,0.7,0.95,0.1,
A-n44-k6,acs_cl15_ls2opt_adaptive,15,1093.759966776551,,0.14322320884093642,True,4d049fc,6,15,adaptive,74,2.466666666666667,False,0.7,0.95,0.1,
A-n44-k6,acs_cl15_ls2opt_adaptive,16,1037.828257748355,,0.14413045905530453,True,4d049fc,6,15,adaptive,74,2.466666666666667,False,0.7,0.95,0.1,
A-n44-k6,acs_cl15_ls2opt_adaptive,17,1042.0346587637814,,0.14440895803272724,True,4d049fc,6,15,adaptive,76,2.533333333333333,False,0.7,0.95,0.1,
A-n44-k6,acs_cl15_ls2opt_adaptive,18,1069.4705708825154,,0.1432879171334207,True,4d049fc,6,15,adaptive,70,2.3333333333333335,False,0.7,0.95,0.1,
A-n44-k6,acs_cl15_ls2opt_adaptive,19,1073.53191966411,,0.14597120811231434,True,4d049fc,6,15,adaptive,78,2.6,False,0.7,0.95,0.1,
A-n44-k6,acs_cl15_ls2opt_adaptive,20,1047.4861616903208,,0.1411347498651594,True,4d049fc,6,15,adaptive,66,2.2,False,0.7,0.95,0.1,
A-n44-k6,acs_cl15_ls2opt_adaptive,21,1031.7618583214687,,0.14331241720356047,True,4d049fc,6,15,adaptive,74,2.466666666666667,False,0.7,0.95,0.1,
A-n44-k6,acs_cl15_ls2opt_adaptive,22,1098.0245471029373,,0.1438939580693841,True,4d049fc,6,15,adaptive,70,2.3333333333333335,False,0.7,0.95,0.1,
A-n44-k6,acs_cl15_ls2opt_adaptive,23,1087.1120002861207,,0.1446314579807222,True,4d049fc,6,15,adaptive,72,2.4,False,0.7,0.95,0.1,
A-n44-k6,acs_cl15_ls2opt_adaptive,24,1075.977646979663,,0.1395022920332849,True,4d049fc,6,15,adaptive,62,2.066666666666667,False,0.7,0.95,0.1,
A-n44-k6,acs_cl15_ls2opt_adaptive,25,1071.8565698350428,,0.14415779197588563,True,4d049fc,6,15,adaptive,72,2.4,False,0.7,0.95,0.1,
A-n44-k6,acs_cl15_ls2opt_adaptive,26,1058.4525961607903,,0.14692712505348027,True,4d049fc,6,15,adaptive,78,2.6,False,0.7,0.95,0.1,
A-n44-k6,acs_cl15_ls2opt_adaptive,27,1055.0457548999796,,0.14123370801098645,True,4d049fc,6,15,adaptive,66,2.2,False,0.7,0.95,0.1,
A-n44-k6,acs_cl15_ls2opt_adaptive,28,1031.387322612391,,0.1400022921152413,True,4d049fc,6,15,adaptive,66,2.2,False,0.7,0.95,0.1,
A-n44-k6,acs_cl15_ls2opt_adaptive,29,1087.1120002861207,,0.13864037487655878,True,4d049fc,6,15,adaptive,60,2.0,False,0.7,0.95,0.1,
A-n44-k6,acs_cl15_ls2opt_adaptive_q0rho,0,1041.936368179663,,0.3802180830389261,True,4d049fc,6,15,adaptive,78,2.6,True,0.7,0.95,0.1,
A-n44-k6,acs_cl15_ls2opt_adaptive_q0rho,1,1077.9848260401614,,0.16140116704627872,True,4d049fc,6,15,adaptive,66,2.2,True,0.7,0.95,0.1,
A-n44-k6,acs_cl15_ls2opt_adaptive_q0rho,2,1039.1520020058388,,0.18171387491747737,True,4d049fc,6,15,adaptive,76,2.533333333333333,True,0.7,0.95,0.1,
A-n44-k6,acs_cl15_ls2opt_adaptive_q0rho,3,1087.1120002861207,,0.14654745906591415,True,4d049fc,6,15,adaptive,54,1.8,True,0.7,0.95,0.1,
A-n44-k6,acs_cl15_ls2opt_adaptive_q0rho,4,1043.3583811950068,,0.18930208310484886,True,4d049fc,6,15,adaptive,76,2.533333333333333,True,0.7,0.95,0.1,
A-n44-k6,acs_cl15_ls2opt_adaptive_q0rho,5,1068.8748613647842,,0.14881620788946748,True,4d049fc,6,15,adaptive,68,2.2666666666666666,True,0.7,0.95,0.1,
A-n44-k6,acs_cl15_ls2opt_adaptive_q0rho,6,1115.0051421330932,,0.1472083751577884,True,4d049fc,6,15,adaptive,66,2.2,True,0.7,0.95,0.1,
A-n44-k6,acs_cl15_ls2opt_adaptive_q0rho,7,1053.110771619946,,0.15174804092384875,True,4d049fc,6,15,adaptive,76,2.533333333333333,True,0.7,0.95,0.1,
A-n44-k6,acs_cl15_ls2opt_adaptive_q0rho,8,1034.976540099575,,0.1513253329321742,True,4d049fc,6,15,adaptive,72,2.4,True,0.7,0.95,0.1,
A-n44-k6,acs_cl15_ls2opt_adaptive_q0rho,9,1051.5484961303546,,0.1539907909464091,True,4d049fc,6,15,adaptive,76,2.533333333333333,True,0.7,0.95,0.1,
A-n44-k6,acs_cl15_ls2opt_adaptive_q0rho,10,1044.7001642635655,,0.1502375421114266,True,4d049fc,6,15,adaptive,72,2.4,True,0.7,0.95,0.1,
A-n44-k6,acs_cl15_ls2opt_adaptive_q0rho,11,1050.2959266042276,,0.14599237497895956,True,4d049fc,6,15,adaptive,64,2.1333333333333333,True,0.7,0.95,0.1,
A-n44-k6,acs_cl15_ls2opt_adaptive_q0rho,12,1060.0963887613693,,0.14898779219947755,True,4d049fc,6,15,adaptive,64,2.1333333333333333,True,0.7,0.95,0.1,
A-n44-k6,acs_cl15_ls2opt_adaptive_q0rho,13,1091.08205347195,,0.1452707089483738,True,4d049fc,6,15,adaptive,58,1.9333333333333333,True,0.7,0.95,0.1,
A-n44-k6,acs_cl15_ls2opt_adaptive_q0rho,14,1027.2662367435546,,0.1508104579988867,True,4d049fc,6,15,adaptive,70,2.3333333333333335,True,0.7,0.95,0.1,
A-n44-k6,acs_cl15_ls2opt_adaptive_q0rho,15,1058.4525961607903,,0.15193299995735288,True,4d049fc,6,15,adaptive,72,2.4,True,0.7,0.95,0.1,
A-n44-k6,acs_cl15_ls2opt_adaptive_q0rho,16,1047.385317764784,,0.14927470800466835,True,4d049fc,6,15,adaptive,68,2.2666666666666666,True,0.7,0.95,0.1,
A-n44-k6,acs_cl15_ls2opt_adaptive_q0rho,17,1058.3190986983486,,0.14993354096077383,True,4d049fc,6,15,adaptive,64,2.1333333333333333,True,0.7,0.95,0.1,
A-n44-k6,acs_cl15_ls2opt_adaptive_q0rho,18,1068.1175869520043,,0.15323137491941452,True,4d049fc,6,15,adaptive,76,2.533333333333333,True,0.7,0.95,0.1,
A-n44-k6,acs_cl15_ls2opt_adaptive_q0rho,19,1064.6646597849551,,0.14934179210104048,True,4d049fc,6,15,adaptive,68,2.2666666666666666,True,0.7,0.95,0.1,
A-n44-k6,acs_cl15_ls2opt_adaptive_q0rho,20,1075.977646979663,,0.15081654209643602,True,4d049fc,6,15,adaptive,70,2.3333333333333335,True,0.7,0.95,0.1,
A-n44-k6,acs_cl15_ls2opt_adaptive_q0rho,21,1054.8160471983608,,0.1475214590318501,True,4d049fc,6,15,adaptive,62,2.066666666666667,True,0.7,0.95,0.1,
A-n44-k6,acs_cl15_ls2opt_adaptive_q0rho,22,1017.0838272671278,,0.15296683297492564,True,4d049fc,6,15,adaptive,76,2.533333333333333,True,0.7,0.95,0.1,
A-n44-k6,acs_cl15_ls2opt_adaptive_q0rho,23,1011.0820818027335,,0.1527348340023309,True,4d049fc,6,15,adaptive,78,2.6,True,0.7,0.95,0.1,
A-n44-k6,acs_cl15_ls2opt_adaptive_q0rho,24,1039.172345211592,,0.1466419999487698,True,4d049fc,6,15,adaptive,58,1.9333333333333333,True,0.7,0.95,0.1,
A-n44-k6,acs_cl15_ls2opt_adaptive_q0rho,25,1050.8636552490743,,0.15061858296394348,True,4d049fc,6,15,adaptive,70,2.3333333333333335,True,0.7,0.95,0.1,
A-n44-k6,acs_cl15_ls2opt_adaptive_q0rho,26,1010.32021405093,,0.1546372501179576,True,4d049fc,6,15,adaptive,78,2.6,True,0.7,0.95,0.1,
A-n44-k6,acs_cl15_ls2opt_adaptive_q0rho,27,1081.3727478989213,,0.14947979198768735,True,4d049fc,6,15,adaptive,68,2.2666666666666666,True,0.7,0.95,0.1,
A-n44-k6,acs_cl15_ls2opt_adaptive_q0rho,28,1071.5862709414255,,0.15128120803274214,True,4d049fc,6,15,adaptive,72,2.4,True,0.7,0.95,0.1,
A-n44-k6,acs_cl15_ls2opt_adaptive_q0rho,29,1079.4542025890962,,0.1534644579514861,True,4d049fc,6,15,adaptive,76,2.533333333333333,True,0.7,0.95,0.1,
A-n44-k6,acs_cl15_ls2opt_adaptive_q0sched,0,1041.936368179663,,0.1534679587930441,True,4d049fc,6,15,adaptive,78,2.6,True,0.7,0.95,0.1,
A-n44-k6,acs_cl15_ls2opt_adaptive_q0sched,1,1071.643166700146,,0.14933629194274545,True,4d049fc,6,15,adaptive,66,2.2,True,0.7,0.95,0.1,
A-n44-k6,acs_cl15_ls2opt_adaptive_q0sched,2,1039.1520020058388,,0.15380312502384186,True,4d049fc,6,15,adaptive,76,2.533333333333333,True,0.7,0.95,0.1,
A-n44-k6,acs_cl15_ls2opt_adaptive_q0sched,3,1107.9798986760243,,0.1478857919573784,True,4d049fc,6,15,adaptive,64,2.1333333333333333,True,0.7,0.95,0.1,
A-n44-k6,acs_cl15_ls2opt_adaptive_q0sched,4,1011.1739571815245,,0.14773691585287452,True,4d049fc,6,15,adaptive,66,2.2,True,0.7,0.95,0.1,
A-n44-k6,acs_cl15_ls2opt_adaptive_q0sched,5,1068.8748613647842,,0.14893529191613197,True,4d049fc,6,15,adaptive,68,2.2666666666666666,True,0.7,0.95,0.1,
A-n44-k6,acs_cl15_ls2opt_adaptive_q0sched,6,1031.391363125109,,0.14488791581243277,True,4d049fc,6,15,adaptive,56,1.8666666666666667,True,0.7,0.95,0.1,
A-n44-k6,acs_cl15_ls2opt_adaptive_q0sched,7,1042.2386272983451,,0.14902933314442635,True,4d049fc,6,15,adaptive,66,2.2,True,0.7,0.95,0.1,
A-n44-k6,acs_cl15_ls2opt_adaptive_q0sched,8,1034.976540099575,,0.15071541699580848,True,4d049fc,6,15,adaptive,72,2.4,True,0.7,0.95,0.1,
A-n44-k6,acs_cl15_ls2opt_adaptive_q0sched,9,1032.7119822177833,,0.14896516595035791,True,4d049fc,6,15,adaptive,66,2.2,True,0.7,0.95,0.1,
A-n44-k6,acs_cl15_ls2opt_adaptive_q0sched,10,1044.7001642635655,,0.1505831249523908,True,4d049fc,6,15,adaptive,72,2.4,True,0.7,0.95,0.1,
A-n44-k6,acs_cl15_ls2opt_adaptive_q0sched,11,1060.1341080282539,,0.1478969999589026,True,4d049fc,6,15,adaptive,66,2.2,True,0.7,0.95,0.1,
A-n44-k6,acs_cl15_ls2opt_adaptive_q0sched,12,1055.1355784023544,,0.1461891250219196,True,4d049fc,6,15,adaptive,58,1.9333333333333333,True,0.7,0.95,0.1,
A-n44-k6,acs_cl15_ls2opt_adaptive_q0sched,13,1087.8357044411755,,0.14377329195849597,True,4d049fc,6,15,adaptive,54,1.8,True,0.7,0.95,0.1,
A-n44-k6,acs_cl15_ls2opt_adaptive_q0sched,14,1027.2662367435546,,0.1506825420074165,True,4d049fc,6,15,adaptive,70,2.3333333333333335,True,0.7,0.95,0.1,
A-n44-k6,acs_cl15_ls2opt_adaptive_q0sched,15,1014.3929865424677,,0.14734387514181435,True,4d049fc,6,15,adaptive,62,2.066666666666667,True,0.7,0.95,0.1,
A-n44-k6,acs_cl15_ls2opt_adaptive_q0sched,16,1061.1683605815224,,0.1481280829757452,True,4d049fc,6,15,adaptive,64,2.1333333333333333,True,0.7,0.95,0.1,
A-n44-k6,acs_cl15_ls2opt_adaptive_q0sched,17,1084.3850294363933,,0.14988570800051093,True,4d049fc,6,15,adaptive,68,2.2666666666666666,True,0.7,0.95,0.1,
A-n44-k6,acs_cl15_ls2opt_adaptive_q0sched,18,1068.1175869520043,,0.1531186660286039,True,4d049fc,6,15,adaptive,76,2.533333333333333,True,0.7,0.95,0.1,
A-n44-k6,acs_cl15_ls2opt_adaptive_q0sched,19,1064.4535102166496,,0.14902920904569328,True,4d049fc,6,15,adaptive,68,2.2666666666666666,True,0.7,0.95,0.1,
A-n44-k6,acs_cl15_ls2opt_adaptive_q0sched,20,1075.977646979663,,0.15040783397853374,True,4d049fc,6,15,adaptive,70,2.3333333333333335,True,0.7,0.95,0.1,
A-n44-k6,acs_cl15_ls2opt_adaptive_q0sched,21,1058.4525961607903,,0.14848708314821124,True,4d049fc,6,15,adaptive,62,2.066666666666667,True,0.7,0.95,0.1,
A-n44-k6,acs_cl15_ls2opt_adaptive_q0sched,22,1017.0838272671278,,0.15369799989275634,True,4d049fc,6,15,adaptive,76,2.533333333333333,True,0.7,0.95,0.1,
A-n44-k6,acs_cl15_ls2opt_adaptive_q0sched,23,1011.0820818027335,,0.15297587518580258,True,4d049fc,6,15,adaptive,78,2.6,True,0.7,0.95,0.1,
A-n44-k6,acs_cl15_ls2opt_adaptive_q0sched,24,1055.0457548999796,,0.17312599997967482,True,4d049fc,6,15,adaptive,68,2.2666666666666666,True,0.7,0.95,0.1,
A-n44-k6,acs_cl15_ls2opt_adaptive_q0sched,25,1050.8636552490743,,0.15759824984706938,True,4d049fc,6,15,adaptive,70,2.3333333333333335,True,0.7,0.95,0.1,
A-n44-k6,acs_cl15_ls2opt_adaptive_q0sched,26,1010.32021405093,,0.15486604208126664,True,4d049fc,6,15,adaptive,78,2.6,True,0.7,0.95,0.1,
A-n44-k6,acs_cl15_ls2opt_adaptive_q0sched,27,1081.3727478989213,,0.14832466701045632,True,4d049fc,6,15,adaptive,68,2.2666666666666666,True,0.7,0.95,0.1,
A-n44-k6,acs_cl15_ls2opt_adaptive_q0sched,28,1056.7825767397576,,0.1468817910645157,True,4d049fc,6,15,adaptive,62,2.066666666666667,True,0.7,0.95,0.1,
A-n44-k6,acs_cl15_ls2opt_adaptive_q0sched,29,1079.4542025890962,,0.1520156660117209,True,4d049fc,6,15,adaptive,76,2.533333333333333,True,0.7,0.95,0.1,
A-n44-k6,acs_cl15_ls2opt_fixed,0,1049.2732563293926,,0.12727420800365508,True,4d049fc,6,15,best,30,1.0,False,0.7,0.95,0.1,
A-n44-k6,acs_cl15_ls2opt_fixed,1,1061.2671081948304,,0.12691354099661112,True,4d049fc,6,15,best,30,1.0,False,0.7,0.95,0.1,
A-n44-k6,acs_cl15_ls2opt_fixed,2,1050.0401373284617,,0.1267317500896752,True,4d049fc,6,15,best,30,1.0,False,0.7,0.95,0.1,
A-n44-k6,acs_cl15_ls2opt_fixed,3,1083.10781131593,,0.12648229184560478,True,4d049fc,6,15,best,30,1.0,False,0.7,0.95,0.1,
A-n44-k6,acs_cl15_ls2opt_fixed,4,1083.8783370066121,,0.12558212503790855,True,4d049fc,6,15,best,30,1.0,False,0.7,0.95,0.1,
A-n44-k6,acs_cl15_ls2opt_fixed,5,1073.5161100144428,,0.12632329086773098,True,4d049fc,6,15,best,30,1.0,False,0.7,0.95,0.1,
A-n44-k6,acs_cl15_ls2opt_fixed,6,1069.4705708825154,,0.12601733393967152,True,4d049fc,6,15,best,30,1.0,False,0.7,0.95,0.1,
A-n44-k6,acs_cl15_ls2opt_fixed,7,1084.376621806939,,0.1271993750706315,True,4d049fc,6,15,best,30,1.0,False,0.7,0.95,0.1,
A-n44-k6,acs_cl15_ls2opt_fixed,8,1082.8337289874335,,0.12638712488114834,True,4d049fc,6,15,best,30,1.0,False,0.7,0.95,0.1,
A-n44-k6,acs_cl15_ls2opt_fixed,9,1057.87061348631,,0.12580137490294874,True,4d049fc,6,15,best,30,1.0,False,0.7,0.95,0.1,
A-n44-k6,acs_cl15_ls2opt_fixed,10,1055.9916695055692,,0.12602295796386898,True,4d049fc,6,15,best,30,1.0,False,0.7,0.95,0.1,
A-n44-k6,acs_cl15_ls2opt_fixed,11,1075.1136602709655,,0.12645712518133223,True,4d049fc,6,15,best,30,1.0,False,0.7,0.95,0.1,
A-n44-k6,acs_cl15_ls2opt_fixed,12,1043.1187571191763,,0.12630825000815094,True,4d049fc,6,15,best,30,1.0,False,0.7,0.95,0.1,
A-n44-k6,acs_cl15_ls2opt_fixed,13,1087.1120002861207,,0.12631850014440715,True,4d049fc,6,15,best,30,1.0,False,0.7,0.95,0.1,
A-n44-k6,acs_cl15_ls2opt_fixed,14,1069.5926372548972,,0.1274290841538459,True,4d049fc,6,15,best,30,1.0,False,0.7,0.95,0.1,
A-n44-k6,acs_cl15_ls2opt_fixed,15,1093.759966776551,,0.12635545781813562,True,4d049fc,6,15,best,30,1.0,False,0.7,0.95,0.1,
A-n44-k6,acs_cl15_ls2opt_fixed,16,1037.828257748355,,0.12632587482221425,True,4d049fc,6,15,best,30,1.0,False,0.7,0.95,0.1,
A-n44-k6,acs_cl15_ls2opt_fixed,17,1042.0346587637814,,0.12628654204308987,True,4d049fc,6,15,best,30,1.0,False,0.7,0.95,0.1,
A-n44-k6,acs_cl15_ls2opt_fixed,18,1069.4705708825154,,0.12669837498106062,True,4d049fc,6,15,best,30,1.0,False,0.7,0.95,0.1,
A-n44-k6,acs_cl15_ls2opt_fixed,19,1073.53191966411,,0.12664216593839228,True,4d049fc,6,15,best,30,1.0,False,0.7,0.95,0.1,
A-n44-k6,acs_cl15_ls2opt_fixed,20,1047.4861616903208,,0.12727795797400177,True,4d049fc,6,15,best,30,1.0,False,0.7,0.95,0.1,
A-n44-k6,acs_cl15_ls2opt_fixed,21,1031.7618583214687,,0.12641029199585319,True,4d049fc,6,15,best,30,1.0,False,0.7,0.95,0.1,
A-n44-k6,acs_cl15_ls2opt_fixed,22,1098.0245471029373,,0.12734670797362924,True,4d049fc,6,15,best,30,1.0,False,0.7,0.95,0.1,
A-n44-k6,acs_cl15_ls2opt_fixed,23,1087.1120002861207,,0.12709379196166992,True,4d049fc,6,15,best,30,1.0,False,0.7,0.95,0.1,
A-n44-k6,acs_cl15_ls2opt_fixed,24,1075.977646979663,,0.12643633293919265,True,4d049fc,6,15,best,30,1.0,False,0.7,0.95,0.1,
A-n44-k6,acs_cl15_ls2opt_fixed,25,1071.8565698350428,,0.12729012500494719,True,4d049fc,6,15,best,30,1.0,False,0.7,0.95,0.1,
A-n44-k6,acs_cl15_ls2opt_fixed,26,1058.4525961607903,,0.12676591705530882,True,4d049fc,6,15,best,30,1.0,False,0.7,0.95,0.1,
A-n44-k6,acs_cl15_ls2opt_fixed,27,1055.0457548999796,,0.12689766706898808,True,4d049fc,6,15,best,30,1.0,False,0.7,0.95,0.1,
A-n44-k6,acs_cl15_ls2opt_fixed,28,1031.387322612391,,0.12585704191587865,True,4d049fc,6,15,best,30,1.0,False,0.7,0.95,0.1,
A-n44-k6,acs_cl15_ls2opt_fixed,29,1087.1120002861207,,0.12711187498643994,True,4d049fc,6,15,best,30,1.0,False,0.7,0.95,0.1,
A-n45-k6,acs_baseline,0,1167.8055063487852,,0.1584122080821544,True,4d049fc,6,0,none,0,0.0,False,0.7,0.95,0.1,
A-n45-k6,acs_baseline,1,1213.025622031781,,0.1577580829616636,True,4d049fc,6,0,none,0,0.0,False,0.7,0.95,0.1,
A-n45-k6,acs_baseline,2,1103.2236361336534,,0.15837366716004908,True,4d049fc,6,0,none,0,0.0,False,0.7,0.95,0.1,
A-n45-k6,acs_baseline,3,1173.684860496301,,0.15798691590316594,True,4d049fc,6,0,none,0,0.0,False,0.7,0.95,0.1,
A-n45-k6,acs_baseline,4,1226.994926251035,,0.157656375085935,True,4d049fc,6,0,none,0,0.0,False,0.7,0.95,0.1,
A-n45-k6,acs_baseline,5,1134.6551763393106,,0.15874845813959837,True,4d049fc,6,0,none,0,0.0,False,0.7,0.95,0.1,
A-n45-k6,acs_baseline,6,1197.8862470742417,,0.15783616597764194,True,4d049fc,6,0,none,0,0.0,False,0.7,0.95,0.1,
A-n45-k6,acs_baseline,7,1216.3150939113402,,0.15822941600345075,True,4d049fc,6,0,none,0,0.0,False,0.7,0.95,0.1,
A-n45-k6,acs_baseline,8,1163.322596071308,,0.1576812919229269,True,4d049fc,6,0,none,0,0.0,False,0.7,0.95,0.1,
A-n45-k6,acs_baseline,9,1171.720016600643,,0.15768145909532905,True,4d049fc,6,0,none,0,0.0,False,0.7,0.95,0.1,
A-n45-k6,acs_baseline,10,1206.5780310698367,,0.15810816711746156,True,4d049fc,6,0,none,0,0.0,False,0.7,0.95,0.1,
A-n45-k6,acs_baseline,11,1214.4985094739593,,0.15817774995230138,True,4d049fc,6,0,none,0,0.0,False,0.7,0.95,0.1,
A-n45-k6,acs_baseline,12,1189.9461210234736,,0.15814741607755423,True,4d049fc,6,0,none,0,0.0,False,0.7,0.95,0.1,
A-n45-k6,acs_baseline,13,1202.367983915736,,0.1581118330359459,True,4d049fc,6,0,none,0,0.0,False,0.7,0.95,0.1,
A-n45-k6,acs_baseline,14,1159.3065047965486,,0.15831912495195866,True,4d049fc,6,0,none,0,0.0,False,0.7,0.95,0.1,
A-n45-k6,acs_baseline,15,1192.985107240657,,0.15820358297787607,True,4d049fc,7,0,none,0,0.0,False,0.7,0.95,0.1,
A-n45-k6,acs_baseline,16,1120.906234434924,,0.15841404208913445,True,4d049fc,6,0,none,0,0.0,False,0.7,0.95,0.1,
A-n45-k6,acs_baseline,17,1203.37656117416,,0.15789616596885026,True,4d049fc,6,0,none,0,0.0,False,0.7,0.95,0.1,
A-n45-k6,acs_baseline,18,1197.2360394540067,,0.15767712495289743,True,4d049fc,7,0,none,0,0.0,False,0.7,0.95,0.1,
A-n45-k6,acs_baseline,19,1190.4271879367302,,0.15835908288136125,True,4d049fc,6,0,none,0,0.0,False,0.7,0.95,0.1,
A-n45-k6,acs_baseline,20,1201.757130887418,,0.1581228340510279,True,4d049fc,6,0,none,0,0.0,False,0.7,0.95,0.1,
A-n45-k6,acs_baseline,21,1170.7054334224526,,0.15691729192622006,True,4d049fc,6,0,none,0,0.0,False,0.7,0.95,0.1,
A-n45-k6,acs_baseline,22,1200.0434498772638,,0.1568430420011282,True,4d049fc,6,0,none,0,0.0,False,0.7,0.95,0.1,
A-n45-k6,acs_baseline,23,1160.957498115234,,0.15715316706337035,True,4d049fc,6,0,none,0,0.0,False,0.7,0.95,0.1,
A-n45-k6,acs_baseline,24,1157.1859487519382,,0.15686562494374812,True,4d049fc,6,0,none,0,0.0,False,0.7,0.95,0.1,
A-n45-k6,acs_baseline,25,1185.492854757755,,0.1573795408476144,True,4d049fc,6,0,none,0,0.0,False,0.7,0.95,0.1,
A-n45-k6,acs_baseline,26,1159.5163084312899,,0.1569091249257326,True,4d049fc,6,0,none,0,0.0,False,0.7,0.95,0.1,
A-n45-k6,acs_baseline,27,1205.182519520272,,0.15689162514172494,True,4d049fc,7,0,none,0,0.0,False,0.7,0.95,0.1,
A-n45-k6,acs_baseline,28,1185.55077512883,,0.15674695884808898,True,4d049fc,6,0,none,0,0.0,False,0.7,0.95,0.1,
A-n45-k6,acs_baseline,29,1201.6834341121858,,0.15744595788419247,True,4d049fc,6,0,none,0,0.0,False,0.7,0.95,0.1,
A-n45-k6,acs_cl15,0,1205.1437007571838,,0.11765425000339746,True,4d049fc,6,15,none,0,0.0,False,0.7,0.95,0.1,
A-n45-k6,acs_cl15,1,1216.2162109525282,,0.11788845807313919,True,4d049fc,6,15,none,0,0.0,False,0.7,0.95,0.1,
A-n45-k6,acs_cl15,2,1218.3895042824793,,0.1179592499975115,True,4d049fc,6,15,none,0,0.0,False,0.7,0.95,0.1,
A-n45-k6,acs_cl15,3,1197.408099612177,,0.11766066681593657,True,4d049fc,6,15,none,0,0.0,False,0.7,0.95,0.1,
A-n45-k6,acs_cl15,4,1200.2932466057325,,0.11786450003273785,True,4d049fc,6,15,none,0,0.0,False,0.7,0.95,0.1,
A-n45-k6,acs_cl15,5,1159.3065047965486,,0.11803274997510016,True,4d049fc,6,15,none,0,0.0,False,0.7,0.95,0.1,
A-n45-k6,acs_cl15,6,1211.8702318552719,,0.11710024997591972,True,4d049fc,6,15,none,0,0.0,False,0.7,0.95,0.1,
A-n45-k6,acs_cl15,7,1119.7098011285423,,0.11798562505282462,True,4d049fc,6,15,none,0,0.0,False,0.7,0.95,0.1,
A-n45-k6,acs_cl15,8,1218.3895042824793,,0.11750012496486306,True,4d049fc,6,15,none,0,0.0,False,0.7,0.95,0.1,
A-n45-k6,acs_cl15,9,1172.1172682814245,,0.1170226251706481,True,4d049fc,6,15,none,0,0.0,False,0.7,0.95,0.1,
A-n45-k6,acs_cl15,10,1160.9032354306978,,0.11796191707253456,True,4d049fc,6,15,none,0,0.0,False,0.7,0.95,0.1,
A-n45-k6,acs_cl15,11,1180.0004890057257,,0.11715683294460177,True,4d049fc,6,15,none,0,0.0,False,0.7,0.95,0.1,
A-n45-k6,acs_cl15,12,1159.199058633816,,0.1172433749306947,True,4d049fc,6,15,none,0,0.0,False,0.7,0.95,0.1,
A-n45-k6,acs_cl15,13,1220.2247866864936,,0.11782470904290676,True,4d049fc,6,15,none,0,0.0,False,0.7,0.95,0.1,
A-n45-k6,acs_cl15,14,1224.1171869180816,,0.11759116593748331,True,4d049fc,6,15,none,0,0.0,False,0.7,0.95,0.1,
A-n45-k6,acs_cl15,15,1176.0726334455815,,0.11799625004641712,True,4d049fc,6,15,none,0,0.0,False,0.7,0.95,0.1,
A-n45-k6,acs_cl15,16,1190.6952978253003,,0.11757158301770687,True,4d049fc,6,15,none,0,0.0,False,0.7,0.95,0.1,
A-n45-k6,acs_cl15,17,1203.37656117416,,0.11786666698753834,True,4d049fc,6,15,none,0,0.0,False,0.7,0.95,0.1,
A-n45-k6,acs_cl15,18,1200.623971825272,,0.11800595792010427,True,4d049fc,6,15,none,0,0.0,False,0.7,0.95,0.1,
A-n45-k6,acs_cl15,19,1218.3895042824793,,0.11832366697490215,True,4d049fc,6,15,none,0,0.0,False,0.7,0.95,0.1,
A-n45-k6,acs_cl15,20,1201.057076628636,,0.11798204202204943,True,4d049fc,6,15,none,0,0.0,False,0.7,0.95,0.1,
A-n45-k6,acs_cl15,21,1134.8775707166656,,0.1177901669871062,True,4d049fc,6,15,none,0,0.0,False,0.7,0.95,0.1,
A-n45-k6,acs_cl15,22,1167.2885858724112,,0.11752850003540516,True,4d049fc,6,15,none,0,0.0,False,0.7,0.95,0.1,
A-n45-k6,acs_cl15,23,1203.068661732615,,0.11774699995294213,True,4d049fc,6,15,none,0,0.0,False,0.7,0.95,0.1,
A-n45-k6,acs_cl15,24,1196.4579016959115,,0.11754841706715524,True,4d049fc,6,15,none,0,0.0,False,0.7,0.95,0.1,
A-n45-k6,acs_cl15,25,1225.65567628403,,0.1179789169691503,True,4d049fc,6,15,none,0,0.0,False,0.7,0.95,0.1,
A-n45-k6,acs_cl15,26,1167.143324255835,,0.1176262500230223,True,4d049fc,6,15,none,0,0.0,False,0.7,0.95,0.1,
A-n45-k6,acs_cl15,27,1208.8576679015544,,0.11714862496592104,True,4d049fc,6,15,none,0,0.0,False,0.7,0.95,0.1,
A-n45-k6,acs_cl15,28,1199.258936978735,,0.11802458297461271,True,4d049fc,6,15,none,0,0.0,False,0.7,0.95,0.1,
A-n45-k6,acs_cl15,29,1160.9963472970373,,0.11998433410190046,True,4d049fc,6,15,none,0,0.0,False,0.7,0.95,0.1,
A-n45-k6,acs_cl15_ls2opt_adaptive,0,1121.0996782787959,,0.13798266602680087,True,4d049fc,6,15,adaptive,52,1.7333333333333334,False,0.7,0.95,0.1,
A-n45-k6,acs_cl15_ls2opt_adaptive,1,1162.5332704804919,,0.14965100004337728,True,4d049fc,6,15,adaptive,78,2.6,False,0.7,0.95,0.1,
A-n45-k6,acs_cl15_ls2opt_adaptive,2,1107.000662538391,,0.14250199985690415,True,4d049fc,6,15,adaptive,60,2.0,False,0.7,0.95,0.1,
A-n45-k6,acs_cl15_ls2opt_adaptive,3,1112.0014224387216,,0.14780008303932846,True,4d049fc,6,15,adaptive,78,2.6,False,0.7,0.95,0.1,
A-n45-k6,acs_cl15_ls2opt_adaptive,4,1146.8082227709467,,0.14158537494949996,True,4d049fc,6,15,adaptive,58,1.9333333333333333,False,0.7,0.95,0.1,
A-n45-k6,acs_cl15_ls2opt_adaptive,5,1117.115557735005,,0.14441420789808035,True,4d049fc,6,15,adaptive,68,2.2666666666666666,False,0.7,0.95,0.1,
A-n45-k6,acs_cl15_ls2opt_adaptive,6,1107.808047017189,,0.13596504204906523,True,4d049fc,6,15,adaptive,48,1.6,False,0.7,0.95,0.1,
A-n45-k6,acs_cl15_ls2opt_adaptive,7,1060.203112297534,,0.14700904116034508,True,4d049fc,6,15,adaptive,72,2.4,False,0.7,0.95,0.1,
A-n45-k6,acs_cl15_ls2opt_adaptive,8,1180.8550371547321,,0.13692074990831316,True,4d049fc,6,15,adaptive,52,1.7333333333333334,False,0.7,0.95,0.1,
A-n45-k6,acs_cl15_ls2opt_adaptive,9,1120.26925461989,,0.13738220906816423,True,4d049fc,6,15,adaptive,54,1.8,False,0.7,0.95,0.1,
A-n45-k6,acs_cl15_ls2opt_adaptive,10,1112.0014224387216,,0.14688687515445054,True,4d049fc,6,15,adaptive,76,2.533333333333333,False,0.7,0.95,0.1,
A-n45-k6,acs_cl15_ls2opt_adaptive,11,1117.1155577350048,,0.14274491695687175,True,4d049fc,6,15,adaptive,64,2.1333333333333333,False,0.7,0.95,0.1,
A-n45-k6,acs_cl15_ls2opt_adaptive,12,1116.42192577762,,0.141300915973261,True,4d049fc,6,15,adaptive,64,2.1333333333333333,False,0.7,0.95,0.1,
A-n45-k6,acs_cl15_ls2opt_adaptive,13,1174.1810780136593,,0.14005454094149172,True,4d049fc,6,15,adaptive,56,1.8666666666666667,False,0.7,0.95,0.1,
A-n45-k6,acs_cl15_ls2opt_adaptive,14,1165.0365288691723,,0.14135916694067419,True,4d049fc,6,15,adaptive,62,2.066666666666667,False,0.7,0.95,0.1,
A-n45-k6,acs_cl15_ls2opt_adaptive,15,1121.1822993626647,,0.14415462501347065,True,4d049fc,6,15,adaptive,66,2.2,False,0.7,0.95,0.1,
A-n45-k6,acs_cl15_ls2opt_adaptive,16,1092.9444730464522,,0.1453888330142945,True,4d049fc,6,15,adaptive,72,2.4,False,0.7,0.95,0.1,
A-n45-k6,acs_cl15_ls2opt_adaptive,17,1120.796470671346,,0.1419805830810219,True,4d049fc,6,15,adaptive,64,2.1333333333333333,False,0.7,0.95,0.1,
A-n45-k6,acs_cl15_ls2opt_adaptive,18,1096.6294496699045,,0.13584683393128216,True,4d049fc,6,15,adaptive,46,1.5333333333333334,False,0.7,0.95,0.1,
A-n45-k6,acs_cl15_ls2opt_adaptive,19,1139.8052152980154,,0.13777483301237226,True,4d049fc,7,15,adaptive,52,1.7333333333333334,False,0.7,0.95,0.1,
A-n45-k6,acs_cl15_ls2opt_adaptive,20,1141.6148504227317,,0.1467282921075821,True,4d049fc,6,15,adaptive,74,2.466666666666667,False,0.7,0.95,0.1,
A-n45-k6,acs_cl15_ls2opt_adaptive,21,1092.9444730464522,,0.14499716693535447,True,4d049fc,6,15,adaptive,68,2.2666666666666666,False,0.7,0.95,0.1,
A-n45-k6,acs_cl15_ls2opt_adaptive,22,1121.7928248578055,,0.1424840830732137,True,4d049fc,6,15,adaptive,66,2.2,False,0.7,0.95,0.1,
A-n45-k6,acs_cl15_ls2opt_adaptive,23,1170.9004873575925,,0.13431424996815622,True,4d049fc,6,15,adaptive,44,1.4666666666666666,False,0.7,0.95,0.1,
A-n45-k6,acs_cl15_ls2opt_adaptive,24,1137.809978972943,,0.14373716688714921,True,4d049fc,6,15,adaptive,66,2.2,False,0.7,0.95,0.1,
A-n45-k6,acs_cl15_ls2opt_adaptive,25,1139.2067982477997,,0.14923204202204943,True,4d049fc,6,15,adaptive,78,2.6,False,0.7,0.95,0.1,
A-n45-k6,acs_cl15_ls2opt_adaptive,26,1115.5939622718693,,0.13537166686728597,True,4d049fc,6,15,adaptive,46,1.5333333333333334,False,0.7,0.95,0.1,
A-n45-k6,acs_cl15_ls2opt_adaptive,27,1130.0764512591152,,0.1476403339765966,True,4d049fc,6,15,adaptive,76,2.533333333333333,False,0.7,0.95,0.1,
A-n45-k6,acs_cl15_ls2opt_adaptive,28,1112.0014224387216,,0.14702154183760285,True,4d049fc,6,15,adaptive,76,2.533333333333333,False,0.7,0.95,0.1,
A-n45-k6,acs_cl15_ls2opt_adaptive,29,1099.9881181963285,,0.14470820897258818,True,4d049fc,6,15,adaptive,68,2.2666666666666666,False,0.7,0.95,0.1,
A-n45-k6,acs_cl15_ls2opt_adaptive_q0rho,0,1117.1155577350048,,0.14723441703245044,True,4d049fc,6,15,adaptive,56,1.8666666666666667,True,0.7,0.95,0.1,
A-n45-k6,acs_cl15_ls2opt_adaptive_q0rho,1,1146.3404393966127,,0.15315270912833512,True,4d049fc,6,15,adaptive,74,2.466666666666667,True,0.7,0.95,0.1,
A-n45-k6,acs_cl15_ls2opt_adaptive_q0rho,2,1120.9142013310134,,0.1496133329346776,True,4d049fc,6,15,adaptive,60,2.0,True,0.7,0.95,0.1,
A-n45-k6,acs_cl15_ls2opt_adaptive_q0rho,3,1071.9098632537382,,0.15389770781621337,True,4d049fc,6,15,adaptive,76,2.533333333333333,True,0.7,0.95,0.1,
A-n45-k6,acs_cl15_ls2opt_adaptive_q0rho,4,1110.3692991233231,,0.15450937487185,True,4d049fc,6,15,adaptive,74,2.466666666666667,True,0.7,0.95,0.1,
A-n45-k6,acs_cl15_ls2opt_adaptive_q0rho,5,1108.343337906319,,0.14993470814079046,True,4d049fc,6,15,adaptive,62,2.066666666666667,True,0.7,0.95,0.1,
A-n45-k6,acs_cl15_ls2opt_adaptive_q0rho,6,1097.5126685008918,,0.15097908303141594,True,4d049fc,6,15,adaptive,68,2.2666666666666666,True,0.7,0.95,0.1,
A-n45-k6,acs_cl15_ls2opt_adaptive_q0rho,7,1116.674139455198,,0.1513739579822868,True,4d049fc,7,15,adaptive,66,2.2,True,0.7,0.95,0.1,
A-n45-k6,acs_cl15_ls2opt_adaptive_q0rho,8,1128.737106184963,,0.1554930410347879,True,4d049fc,6,15,adaptive,76,2.533333333333333,True,0.7,0.95,0.1,
A-n45-k6,acs_cl15_ls2opt_adaptive_q0rho,9,1141.1731441983438,,0.1570828331168741,True,4d049fc,6,15,adaptive,76,2.533333333333333,True,0.7,0.95,0.1,
A-n45-k6,acs_cl15_ls2opt_adaptive_q0rho,10,1074.948361839026,,0.15246337512508035,True,4d049fc,6,15,adaptive,64,2.1333333333333333,True,0.7,0.95,0.1,
A-n45-k6,acs_cl15_ls2opt_adaptive_q0rho,11,1079.4860798276047,,0.15163983404636383,True,4d049fc,6,15,adaptive,70,2.3333333333333335,True,0.7,0.95,0.1,
A-n45-k6,acs_cl15_ls2opt_adaptive_q0rho,12,1102.892996153706,,0.1548712078947574,True,4d049fc,6,15,adaptive,76,2.533333333333333,True,0.7,0.95,0.1,
A-n45-k6,acs_cl15_ls2opt_adaptive_q0rho,13,1069.1770000880467,,0.15653704199939966,True,4d049fc,6,15,adaptive,76,2.533333333333333,True,0.7,0.95,0.1,
A-n45-k6,acs_cl15_ls2opt_adaptive_q0rho,14,1110.3692991233231,,0.1513580409809947,True,4d049fc,6,15,adaptive,66,2.2,True,0.7,0.95,0.1,
A-n45-k6,acs_cl15_ls2opt_adaptive_q0rho,15,1117.115557735005,,0.1521460828371346,True,4d049fc,6,15,adaptive,68,2.2666666666666666,True,0.7,0.95,0.1,
A-n45-k6,acs_cl15_ls2opt_adaptive_q0rho,16,1100.138559490804,,0.152430749963969,True,4d049fc,6,15,adaptive,68,2.2666666666666666,True,0.7,0.95,0.1,
A-n45-k6,acs_cl15_ls2opt_adaptive_q0rho,17,1121.3480481938136,,0.14961974998004735,True,4d049fc,6,15,adaptive,60,2.0,True,0.7,0.95,0.1,
A-n45-k6,acs_cl15_ls2opt_adaptive_q0rho,18,1118.4264308866227,,0.14426587498746812,True,4d049fc,6,15,adaptive,46,1.5333333333333334,True,0.7,0.95,0.1,
A-n45-k6,acs_cl15_ls2opt_adaptive_q0rho,19,1104.912394009793,,0.15170379099436104,True,4d049fc,6,15,adaptive,64,2.1333333333333333,True,0.7,0.95,0.1,
A-n45-k6,acs_cl15_ls2opt_adaptive_q0rho,20,1091.4481212924143,,0.15638258308172226,True,4d049fc,6,15,adaptive,68,2.2666666666666666,True,0.7,0.95,0.1,
A-n45-k6,acs_cl15_ls2opt_adaptive_q0rho,21,1100.399114063401,,0.1557760420255363,True,4d049fc,6,15,adaptive,76,2.533333333333333,True,0.7,0.95,0.1,
A-n45-k6,acs_cl15_ls2opt_adaptive_q0rho,22,1130.8839224974488,,0.15349154197610915,True,4d049fc,6,15,adaptive,70,2.3333333333333335,True,0.7,0.95,0.1,
A-n45-k6,acs_cl15_ls2opt_adaptive_q0rho,23,1116.5788988839354,,0.15369233395904303,True,4d049fc,6,15,adaptive,72,2.4,True,0.7,0.95,0.1,
A-n45-k6,acs_cl15_ls2opt_adaptive_q0rho,24,1121.1822993626647,,0.15356929111294448,True,4d049fc,6,15,adaptive,72,2.4,True,0.7,0.95,0.1,
A-n45-k6,acs_cl15_ls2opt_adaptive_q0rho,25,1116.5270989307614,,0.15203500003553927,True,4d049fc,6,15,adaptive,64,2.1333333333333333,True,0.7,0.95,0.1,
A-n45-k6,acs_cl15_ls2opt_adaptive_q0rho,26,1135.9069362154607,,0.15007825009524822,True,4d049fc,6,15,adaptive,64,2.1333333333333333,True,0.7,0.95,0.1,
A-n45-k6,acs_cl15_ls2opt_adaptive_q0rho,27,1174.9204110724263,,0.1667828750796616,True,4d049fc,6,15,adaptive,56,1.8666666666666667,True,0.7,0.95,0.1,
A-n45-k6,acs_cl15_ls2opt_adaptive_q0rho,28,1136.7333875590343,,0.2135588750243187,True,4d049fc,6,15,adaptive,74,2.466666666666667,True,0.7,0.95,0.1,
A-n45-k6,acs_cl15_ls2opt_adaptive_q0rho,29,1097.1673949491794,,0.173322708113119,True,4d049fc,6,15,adaptive,58,1.9333333333333333,True,0.7,0.95,0.1,
A-n45-k6,acs_cl15_ls2opt_adaptive_q0sched,0,1117.1155577350048,,0.15300050005316734,True,4d049fc,6,15,adaptive,66,2.2,True,0.7,0.95,0.1,
A-n45-k6,acs_cl15_ls2opt_adaptive_q0sched,1,1112.0014224387216,,0.15120087494142354,True,4d049fc,6,15,adaptive,64,2.1333333333333333,True,0.7,0.95,0.1,
A-n45-k6,acs_cl15_ls2opt_adaptive_q0sched,2,1141.6148504227317,,0.153461208101362,True,4d049fc,6,15,adaptive,66,2.2,True,0.7,0.95,0.1,
A-n45-k6,acs_cl15_ls2opt_adaptive_q0sched,3,1067.1696700978341,,0.15243112505413592,True,4d049fc,6,15,adaptive,66,2.2,True,0.7,0.95,0.1,
A-n45-k6,acs_cl15_ls2opt_adaptive_q0sched,4,1110.3692991233231,,0.15619700006209314,True,4d049fc,6,15,adaptive,74,2.466666666666667,True,0.7,0.95,0.1,
A-n45-k6,acs_cl15_ls2opt_adaptive_q0sched,5,1097.7767063974718,,0.14994308282621205,True,4d049fc,6,15,adaptive,62,2.066666666666667,True,0.7,0.95,0.1,
A-n45-k6,acs_cl15_ls2opt_adaptive_q0sched,6,1097.5126685008918,,0.15274183289147913,True,4d049fc,6,15,adaptive,68,2.2666666666666666,True,0.7,0.95,0.1,
A-n45-k6,acs_cl15_ls2opt_adaptive_q0sched,7,1137.4556000008868,,0.15146949980407953,True,4d049fc,6,15,adaptive,66,2.2,True,0.7,0.95,0.1,
A-n45-k6,acs_cl15_ls2opt_adaptive_q0sched,8,1128.737106184963,,0.15735524985939264,True,4d049fc,6,15,adaptive,76,2.533333333333333,True,0.7,0.95,0.1,
A-n45-k6,acs_cl15_ls2opt_adaptive_q0sched,9,1141.1731441983438,,0.15779991610907018,True,4d049fc,6,15,adaptive,76,2.533333333333333,True,0.7,0.95,0.1,
A-n45-k6,acs_cl15_ls2opt_adaptive_q0sched,10,1074.948361839026,,0.15332545898854733,True,4d049fc,6,15,adaptive,64,2.1333333333333333,True,0.7,0.95,0.1,
A-n45-k6,acs_cl15_ls2opt_adaptive_q0sched,11,1079.4860798276047,,0.15231712511740625,True,4d049fc,6,15,adaptive,70,2.3333333333333335,True,0.7,0.95,0.1,
A-n45-k6,acs_cl15_ls2opt_adaptive_q0sched,12,1102.892996153706,,0.15431433310732245,True,4d049fc,6,15,adaptive,76,2.533333333333333,True,0.7,0.95,0.1,
A-n45-k6,acs_cl15_ls2opt_adaptive_q0sched,13,1069.1770000880467,,0.15735649992711842,True,4d049fc,6,15,adaptive,76,2.533333333333333,True,0.7,0.95,0.1,
A-n45-k6,acs_cl15_ls2opt_adaptive_q0sched,14,1096.2718158808939,,0.15154083399102092,True,4d049fc,6,15,adaptive,66,2.2,True,0.7,0.95,0.1,
A-n45-k6,acs_cl15_ls2opt_adaptive_q0sched,15,1096.2718158808939,,0.14909366704523563,True,4d049fc,6,15,adaptive,58,1.9333333333333333,True,0.7,0.95,0.1,
A-n45-k6,acs_cl15_ls2opt_adaptive_q0sched,16,1087.6048029963229,,0.1487856248859316,True,4d049fc,6,15,adaptive,58,1.9333333333333333,True,0.7,0.95,0.1,
A-n45-k6,acs_cl15_ls2opt_adaptive_q0sched,17,1138.0368791222454,,0.1525502500589937,True,4d049fc,6,15,adaptive,70,2.3333333333333335,True,0.7,0.95,0.1,
A-n45-k6,acs_cl15_ls2opt_adaptive_q0sched,18,1137.3934571012808,,0.14916829182766378,True,4d049fc,6,15,adaptive,60,2.0,True,0.7,0.95,0.1,
A-n45-k6,acs_cl15_ls2opt_adaptive_q0sched,19,1109.9876981214375,,0.15247229184024036,True,4d049fc,6,15,adaptive,64,2.1333333333333333,True,0.7,0.95,0.1,
A-n45-k6,acs_cl15_ls2opt_adaptive_q0sched,20,1091.4481212924143,,0.1537352919112891,True,4d049fc,6,15,adaptive,68,2.2666666666666666,True,0.7,0.95,0.1,
A-n45-k6,acs_cl15_ls2opt_adaptive_q0sched,21,1100.399114063401,,0.15738900005817413,True,4d049fc,6,15,adaptive,76,2.533333333333333,True,0.7,0.95,0.1,
A-n45-k6,acs_cl15_ls2opt_adaptive_q0sched,22,1087.8194684434925,,0.149995458079502,True,4d049fc,6,15,adaptive,60,2.0,True,0.7,0.95,0.1,
A-n45-k6,acs_cl15_ls2opt_adaptive_q0sched,23,1096.2718158808939,,0.14476470812223852,True,4d049fc,6,15,adaptive,52,1.7333333333333334,True,0.7,0.95,0.1,
A-n45-k6,acs_cl15_ls2opt_adaptive_q0sched,24,1121.1822993626647,,0.153953209053725,True,4d049fc,6,15,adaptive,72,2.4,True,0.7,0.95,0.1,
A-n45-k6,acs_cl15_ls2opt_adaptive_q0sched,25,1116.5270989307614,,0.14990966697223485,True,4d049fc,6,15,adaptive,64,2.1333333333333333,True,0.7,0.95,0.1,
A-n45-k6,acs_cl15_ls2opt_adaptive_q0sched,26,1135.9069362154607,,0.14838774991221726,True,4d049fc,6,15,adaptive,64,2.1333333333333333,True,0.7,0.95,0.1,
A-n45-k6,acs_cl15_ls2opt_adaptive_q0sched,27,1092.81674623081,,0.15384224988520145,True,4d049fc,6,15,adaptive,70,2.3333333333333335,True,0.7,0.95,0.1,
A-n45-k6,acs_cl15_ls2opt_adaptive_q0sched,28,1130.798682578432,,0.14911054098047316,True,4d049fc,6,15,adaptive,64,2.1333333333333333,True,0.7,0.95,0.1,
A-n45-k6,acs_cl15_ls2opt_adaptive_q0sched,29,1102.6384142537754,,0.14807845815084875,True,4d049fc,6,15,adaptive,56,1.8666666666666667,True,0.7,0.95,0.1,
A-n45-k6,acs_cl15_ls2opt_fixed,0,1121.0996782787959,,0.131039708154276,True,4d049fc,6,15,best,30,1.0,False,0.7,0.95,0.1,
A-n45-k6,acs_cl15_ls2opt_fixed,1,1162.5332704804919,,0.13129974994808435,True,4d049fc,6,15,best,30,1.0,False,0.7,0.95,0.1,
A-n45-k6,acs_cl15_ls2opt_fixed,2,1107.000662538391,,0.13086041691713035,True,4d049fc,6,15,best,30,1.0,False,0.7,0.95,0.1,
A-n45-k6,acs_cl15_ls2opt_fixed,3,1112.0014224387216,,0.1307363749947399,True,4d049fc,6,15,best,30,1.0,False,0.7,0.95,0.1,
A-n45-k6,acs_cl15_ls2opt_fixed,4,1146.8082227709467,,0.13126262510195374,True,4d049fc,6,15,best,30,1.0,False,0.7,0.95,0.1,
A-n45-k6,acs_cl15_ls2opt_fixed,5,1117.115557735005,,0.13135708402842283,True,4d049fc,6,15,best,30,1.0,False,0.7,0.95,0.1,
A-n45-k6,acs_cl15_ls2opt_fixed,6,1107.808047017189,,0.1298563329037279,True,4d049fc,6,15,best,30,1.0,False,0.7,0.95,0.1,
A-n45-k6,acs_cl15_ls2opt_fixed,7,1060.203112297534,,0.13140266691334546,True,4d049fc,6,15,best,30,1.0,False,0.7,0.95,0.1,
A-n45-k6,acs_cl15_ls2opt_fixed,8,1180.8550371547321,,0.13218195806257427,True,4d049fc,6,15,best,30,1.0,False,0.7,0.95,0.1,
A-n45-k6,acs_cl15_ls2opt_fixed,9,1120.26925461989,,0.13000170816667378,True,4d049fc,6,15,best,30,1.0,False,0.7,0.95,0.1,
A-n45-k6,acs_cl15_ls2opt_fixed,10,1112.0014224387216,,0.1301680828910321,True,4d049fc,6,15,best,30,1.0,False,0.7,0.95,0.1,
A-n45-k6,acs_cl15_ls2opt_fixed,11,1117.1155577350048,,0.13068274990655482,True,4d049fc,6,15,best,30,1.0,False,0.7,0.95,0.1,
A-n45-k6,acs_cl15_ls2opt_fixed,12,1116.42192577762,,0.12946412479504943,True,4d049fc,6,15,best,30,1.0,False,0.7,0.95,0.1,
A-n45-k6,acs_cl15_ls2opt_fixed,13,1174.1810780136593,,0.13104974990710616,True,4d049fc,6,15,best,30,1.0,False,0.7,0.95,0.1,
A-n45-k6,acs_cl15_ls2opt_fixed,14,1165.0365288691723,,0.13068279204890132,True,4d049fc,6,15,best,30,1.0,False,0.7,0.95,0.1,
A-n45-k6,acs_cl15_ls2opt_fixed,15,1121.1822993626647,,0.1309081669896841,True,4d049fc,6,15,best,30,1.0,False,0.7,0.95,0.1,
A-n45-k6,acs_cl15_ls2opt_fixed,16,1092.9444730464522,,0.130603333003819,True,4d049fc,6,15,best,30,1.0,False,0.7,0.95,0.1,
A-n45-k6,acs_cl15_ls2opt_fixed,17,1154.4209700797096,,0.1299341251142323,True,4d049fc,6,15,best,30,1.0,False,0.7,0.95,0.1,
A-n45-k6,acs_cl15_ls2opt_fixed,18,1096.6294496699045,,0.1305322910193354,True,4d049fc,6,15,best,30,1.0,False,0.7,0.95,0.1,
A-n45-k6,acs_cl15_ls2opt_fixed,19,1139.8052152980154,,0.13047508290037513,True,4d049fc,7,15,best,30,1.0,False,0.7,0.95,0.1,
A-n45-k6,acs_cl15_ls2opt_fixed,20,1141.6148504227317,,0.13059083302505314,True,4d049fc,6,15,best,30,1.0,False,0.7,0.95,0.1,
A-n45-k6,acs_cl15_ls2opt_fixed,21,1092.9444730464522,,0.13080970896407962,True,4d049fc,6,15,best,30,1.0,False,0.7,0.95,0.1,
A-n45-k6,acs_cl15_ls2opt_fixed,22,1121.7928248578055,,0.12938733398914337,True,4d049fc,6,15,best,30,1.0,False,0.7,0.95,0.1,
A-n45-k6,acs_cl15_ls2opt_fixed,23,1170.9004873575925,,0.12964250007644296,True,4d049fc,6,15,best,30,1.0,False,0.7,0.95,0.1,
A-n45-k6,acs_cl15_ls2opt_fixed,24,1137.809978972943,,0.12947212508879602,True,4d049fc,6,15,best,30,1.0,False,0.7,0.95,0.1,
A-n45-k6,acs_cl15_ls2opt_fixed,25,1139.2067982477997,,0.1303049591369927,True,4d049fc,6,15,best,30,1.0,False,0.7,0.95,0.1,
A-n45-k6,acs_cl15_ls2opt_fixed,26,1115.5939622718693,,0.1296207921113819,True,4d049fc,6,15,best,30,1.0,False,0.7,0.95,0.1,
A-n45-k6,acs_cl15_ls2opt_fixed,27,1130.0764512591152,,0.12975487508811057,True,4d049fc,6,15,best,30,1.0,False,0.7,0.95,0.1,
A-n45-k6,acs_cl15_ls2opt_fixed,28,1112.0014224387216,,0.1291933748871088,True,4d049fc,6,15,best,30,1.0,False,0.7,0.95,0.1,
A-n45-k6,acs_cl15_ls2opt_fixed,29,1099.9881181963285,,0.12994841602630913,True,4d049fc,6,15,best,30,1.0,False,0.7,0.95,0.1,
A-n80-k10,acs_baseline,0,2165.0663535072918,22.805805644202596,0.4149451251141727,True,4d049fc,10,0,none,0,0.0,False,0.7,0.95,0.1,1763.0
A-n80-k10,acs_baseline,1,2193.308297683586,24.407731008711618,0.40964125003665686,True,4d049fc,10,0,none,0,0.0,False,0.7,0.95,0.1,1763.0
A-n80-k10,acs_baseline,2,2132.125183472438,20.9373331521519,0.415521000046283,True,4d049fc,10,0,none,0,0.0,False,0.7,0.95,0.1,1763.0
A-n80-k10,acs_baseline,3,2214.3775187771844,25.60280877919367,0.4120018749963492,True,4d049fc,10,0,none,0,0.0,False,0.7,0.95,0.1,1763.0
A-n80-k10,acs_baseline,4,2131.826579039427,20.92039586156705,0.4162055419292301,True,4d049fc,10,0,none,0,0.0,False,0.7,0.95,0.1,1763.0
A-n80-k10,acs_baseline,5,2219.5782013760677,25.897799283951656,0.4231349581386894,True,4d049fc,10,0,none,0,0.0,False,0.7,0.95,0.1,1763.0
A-n80-k10,acs_baseline,6,2151.145303156652,22.016182822271812,0.4129320830106735,True,4d049fc,10,0,none,0,0.0,False,0.7,0.95,0.1,1763.0
A-n80-k10,acs_baseline,7,2204.761342030225,25.057364834385993,0.41307304077781737,True,4d049fc,10,0,none,0,0.0,False,0.7,0.95,0.1,1763.0
A-n80-k10,acs_baseline,8,2165.274119870019,22.817590463415723,0.41348091699182987,True,4d049fc,10,0,none,0,0.0,False,0.7,0.95,0.1,1763.0
A-n80-k10,acs_baseline,9,2179.343036768151,23.615600497342644,0.4120807920116931,True,4d049fc,10,0,none,0,0.0,False,0.7,0.95,0.1,1763.0
A-n80-k10,acs_baseline,10,2166.759008834575,22.901815589028647,0.4146996249910444,True,4d049fc,10,0,none,0,0.0,False,0.7,0.95,0.1,1763.0
A-n80-k10,acs_baseline,11,2155.9712932818434,22.28992020883967,0.4142809589393437,True,4d049fc,10,0,none,0,0.0,False,0.7,0.95,0.1,1763.0
A-n80-k10,acs_baseline,12,2199.7276044196656,24.771843699357092,0.4122427920810878,True,4d049fc,10,0,none,0,0.0,False,0.7,0.95,0.1,1763.0
A-n80-k10,acs_baseline,13,2195.836665840502,24.551143836670565,0.4120247499085963,True,4d049fc,10,0,none,0,0.0,False,0.7,0.95,0.1,1763.0
A-n80-k10,acs_baseline,14,2138.3745309215624,21.291805497536153,0.4162638750858605,True,4d049fc,10,0,none,0,0.0,False,0.7,0.95,0.1,1763.0
A-n80-k10,acs_baseline,15,2165.8374835148747,22.84954529295943,0.41580824996344745,True,4d049fc,10,0,none,0,0.0,False,0.7,0.95,0.1,1763.0
A-n80-k10,acs_baseline,16,2184.2351504467138,23.893088510874293,0.4143036250025034,True,4d049fc,10,0,none,0,0.0,False,0.7,0.95,0.1,1763.0
A-n80-k10,acs_baseline,17,2262.477638769983,28.33111961259121,0.40776195796206594,True,4d049fc,10,0,none,0,0.0,False,0.7,0.95,0.1,1763.0
A-n80-k10,acs_baseline,18,2151.5547726405775,22.039408544559134,0.4119233328383416,True,4d049fc,10,0,none,0,0.0,False,0.7,0.95,0.1,1763.0
A-n80-k10,acs_baseline,19,2208.086255156305,25.245958885780205,0.4124592919833958,True,4d049fc,10,0,none,0,0.0,False,0.7,0.95,0.1,1763.0
A-n80-k10,acs_baseline,20,2173.3696104065975,23.276778809222776,0.4149274998344481,True,4d049fc,10,0,none,0,0.0,False,0.7,0.95,0.1,1763.0
A-n80-k10,acs_baseline,21,2190.9676833854296,24.274967860773092,0.4128710408695042,True,4d049fc,10,0,none,0,0.0,False,0.7,0.95,0.1,1763.0
A-n80-k10,acs_baseline,22,2173.369657825167,23.276781498875042,0.41470495890825987,True,4d049fc,10,0,none,0,0.0,False,0.7,0.95,0.1,1763.0
A-n80-k10,acs_baseline,23,2240.2812641260284,27.07210800487966,0.41564758284948766,True,4d049fc,10,0,none,0,0.0,False,0.7,0.95,0.1,1763.0
A-n80-k10,acs_baseline,24,2204.724782496983,25.05529112291453,0.4106546249240637,True,4d049fc,10,0,none,0,0.0,False,0.7,0.95,0.1,1763.0
A-n80-k10,acs_baseline,25,2138.162926270158,21.27980296484164,0.4147158330306411,True,4d049fc,10,0,none,0,0.0,False,0.7,0.95,0.1,1763.0
A-n80-k10,acs_baseline,26,2169.6160918164423,23.063873614092024,0.41384275001473725,True,4d049fc,10,0,none,0,0.0,False,0.7,0.95,0.1,1763.0
A-n80-k10,acs_baseline,27,2219.22886867926,25.877984610281334,0.4142649578861892,True,4d049fc,10,0,none,0,0.0,False,0.7,0.95,0.1,1763.0
A-n80-k10,acs_baseline,28,2201.9897369848773,24.90015524588073,0.4140440409537405,True,4d049fc,10,0,none,0,0.0,False,0.7,0.95,0.1,1763.0
A-n80-k10,acs_baseline,29,2159.5036962803124,22.49028339650099,0.42156487493775785,True,4d049fc,10,0,none,0,0.0,False,0.7,0.95,0.1,1763.0
A-n80-k10,acs_cl15,0,2146.2181223945686,21.736705751251765,0.26678916602395475,True,4d049fc,10,15,none,0,0.0,False,0.7,0.95,0.1,1763.0
A-n80-k10,acs_cl15,1,2208.2788216261315,25.256881544306946,0.265410624910146,True,4d049fc,10,15,none,0,0.0,False,0.7,0.95,0.1,1763.0
A-n80-k10,acs_cl15,2,2222.598109305802,26.06909298387987,0.26645766687579453,True,4d049fc,10,15,none,0,0.0,False,0.7,0.95,0.1,1763.0
A-n80-k10,acs_cl15,3,2193.3281204731556,24.408855387019607,0.266447665868327,True,4d049fc,10,15,none,0,0.0,False,0.7,0.95,0.1,1763.0
A-n80-k10,acs_cl15,4,2135.2612503449213,21.115215561254754,0.2690211250446737,True,4d049fc,10,15,none,0,0.0,False,0.7,0.95,0.1,1763.0
A-n80-k10,acs_cl15,5,2208.043803551053,25.243550967161248,0.26949850004166365,True,4d049fc,10,15,none,0,0.0,False,0.7,0.95,0.1,1763.0
A-n80-k10,acs_cl15,6,2159.5809872473756,22.494667455891978,0.26625812496058643,True,4d049fc,10,15,none,0,0.0,False,0.7,0.95,0.1,1763.0
A-n80-k10,acs_cl15,7,2202.14886003651,24.909180943647765,0.26683875010348856,True,4d049fc,10,15,none,0,0.0,False,0.7,0.95,0.1,1763.0
A-n80-k10,acs_cl15,8,2138.929787983601,21.323300509563293,0.2651636248920113,True,4d049fc,10,15,none,0,0.0,False,0.7,0.95,0.1,1763.0
A-n80-k10,acs_cl15,9,2250.798568080564,27.668665234291783,0.2658613750245422,True,4d049fc,10,15,none,0,0.0,False,0.7,0.95,0.1,1763.0
A-n80-k10,acs_cl15,10,2184.222979350757,23.89239814808606,0.2659588330425322,True,4d049fc,10,15,none,0,0.0,False,0.7,0.95,0.1,1763.0
A-n80-k10,acs_cl15,11,2191.809241823519,24.32270231557114,0.2657636250369251,True,4d049fc,10,15,none,0,0.0,False,0.7,0.95,0.1,1763.0
A-n80-k10,acs_cl15,12,2243.7321229692216,27.267845885945636,0.2657914578448981,True,4d049fc,10,15,none,0,0.0,False,0.7,0.95,0.1,1763.0
A-n80-k10,acs_cl15,13,2206.48110104947,25.154912141206466,0.26601874991320074,True,4d049fc,10,15,none,0,0.0,False,0.7,0.95,0.1,1763.0
A-n80-k10,acs_cl15,14,2158.173278302229,22.414820096552972,0.26690879208035767,True,4d049fc,10,15,none,0,0.0,False,0.7,0.95,0.1,1763.0
A-n80-k10,acs_cl15,15,2226.206646096789,26.27377459425916,0.2664056660141796,True,4d049fc,10,15,none,0,0.0,False,0.7,0.95,0.1,1763.0
A-n80-k10,acs_cl15,16,2165.4997761983386,22.83039002826651,0.268901624949649,True,4d049fc,10,15,none,0,0.0,False,0.7,0.95,0.1,1763.0
A-n80-k10,acs_cl15,17,2178.940353146554,23.592759679328086,0.2687240829691291,True,4d049fc,10,15,none,0,0.0,False,0.7,0.95,0.1,1763.0
A-n80-k10,acs_cl15,18,2248.4683338705695,27.53649086049742,0.26707587484270334,True,4d049fc,10,15,none,0,0.0,False,0.7,0.95,0.1,1763.0
A-n80-k10,acs_cl15,19,2179.1863392638393,23.6067123802518,0.2697966250125319,True,4d049fc,10,15,none,0,0.0,False,0.7,0.95,0.1,1763.0
A-n80-k10,acs_cl15,20,2192.276497331907,24.349205747697518,0.2671651670243591,True,4d049fc,10,15,none,0,0.0,False,0.7,0.95,0.1,1763.0
A-n80-k10,acs_cl15,21,2174.5918439639645,23.346105726827254,0.2663590000011027,True,4d049fc,10,15,none,0,0.0,False,0.7,0.95,0.1,1763.0
A-n80-k10,acs_cl15,22,2226.2227477752194,26.274687905571152,0.3025460420176387,True,4d049fc,10,15,none,0,0.0,False,0.7,0.95,0.1,1763.0
A-n80-k10,acs_cl15,23,2188.8197400839254,24.15313330027937,0.26641299994662404,True,4d049fc,10,15,none,0,0.0,False,0.7,0.95,0.1,1763.0
A-n80-k10,acs_cl15,24,2181.1278251562685,23.716836367343646,0.2677655410952866,True,4d049fc,10,15,none,0,0.0,False,0.7,0.95,0.1,1763.0
A-n80-k10,acs_cl15,25,2239.8502811212848,27.047662003476162,0.26592641696333885,True,4d049fc,10,15,none,0,0.0,False,0.7,0.95,0.1,1763.0
A-n80-k10,acs_cl15,26,2243.6547422063454,27.263456733201668,0.26469879201613367,True,4d049fc,10,15,none,0,0.0,False,0.7,0.95,0.1,1763.0
A-n80-k10,acs_cl15,27,2214.222004359213,25.593987768531644,0.26728308387100697,True,4d049fc,10,15,none,0,0.0,False,0.7,0.95,0.1,1763.0
A-n80-k10,acs_cl15,28,2194.2565815492017,24.461519089574683,0.2651105001568794,True,4d049fc,10,15,none,0,0.0,False,0.7,0.95,0.1,1763.0
A-n80-k10,acs_cl15,29,2179.894075828356,23.64685625798957,0.26763295801356435,True,4d049fc,10,15,none,0,0.0,False,0.7,0.95,0.1,1763.0
A-n80-k10,acs_cl15_ls2opt_adaptive,0,2120.2197038407494,20.262036519611424,0.33870025002397597,True,4d049fc,10,15,adaptive,62,2.066666666666667,False,0.7,0.95,0.1,1763.0
A-n80-k10,acs_cl15_ls2opt_adaptive,1,2091.8082688444665,18.650497381989027,0.3424087078310549,True,4d049fc,10,15,adaptive,62,2.066666666666667,False,0.7,0.95,0.1,1763.0
A-n80-k10,acs_cl15_ls2opt_adaptive,2,2093.50236005682,18.746588772366433,0.3463172500487417,True,4d049fc,10,15,adaptive,66,2.2,False,0.7,0.95,0.1,1763.0
A-n80-k10,acs_cl15_ls2opt_adaptive,3,2088.6212696753987,18.46972601675546,0.3477258749771863,True,4d049fc,10,15,adaptive,68,2.2666666666666666,False,0.7,0.95,0.1,1763.0
A-n80-k10,acs_cl15_ls2opt_adaptive,4,2056.2118393312935,16.631414596216306,0.3317801670636982,True,4d049fc,10,15,adaptive,58,1.9333333333333333,False,0.7,0.95,0.1,1763.0
A-n80-k10,acs_cl15_ls2opt_adaptive,5,2102.387193943155,19.25054985497193,0.3259496670216322,True,4d049fc,10,15,adaptive,52,1.7333333333333334,False,0.7,0.95,0.1,1763.0
A-n80-k10,acs_cl15_ls2opt_adaptive,6,2084.491741045477,18.23549296911383,0.32412770902737975,True,4d049fc,10,15,adaptive,48,1.6,False,0.7,0.95,0.1,1763.0
A-n80-k10,acs_cl15_ls2opt_adaptive,7,2136.282801432071,21.173159468637053,0.35256516584195197,True,4d049fc,10,15,adaptive,68,2.2666666666666666,False,0.7,0.95,0.1,1763.0
A-n80-k10,acs_cl15_ls2opt_adaptive,8,2093.50236005682,18.746588772366433,0.33702800003811717,True,4d049fc,10,15,adaptive,56,1.8666666666666667,False,0.7,0.95,0.1,1763.0
A-n80-k10,acs_cl15_ls2opt_adaptive,9,2138.967174580688,21.32542113333455,0.34438550006598234,True,4d049fc,10,15,adaptive,64,2.1333333333333333,False,0.7,0.95,0.1,1763.0
A-n80-k10,acs_cl15_ls2opt_adaptive,10,2126.7257207765597,20.63106754262959,0.3318002501036972,True,4d049fc,10,15,adaptive,52,1.7333333333333334,False,0.7,0.95,0.1,1763.0
A-n80-k10,acs_cl15_ls2opt_adaptive,11,2089.8659056826627,18.540323634864592,0.31818862492218614,True,4d049fc,10,15,adaptive,40,1.3333333333333333,False,0.7,0.95,0.1,1763.0
A-n80-k10,acs_cl15_ls2opt_adaptive,12,2117.7104101110504,20.119705621727192,0.32143337512388825,True,4d049fc,10,15,adaptive,42,1.4,False,0.7,0.95,0.1,1763.0
A-n80-k10,acs_cl15_ls2opt_adaptive,13,2089.8659056826627,18.540323634864592,0.3246037920471281,True,4d049fc,10,15,adaptive,48,1.6,False,0.7,0.95,0.1,1763.0
A-n80-k10,acs_cl15_ls2opt_adaptive,14,2106.7867737078477,19.500100607365155,0.3461961669381708,True,4d049fc,10,15,adaptive,66,2.2,False,0.7,0.95,0.1,1763.0
A-n80-k10,acs_cl15_ls2opt_adaptive,15,2152.6410619044045,22.10102449826458,0.3199440829921514,True,4d049fc,10,15,adaptive,44,1.4666666666666666,False,0.7,0.95,0.1,1763.0
A-n80-k10,acs_cl15_ls2opt_adaptive,16,2090.776278166533,18.591961325384734,0.3287782499101013,True,4d049fc,10,15,adaptive,50,1.6666666666666667,False,0.7,0.95,0.1,1763.0
A-n80-k10,acs_cl15_ls2opt_adaptive,17,2089.7756815784232,18.535205988566265,0.3248513340950012,True,4d049fc,10,15,adaptive,50,1.6666666666666667,False,0.7,0.95,0.1,1763.0
A-n80-k10,acs_cl15_ls2opt_adaptive,18,2163.38218402275,22.710277029083954,0.31186141702346504,True,4d049fc,10,15,adaptive,38,1.2666666666666666,False,0.7,0.95,0.1,1763.0
A-n80-k10,acs_cl15_ls2opt_adaptive,19,2091.078301907898,18.609092564259676,0.31567441718652844,True,4d049fc,10,15,adaptive,42,1.4,False,0.7,0.95,0.1,1763.0
A-n80-k10,acs_cl15_ls2opt_adaptive,20,2069.0684798238744,17.360662497100083,0.32785350014455616,True,4d049fc,10,15,adaptive,54,1.8,False,0.7,0.95,0.1,1763.0
A-n80-k10,acs_cl15_ls2opt_adaptive,21,2107.454745028243,19.537988940909983,0.3479006248526275,True,4d049fc,10,15,adaptive,64,2.1333333333333333,False,0.7,0.95,0.1,1763.0
A-n80-k10,acs_cl15_ls2opt_adaptive,22,2090.384610546704,18.56974535148634,0.34302362496964633,True,4d049fc,10,15,adaptive,66,2.2,False,0.7,0.95,0.1,1763.0
A-n80-k10,acs_cl15_ls2opt_adaptive,23,2093.965878704992,18.772880244185597,0.35669658286496997,True,4d049fc,10,15,adaptive,78,2.6,False,0.7,0.95,0.1,1763.0
A-n80-k10,acs_cl15_ls2opt_adaptive,24,2092.5699505305324,18.693701107801044,0.3429695831146091,True,4d049fc,10,15,adaptive,62,2.066666666666667,False,0.7,0.95,0.1,1763.0
A-n80-k10,acs_cl15_ls2opt_adaptive,25,2120.2093992545624,20.26145202805232,0.3294023328926414,True,4d049fc,10,15,adaptive,54,1.8,False,0.7,0.95,0.1,1763.0
A-n80-k10,acs_cl15_ls2opt_adaptive,26,2111.0765499761474,19.743423141018003,0.3412090828642249,True,4d049fc,10,15,adaptive,64,2.1333333333333333,False,0.7,0.95,0.1,1763.0
A-n80-k10,acs_cl15_ls2opt_adaptive,27,2082.2216417570985,18.106729538122433,0.315713084070012,True,4d049fc,10,15,adaptive,44,1.4666666666666666,False,0.7,0.95,0.1,1763.0
A-n80-k10,acs_cl15_ls2opt_adaptive,28,2094.906987855466,18.826261364462056,0.33012737496756017,True,4d049fc,10,15,adaptive,54,1.8,False,0.7,0.95,0.1,1763.0
A-n80-k10,acs_cl15_ls2opt_adaptive,29,2112.3299438445815,19.814517518127143,0.34526550001464784,True,4d049fc,10,15,adaptive,70,2.3333333333333335,False,0.7,0.95,0.1,1763.0
A-n80-k10,acs_cl15_ls2opt_adaptive_q0rho,0,2105.4109373266224,19.42206110757926,0.3725727500859648,True,4d049fc,10,15,adaptive,72,2.4,True,0.7,0.95,0.1,1763.0
A-n80-k10,acs_cl15_ls2opt_adaptive_q0rho,1,2096.7286556001177,18.929589086790564,0.36706720804795623,True,4d049fc,10,15,adaptive,70,2.3333333333333335,True,0.7,0.95,0.1,1763.0
A-n80-k10,acs_cl15_ls2opt_adaptive_q0rho,2,2100.0043537436413,19.11539159067733,0.37727970792911947,True,4d049fc,10,15,adaptive,72,2.4,True,0.7,0.95,0.1,1763.0
A-n80-k10,acs_cl15_ls2opt_adaptive_q0rho,3,2075.8085929772083,17.742971808122988,0.38384200003929436,True,4d049fc,10,15,adaptive,58,1.9333333333333333,True,0.7,0.95,0.1,1763.0
A-n80-k10,acs_cl15_ls2opt_adaptive_q0rho,4,2036.1240200818463,15.492003407932293,0.3986377918627113,True,4d049fc,10,15,adaptive,60,2.0,True,0.7,0.95,0.1,1763.0
A-n80-k10,acs_cl15_ls2opt_adaptive_q0rho,5,2099.93746358836,19.111597480905278,0.3689244161359966,True,4d049fc,10,15,adaptive,68,2.2666666666666666,True,0.7,0.95,0.1,1763.0
A-n80-k10,acs_cl15_ls2opt_adaptive_q0rho,6,2112.453443614385,19.821522610004816,0.3749314579181373,True,4d049fc,10,15,adaptive,72,2.4,True,0.7,0.95,0.1,1763.0
A-n80-k10,acs_cl15_ls2opt_adaptive_q0rho,7,2119.866121557533,20.241980803036473,0.36106458283029497,True,4d049fc,10,15,adaptive,64,2.1333333333333333,True,0.7,0.95,0.1,1763.0
A-n80-k10,acs_cl15_ls2opt_adaptive_q0rho,8,2088.3876791040843,18.45647640976088,0.35446712491102517,True,4d049fc,10,15,adaptive,60,2.0,True,0.7,0.95,0.1,1763.0
A-n80-k10,acs_cl15_ls2opt_adaptive_q0rho,9,2077.7133839503886,17.851014404446317,0.3644626250024885,True,4d049fc,10,15,adaptive,68,2.2666666666666666,True,0.7,0.95,0.1,1763.0
A-n80-k10,acs_cl15_ls2opt_adaptive_q0rho,10,2112.19829470374,19.80705018172093,0.35466991597786546,True,4d049fc,10,15,adaptive,56,1.8666666666666667,True,0.7,0.95,0.1,1763.0
A-n80-k10,acs_cl15_ls2opt_adaptive_q0rho,11,2108.4140738338624,19.59240350730927,0.3742488329298794,True,4d049fc,10,15,adaptive,78,2.6,True,0.7,0.95,0.1,1763.0
A-n80-k10,acs_cl15_ls2opt_adaptive_q0rho,12,2106.5338825748686,19.485756243611377,0.3558654161170125,True,4d049fc,10,15,adaptive,62,2.066666666666667,True,0.7,0.95,0.1,1763.0
A-n80-k10,acs_cl15_ls2opt_adaptive_q0rho,13,2149.1716834060207,21.90423615462398,0.35555154201574624,True,4d049fc,10,15,adaptive,62,2.066666666666667,True,0.7,0.95,0.1,1763.0
A-n80-k10,acs_cl15_ls2opt_adaptive_q0rho,14,2024.8038923664983,14.849908812620438,0.37908845813944936,True,4d049fc,10,15,adaptive,78,2.6,True,0.7,0.95,0.1,1763.0
A-n80-k10,acs_cl15_ls2opt_adaptive_q0rho,15,2140.14541500144,21.392252694352816,0.36710687493905425,True,4d049fc,10,15,adaptive,68,2.2666666666666666,True,0.7,0.95,0.1,1763.0
A-n80-k10,acs_cl15_ls2opt_adaptive_q0rho,16,2138.1511491846163,21.27913495091414,0.349901125067845,True,4d049fc,10,15,adaptive,56,1.8666666666666667,True,0.7,0.95,0.1,1763.0
A-n80-k10,acs_cl15_ls2opt_adaptive_q0rho,17,2137.6788868651656,21.25234752496685,0.3493901670444757,True,4d049fc,10,15,adaptive,56,1.8666666666666667,True,0.7,0.95,0.1,1763.0
A-n80-k10,acs_cl15_ls2opt_adaptive_q0rho,18,2123.7549849073725,20.4625629556082,0.3490059580653906,True,4d049fc,10,15,adaptive,56,1.8666666666666667,True,0.7,0.95,0.1,1763.0
A-n80-k10,acs_cl15_ls2opt_adaptive_q0rho,19,2071.919740194481,17.5223902549337,0.37512591714039445,True,4d049fc,10,15,adaptive,72,2.4,True,0.7,0.95,0.1,1763.0
A-n80-k10,acs_cl15_ls2opt_adaptive_q0rho,20,2136.4912339242637,21.18498207171093,0.3781939160544425,True,4d049fc,10,15,adaptive,76,2.533333333333333,True,0.7,0.95,0.1,1763.0
A-n80-k10,acs_cl15_ls2opt_adaptive_q0rho,21,2100.7584231443507,19.158163536264926,0.3485575409140438,True,4d049fc,10,15,adaptive,54,1.8,True,0.7,0.95,0.1,1763.0
A-n80-k10,acs_cl15_ls2opt_adaptive_q0rho,22,2086.0803272644193,18.325599958276765,0.3628582919482142,True,4d049fc,10,15,adaptive,68,2.2666666666666666,True,0.7,0.95,0.1,1763.0
A-n80-k10,acs_cl15_ls2opt_adaptive_q0rho,23,2060.83302766558,16.893535318524115,0.36707250005565584,True,4d049fc,10,15,adaptive,68,2.2666666666666666,True,0.7,0.95,0.1,1763.0
A-n80-k10,acs_cl15_ls2opt_adaptive_q0rho,24,2057.2307788241956,16.689210370062142,0.3680316659156233,True,4d049fc,10,15,adaptive,72,2.4,True,0.7,0.95,0.1,1763.0
A-n80-k10,acs_cl15_ls2opt_adaptive_q0rho,25,2105.3042462000662,19.416009427116634,0.36477650003507733,True,4d049fc,10,15,adaptive,70,2.3333333333333335,True,0.7,0.95,0.1,1763.0
A-n80-k10,acs_cl15_ls2opt_adaptive_q0rho,26,2072.455630852157,17.552786775505215,0.3564334998372942,True,4d049fc,10,15,adaptive,62,2.066666666666667,True,0.7,0.95,0.1,1763.0
A-n80-k10,acs_cl15_ls2opt_adaptive_q0rho,27,2125.185712746264,20.543715981069997,0.34253712510690093,True,4d049fc,10,15,adaptive,50,1.6666666666666667,True,0.7,0.95,0.1,1763.0
A-n80-k10,acs_cl15_ls2opt_adaptive_q0rho,28,2140.167295782957,21.393493805045768,0.37184629193507135,True,4d049fc,10,15,adaptive,68,2.2666666666666666,True,0.7,0.95,0.1,1763.0
A-n80-k10,acs_cl15_ls2opt_adaptive_q0rho,29,2114.0071346246864,19.90965029067989,0.35804025013931096,True,4d049fc,10,15,adaptive,58,1.9333333333333333,True,0.7,0.95,0.1,1763.0
A-n80-k10,acs_cl15_ls2opt_adaptive_q0sched,0,2105.4109373266224,19.42206110757926,0.3684698329307139,True,4d049fc,10,15,adaptive,72,2.4,True,0.7,0.95,0.1,1763.0
A-n80-k10,acs_cl15_ls2opt_adaptive_q0sched,1,2096.7286556001177,18.929589086790564,0.3612309580203146,True,4d049fc,10,15,adaptive,70,2.3333333333333335,True,0.7,0.95,0.1,1763.0
A-n80-k10,acs_cl15_ls2opt_adaptive_q0sched,2,2100.0043537436413,19.11539159067733,0.3654375830665231,True,4d049fc,10,15,adaptive,72,2.4,True,0.7,0.95,0.1,1763.0
A-n80-k10,acs_cl15_ls2opt_adaptive_q0sched,3,2120.35648847407,20.269795148841176,0.3415492088533938,True,4d049fc,10,15,adaptive,54,1.8,True,0.7,0.95,0.1,1763.0
A-n80-k10,acs_cl15_ls2opt_adaptive_q0sched,4,2104.8962000412844,19.39286443796281,0.31640141690149903,True,4d049fc,10,15,adaptive,36,1.2,True,0.7,0.95,0.1,1763.0
A-n80-k10,acs_cl15_ls2opt_adaptive_q0sched,5,2107.8523895491335,19.560543933586697,0.34987712488509715,True,4d049fc,10,15,adaptive,62,2.066666666666667,True,0.7,0.95,0.1,1763.0
A-n80-k10,acs_cl15_ls2opt_adaptive_q0sched,6,2112.453443614385,19.821522610004816,0.3667359999381006,True,4d049fc,10,15,adaptive,72,2.4,True,0.7,0.95,0.1,1763.0
A-n80-k10,acs_cl15_ls2opt_adaptive_q0sched,7,2130.7027783553403,20.856652203933088,0.3724253748077899,True,4d049fc,10,15,adaptive,74,2.466666666666667,True,0.7,0.95,0.1,1763.0
A-n80-k10,acs_cl15_ls2opt_adaptive_q0sched,8,2060.2772321707544,16.862009765783004,0.3536965830717236,True,4d049fc,10,15,adaptive,56,1.8666666666666667,True,0.7,0.95,0.1,1763.0
A-n80-k10,acs_cl15_ls2opt_adaptive_q0sched,9,2050.988788783749,16.33515534791543,0.35619670804589987,True,4d049fc,10,15,adaptive,58,1.9333333333333333,True,0.7,0.95,0.1,1763.0
A-n80-k10,acs_cl15_ls2opt_adaptive_q0sched,10,2044.6397694544005,15.975029464231453,0.3577283751219511,True,4d049fc,10,15,adaptive,60,2.0,True,0.7,0.95,0.1,1763.0
A-n80-k10,acs_cl15_ls2opt_adaptive_q0sched,11,2108.4140738338624,19.59240350730927,0.37156091700308025,True,4d049fc,10,15,adaptive,78,2.6,True,0.7,0.95,0.1,1763.0
A-n80-k10,acs_cl15_ls2opt_adaptive_q0sched,12,2110.8505535616205,19.730604285968262,0.3244786658324301,True,4d049fc,10,15,adaptive,40,1.3333333333333333,True,0.7,0.95,0.1,1763.0
A-n80-k10,acs_cl15_ls2opt_adaptive_q0sched,13,2135.909661719568,21.151994425386718,0.3356787918601185,True,4d049fc,10,15,adaptive,50,1.6666666666666667,True,0.7,0.95,0.1,1763.0
A-n80-k10,acs_cl15_ls2opt_adaptive_q0sched,14,2024.8038923664983,14.849908812620438,0.3760845421347767,True,4d049fc,10,15,adaptive,78,2.6,True,0.7,0.95,0.1,1763.0
A-n80-k10,acs_cl15_ls2opt_adaptive_q0sched,15,2073.800485249707,17.629068930783156,0.33641799981705844,True,4d049fc,10,15,adaptive,50,1.6666666666666667,True,0.7,0.95,0.1,1763.0
A-n80-k10,acs_cl15_ls2opt_adaptive_q0sched,16,2114.217427174248,19.921578398993073,0.3446114999242127,True,4d049fc,10,15,adaptive,54,1.8,True,0.7,0.95,0.1,1763.0
A-n80-k10,acs_cl15_ls2opt_adaptive_q0sched,17,2119.9564722667687,20.24710563055977,0.3563441669102758,True,4d049fc,10,15,adaptive,62,2.066666666666667,True,0.7,0.95,0.1,1763.0
A-n80-k10,acs_cl15_ls2opt_adaptive_q0sched,18,2124.6937482645085,20.515811018973825,0.3485307500232011,True,4d049fc,10,15,adaptive,56,1.8666666666666667,True,0.7,0.95,0.1,1763.0
A-n80-k10,acs_cl15_ls2opt_adaptive_q0sched,19,2071.919740194481,17.5223902549337,0.3724055830389261,True,4d049fc,10,15,adaptive,72,2.4,True,0.7,0.95,0.1,1763.0
A-n80-k10,acs_cl15_ls2opt_adaptive_q0sched,20,2134.5806139071015,21.076608843284255,0.3632708750665188,True,4d049fc,10,15,adaptive,66,2.2,True,0.7,0.95,0.1,1763.0
A-n80-k10,acs_cl15_ls2opt_adaptive_q0sched,21,2105.917722428561,19.450806717445314,0.35702554206363857,True,4d049fc,10,15,adaptive,64,2.1333333333333333,True,0.7,0.95,0.1,1763.0
A-n80-k10,acs_cl15_ls2opt_adaptive_q0sched,22,2086.0803272644193,18.325599958276765,0.3606714999768883,True,4d049fc,10,15,adaptive,68,2.2666666666666666,True,0.7,0.95,0.1,1763.0
A-n80-k10,acs_cl15_ls2opt_adaptive_q0sched,23,2093.50236005682,18.746588772366433,0.3560958751477301,True,4d049fc,10,15,adaptive,60,2.0,True,0.7,0.95,0.1,1763.0
A-n80-k10,acs_cl15_ls2opt_adaptive_q0sched,24,2057.2307788241956,16.689210370062142,0.37058608303777874,True,4d049fc,10,15,adaptive,72,2.4,True,0.7,0.95,0.1,1763.0
A-n80-k10,acs_cl15_ls2opt_adaptive_q0sched,25,2105.3042462000662,19.416009427116634,0.36063637491315603,True,4d049fc,10,15,adaptive,70,2.3333333333333335,True,0.7,0.95,0.1,1763.0
A-n80-k10,acs_cl15_ls2opt_adaptive_q0sched,26,2125.64390038639,20.569705070129903,0.3684767500963062,True,4d049fc,10,15,adaptive,72,2.4,True,0.7,0.95,0.1,1763.0
A-n80-k10,acs_cl15_ls2opt_adaptive_q0sched,27,2097.4446155391465,18.970199406644728,0.46659912494942546,True,4d049fc,10,15,adaptive,60,2.0,True,0.7,0.95,0.1,1763.0
A-n80-k10,acs_cl15_ls2opt_adaptive_q0sched,28,2131.6455888738333,20.91012982835129,0.4284182919654995,True,4d049fc,10,15,adaptive,64,2.1333333333333333,True,0.7,0.95,0.1,1763.0
A-n80-k10,acs_cl15_ls2opt_adaptive_q0sched,29,2108.252498207644,19.58323869583913,0.40229133307002485,True,4d049fc,10,15,adaptive,54,1.8,True,0.7,0.95,0.1,1763.0
A-n80-k10,acs_cl15_ls2opt_fixed,0,2120.2197038407494,20.262036519611424,0.3088447500485927,True,4d049fc,10,15,best,30,1.0,False,0.7,0.95,0.1,1763.0
A-n80-k10,acs_cl15_ls2opt_fixed,1,2091.8082688444665,18.650497381989027,0.3042022918816656,True,4d049fc,10,15,best,30,1.0,False,0.7,0.95,0.1,1763.0
A-n80-k10,acs_cl15_ls2opt_fixed,2,2093.50236005682,18.746588772366433,0.30487637501209974,True,4d049fc,10,15,best,30,1.0,False,0.7,0.95,0.1,1763.0
A-n80-k10,acs_cl15_ls2opt_fixed,3,2088.6212696753987,18.46972601675546,0.3037655840162188,True,4d049fc,10,15,best,30,1.0,False,0.7,0.95,0.1,1763.0
A-n80-k10,acs_cl15_ls2opt_fixed,4,2056.2118393312935,16.631414596216306,0.3037961660884321,True,4d049fc,10,15,best,30,1.0,False,0.7,0.95,0.1,1763.0
A-n80-k10,acs_cl15_ls2opt_fixed,5,2102.387193943155,19.25054985497193,0.3065892078448087,True,4d049fc,10,15,best,30,1.0,False,0.7,0.95,0.1,1763.0
A-n80-k10,acs_cl15_ls2opt_fixed,6,2084.491741045477,18.23549296911383,0.3017307911068201,True,4d049fc,10,15,best,30,1.0,False,0.7,0.95,0.1,1763.0
A-n80-k10,acs_cl15_ls2opt_fixed,7,2136.282801432071,21.173159468637053,0.30524183390662074,True,4d049fc,10,15,best,30,1.0,False,0.7,0.95,0.1,1763.0
A-n80-k10,acs_cl15_ls2opt_fixed,8,2093.50236005682,18.746588772366433,0.3009948330000043,True,4d049fc,10,15,best,30,1.0,False,0.7,0.95,0.1,1763.0
A-n80-k10,acs_cl15_ls2opt_fixed,9,2138.967174580688,21.32542113333455,0.30019087507389486,True,4d049fc,10,15,best,30,1.0,False,0.7,0.95,0.1,1763.0
A-n80-k10,acs_cl15_ls2opt_fixed,10,2126.7257207765597,20.63106754262959,0.30236487509682775,True,4d049fc,10,15,best,30,1.0,False,0.7,0.95,0.1,1763.0
A-n80-k10,acs_cl15_ls2opt_fixed,11,2089.8659056826627,18.540323634864592,0.30304095800966024,True,4d049fc,10,15,best,30,1.0,False,0.7,0.95,0.1,1763.0
A-n80-k10,acs_cl15_ls2opt_fixed,12,2117.7104101110504,20.119705621727192,0.30365979112684727,True,4d049fc,10,15,best,30,1.0,False,0.7,0.95,0.1,1763.0
A-n80-k10,acs_cl15_ls2opt_fixed,13,2089.8659056826627,18.540323634864592,0.2996004589367658,True,4d049fc,10,15,best,30,1.0,False,0.7,0.95,0.1,1763.0
A-n80-k10,acs_cl15_ls2opt_fixed,14,2099.820513082658,19.104963873094622,0.3023626250214875,True,4d049fc,10,15,best,30,1.0,False,0.7,0.95,0.1,1763.0
A-n80-k10,acs_cl15_ls2opt_fixed,15,2164.562247889736,22.777212018703132,0.30127033311873674,True,4d049fc,10,15,best,30,1.0,False,0.7,0.95,0.1,1763.0
A-n80-k10,acs_cl15_ls2opt_fixed,16,2090.776278166533,18.591961325384734,0.3026633330155164,True,4d049fc,10,15,best,30,1.0,False,0.7,0.95,0.1,1763.0
A-n80-k10,acs_cl15_ls2opt_fixed,17,2089.7756815784232,18.535205988566265,0.3024019170552492,True,4d049fc,10,15,best,30,1.0,False,0.7,0.95,0.1,1763.0
A-n80-k10,acs_cl15_ls2opt_fixed,18,2163.38218402275,22.710277029083954,0.3022645830642432,True,4d049fc,10,15,best,30,1.0,False,0.7,0.95,0.1,1763.0
A-n80-k10,acs_cl15_ls2opt_fixed,19,2091.078301907898,18.609092564259676,0.30304487491957843,True,4d049fc,10,15,best,30,1.0,False,0.7,0.95,0.1,1763.0
A-n80-k10,acs_cl15_ls2opt_fixed,20,2069.0684798238744,17.360662497100083,0.3005652502179146,True,4d049fc,10,15,best,30,1.0,False,0.7,0.95,0.1,1763.0
A-n80-k10,acs_cl15_ls2opt_fixed,21,2165.2693348161492,22.817319047994854,0.30331683391705155,True,4d049fc,10,15,best,30,1.0,False,0.7,0.95,0.1,1763.0
A-n80-k10,acs_cl15_ls2opt_fixed,22,2090.384610546704,18.56974535148634,0.30498241703025997,True,4d049fc,10,15,best,30,1.0,False,0.7,0.95,0.1,1763.0
A-n80-k10,acs_cl15_ls2opt_fixed,23,2093.965878704992,18.772880244185597,0.30165904201567173,True,4d049fc,10,15,best,30,1.0,False,0.7,0.95,0.1,1763.0
A-n80-k10,acs_cl15_ls2opt_fixed,24,2092.5699505305324,18.693701107801044,0.30503662512637675,True,4d049fc,10,15,best,30,1.0,False,0.7,0.95,0.1,1763.0
A-n80-k10,acs_cl15_ls2opt_fixed,25,2120.2093992545624,20.26145202805232,0.3028535828925669,True,4d049fc,10,15,best,30,1.0,False,0.7,0.95,0.1,1763.0
A-n80-k10,acs_cl15_ls2opt_fixed,26,2111.0765499761474,19.743423141018003,0.30171858286485076,True,4d049fc,10,15,best,30,1.0,False,0.7,0.95,0.1,1763.0
A-n80-k10,acs_cl15_ls2opt_fixed,27,2082.2216417570985,18.106729538122433,0.3019708751235157,True,4d049fc,10,15,best,30,1.0,False,0.7,0.95,0.1,1763.0
A-n80-k10,acs_cl15_ls2opt_fixed,28,2094.906987855466,18.826261364462056,0.30320404190570116,True,4d049fc,10,15,best,30,1.0,False,0.7,0.95,0.1,1763.0
A-n80-k10,acs_cl15_ls2opt_fixed,29,2112.3299438445815,19.814517518127143,0.29827433289028704,True,4d049fc,10,15,best,30,1.0,False,0.7,0.95,0.1,1763.0
