instance,variant,seed,best_cost,gap_percent,elapsed_seconds,feasible,git_commit,n_routes,candidate_list_size,ls_mode,total_ls_applications,ls_per_iter,use_q0_schedule,q0_min,q0_max,rho,best_known
A-n32-k5,acs_baseline,0,947.2958852532599,20.828556792507648,0.10064658406190574,True,87a65c0,5,0,none,0,0.0,False,0.7,0.95,0.1,784.0
A-n32-k5,acs_baseline,1,1016.3133919796253,29.631810201482818,0.15608950005844235,True,87a65c0,5,0,none,0,0.0,False,0.7,0.95,0.1,784.0
A-n32-k5,acs_baseline,2,980.2533950953637,25.032320802980056,0.0913998750038445,True,87a65c0,5,0,none,0,0.0,False,0.7,0.95,0.1,784.0
A-n32-k5,acs_baseline,3,999.1142758624724,27.438045390621475,0.09158270806074142,True,87a65c0,5,0,none,0,0.0,False,0.7,0.95,0.1,784.0
A-n32-k5,acs_baseline,4,974.5869562842374,24.309560750540488,0.0908623340073973,True,87a65c0,5,0,none,0,0.0,False,0.7,0.95,0.1,784.0
A-n32-k5,acs_baseline,5,1035.8131560227791,32.1190250029055,0.09169599995948374,True,87a65c0,5,0,none,0,0.0,False,0.7,0.95,0.1,784.0
A-n32-k5,acs_baseline,6,1074.1617558678013,37.010428044362406,0.09326979098841548,True,87a65c0,5,0,none,0,0.0,False,0.7,0.95,0.1,784.0
A-n32-k5,acs_baseline,7,1021.4545306827588,30.2875676891274,0.0913740829564631,True,87a65c0,5,0,none,0,0.0,False,0.7,0.95,0.1,784.0
A-n32-k5,acs_baseline,8,1028.5782485640616,31.196205173987444,0.09378762496635318,True,87a65c0,5,0,none,0,0.0,False,0.7,0.95,0.1,784.0
A-n32-k5,acs_baseline,9,940.2352085104674,19.927960269192265,0.09144445788115263,True,87a65c0,5,0,none,0,0.0,False,0.7,0.95,0.1,784.0
A-n32-k5,acs_baseline,10,956.5651556169666,22.010861685837583,0.09084887499921024,True,87a65c0,5,0,none,0,0.0,False,0.7,0.95,0.1,784.0
A-n32-k5,acs_baseline,11,964.0645453022096,22.96741649262877,0.11079075001180172,True,87a65c0,5,0,none,0,0.0,False,0.7,0.95,0.1,784.0
A-n32-k5,acs_baseline,12,1005.0789035638998,28.198839740293337,0.09106854209676385,True,87a65c0,5,0,none,0,0.0,False,0.7,0.95,0.1,784.0
A-n32-k5,acs_baseline,13,943.7752492688069,20.37949608020496,0.09222166705876589,True,87a65c0,5,0,none,0,0.0,False,0.7,0.95,0.1,784.0
A-n32-k5,acs_baseline,14,1021.4545306827588,30.2875676891274,0.09104191605001688,True,87a65c0,5,0,none,0,0.0,False,0.7,0.95,0.1,784.0
A-n32-k5,acs_baseline,15,1061.178396867621,35.354387355563894,0.09072941611520946,True,87a65c0,5,0,none,0,0.0,False,0.7,0.95,0.1,784.0
A-n32-k5,acs_baseline,16,973.4987298555259,24.1707563591232,0.09097358281724155,True,87a65c0,5,0,none,0,0.0,False,0.7,0.95,0.1,784.0
A-n32-k5,acs_baseline,17,1017.4982992802188,29.782946336762606,0.09034145902842283,True,87a65c0,5,0,none,0,0.0,False,0.7,0.95,0.1,784.0
A-n32-k5,acs_baseline,18,1049.685794007816,33.88849413364999,0.09106062492355704,True,87a65c0,5,0,none,0,0.0,False,0.7,0.95,0.1,784.0
A-n32-k5,acs_baseline,19,1006.2785083821323,28.35185055894544,0.09147383295930922,True,87a65c0,5,0,none,0,0.0,False,0.7,0.95,0.1,784.0
A-n32-k5,acs_baseline,20,957.6000049449673,22.142857773592766,0.09178054216317832,True,87a65c0,5,0,none,0,0.0,False,0.7,0.95,0.1,784.0
A-n32-k5,acs_baseline,21,1033.569094764698,31.83279269957884,0.09087162488140166,True,87a65c0,5,0,none,0,0.0,False,0.7,0.95,0.1,784.0
A-n32-k5,acs_baseline,22,1043.504880354437,33.10011229010677,0.11513558402657509,True,87a65c0,5,0,none,0,0.0,False,0.7,0.95,0.1,784.0
A-n32-k5,acs_baseline,23,1013.3430923527453,29.252945453156293,0.09180808300152421,True,87a65c0,5,0,none,0,0.0,False,0.7,0.95,0.1,784.0
A-n32-k5,acs_baseline,24,1047.6887185193789,33.633765117267714,0.09346579085104167,True,87a65c0,5,0,none,0,0.0,False,0.7,0.95,0.1,784.0
A-n32-k5,acs_baseline,25,1055.6130296982303,34.64451909416203,0.09244595910422504,True,87a65c0,5,0,none,0,0.0,False,0.7,0.95,0.1,784.0
A-n32-k5,acs_baseline,26,1021.4545306827588,30.2875676891274,0.09242137521505356,True,87a65c0,5,0,none,0,0.0,False,0.7,0.95,0.1,784.0
A-n32-k5,acs_baseline,27,1067.483175617124,36.15856831851072,0.09181333309970796,True,87a65c0,5,0,none,0,0.0,False,0.7,0.95,0.1,784.0
A-n32-k5,acs_baseline,28,1038.7174182792887,32.48946661725621,0.09390345797874033,True,87a65c0,5,0,none,0,0.0,False,0.7,0.95,0.1,784.0
A-n32-k5,acs_baseline,29,1036.0514793208263,32.14942338275845,0.10150020802393556,True,87a65c0,5,0,none,0,0.0,False,0.7,0.95,0.1,784.0
A-n32-k5,acs_cl15,0,1022.0604074334292,30.36484788691699,0.07807758403941989,True,87a65c0,5,15,none,0,0.0,False,0.7,0.95,0.1,784.0
A-n32-k5,acs_cl15,1,1084.9097454559549,38.38134508366771,0.07912212493829429,True,87a65c0,5,15,none,0,0.0,False,0.7,0.95,0.1,784.0
A-n32-k5,acs_cl15,2,1055.6130296982303,34.64451909416203,0.079048375133425,True,87a65c0,5,15,none,0,0.0,False,0.7,0.95,0.1,784.0
A-n32-k5,acs_cl15,3,1006.2785083821323,28.35185055894544,0.10325445793569088,True,87a65c0,5,15,none,0,0.0,False,0.7,0.95,0.1,784.0
A-n32-k5,acs_cl15,4,1022.464159757692,30.416346907868874,0.07714350009337068,True,87a65c0,5,15,none,0,0.0,False,0.7,0.95,0.1,784.0
A-n32-k5,acs_cl15,5,1021.695221073132,30.318267994021937,0.07962758396752179,True,87a65c0,5,15,none,0,0.0,False,0.7,0.95,0.1,784.0
A-n32-k5,acs_cl15,6,1054.4129228040922,34.49144423521584,0.07694254093803465,True,87a65c0,5,15,none,0,0.0,False,0.7,0.95,0.1,784.0
A-n32-k5,acs_cl15,7,1005.2609816534278,28.222063986406614,0.07716954196803272,True,87a65c0,5,15,none,0,0.0,False,0.7,0.95,0.1,784.0
A-n32-k5,acs_cl15,8,1017.0695612327927,29.7282603613256,0.08733604196459055,True,87a65c0,5,15,none,0,0.0,False,0.7,0.95,0.1,784.0
A-n32-k5,acs_cl15,9,1021.4545306827588,30.2875676891274,0.17078737495467067,True,87a65c0,5,15,none,0,0.0,False,0.7,0.95,0.1,784.0
A-n32-k5,acs_cl15,10,1021.4545306827588,30.2875676891274,0.08717087493278086,True,87a65c0,5,15,none,0,0.0,False,0.7,0.95,0.1,784.0
A-n32-k5,acs_cl15,11,1030.4095472536824,31.42978919052071,0.07686016708612442,True,87a65c0,5,15,none,0,0.0,False,0.7,0.95,0.1,784.0
A-n32-k5,acs_cl15,12,1028.5445453952661,31.1919063004166,0.07903537503443658,True,87a65c0,5,15,none,0,0.0,False,0.7,0.95,0.1,784.0
A-n32-k5,acs_cl15,13,1019.6062735343559,30.05182060387192,0.07855520793236792,True,87a65c0,5,15,none,0,0.0,False,0.7,0.95,0.1,784.0
A-n32-k5,acs_cl15,14,1005.3721745541848,28.2362467543603,0.0767149580642581,True,87a65c0,5,15,none,0,0.0,False,0.7,0.95,0.1,784.0
A-n32-k5,acs_cl15,15,1021.4545306827588,30.2875676891274,0.08156320895068347,True,87a65c0,5,15,none,0,0.0,False,0.7,0.95,0.1,784.0
A-n32-k5,acs_cl15,16,1021.4545306827588,30.2875676891274,0.0830091661773622,True,87a65c0,5,15,none,0,0.0,False,0.7,0.95,0.1,784.0
A-n32-k5,acs_cl15,17,968.0145098167919,23.47123849703979,0.08187408419325948,True,87a65c0,5,15,none,0,0.0,False,0.7,0.95,0.1,784.0
A-n32-k5,acs_cl15,18,946.7127917207965,20.75418261744854,0.07892958307638764,True,87a65c0,5,15,none,0,0.0,False,0.7,0.95,0.1,784.0
A-n32-k5,acs_cl15,19,1015.7075152289549,29.554530003693223,0.11463337508030236,True,87a65c0,5,15,none,0,0.0,False,0.7,0.95,0.1,784.0
A-n32-k5,acs_cl15,20,1056.5652485255303,34.765975577236006,0.087827208917588,True,87a65c0,5,15,none,0,0.0,False,0.7,0.95,0.1,784.0
A-n32-k5,acs_cl15,21,1016.3133919796253,29.631810201482818,0.18120279209688306,True,87a65c0,5,15,none,0,0.0,False,0.7,0.95,0.1,784.0
A-n32-k5,acs_cl15,22,1062.9589520074696,35.581498980544595,0.08805420901626348,True,87a65c0,5,15,none,0,0.0,False,0.7,0.95,0.1,784.0
A-n32-k5,acs_cl15,23,1008.1112586862334,28.58561973038692,0.09153662505559623,True,87a65c0,5,15,none,0,0.0,False,0.7,0.95,0.1,784.0
A-n32-k5,acs_cl15,24,1019.6773605798481,30.06088782906226,0.09008154086768627,True,87a65c0,5,15,none,0,0.0,False,0.7,0.95,0.1,784.0
A-n32-k5,acs_cl15,25,1062.9893980886054,35.585382409260895,0.12010474991984665,True,87a65c0,5,15,none,0,0.0,False,0.7,0.95,0.1,784.0
A-n32-k5,acs_cl15,26,1019.1639839653417,29.995406118028278,0.12366008409298956,True,87a65c0,5,15,none,0,0.0,False,0.7,0.95,0.1,784.0
A-n32-k5,acs_cl15,27,1038.6075019844386,32.475446681688595,0.07931304187513888,True,87a65c0,5,15,none,0,0.0,False,0.7,0.95,0.1,784.0
A-n32-k5,acs_cl15,28,1021.6721555637607,30.3153259647654,0.08091183309443295,True,87a65c0,5,15,none,0,0.0,False,0.7,0.95,0.1,784.0
A-n32-k5,acs_cl15,29,1018.168608780645,29.868444997531242,0.07657624990679324,True,87a65c0,5,15,none,0,0.0,False,0.7,0.95,0.1,784.0
A-n32-k5,acs_cl15_ls2opt_fixed,0,999.0578463158499,27.430847744368613,0.08543870900757611,True,87a65c0,5,15,best,30,1.0,False,0.7,0.95,0.1,784.0
A-n32-k5,acs_cl15_ls2opt_fixed,1,1072.7430130241034,36.82946594695197,0.08535424992442131,True,87a65c0,5,15,best,30,1.0,False,0.7,0.95,0.1,784.0
A-n32-k5,acs_cl15_ls2opt_fixed,2,999.6325755141995,27.504155040076466,0.08666329202242196,True,87a65c0,5,15,best,30,1.0,False,0.7,0.95,0.1,784.0
A-n32-k5,acs_cl15_ls2opt_fixed,3,992.1155296137681,26.545348165021444,0.08514487487263978,True,87a65c0,5,15,best,30,1.0,False,0.7,0.95,0.1,784.0
A-n32-k5,acs_cl15_ls2opt_fixed,4,998.4429449527627,27.352416448056466,0.08540766593068838,True,87a65c0,5,15,best,30,1.0,False,0.7,0.95,0.1,784.0
A-n32-k5,acs_cl15_ls2opt_fixed,5,990.5844567003846,26.350058252600085,0.08552270801737905,True,87a65c0,5,15,best,30,1.0,False,0.7,0.95,0.1,784.0
A-n32-k5,acs_cl15_ls2opt_fixed,6,1023.1527591090039,30.504178457781112,0.0855804169550538,True,87a65c0,5,15,best,30,1.0,False,0.7,0.95,0.1,784.0
A-n32-k5,acs_cl15_ls2opt_fixed,7,1000.4159827791643,27.6040794361179,0.08548333402723074,True,87a65c0,5,15,best,30,1.0,False,0.7,0.95,0.1,784.0
A-n32-k5,acs_cl15_ls2opt_fixed,8,1009.6168656416521,28.777661433884198,0.08549379208125174,True,87a65c0,5,15,best,30,1.0,False,0.7,0.95,0.1,784.0
A-n32-k5,acs_cl15_ls2opt_fixed,9,927.1278649905255,18.256105228383355,0.08489604201167822,True,87a65c0,5,15,best,30,1.0,False,0.7,0.95,0.1,784.0
A-n32-k5,acs_cl15_ls2opt_fixed,10,993.9286292691154,26.776610876162678,0.08605208294466138,True,87a65c0,5,15,best,30,1.0,False,0.7,0.95,0.1,784.0
A-n32-k5,acs_cl15_ls2opt_fixed,11,1023.7569731534668,30.581246575697296,0.0862699169665575,True,87a65c0,5,15,best,30,1.0,False,0.7,0.95,0.1,784.0
A-n32-k5,acs_cl15_ls2opt_fixed,12,1009.87959583167,28.811172937713014,0.08552804216742516,True,87a65c0,5,15,best,30,1.0,False,0.7,0.95,0.1,784.0
A-n32-k5,acs_cl15_ls2opt_fixed,13,992.1155296137681,26.545348165021444,0.08497791597619653,True,87a65c0,5,15,best,30,1.0,False,0.7,0.95,0.1,784.0
A-n32-k5,acs_cl15_ls2opt_fixed,14,992.1155296137681,26.545348165021444,0.08527325000613928,True,87a65c0,5,15,best,30,1.0,False,0.7,0.95,0.1,784.0
A-n32-k5,acs_cl15_ls2opt_fixed,15,1009.87959583167,28.811172937713014,0.08491662493906915,True,87a65c0,5,15,best,30,1.0,False,0.7,0.95,0.1,784.0
A-n32-k5,acs_cl15_ls2opt_fixed,16,994.8839716610203,26.89846577308932,0.0845817499794066,True,87a65c0,5,15,best,30,1.0,False,0.7,0.95,0.1,784.0
A-n32-k5,acs_cl15_ls2opt_fixed,17,1028.0418244827745,31.127783735047764,0.08545075007714331,True,87a65c0,5,15,best,30,1.0,False,0.7,0.95,0.1,784.0
A-n32-k5,acs_cl15_ls2opt_fixed,18,916.2650697244251,16.87054460770728,0.08515429217368364,True,87a65c0,5,15,best,30,1.0,False,0.7,0.95,0.1,784.0
A-n32-k5,acs_cl15_ls2opt_fixed,19,992.1155296137681,26.545348165021444,0.08597595803439617,True,87a65c0,5,15,best,30,1.0,False,0.7,0.95,0.1,784.0
A-n32-k5,acs_cl15_ls2opt_fixed,20,1000.0335572221697,27.55530066609308,0.08503662492148578,True,87a65c0,5,15,best,30,1.0,False,0.7,0.95,0.1,784.0
A-n32-k5,acs_cl15_ls2opt_fixed,21,992.1155296137681,26.545348165021444,0.08517854195088148,True,87a65c0,5,15,best,30,1.0,False,0.7,0.95,0.1,784.0
A-n32-k5,acs_cl15_ls2opt_fixed,22,1023.1527591090039,30.504178457781112,0.1119864999782294,True,87a65c0,5,15,best,30,1.0,False,0.7,0.95,0.1,784.0
A-n32-k5,acs_cl15_ls2opt_fixed,23,943.6357227068074,20.361699324847887,0.08507687482051551,True,87a65c0,5,15,best,30,1.0,False,0.7,0.95,0.1,784.0
A-n32-k5,acs_cl15_ls2opt_fixed,24,969.9672976343999,23.72031857581631,0.08504658401943743,True,87a65c0,5,15,best,30,1.0,False,0.7,0.95,0.1,784.0
A-n32-k5,acs_cl15_ls2opt_fixed,25,1023.7569731534668,30.581246575697296,0.08474145899526775,True,87a65c0,5,15,best,30,1.0,False,0.7,0.95,0.1,784.0
A-n32-k5,acs_cl15_ls2opt_fixed,26,992.2674570220022,26.56472666096967,0.08585804188624024,True,87a65c0,5,15,best,30,1.0,False,0.7,0.95,0.1,784.0
A-n32-k5,acs_cl15_ls2opt_fixed,27,998.4429449527629,27.352416448056495,0.08615499990992248,True,87a65c0,5,15,best,30,1.0,False,0.7,0.95,0.1,784.0
A-n32-k5,acs_cl15_ls2opt_fixed,28,992.1155296137681,26.545348165021444,0.0858034580014646,True,87a65c0,5,15,best,30,1.0,False,0.7,0.95,0.1,784.0
A-n32-k5,acs_cl15_ls2opt_fixed,29,1000.165836453433,27.57217301701952,0.09274916700087488,True,87a65c0,5,15,best,30,1.0,False,0.7,0.95,0.1,784.0
A-n32-k5,acs_cl15_ls2opt_fixed_q0sched,0,912.242962170079,16.357520684959052,0.0916764170397073,True,87a65c0,5,15,best,30,1.0,True,0.7,0.95,0.1,784.0
A-n32-k5,acs_cl15_ls2opt_fixed_q0sched,1,1000.4159827791643,27.6040794361179,0.0918409579899162,True,87a65c0,5,15,best,30,1.0,True,0.7,0.95,0.1,784.0
A-n32-k5,acs_cl15_ls2opt_fixed_q0sched,2,946.3460869261653,20.707409046704758,0.1126517909578979,True,87a65c0,5,15,best,30,1.0,True,0.7,0.95,0.1,784.0
A-n32-k5,acs_cl15_ls2opt_fixed_q0sched,3,976.0521784292864,24.496451330266126,0.0918571250513196,True,87a65c0,5,15,best,30,1.0,True,0.7,0.95,0.1,784.0
A-n32-k5,acs_cl15_ls2opt_fixed_q0sched,4,976.0521784292864,24.496451330266126,0.09117745910771191,True,87a65c0,5,15,best,30,1.0,True,0.7,0.95,0.1,784.0
A-n32-k5,acs_cl15_ls2opt_fixed_q0sched,5,891.3141917646017,13.688034663852255,0.09096158295869827,True,87a65c0,5,15,best,30,1.0,True,0.7,0.95,0.1,784.0
A-n32-k5,acs_cl15_ls2opt_fixed_q0sched,6,1000.0335572221697,27.55530066609308,0.09007329191081226,True,87a65c0,5,15,best,30,1.0,True,0.7,0.95,0.1,784.0
A-n32-k5,acs_cl15_ls2opt_fixed_q0sched,7,921.4540172952618,17.532400165211964,0.09068433288484812,True,87a65c0,5,15,best,30,1.0,True,0.7,0.95,0.1,784.0
A-n32-k5,acs_cl15_ls2opt_fixed_q0sched,8,960.8752859717137,22.56062321067776,0.09153266693465412,True,87a65c0,5,15,best,30,1.0,True,0.7,0.95,0.1,784.0
A-n32-k5,acs_cl15_ls2opt_fixed_q0sched,9,916.1445578935411,16.855173200706773,0.09025624999776483,True,87a65c0,5,15,best,30,1.0,True,0.7,0.95,0.1,784.0
A-n32-k5,acs_cl15_ls2opt_fixed_q0sched,10,884.8517371049511,12.863741977672333,0.09051287500187755,True,87a65c0,5,15,best,30,1.0,True,0.7,0.95,0.1,784.0
A-n32-k5,acs_cl15_ls2opt_fixed_q0sched,11,998.4429449527629,27.352416448056495,0.09056450007483363,True,87a65c0,5,15,best,30,1.0,True,0.7,0.95,0.1,784.0
A-n32-k5,acs_cl15_ls2opt_fixed_q0sched,12,1022.1845971981596,30.380688418132607,0.09082516678608954,True,87a65c0,5,15,best,30,1.0,True,0.7,0.95,0.1,784.0
A-n32-k5,acs_cl15_ls2opt_fixed_q0sched,13,1027.1881537037104,31.01889715608552,0.11562891700305045,True,87a65c0,5,15,best,30,1.0,True,0.7,0.95,0.1,784.0
A-n32-k5,acs_cl15_ls2opt_fixed_q0sched,14,1000.4159827791643,27.6040794361179,0.09061204199679196,True,87a65c0,5,15,best,30,1.0,True,0.7,0.95,0.1,784.0
A-n32-k5,acs_cl15_ls2opt_fixed_q0sched,15,966.3440919482612,23.258174993400658,0.09104062500409782,True,87a65c0,5,15,best,30,1.0,True,0.7,0.95,0.1,784.0
A-n32-k5,acs_cl15_ls2opt_fixed_q0sched,16,986.6269918212313,25.845279569034602,0.09054504195228219,True,87a65c0,5,15,best,30,1.0,True,0.7,0.95,0.1,784.0
A-n32-k5,acs_cl15_ls2opt_fixed_q0sched,17,976.0521784292864,24.496451330266126,0.08984916703775525,True,87a65c0,5,15,best,30,1.0,True,0.7,0.95,0.1,784.0
A-n32-k5,acs_cl15_ls2opt_fixed_q0sched,18,1016.0457740275339,29.597675258614014,0.09143533301539719,True,87a65c0,5,15,best,30,1.0,True,0.7,0.95,0.1,784.0
A-n32-k5,acs_cl15_ls2opt_fixed_q0sched,19,998.7038016036031,27.385688980051416,0.09055491699837148,True,87a65c0,5,15,best,30,1.0,True,0.7,0.95,0.1,784.0
A-n32-k5,acs_cl15_ls2opt_fixed_q0sched,20,971.9347384910116,23.971267664669842,0.09037416614592075,True,87a65c0,5,15,best,30,1.0,True,0.7,0.95,0.1,784.0
A-n32-k5,acs_cl15_ls2opt_fixed_q0sched,21,1009.6168656416521,28.777661433884198,0.09137562499381602,True,87a65c0,5,15,best,30,1.0,True,0.7,0.95,0.1,784.0
A-n32-k5,acs_cl15_ls2opt_fixed_q0sched,22,975.8449732855379,24.47002210274718,0.09055870911106467,True,87a65c0,5,15,best,30,1.0,True,0.7,0.95,0.1,784.0
A-n32-k5,acs_cl15_ls2opt_fixed_q0sched,23,969.1653701003396,23.61803190055352,0.09140412486158311,True,87a65c0,5,15,best,30,1.0,True,0.7,0.95,0.1,784.0
A-n32-k5,acs_cl15_ls2opt_fixed_q0sched,24,891.3141917646017,13.688034663852255,0.11365441605448723,True,87a65c0,5,15,best,30,1.0,True,0.7,0.95,0.1,784.0
A-n32-k5,acs_cl15_ls2opt_fixed_q0sched,25,992.1155296137681,26.545348165021444,0.0909452079795301,True,87a65c0,5,15,best,30,1.0,True,0.7,0.95,0.1,784.0
A-n32-k5,acs_cl15_ls2opt_fixed_q0sched,26,1008.670884035794,28.65700051476964,0.09244958311319351,True,87a65c0,5,15,best,30,1.0,True,0.7,0.95,0.1,784.0
A-n32-k5,acs_cl15_ls2opt_fixed_q0sched,27,1009.193097106767,28.72360932484273,0.1017646670807153,True,87a65c0,5,15,best,30,1.0,True,0.7,0.95,0.1,784.0
A-n32-k5,acs_cl15_ls2opt_fixed_q0sched,28,992.1155296137681,26.545348165021444,0.10026720887981355,True,87a65c0,5,15,best,30,1.0,True,0.7,0.95,0.1,784.0
A-n32-k5,acs_cl15_ls2opt_fixed_q0sched,29,990.7363841086187,26.36943674854831,0.09183641616255045,True,87a65c0,5,15,best,30,1.0,True,0.7,0.95,0.1,784.0
A-n32-k5,acs_clsqrtn_2opt_q0sched,0,916.2650697244251,16.87054460770728,0.08235291601158679,True,87a65c0,5,15,best,30,1.0,True,0.7,0.95,0.1,784.0
A-n32-k5,acs_clsqrtn_2opt_q0sched,1,992.2674570220022,26.56472666096967,0.08178550004959106,True,87a65c0,5,15,best,30,1.0,True,0.7,0.95,0.1,784.0
A-n32-k5,acs_clsqrtn_2opt_q0sched,2,824.5581156959953,5.173229042856543,0.08245987491682172,True,87a65c0,5,15,best,30,1.0,True,0.7,0.95,0.1,784.0
A-n32-k5,acs_clsqrtn_2opt_q0sched,3,999.0578463158499,27.430847744368613,0.08264808310195804,True,87a65c0,5,15,best,30,1.0,True,0.7,0.95,0.1,784.0
A-n32-k5,acs_clsqrtn_2opt_q0sched,4,992.2674570220022,26.56472666096967,0.08270729100331664,True,87a65c0,5,15,best,30,1.0,True,0.7,0.95,0.1,784.0
A-n32-k5,acs_clsqrtn_2opt_q0sched,5,916.1445578935411,16.855173200706773,0.08160475012846291,True,87a65c0,5,15,best,30,1.0,True,0.7,0.95,0.1,784.0
A-n32-k5,acs_clsqrtn_2opt_q0sched,6,938.5353244170174,19.711138318497113,0.0822321658488363,True,87a65c0,5,15,best,30,1.0,True,0.7,0.95,0.1,784.0
A-n32-k5,acs_clsqrtn_2opt_q0sched,7,1009.87959583167,28.811172937713014,0.1013040840625763,True,87a65c0,5,15,best,30,1.0,True,0.7,0.95,0.1,784.0
A-n32-k5,acs_clsqrtn_2opt_q0sched,8,1003.2654651684851,27.967533822510855,0.08577112504281104,True,87a65c0,5,15,best,30,1.0,True,0.7,0.95,0.1,784.0
A-n32-k5,acs_clsqrtn_2opt_q0sched,9,846.5656401985697,7.980311249817559,0.08137945900671184,True,87a65c0,5,15,best,30,1.0,True,0.7,0.95,0.1,784.0
A-n32-k5,acs_clsqrtn_2opt_q0sched,10,916.1445578935411,16.855173200706773,0.08229641593061388,True,87a65c0,5,15,best,30,1.0,True,0.7,0.95,0.1,784.0
A-n32-k5,acs_clsqrtn_2opt_q0sched,11,1009.6168656416521,28.777661433884198,0.08118479186668992,True,87a65c0,5,15,best,30,1.0,True,0.7,0.95,0.1,784.0
A-n32-k5,acs_clsqrtn_2opt_q0sched,12,912.242962170079,16.357520684959052,0.08254450000822544,True,87a65c0,5,15,best,30,1.0,True,0.7,0.95,0.1,784.0
A-n32-k5,acs_clsqrtn_2opt_q0sched,13,981.9728283296187,25.251636266532994,0.0820115830283612,True,87a65c0,5,15,best,30,1.0,True,0.7,0.95,0.1,784.0
A-n32-k5,acs_clsqrtn_2opt_q0sched,14,968.7858422223903,23.569622732447744,0.0820145420730114,True,87a65c0,5,15,best,30,1.0,True,0.7,0.95,0.1,784.0
A-n32-k5,acs_clsqrtn_2opt_q0sched,15,1009.6168656416521,28.777661433884198,0.08139729220420122,True,87a65c0,5,15,best,30,1.0,True,0.7,0.95,0.1,784.0
A-n32-k5,acs_clsqrtn_2opt_q0sched,16,1000.4159827791643,27.6040794361179,0.08144187508150935,True,87a65c0,5,15,best,30,1.0,True,0.7,0.95,0.1,784.0
A-n32-k5,acs_clsqrtn_2opt_q0sched,17,824.5581156959953,5.173229042856543,0.08179587498307228,True,87a65c0,5,15,best,30,1.0,True,0.7,0.95,0.1,784.0
A-n32-k5,acs_clsqrtn_2opt_q0sched,18,916.2650697244251,16.87054460770728,0.0822892498690635,True,87a65c0,5,15,best,30,1.0,True,0.7,0.95,0.1,784.0
A-n32-k5,acs_clsqrtn_2opt_q0sched,19,914.7339968110416,16.67525469528592,0.08185733389109373,True,87a65c0,5,15,best,30,1.0,True,0.7,0.95,0.1,784.0
A-n32-k5,acs_clsqrtn_2opt_q0sched,20,1002.9457774531185,27.926757328203887,0.11021574982441962,True,87a65c0,5,15,best,30,1.0,True,0.7,0.95,0.1,784.0
A-n32-k5,acs_clsqrtn_2opt_q0sched,21,983.0317069840711,25.386697319396824,0.08700716705061495,True,87a65c0,5,15,best,30,1.0,True,0.7,0.95,0.1,784.0
A-n32-k5,acs_clsqrtn_2opt_q0sched,22,1000.4159827791643,27.6040794361179,0.08224358409643173,True,87a65c0,5,15,best,30,1.0,True,0.7,0.95,0.1,784.0
A-n32-k5,acs_clsqrtn_2opt_q0sched,23,1009.6168656416521,28.777661433884198,0.08143320819362998,True,87a65c0,5,15,best,30,1.0,True,0.7,0.95,0.1,784.0
A-n32-k5,acs_clsqrtn_2opt_q0sched,24,1000.4159827791643,27.6040794361179,0.08200054196640849,True,87a65c0,5,15,best,30,1.0,True,0.7,0.95,0.1,784.0
A-n32-k5,acs_clsqrtn_2opt_q0sched,25,965.8854943720862,23.199680404602834,0.08230970799922943,True,87a65c0,5,15,best,30,1.0,True,0.7,0.95,0.1,784.0
A-n32-k5,acs_clsqrtn_2opt_q0sched,26,995.5328428462302,26.9812299548763,0.0822530419100076,True,87a65c0,5,15,best,30,1.0,True,0.7,0.95,0.1,784.0
A-n32-k5,acs_clsqrtn_2opt_q0sched,27,850.0167855621434,8.420508362518285,0.08473474998027086,True,87a65c0,5,15,best,30,1.0,True,0.7,0.95,0.1,784.0
A-n32-k5,acs_clsqrtn_2opt_q0sched,28,950.0495808888483,21.17979348072044,0.08742008311673999,True,87a65c0,5,15,best,30,1.0,True,0.7,0.95,0.1,784.0
A-n32-k5,acs_clsqrtn_2opt_q0sched,29,1000.4159827791643,27.6040794361179,0.08310054219327867,True,87a65c0,5,15,best,30,1.0,True,0.7,0.95,0.1,784.0
A-n32-k5,acs_nocl_2opt_q0sched,0,960.1218512167459,22.46452183887065,0.10415820917114615,True,87a65c0,5,0,best,30,1.0,True,0.7,0.95,0.1,784.0
A-n32-k5,acs_nocl_2opt_q0sched,1,963.0573528539737,22.838948068108895,0.10510824993252754,True,87a65c0,5,0,best,30,1.0,True,0.7,0.95,0.1,784.0
A-n32-k5,acs_nocl_2opt_q0sched,2,985.2309108804608,25.667208020466937,0.10618662484921515,True,87a65c0,5,0,best,30,1.0,True,0.7,0.95,0.1,784.0
A-n32-k5,acs_nocl_2opt_q0sched,3,930.2048930643898,18.648583299029312,0.10534787480719388,True,87a65c0,5,0,best,30,1.0,True,0.7,0.95,0.1,784.0
A-n32-k5,acs_nocl_2opt_q0sched,4,975.6382019108664,24.443648202916638,0.10565979196690023,True,87a65c0,5,0,best,30,1.0,True,0.7,0.95,0.1,784.0
A-n32-k5,acs_nocl_2opt_q0sched,5,961.0659675228993,22.584944837104505,0.1049372919369489,True,87a65c0,5,0,best,30,1.0,True,0.7,0.95,0.1,784.0
A-n32-k5,acs_nocl_2opt_q0sched,6,914.6134849801576,16.659883288285414,0.12917616683989763,True,87a65c0,5,0,best,30,1.0,True,0.7,0.95,0.1,784.0
A-n32-k5,acs_nocl_2opt_q0sched,7,969.8913392021649,23.710630000276133,0.1063230000436306,True,87a65c0,5,0,best,30,1.0,True,0.7,0.95,0.1,784.0
A-n32-k5,acs_nocl_2opt_q0sched,8,973.9747243194316,24.231469938703015,0.10414258297532797,True,87a65c0,5,0,best,30,1.0,True,0.7,0.95,0.1,784.0
A-n32-k5,acs_nocl_2opt_q0sched,9,824.5581156959953,5.173229042856543,0.1044637078884989,True,87a65c0,5,0,best,30,1.0,True,0.7,0.95,0.1,784.0
A-n32-k5,acs_nocl_2opt_q0sched,10,916.2650697244251,16.87054460770728,0.10449862503446639,True,87a65c0,5,0,best,30,1.0,True,0.7,0.95,0.1,784.0
A-n32-k5,acs_nocl_2opt_q0sched,11,976.0521784292864,24.496451330266126,0.10497620888054371,True,87a65c0,5,0,best,30,1.0,True,0.7,0.95,0.1,784.0
A-n32-k5,acs_nocl_2opt_q0sched,12,930.9600493989963,18.744904260076055,0.10533283394761384,True,87a65c0,5,0,best,30,1.0,True,0.7,0.95,0.1,784.0
A-n32-k5,acs_nocl_2opt_q0sched,13,961.5737439806215,22.64971224242622,0.10487741604447365,True,87a65c0,5,0,best,30,1.0,True,0.7,0.95,0.1,784.0
A-n32-k5,acs_nocl_2opt_q0sched,14,1005.2067418613811,28.21514564558433,0.10745395813137293,True,87a65c0,5,0,best,30,1.0,True,0.7,0.95,0.1,784.0
A-n32-k5,acs_nocl_2opt_q0sched,15,990.5844567003846,26.350058252600085,0.10496320808306336,True,87a65c0,5,0,best,30,1.0,True,0.7,0.95,0.1,784.0
A-n32-k5,acs_nocl_2opt_q0sched,16,912.3634740009629,16.372892091959557,0.12900320813059807,True,87a65c0,5,0,best,30,1.0,True,0.7,0.95,0.1,784.0
A-n32-k5,acs_nocl_2opt_q0sched,17,974.0754434599788,24.244316767854443,0.104727917117998,True,87a65c0,5,0,best,30,1.0,True,0.7,0.95,0.1,784.0
A-n32-k5,acs_nocl_2opt_q0sched,18,924.2789204642363,17.892719446968915,0.10458391695283353,True,87a65c0,5,0,best,30,1.0,True,0.7,0.95,0.1,784.0
A-n32-k5,acs_nocl_2opt_q0sched,19,921.0143430078616,17.47631926120684,0.10510308295488358,True,87a65c0,5,0,best,30,1.0,True,0.7,0.95,0.1,784.0
A-n32-k5,acs_nocl_2opt_q0sched,20,945.061411568495,20.543547393940692,0.1072119998279959,True,87a65c0,5,0,best,30,1.0,True,0.7,0.95,0.1,784.0
A-n32-k5,acs_nocl_2opt_q0sched,21,994.8839716610203,26.89846577308932,0.11232295888476074,True,87a65c0,5,0,best,30,1.0,True,0.7,0.95,0.1,784.0
A-n32-k5,acs_nocl_2opt_q0sched,22,932.6136472977842,18.955822359411243,0.10564162512309849,True,87a65c0,5,0,best,30,1.0,True,0.7,0.95,0.1,784.0
A-n32-k5,acs_nocl_2opt_q0sched,23,929.4289764856128,18.549614347654693,0.10507987486198545,True,87a65c0,5,0,best,30,1.0,True,0.7,0.95,0.1,784.0
A-n32-k5,acs_nocl_2opt_q0sched,24,981.9728283296187,25.251636266532994,0.10477329092100263,True,87a65c0,5,0,best,30,1.0,True,0.7,0.95,0.1,784.0
A-n32-k5,acs_nocl_2opt_q0sched,25,1014.5062961372444,29.40131328281178,0.10447608307003975,True,87a65c0,5,0,best,30,1.0,True,0.7,0.95,0.1,784.0
A-n32-k5,acs_nocl_2opt_q0sched,26,916.1445578935411,16.855173200706773,0.1306102080270648,True,87a65c0,5,0,best,30,1.0,True,0.7,0.95,0.1,784.0
A-n32-k5,acs_nocl_2opt_q0sched,27,963.6991854293485,22.920814468029146,0.10448916698805988,True,87a65c0,5,0,best,30,1.0,True,0.7,0.95,0.1,784.0
A-n32-k5,acs_nocl_2opt_q0sched,28,1003.0287695744287,27.937343057962842,0.10508254100568593,True,87a65c0,5,0,best,30,1.0,True,0.7,0.95,0.1,784.0
A-n32-k5,acs_nocl_2opt_q0sched,29,980.6548621553337,25.083528336139505,0.10417925007641315,True,87a65c0,5,0,best,30,1.0,True,0.7,0.95,0.1,784.0
A-n32-k5,acs_nocl_none,0,947.2958852532599,20.828556792507648,0.09634091681800783,True,87a65c0,5,0,none,0,0.0,False,0.7,0.95,0.1,784.0
A-n32-k5,acs_nocl_none,1,1016.3133919796253,29.631810201482818,0.09161495789885521,True,87a65c0,5,0,none,0,0.0,False,0.7,0.95,0.1,784.0
A-n32-k5,acs_nocl_none,2,980.2533950953637,25.032320802980056,0.11435375013388693,True,87a65c0,5,0,none,0,0.0,False,0.7,0.95,0.1,784.0
A-n32-k5,acs_nocl_none,3,999.1142758624724,27.438045390621475,0.09556029108352959,True,87a65c0,5,0,none,0,0.0,False,0.7,0.95,0.1,784.0
A-n32-k5,acs_nocl_none,4,974.5869562842374,24.309560750540488,0.09276075009256601,True,87a65c0,5,0,none,0,0.0,False,0.7,0.95,0.1,784.0
A-n32-k5,acs_nocl_none,5,1035.8131560227791,32.1190250029055,0.09199479199014604,True,87a65c0,5,0,none,0,0.0,False,0.7,0.95,0.1,784.0
A-n32-k5,acs_nocl_none,6,1074.1617558678013,37.010428044362406,0.09226945810951293,True,87a65c0,5,0,none,0,0.0,False,0.7,0.95,0.1,784.0
A-n32-k5,acs_nocl_none,7,1021.4545306827588,30.2875676891274,0.09217012487351894,True,87a65c0,5,0,none,0,0.0,False,0.7,0.95,0.1,784.0
A-n32-k5,acs_nocl_none,8,1028.5782485640616,31.196205173987444,0.09101675008423626,True,87a65c0,5,0,none,0,0.0,False,0.7,0.95,0.1,784.0
A-n32-k5,acs_nocl_none,9,940.2352085104674,19.927960269192265,0.08982216706499457,True,87a65c0,5,0,none,0,0.0,False,0.7,0.95,0.1,784.0
A-n32-k5,acs_nocl_none,10,956.5651556169666,22.010861685837583,0.09011237509548664,True,87a65c0,5,0,none,0,0.0,False,0.7,0.95,0.1,784.0
A-n32-k5,acs_nocl_none,11,964.0645453022096,22.96741649262877,0.09073866694234312,True,87a65c0,5,0,none,0,0.0,False,0.7,0.95,0.1,784.0
A-n32-k5,acs_nocl_none,12,1005.0789035638998,28.198839740293337,0.09074145811609924,True,87a65c0,5,0,none,0,0.0,False,0.7,0.95,0.1,784.0
A-n32-k5,acs_nocl_none,13,943.7752492688069,20.37949608020496,0.09090491710230708,True,87a65c0,5,0,none,0,0.0,False,0.7,0.95,0.1,784.0
A-n32-k5,acs_nocl_none,14,1021.4545306827588,30.2875676891274,0.09036091691814363,True,87a65c0,5,0,none,0,0.0,False,0.7,0.95,0.1,784.0
A-n32-k5,acs_nocl_none,15,1061.178396867621,35.354387355563894,0.11594875017181039,True,87a65c0,5,0,none,0,0.0,False,0.7,0.95,0.1,784.0
A-n32-k5,acs_nocl_none,16,973.4987298555259,24.1707563591232,0.09071708307601511,True,87a65c0,5,0,none,0,0.0,False,0.7,0.95,0.1,784.0
A-n32-k5,acs_nocl_none,17,1017.4982992802188,29.782946336762606,0.09056812501512468,True,87a65c0,5,0,none,0,0.0,False,0.7,0.95,0.1,784.0
A-n32-k5,acs_nocl_none,18,1049.685794007816,33.88849413364999,0.09116466692648828,True,87a65c0,5,0,none,0,0.0,False,0.7,0.95,0.1,784.0
A-n32-k5,acs_nocl_none,19,1006.2785083821323,28.35185055894544,0.09104212489910424,True,87a65c0,5,0,none,0,0.0,False,0.7,0.95,0.1,784.0
A-n32-k5,acs_nocl_none,20,957.6000049449673,22.142857773592766,0.09107983415015042,True,87a65c0,5,0,none,0,0.0,False,0.7,0.95,0.1,784.0
A-n32-k5,acs_nocl_none,21,1033.569094764698,31.83279269957884,0.090476332930848,True,87a65c0,5,0,none,0,0.0,False,0.7,0.95,0.1,784.0
A-n32-k5,acs_nocl_none,22,1043.504880354437,33.10011229010677,0.09095604089088738,True,87a65c0,5,0,none,0,0.0,False,0.7,0.95,0.1,784.0
A-n32-k5,acs_nocl_none,23,1013.3430923527453,29.252945453156293,0.09058166691102087,True,87a65c0,5,0,none,0,0.0,False,0.7,0.95,0.1,784.0
A-n32-k5,acs_nocl_none,24,1047.6887185193789,33.633765117267714,0.0906466250307858,True,87a65c0,5,0,none,0,0.0,False,0.7,0.95,0.1,784.0
A-n32-k5,acs_nocl_none,25,1055.6130296982303,34.64451909416203,0.12558354204520583,True,87a65c0,5,0,none,0,0.0,False,0.7,0.95,0.1,784.0
A-n32-k5,acs_nocl_none,26,1021.4545306827588,30.2875676891274,0.09340354218147695,True,87a65c0,5,0,none,0,0.0,False,0.7,0.95,0.1,784.0
A-n32-k5,acs_nocl_none,27,1067.483175617124,36.15856831851072,0.0900645419023931,True,87a65c0,5,0,none,0,0.0,False,0.7,0.95,0.1,784.0
A-n32-k5,acs_nocl_none,28,1038.7174182792887,32.48946661725621,0.09008154110051692,True,87a65c0,5,0,none,0,0.0,False,0.7,0.95,0.1,784.0
A-n32-k5,acs_nocl_none,29,1036.0514793208263,32.14942338275845,0.09023229195736349,True,87a65c0,5,0,none,0,0.0,False,0.7,0.95,0.1,784.0
A-n34-k5,acs_baseline,0,870.9092579318069,11.942064001517597,0.10448416601866484,True,87a65c0,5,0,none,0,0.0,False,0.7,0.95,0.1,778.0
A-n34-k5,acs_baseline,1,886.6552438980714,13.965969652708404,0.10613945801742375,True,87a65c0,5,0,none,0,0.0,False,0.7,0.95,0.1,778.0
A-n34-k5,acs_baseline,2,875.3322254723082,12.510568826774835,0.10504987509921193,True,87a65c0,5,0,none,0,0.0,False,0.7,0.95,0.1,778.0
A-n34-k5,acs_baseline,3,874.4882905595938,12.402093902261413,0.10526533308438957,True,87a65c0,5,0,none,0,0.0,False,0.7,0.95,0.1,778.0
A-n34-k5,acs_baseline,4,880.2630488888287,13.14435075691886,0.1036841671448201,True,87a65c0,5,0,none,0,0.0,False,0.7,0.95,0.1,778.0
A-n34-k5,acs_baseline,5,886.6552438980714,13.965969652708404,0.1325508749578148,True,87a65c0,5,0,none,0,0.0,False,0.7,0.95,0.1,778.0
A-n34-k5,acs_baseline,6,875.3322254723083,12.510568826774849,0.10578370909206569,True,87a65c0,5,0,none,0,0.0,False,0.7,0.95,0.1,778.0
A-n34-k5,acs_baseline,7,880.9556792164004,13.23337779131111,0.10439316695556045,True,87a65c0,5,0,none,0,0.0,False,0.7,0.95,0.1,778.0
A-n34-k5,acs_baseline,8,882.032043223362,13.371727920740623,0.10393320792354643,True,87a65c0,5,0,none,0,0.0,False,0.7,0.95,0.1,778.0
A-n34-k5,acs_baseline,9,874.4882905595938,12.402093902261413,0.10441666701808572,True,87a65c0,5,0,none,0,0.0,False,0.7,0.95,0.1,778.0
A-n34-k5,acs_baseline,10,863.9148738272618,11.043042908388403,0.10492295888252556,True,87a65c0,5,0,none,0,0.0,False,0.7,0.95,0.1,778.0
A-n34-k5,acs_baseline,11,870.9092579318069,11.942064001517597,0.10502008302137256,True,87a65c0,5,0,none,0,0.0,False,0.7,0.95,0.1,778.0
A-n34-k5,acs_baseline,12,886.3357974669966,13.924909700128099,0.10241229203529656,True,87a65c0,5,0,none,0,0.0,False,0.7,0.95,0.1,778.0
A-n34-k5,acs_baseline,13,879.3460679216147,13.02648687938492,0.1363807909656316,True,87a65c0,5,0,none,0,0.0,False,0.7,0.95,0.1,778.0
A-n34-k5,acs_baseline,14,875.3322254723082,12.510568826774835,0.12282587494701147,True,87a65c0,5,0,none,0,0.0,False,0.7,0.95,0.1,778.0
A-n34-k5,acs_baseline,15,875.3322254723082,12.510568826774835,0.14344545919448137,True,87a65c0,5,0,none,0,0.0,False,0.7,0.95,0.1,778.0
A-n34-k5,acs_baseline,16,870.0231987118328,11.828174641623757,0.1194407909642905,True,87a65c0,5,0,none,0,0.0,False,0.7,0.95,0.1,778.0
A-n34-k5,acs_baseline,17,876.6022857102323,12.673815643988728,0.10379166691564023,True,87a65c0,5,0,none,0,0.0,False,0.7,0.95,0.1,778.0
A-n34-k5,acs_baseline,18,892.523851717452,14.720289423837016,0.10323808412067592,True,87a65c0,5,0,none,0,0.0,False,0.7,0.95,0.1,778.0
A-n34-k5,acs_baseline,19,876.7556594144444,12.693529487717786,0.10552237508818507,True,87a65c0,5,0,none,0,0.0,False,0.7,0.95,0.1,778.0
A-n34-k5,acs_baseline,20,882.7238057490824,13.460643412478463,0.1041852911002934,True,87a65c0,5,0,none,0,0.0,False,0.7,0.95,0.1,778.0
A-n34-k5,acs_baseline,21,875.3322254723082,12.510568826774835,0.10578970797359943,True,87a65c0,5,0,none,0,0.0,False,0.7,0.95,0.1,778.0
A-n34-k5,acs_baseline,22,874.4882905595938,12.402093902261413,0.10836883285082877,True,87a65c0,5,0,none,0,0.0,False,0.7,0.95,0.1,778.0
A-n34-k5,acs_baseline,23,886.6552438980714,13.965969652708404,0.11064595798961818,True,87a65c0,5,0,none,0,0.0,False,0.7,0.95,0.1,778.0
A-n34-k5,acs_baseline,24,860.7864783809941,10.640935524549375,0.10684558283537626,True,87a65c0,5,0,none,0,0.0,False,0.7,0.95,0.1,778.0
A-n34-k5,acs_baseline,25,886.6552438980714,13.965969652708404,0.12858783290721476,True,87a65c0,5,0,none,0,0.0,False,0.7,0.95,0.1,778.0
A-n34-k5,acs_baseline,26,874.4882905595938,12.402093902261413,0.10557445813901722,True,87a65c0,5,0,none,0,0.0,False,0.7,0.95,0.1,778.0
A-n34-k5,acs_baseline,27,890.958998141706,14.519151432095892,0.10315641690976918,True,87a65c0,5,0,none,0,0.0,False,0.7,0.95,0.1,778.0
A-n34-k5,acs_baseline,28,870.909257931807,11.942064001517611,0.1026490000076592,True,87a65c0,5,0,none,0,0.0,False,0.7,0.95,0.1,778.0
A-n34-k5,acs_baseline,29,870.9092579318069,11.942064001517597,0.10323766712099314,True,87a65c0,5,0,none,0,0.0,False,0.7,0.95,0.1,778.0
A-n34-k5,acs_cl15,0,874.4882905595938,12.402093902261413,0.08727958286181092,True,87a65c0,5,15,none,0,0.0,False,0.7,0.95,0.1,778.0
A-n34-k5,acs_cl15,1,886.6552438980714,13.965969652708404,0.08837858308106661,True,87a65c0,5,15,none,0,0.0,False,0.7,0.95,0.1,778.0
A-n34-k5,acs_cl15,2,887.9006510427425,14.12604769186922,0.09251162502914667,True,87a65c0,5,15,none,0,0.0,False,0.7,0.95,0.1,778.0
A-n34-k5,acs_cl15,3,874.4882905595938,12.402093902261413,0.09286433411762118,True,87a65c0,5,15,none,0,0.0,False,0.7,0.95,0.1,778.0
A-n34-k5,acs_cl15,4,884.4480422358588,13.682267639570538,0.08708700002171099,True,87a65c0,5,15,none,0,0.0,False,0.7,0.95,0.1,778.0
A-n34-k5,acs_cl15,5,874.447217983766,12.396814650869665,0.08754095900803804,True,87a65c0,5,15,none,0,0.0,False,0.7,0.95,0.1,778.0
A-n34-k5,acs_cl15,6,880.2451507588358,13.142050226071444,0.114621875109151,True,87a65c0,5,15,none,0,0.0,False,0.7,0.95,0.1,778.0
A-n34-k5,acs_cl15,7,869.728552632838,11.79030239496633,0.09360300004482269,True,87a65c0,5,15,none,0,0.0,False,0.7,0.95,0.1,778.0
A-n34-k5,acs_cl15,8,884.7634464369008,13.722808025308591,0.08745941706001759,True,87a65c0,5,15,none,0,0.0,False,0.7,0.95,0.1,778.0
A-n34-k5,acs_cl15,9,874.4882905595938,12.402093902261413,0.08814287488348782,True,87a65c0,5,15,none,0,0.0,False,0.7,0.95,0.1,778.0
A-n34-k5,acs_cl15,10,886.6552438980714,13.965969652708404,0.08776295813731849,True,87a65c0,5,15,none,0,0.0,False,0.7,0.95,0.1,778.0
A-n34-k5,acs_cl15,11,886.6552438980714,13.965969652708404,0.08791216602548957,True,87a65c0,5,15,none,0,0.0,False,0.7,0.95,0.1,778.0
A-n34-k5,acs_cl15,12,874.4882905595938,12.402093902261413,0.0878089580219239,True,87a65c0,5,15,none,0,0.0,False,0.7,0.95,0.1,778.0
A-n34-k5,acs_cl15,13,874.4882905595938,12.402093902261413,0.08784616691991687,True,87a65c0,5,15,none,0,0.0,False,0.7,0.95,0.1,778.0
A-n34-k5,acs_cl15,14,887.9006510427425,14.12604769186922,0.0868793751578778,True,87a65c0,5,15,none,0,0.0,False,0.7,0.95,0.1,778.0
A-n34-k5,acs_cl15,15,892.523851717452,14.720289423837016,0.13830587500706315,True,87a65c0,5,15,none,0,0.0,False,0.7,0.95,0.1,778.0
A-n34-k5,acs_cl15,16,884.5297278999343,13.692767082253765,0.1310595420654863,True,87a65c0,5,15,none,0,0.0,False,0.7,0.95,0.1,778.0
A-n34-k5,acs_cl15,17,880.1861759049038,13.134469910656021,0.09151133289560676,True,87a65c0,5,15,none,0,0.0,False,0.7,0.95,0.1,778.0
A-n34-k5,acs_cl15,18,874.4882905595938,12.402093902261413,0.08869733405299485,True,87a65c0,5,15,none,0,0.0,False,0.7,0.95,0.1,778.0
A-n34-k5,acs_cl15,19,874.4882905595938,12.402093902261413,0.08971533295698464,True,87a65c0,5,15,none,0,0.0,False,0.7,0.95,0.1,778.0
A-n34-k5,acs_cl15,20,886.6552438980714,13.965969652708404,0.17329358286224306,True,87a65c0,5,15,none,0,0.0,False,0.7,0.95,0.1,778.0
A-n34-k5,acs_cl15,21,886.6552438980714,13.965969652708404,0.08896470814943314,True,87a65c0,5,15,none,0,0.0,False,0.7,0.95,0.1,778.0
A-n34-k5,acs_cl15,22,880.7576726619759,13.207927077374796,0.0883676668163389,True,87a65c0,5,15,none,0,0.0,False,0.7,0.95,0.1,778.0
A-n34-k5,acs_cl15,23,869.8650898848844,11.807852170293618,0.08854379109106958,True,87a65c0,5,15,none,0,0.0,False,0.7,0.95,0.1,778.0
A-n34-k5,acs_cl15,24,872.2810888973813,12.118391889123563,0.08835441619157791,True,87a65c0,5,15,none,0,0.0,False,0.7,0.95,0.1,778.0
A-n34-k5,acs_cl15,25,884.4480422358588,13.682267639570538,0.1141565830912441,True,87a65c0,5,15,none,0,0.0,False,0.7,0.95,0.1,778.0
A-n34-k5,acs_cl15,26,887.9006510427425,14.12604769186922,0.08646499994210899,True,87a65c0,5,15,none,0,0.0,False,0.7,0.95,0.1,778.0
A-n34-k5,acs_cl15,27,874.4882905595938,12.402093902261413,0.08664570795372128,True,87a65c0,5,15,none,0,0.0,False,0.7,0.95,0.1,778.0
A-n34-k5,acs_cl15,28,874.4882905595938,12.402093902261413,0.08736574999056756,True,87a65c0,5,15,none,0,0.0,False,0.7,0.95,0.1,778.0
A-n34-k5,acs_cl15,29,886.3844581907906,13.931164291875401,0.0875234161503613,True,87a65c0,5,15,none,0,0.0,False,0.7,0.95,0.1,778.0
A-n34-k5,acs_cl15_ls2opt_fixed,0,845.7202580349212,8.704403346390906,0.09773016697727144,True,87a65c0,5,15,best,30,1.0,False,0.7,0.95,0.1,778.0
A-n34-k5,acs_cl15_ls2opt_fixed,1,841.4165037912867,8.15122156700343,0.09732333291321993,True,87a65c0,5,15,best,30,1.0,False,0.7,0.95,0.1,778.0
A-n34-k5,acs_cl15_ls2opt_fixed,2,838.1097451701912,7.72618832521738,0.09766504191793501,True,87a65c0,5,15,best,30,1.0,False,0.7,0.95,0.1,778.0
A-n34-k5,acs_cl15_ls2opt_fixed,3,841.3410312876506,8.141520731060488,0.09751304099336267,True,87a65c0,5,15,best,30,1.0,False,0.7,0.95,0.1,778.0
A-n34-k5,acs_cl15_ls2opt_fixed,4,841.4165037912867,8.15122156700343,0.09767549997195601,True,87a65c0,5,15,best,30,1.0,False,0.7,0.95,0.1,778.0
A-n34-k5,acs_cl15_ls2opt_fixed,5,841.4165037912867,8.15122156700343,0.09795841691084206,True,87a65c0,5,15,best,30,1.0,False,0.7,0.95,0.1,778.0
A-n34-k5,acs_cl15_ls2opt_fixed,6,837.4884547861145,7.646330949372046,0.12589024985209107,True,87a65c0,5,15,best,30,1.0,False,0.7,0.95,0.1,778.0
A-n34-k5,acs_cl15_ls2opt_fixed,7,841.0732869776765,8.107106295331171,0.09665320813655853,True,87a65c0,5,15,best,30,1.0,False,0.7,0.95,0.1,778.0
A-n34-k5,acs_cl15_ls2opt_fixed,8,841.4165037912867,8.15122156700343,0.09835887490771711,True,87a65c0,5,15,best,30,1.0,False,0.7,0.95,0.1,778.0
A-n34-k5,acs_cl15_ls2opt_fixed,9,841.0732869776765,8.107106295331171,0.09593254188075662,True,87a65c0,5,15,best,30,1.0,False,0.7,0.95,0.1,778.0
A-n34-k5,acs_cl15_ls2opt_fixed,10,841.4165037912867,8.15122156700343,0.09515529102645814,True,87a65c0,5,15,best,30,1.0,False,0.7,0.95,0.1,778.0
A-n34-k5,acs_cl15_ls2opt_fixed,11,837.4884547861145,7.646330949372046,0.0966770420782268,True,87a65c0,5,15,best,30,1.0,False,0.7,0.95,0.1,778.0
A-n34-k5,acs_cl15_ls2opt_fixed,12,832.3561230132254,6.9866482022140675,0.09793508285656571,True,87a65c0,5,15,best,30,1.0,False,0.7,0.95,0.1,778.0
A-n34-k5,acs_cl15_ls2opt_fixed,13,832.3561230132254,6.9866482022140675,0.09629220888018608,True,87a65c0,5,15,best,30,1.0,False,0.7,0.95,0.1,778.0
A-n34-k5,acs_cl15_ls2opt_fixed,14,842.2534791366677,8.258801945587107,0.0965248339343816,True,87a65c0,5,15,best,30,1.0,False,0.7,0.95,0.1,778.0
A-n34-k5,acs_cl15_ls2opt_fixed,15,842.2534791366677,8.258801945587107,0.09635704103857279,True,87a65c0,5,15,best,30,1.0,False,0.7,0.95,0.1,778.0
A-n34-k5,acs_cl15_ls2opt_fixed,16,841.4165037912867,8.15122156700343,0.12305170786567032,True,87a65c0,5,15,best,30,1.0,False,0.7,0.95,0.1,778.0
A-n34-k5,acs_cl15_ls2opt_fixed,17,845.7202580349212,8.704403346390906,0.10294070886448026,True,87a65c0,5,15,best,30,1.0,False,0.7,0.95,0.1,778.0
A-n34-k5,acs_cl15_ls2opt_fixed,18,841.4165037912867,8.15122156700343,0.09872941696085036,True,87a65c0,5,15,best,30,1.0,False,0.7,0.95,0.1,778.0
A-n34-k5,acs_cl15_ls2opt_fixed,19,842.2534791366677,8.258801945587107,0.09678904199972749,True,87a65c0,5,15,best,30,1.0,False,0.7,0.95,0.1,778.0
A-n34-k5,acs_cl15_ls2opt_fixed,20,841.4165037912867,8.15122156700343,0.09601787477731705,True,87a65c0,5,15,best,30,1.0,False,0.7,0.95,0.1,778.0
A-n34-k5,acs_cl15_ls2opt_fixed,21,837.4884547861147,7.646330949372075,0.09873262513428926,True,87a65c0,5,15,best,30,1.0,False,0.7,0.95,0.1,778.0
A-n34-k5,acs_cl15_ls2opt_fixed,22,845.7202580349212,8.704403346390906,0.0968292080797255,True,87a65c0,5,15,best,30,1.0,False,0.7,0.95,0.1,778.0
A-n34-k5,acs_cl15_ls2opt_fixed,23,837.4884547861147,7.646330949372075,0.09670866699889302,True,87a65c0,5,15,best,30,1.0,False,0.7,0.95,0.1,778.0
A-n34-k5,acs_cl15_ls2opt_fixed,24,832.3561230132254,6.9866482022140675,0.0962223329115659,True,87a65c0,5,15,best,30,1.0,False,0.7,0.95,0.1,778.0
A-n34-k5,acs_cl15_ls2opt_fixed,25,841.4165037912867,8.15122156700343,0.09665841702371836,True,87a65c0,5,15,best,30,1.0,False,0.7,0.95,0.1,778.0
A-n34-k5,acs_cl15_ls2opt_fixed,26,845.7202580349212,8.704403346390906,0.0958180830348283,True,87a65c0,5,15,best,30,1.0,False,0.7,0.95,0.1,778.0
A-n34-k5,acs_cl15_ls2opt_fixed,27,832.3561230132254,6.9866482022140675,0.11871312488801777,True,87a65c0,5,15,best,30,1.0,False,0.7,0.95,0.1,778.0
A-n34-k5,acs_cl15_ls2opt_fixed,28,841.4165037912867,8.15122156700343,0.09613166609779,True,87a65c0,5,15,best,30,1.0,False,0.7,0.95,0.1,778.0
A-n34-k5,acs_cl15_ls2opt_fixed,29,841.3410312876506,8.141520731060488,0.09863020782358944,True,87a65c0,5,15,best,30,1.0,False,0.7,0.95,0.1,778.0
A-n34-k5,acs_cl15_ls2opt_fixed_q0sched,0,842.2534791366677,8.258801945587107,0.1041783329565078,True,87a65c0,5,15,best,30,1.0,True,0.7,0.95,0.1,778.0
A-n34-k5,acs_cl15_ls2opt_fixed_q0sched,1,837.4884547861145,7.646330949372046,0.10501566715538502,True,87a65c0,5,15,best,30,1.0,True,0.7,0.95,0.1,778.0
A-n34-k5,acs_cl15_ls2opt_fixed_q0sched,2,837.4884547861145,7.646330949372046,0.10234075016342103,True,87a65c0,5,15,best,30,1.0,True,0.7,0.95,0.1,778.0
A-n34-k5,acs_cl15_ls2opt_fixed_q0sched,3,837.4884547861147,7.646330949372075,0.10118570900522172,True,87a65c0,5,15,best,30,1.0,True,0.7,0.95,0.1,778.0
A-n34-k5,acs_cl15_ls2opt_fixed_q0sched,4,845.7202580349212,8.704403346390906,0.10171612515114248,True,87a65c0,5,15,best,30,1.0,True,0.7,0.95,0.1,778.0
A-n34-k5,acs_cl15_ls2opt_fixed_q0sched,5,838.1097451701912,7.72618832521738,0.10086683393456042,True,87a65c0,5,15,best,30,1.0,True,0.7,0.95,0.1,778.0
A-n34-k5,acs_cl15_ls2opt_fixed_q0sched,6,837.4884547861147,7.646330949372075,0.12415558309294283,True,87a65c0,5,15,best,30,1.0,True,0.7,0.95,0.1,778.0
A-n34-k5,acs_cl15_ls2opt_fixed_q0sched,7,841.3410312876506,8.141520731060488,0.10112283402122557,True,87a65c0,5,15,best,30,1.0,True,0.7,0.95,0.1,778.0
A-n34-k5,acs_cl15_ls2opt_fixed_q0sched,8,837.4884547861147,7.646330949372075,0.10051079094409943,True,87a65c0,5,15,best,30,1.0,True,0.7,0.95,0.1,778.0
A-n34-k5,acs_cl15_ls2opt_fixed_q0sched,9,836.5009566239723,7.519403165035006,0.10029608407057822,True,87a65c0,5,15,best,30,1.0,True,0.7,0.95,0.1,778.0
A-n34-k5,acs_cl15_ls2opt_fixed_q0sched,10,842.2534791366677,8.258801945587107,0.10028362507000566,True,87a65c0,5,15,best,30,1.0,True,0.7,0.95,0.1,778.0
A-n34-k5,acs_cl15_ls2opt_fixed_q0sched,11,845.7202580349212,8.704403346390906,0.10081216716207564,True,87a65c0,5,15,best,30,1.0,True,0.7,0.95,0.1,778.0
A-n34-k5,acs_cl15_ls2opt_fixed_q0sched,12,837.4884547861147,7.646330949372075,0.100488041061908,True,87a65c0,5,15,best,30,1.0,True,0.7,0.95,0.1,778.0
A-n34-k5,acs_cl15_ls2opt_fixed_q0sched,13,841.4165037912867,8.15122156700343,0.10136508382856846,True,87a65c0,5,15,best,30,1.0,True,0.7,0.95,0.1,778.0
A-n34-k5,acs_cl15_ls2opt_fixed_q0sched,14,838.1097451701912,7.72618832521738,0.10865549999289215,True,87a65c0,5,15,best,30,1.0,True,0.7,0.95,0.1,778.0
A-n34-k5,acs_cl15_ls2opt_fixed_q0sched,15,841.4165037912867,8.15122156700343,0.10103570786304772,True,87a65c0,5,15,best,30,1.0,True,0.7,0.95,0.1,778.0
A-n34-k5,acs_cl15_ls2opt_fixed_q0sched,16,832.3561230132254,6.9866482022140675,0.100746292155236,True,87a65c0,5,15,best,30,1.0,True,0.7,0.95,0.1,778.0
A-n34-k5,acs_cl15_ls2opt_fixed_q0sched,17,841.3410312876506,8.141520731060488,0.10006270883604884,True,87a65c0,5,15,best,30,1.0,True,0.7,0.95,0.1,778.0
A-n34-k5,acs_cl15_ls2opt_fixed_q0sched,18,841.4165037912867,8.15122156700343,0.12110133399255574,True,87a65c0,5,15,best,30,1.0,True,0.7,0.95,0.1,778.0
A-n34-k5,acs_cl15_ls2opt_fixed_q0sched,19,841.4165037912867,8.15122156700343,0.10009320895187557,True,87a65c0,5,15,best,30,1.0,True,0.7,0.95,0.1,778.0
A-n34-k5,acs_cl15_ls2opt_fixed_q0sched,20,841.4165037912867,8.15122156700343,0.10060437489300966,True,87a65c0,5,15,best,30,1.0,True,0.7,0.95,0.1,778.0
A-n34-k5,acs_cl15_ls2opt_fixed_q0sched,21,841.4165037912867,8.15122156700343,0.10090883309021592,True,87a65c0,5,15,best,30,1.0,True,0.7,0.95,0.1,778.0
A-n34-k5,acs_cl15_ls2opt_fixed_q0sched,22,841.4165037912867,8.15122156700343,0.10011883289553225,True,87a65c0,5,15,best,30,1.0,True,0.7,0.95,0.1,778.0
A-n34-k5,acs_cl15_ls2opt_fixed_q0sched,23,845.7202580349212,8.704403346390906,0.10062454105354846,True,87a65c0,5,15,best,30,1.0,True,0.7,0.95,0.1,778.0
A-n34-k5,acs_cl15_ls2opt_fixed_q0sched,24,837.4884547861147,7.646330949372075,0.1007799580693245,True,87a65c0,5,15,best,30,1.0,True,0.7,0.95,0.1,778.0
A-n34-k5,acs_cl15_ls2opt_fixed_q0sched,25,841.4165037912867,8.15122156700343,0.10282029188238084,True,87a65c0,5,15,best,30,1.0,True,0.7,0.95,0.1,778.0
A-n34-k5,acs_cl15_ls2opt_fixed_q0sched,26,841.4165037912867,8.15122156700343,0.10005004215054214,True,87a65c0,5,15,best,30,1.0,True,0.7,0.95,0.1,778.0
A-n34-k5,acs_cl15_ls2opt_fixed_q0sched,27,841.3410312876506,8.141520731060488,0.10098041594028473,True,87a65c0,5,15,best,30,1.0,True,0.7,0.95,0.1,778.0
A-n34-k5,acs_cl15_ls2opt_fixed_q0sched,28,842.2534791366677,8.258801945587107,0.12203150009736419,True,87a65c0,5,15,best,30,1.0,True,0.7,0.95,0.1,778.0
A-n34-k5,acs_cl15_ls2opt_fixed_q0sched,29,841.4165037912867,8.15122156700343,0.10032129194587469,True,87a65c0,5,15,best,30,1.0,True,0.7,0.95,0.1,778.0
A-n34-k5,acs_clsqrtn_2opt_q0sched,0,837.4884547861147,7.646330949372075,0.11310974997468293,True,87a65c0,5,15,best,30,1.0,True,0.7,0.95,0.1,778.0
A-n34-k5,acs_clsqrtn_2opt_q0sched,1,832.3561230132254,6.9866482022140675,0.08891745889559388,True,87a65c0,5,15,best,30,1.0,True,0.7,0.95,0.1,778.0
A-n34-k5,acs_clsqrtn_2opt_q0sched,2,841.4165037912867,8.15122156700343,0.08918762509711087,True,87a65c0,5,15,best,30,1.0,True,0.7,0.95,0.1,778.0
A-n34-k5,acs_clsqrtn_2opt_q0sched,3,837.4884547861147,7.646330949372075,0.09070870885625482,True,87a65c0,5,15,best,30,1.0,True,0.7,0.95,0.1,778.0
A-n34-k5,acs_clsqrtn_2opt_q0sched,4,842.2534791366677,8.258801945587107,0.09046929213218391,True,87a65c0,5,15,best,30,1.0,True,0.7,0.95,0.1,778.0
A-n34-k5,acs_clsqrtn_2opt_q0sched,5,837.4884547861145,7.646330949372046,0.09513945784419775,True,87a65c0,5,15,best,30,1.0,True,0.7,0.95,0.1,778.0
A-n34-k5,acs_clsqrtn_2opt_q0sched,6,841.4165037912867,8.15122156700343,0.08910866687074304,True,87a65c0,5,15,best,30,1.0,True,0.7,0.95,0.1,778.0
A-n34-k5,acs_clsqrtn_2opt_q0sched,7,841.4165037912867,8.15122156700343,0.0897134158294648,True,87a65c0,5,15,best,30,1.0,True,0.7,0.95,0.1,778.0
A-n34-k5,acs_clsqrtn_2opt_q0sched,8,841.4165037912867,8.15122156700343,0.08962866710498929,True,87a65c0,5,15,best,30,1.0,True,0.7,0.95,0.1,778.0
A-n34-k5,acs_clsqrtn_2opt_q0sched,9,841.4165037912867,8.15122156700343,0.08822612510994077,True,87a65c0,5,15,best,30,1.0,True,0.7,0.95,0.1,778.0
A-n34-k5,acs_clsqrtn_2opt_q0sched,10,842.2534791366677,8.258801945587107,0.08857629192061722,True,87a65c0,5,15,best,30,1.0,True,0.7,0.95,0.1,778.0
A-n34-k5,acs_clsqrtn_2opt_q0sched,11,832.3561230132254,6.9866482022140675,0.11154379113577306,True,87a65c0,5,15,best,30,1.0,True,0.7,0.95,0.1,778.0
A-n34-k5,acs_clsqrtn_2opt_q0sched,12,837.4884547861147,7.646330949372075,0.0888521249871701,True,87a65c0,5,15,best,30,1.0,True,0.7,0.95,0.1,778.0
A-n34-k5,acs_clsqrtn_2opt_q0sched,13,841.4165037912867,8.15122156700343,0.08843079186044633,True,87a65c0,5,15,best,30,1.0,True,0.7,0.95,0.1,778.0
A-n34-k5,acs_clsqrtn_2opt_q0sched,14,841.4165037912867,8.15122156700343,0.08946333383210003,True,87a65c0,5,15,best,30,1.0,True,0.7,0.95,0.1,778.0
A-n34-k5,acs_clsqrtn_2opt_q0sched,15,837.4884547861147,7.646330949372075,0.08903595805168152,True,87a65c0,5,15,best,30,1.0,True,0.7,0.95,0.1,778.0
A-n34-k5,acs_clsqrtn_2opt_q0sched,16,841.4165037912867,8.15122156700343,0.0886271249037236,True,87a65c0,5,15,best,30,1.0,True,0.7,0.95,0.1,778.0
A-n34-k5,acs_clsqrtn_2opt_q0sched,17,841.4165037912867,8.15122156700343,0.0896213750820607,True,87a65c0,5,15,best,30,1.0,True,0.7,0.95,0.1,778.0
A-n34-k5,acs_clsqrtn_2opt_q0sched,18,841.4165037912867,8.15122156700343,0.08861504215747118,True,87a65c0,5,15,best,30,1.0,True,0.7,0.95,0.1,778.0
A-n34-k5,acs_clsqrtn_2opt_q0sched,19,841.4165037912867,8.15122156700343,0.08870508312247694,True,87a65c0,5,15,best,30,1.0,True,0.7,0.95,0.1,778.0
A-n34-k5,acs_clsqrtn_2opt_q0sched,20,841.4165037912867,8.15122156700343,0.08851908287033439,True,87a65c0,5,15,best,30,1.0,True,0.7,0.95,0.1,778.0
A-n34-k5,acs_clsqrtn_2opt_q0sched,21,837.4884547861147,7.646330949372075,0.08936733403243124,True,87a65c0,5,15,best,30,1.0,True,0.7,0.95,0.1,778.0
A-n34-k5,acs_clsqrtn_2opt_q0sched,22,841.4165037912867,8.15122156700343,0.11349954106844962,True,87a65c0,5,15,best,30,1.0,True,0.7,0.95,0.1,778.0
A-n34-k5,acs_clsqrtn_2opt_q0sched,23,842.2534791366677,8.258801945587107,0.08839599997736514,True,87a65c0,5,15,best,30,1.0,True,0.7,0.95,0.1,778.0
A-n34-k5,acs_clsqrtn_2opt_q0sched,24,842.2534791366677,8.258801945587107,0.08973641716875136,True,87a65c0,5,15,best,30,1.0,True,0.7,0.95,0.1,778.0
A-n34-k5,acs_clsqrtn_2opt_q0sched,25,843.415450664183,8.408155612362856,0.08901991695165634,True,87a65c0,5,15,best,30,1.0,True,0.7,0.95,0.1,778.0
A-n34-k5,acs_clsqrtn_2opt_q0sched,26,841.4165037912867,8.15122156700343,0.08821525005623698,True,87a65c0,5,15,best,30,1.0,True,0.7,0.95,0.1,778.0
A-n34-k5,acs_clsqrtn_2opt_q0sched,27,841.4165037912867,8.15122156700343,0.08917170879431069,True,87a65c0,5,15,best,30,1.0,True,0.7,0.95,0.1,778.0
A-n34-k5,acs_clsqrtn_2opt_q0sched,28,837.4884547861145,7.646330949372046,0.08881116681732237,True,87a65c0,5,15,best,30,1.0,True,0.7,0.95,0.1,778.0
A-n34-k5,acs_clsqrtn_2opt_q0sched,29,832.3561230132254,6.9866482022140675,0.08811491704545915,True,87a65c0,5,15,best,30,1.0,True,0.7,0.95,0.1,778.0
A-n34-k5,acs_nocl_2opt_q0sched,0,830.4315927075738,6.739279268325685,0.11727345897816122,True,87a65c0,5,0,best,30,1.0,True,0.7,0.95,0.1,778.0
A-n34-k5,acs_nocl_2opt_q0sched,1,832.3561230132254,6.9866482022140675,0.11750916694290936,True,87a65c0,5,0,best,30,1.0,True,0.7,0.95,0.1,778.0
A-n34-k5,acs_nocl_2opt_q0sched,2,830.4315927075738,6.739279268325685,0.1188428329769522,True,87a65c0,5,0,best,30,1.0,True,0.7,0.95,0.1,778.0
A-n34-k5,acs_nocl_2opt_q0sched,3,838.1097451701912,7.72618832521738,0.1177962499205023,True,87a65c0,5,0,best,30,1.0,True,0.7,0.95,0.1,778.0
A-n34-k5,acs_nocl_2opt_q0sched,4,837.4884547861145,7.646330949372046,0.1168944591190666,True,87a65c0,5,0,best,30,1.0,True,0.7,0.95,0.1,778.0
A-n34-k5,acs_nocl_2opt_q0sched,5,830.4315927075738,6.739279268325685,0.1176324998959899,True,87a65c0,5,0,best,30,1.0,True,0.7,0.95,0.1,778.0
A-n34-k5,acs_nocl_2opt_q0sched,6,830.4315927075738,6.739279268325685,0.11676433286629617,True,87a65c0,5,0,best,30,1.0,True,0.7,0.95,0.1,778.0
A-n34-k5,acs_nocl_2opt_q0sched,7,841.4165037912867,8.15122156700343,0.1177050000987947,True,87a65c0,5,0,best,30,1.0,True,0.7,0.95,0.1,778.0
A-n34-k5,acs_nocl_2opt_q0sched,8,830.4315927075738,6.739279268325685,0.13972162501886487,True,87a65c0,5,0,best,30,1.0,True,0.7,0.95,0.1,778.0
A-n34-k5,acs_nocl_2opt_q0sched,9,841.4165037912867,8.15122156700343,0.11745695816352963,True,87a65c0,5,0,best,30,1.0,True,0.7,0.95,0.1,778.0
A-n34-k5,acs_nocl_2opt_q0sched,10,830.4315927075738,6.739279268325685,0.11700924998149276,True,87a65c0,5,0,best,30,1.0,True,0.7,0.95,0.1,778.0
A-n34-k5,acs_nocl_2opt_q0sched,11,841.4165037912867,8.15122156700343,0.12454283307306468,True,87a65c0,5,0,best,30,1.0,True,0.7,0.95,0.1,778.0
A-n34-k5,acs_nocl_2opt_q0sched,12,830.4315927075739,6.7392792683257,0.11746895802207291,True,87a65c0,5,0,best,30,1.0,True,0.7,0.95,0.1,778.0
A-n34-k5,acs_nocl_2opt_q0sched,13,830.4315927075738,6.739279268325685,0.1176173749845475,True,87a65c0,5,0,best,30,1.0,True,0.7,0.95,0.1,778.0
A-n34-k5,acs_nocl_2opt_q0sched,14,830.4315927075738,6.739279268325685,0.11779612489044666,True,87a65c0,5,0,best,30,1.0,True,0.7,0.95,0.1,778.0
A-n34-k5,acs_nocl_2opt_q0sched,15,839.0639679269336,7.848839065158564,0.1172264579217881,True,87a65c0,5,0,best,30,1.0,True,0.7,0.95,0.1,778.0
A-n34-k5,acs_nocl_2opt_q0sched,16,841.4165037912867,8.15122156700343,0.11707954201847315,True,87a65c0,5,0,best,30,1.0,True,0.7,0.95,0.1,778.0
A-n34-k5,acs_nocl_2opt_q0sched,17,831.6323377546651,6.893616677977514,0.11759112495929003,True,87a65c0,5,0,best,30,1.0,True,0.7,0.95,0.1,778.0
A-n34-k5,acs_nocl_2opt_q0sched,18,823.9187063415677,5.902147344674513,0.11922708316706121,True,87a65c0,5,0,best,30,1.0,True,0.7,0.95,0.1,778.0
A-n34-k5,acs_nocl_2opt_q0sched,19,830.4315927075738,6.739279268325685,0.1424466660246253,True,87a65c0,5,0,best,30,1.0,True,0.7,0.95,0.1,778.0
A-n34-k5,acs_nocl_2opt_q0sched,20,830.4315927075738,6.739279268325685,0.11710554198361933,True,87a65c0,5,0,best,30,1.0,True,0.7,0.95,0.1,778.0
A-n34-k5,acs_nocl_2opt_q0sched,21,823.9187063415677,5.902147344674513,0.11733166594058275,True,87a65c0,5,0,best,30,1.0,True,0.7,0.95,0.1,778.0
A-n34-k5,acs_nocl_2opt_q0sched,22,830.4315927075738,6.739279268325685,0.11798770911991596,True,87a65c0,5,0,best,30,1.0,True,0.7,0.95,0.1,778.0
A-n34-k5,acs_nocl_2opt_q0sched,23,830.4315927075738,6.739279268325685,0.11757274996489286,True,87a65c0,5,0,best,30,1.0,True,0.7,0.95,0.1,778.0
A-n34-k5,acs_nocl_2opt_q0sched,24,842.2534791366677,8.258801945587107,0.1170032499358058,True,87a65c0,5,0,best,30,1.0,True,0.7,0.95,0.1,778.0
A-n34-k5,acs_nocl_2opt_q0sched,25,823.9187063415677,5.902147344674513,0.11656020791269839,True,87a65c0,5,0,best,30,1.0,True,0.7,0.95,0.1,778.0
A-n34-k5,acs_nocl_2opt_q0sched,26,830.4315927075738,6.739279268325685,0.11713412497192621,True,87a65c0,5,0,best,30,1.0,True,0.7,0.95,0.1,778.0
A-n34-k5,acs_nocl_2opt_q0sched,27,830.4315927075738,6.739279268325685,0.11723583284765482,True,87a65c0,5,0,best,30,1.0,True,0.7,0.95,0.1,778.0
A-n34-k5,acs_nocl_2opt_q0sched,28,830.4315927075739,6.7392792683257,0.11718612513504922,True,87a65c0,5,0,best,30,1.0,True,0.7,0.95,0.1,778.0
A-n34-k5,acs_nocl_2opt_q0sched,29,837.4884547861147,7.646330949372075,0.11735308403149247,True,87a65c0,5,0,best,30,1.0,True,0.7,0.95,0.1,778.0
A-n34-k5,acs_nocl_none,0,870.9092579318069,11.942064001517597,0.1035854578949511,True,87a65c0,5,0,none,0,0.0,False,0.7,0.95,0.1,778.0
A-n34-k5,acs_nocl_none,1,886.6552438980714,13.965969652708404,0.1321548328269273,True,87a65c0,5,0,none,0,0.0,False,0.7,0.95,0.1,778.0
A-n34-k5,acs_nocl_none,2,875.3322254723082,12.510568826774835,0.10360258305445313,True,87a65c0,5,0,none,0,0.0,False,0.7,0.95,0.1,778.0
A-n34-k5,acs_nocl_none,3,874.4882905595938,12.402093902261413,0.10388850001618266,True,87a65c0,5,0,none,0,0.0,False,0.7,0.95,0.1,778.0
A-n34-k5,acs_nocl_none,4,880.2630488888287,13.14435075691886,0.1056423750706017,True,87a65c0,5,0,none,0,0.0,False,0.7,0.95,0.1,778.0
A-n34-k5,acs_nocl_none,5,886.6552438980714,13.965969652708404,0.10334591707214713,True,87a65c0,5,0,none,0,0.0,False,0.7,0.95,0.1,778.0
A-n34-k5,acs_nocl_none,6,875.3322254723083,12.510568826774849,0.10656387498602271,True,87a65c0,5,0,none,0,0.0,False,0.7,0.95,0.1,778.0
A-n34-k5,acs_nocl_none,7,880.9556792164004,13.23337779131111,0.12981179193593562,True,87a65c0,5,0,none,0,0.0,False,0.7,0.95,0.1,778.0
A-n34-k5,acs_nocl_none,8,882.032043223362,13.371727920740623,0.10304533294402063,True,87a65c0,5,0,none,0,0.0,False,0.7,0.95,0.1,778.0
A-n34-k5,acs_nocl_none,9,874.4882905595938,12.402093902261413,0.10297941695898771,True,87a65c0,5,0,none,0,0.0,False,0.7,0.95,0.1,778.0
A-n34-k5,acs_nocl_none,10,863.9148738272618,11.043042908388403,0.10280287498608232,True,87a65c0,5,0,none,0,0.0,False,0.7,0.95,0.1,778.0
A-n34-k5,acs_nocl_none,11,870.9092579318069,11.942064001517597,0.10355450003407896,True,87a65c0,5,0,none,0,0.0,False,0.7,0.95,0.1,778.0
A-n34-k5,acs_nocl_none,12,886.3357974669966,13.924909700128099,0.10252525005489588,True,87a65c0,5,0,none,0,0.0,False,0.7,0.95,0.1,778.0
A-n34-k5,acs_nocl_none,13,879.3460679216147,13.02648687938492,0.1031619580462575,True,87a65c0,5,0,none,0,0.0,False,0.7,0.95,0.1,778.0
A-n34-k5,acs_nocl_none,14,875.3322254723082,12.510568826774835,0.10314570902846754,True,87a65c0,5,0,none,0,0.0,False,0.7,0.95,0.1,778.0
A-n34-k5,acs_nocl_none,15,875.3322254723082,12.510568826774835,0.10370837477967143,True,87a65c0,5,0,none,0,0.0,False,0.7,0.95,0.1,778.0
A-n34-k5,acs_nocl_none,16,870.0231987118328,11.828174641623757,0.10373500012792647,True,87a65c0,5,0,none,0,0.0,False,0.7,0.95,0.1,778.0
A-n34-k5,acs_nocl_none,17,876.6022857102323,12.673815643988728,0.10507841710932553,True,87a65c0,5,0,none,0,0.0,False,0.7,0.95,0.1,778.0
A-n34-k5,acs_nocl_none,18,892.523851717452,14.720289423837016,0.20037662493996322,True,87a65c0,5,0,none,0,0.0,False,0.7,0.95,0.1,778.0
A-n34-k5,acs_nocl_none,19,876.7556594144444,12.693529487717786,0.10380095895379782,True,87a65c0,5,0,none,0,0.0,False,0.7,0.95,0.1,778.0
A-n34-k5,acs_nocl_none,20,882.7238057490824,13.460643412478463,0.1041387498844415,True,87a65c0,5,0,none,0,0.0,False,0.7,0.95,0.1,778.0
A-n34-k5,acs_nocl_none,21,875.3322254723082,12.510568826774835,0.10385637497529387,True,87a65c0,5,0,none,0,0.0,False,0.7,0.95,0.1,778.0
A-n34-k5,acs_nocl_none,22,874.4882905595938,12.402093902261413,0.10425437497906387,True,87a65c0,5,0,none,0,0.0,False,0.7,0.95,0.1,778.0
A-n34-k5,acs_nocl_none,23,886.6552438980714,13.965969652708404,0.10401408304460347,True,87a65c0,5,0,none,0,0.0,False,0.7,0.95,0.1,778.0
A-n34-k5,acs_nocl_none,24,860.7864783809941,10.640935524549375,0.10406383406370878,True,87a65c0,5,0,none,0,0.0,False,0.7,0.95,0.1,778.0
A-n34-k5,acs_nocl_none,25,886.6552438980714,13.965969652708404,0.102979457937181,True,87a65c0,5,0,none,0,0.0,False,0.7,0.95,0.1,778.0
A-n34-k5,acs_nocl_none,26,874.4882905595938,12.402093902261413,0.10411462490446866,True,87a65c0,5,0,none,0,0.0,False,0.7,0.95,0.1,778.0
A-n34-k5,acs_nocl_none,27,890.958998141706,14.519151432095892,0.10280787502415478,True,87a65c0,5,0,none,0,0.0,False,0.7,0.95,0.1,778.0
A-n34-k5,acs_nocl_none,28,870.909257931807,11.942064001517611,0.1276298330631107,True,87a65c0,5,0,none,0,0.0,False,0.7,0.95,0.1,778.0
A-n34-k5,acs_nocl_none,29,870.9092579318069,11.942064001517597,0.10347691690549254,True,87a65c0,5,0,none,0,0.0,False,0.7,0.95,0.1,778.0
A-n36-k5,acs_baseline,0,1038.1330325950057,29.929040374844266,0.11052275006659329,True,87a65c0,5,0,none,0,0.0,False,0.7,0.95,0.1,799.0
A-n36-k5,acs_baseline,1,1057.4585021835017,32.34774745725928,0.11063833301886916,True,87a65c0,5,0,none,0,0.0,False,0.7,0.95,0.1,799.0
A-n36-k5,acs_baseline,2,1021.1965205115827,27.809326722350768,0.1105450838804245,True,87a65c0,5,0,none,0,0.0,False,0.7,0.95,0.1,799.0
A-n36-k5,acs_baseline,3,1025.7990294847032,28.385360386070484,0.11111445911228657,True,87a65c0,5,0,none,0,0.0,False,0.7,0.95,0.1,799.0
A-n36-k5,acs_baseline,4,1014.0686369059856,26.917226145930616,0.11486208415590227,True,87a65c0,5,0,none,0,0.0,False,0.7,0.95,0.1,799.0
A-n36-k5,acs_baseline,5,1044.562648056658,30.733748192322647,0.11504187504760921,True,87a65c0,5,0,none,0,0.0,False,0.7,0.95,0.1,799.0
A-n36-k5,acs_baseline,6,1037.5175122072442,29.8520040309442,0.13821699982509017,True,87a65c0,5,0,none,0,0.0,False,0.7,0.95,0.1,799.0
A-n36-k5,acs_baseline,7,1029.8481011573638,28.892127804426003,0.1318614159245044,True,87a65c0,5,0,none,0,0.0,False,0.7,0.95,0.1,799.0
A-n36-k5,acs_baseline,8,1032.5672130984262,29.23244219004083,0.1575801249127835,True,87a65c0,5,0,none,0,0.0,False,0.7,0.95,0.1,799.0
A-n36-k5,acs_baseline,9,1015.4026449708696,27.08418585367579,0.13171741692349315,True,87a65c0,5,0,none,0,0.0,False,0.7,0.95,0.1,799.0
A-n36-k5,acs_baseline,10,996.8634689935697,24.76388848480221,0.11972958291880786,True,87a65c0,5,0,none,0,0.0,False,0.7,0.95,0.1,799.0
A-n36-k5,acs_baseline,11,1034.9291702710925,29.528056354329475,0.11808562488295138,True,87a65c0,5,0,none,0,0.0,False,0.7,0.95,0.1,799.0
A-n36-k5,acs_baseline,12,1050.5837519132617,31.487328149344396,0.11850941693410277,True,87a65c0,5,0,none,0,0.0,False,0.7,0.95,0.1,799.0
A-n36-k5,acs_baseline,13,1037.7634687679083,29.882787079838337,0.12759179109707475,True,87a65c0,5,0,none,0,0.0,False,0.7,0.95,0.1,799.0
A-n36-k5,acs_baseline,14,1042.5401932568313,30.480624938276762,0.14308820897713304,True,87a65c0,5,0,none,0,0.0,False,0.7,0.95,0.1,799.0
A-n36-k5,acs_baseline,15,1040.3849145992274,30.210877922306306,0.11252674995921552,True,87a65c0,5,0,none,0,0.0,False,0.7,0.95,0.1,799.0
A-n36-k5,acs_baseline,16,1055.9884372564122,32.163759356246835,0.11141541693359613,True,87a65c0,5,0,none,0,0.0,False,0.7,0.95,0.1,799.0
A-n36-k5,acs_baseline,17,1051.10917294601,31.553087978224028,0.11161720915697515,True,87a65c0,5,0,none,0,0.0,False,0.7,0.95,0.1,799.0
A-n36-k5,acs_baseline,18,1050.0019876082033,31.41451659677138,0.1113253750372678,True,87a65c0,5,0,none,0,0.0,False,0.7,0.95,0.1,799.0
A-n36-k5,acs_baseline,19,1038.9648933699532,30.033153112634942,0.14063708297908306,True,87a65c0,5,0,none,0,0.0,False,0.7,0.95,0.1,799.0
A-n36-k5,acs_baseline,20,1042.4894469982476,30.4742737169271,0.11090354202315211,True,87a65c0,5,0,none,0,0.0,False,0.7,0.95,0.1,799.0
A-n36-k5,acs_baseline,21,1039.571684306178,30.10909690940901,0.11101570795290172,True,87a65c0,5,0,none,0,0.0,False,0.7,0.95,0.1,799.0
A-n36-k5,acs_baseline,22,1044.3196718968882,30.703338159810784,0.11094008293002844,True,87a65c0,5,0,none,0,0.0,False,0.7,0.95,0.1,799.0
A-n36-k5,acs_baseline,23,1032.9450763401148,29.2797342102772,0.1109549580141902,True,87a65c0,5,0,none,0,0.0,False,0.7,0.95,0.1,799.0
A-n36-k5,acs_baseline,24,1036.4900251059257,29.723407397487573,0.11143920803442597,True,87a65c0,5,0,none,0,0.0,False,0.7,0.95,0.1,799.0
A-n36-k5,acs_baseline,25,1044.7051607862027,30.75158457899908,0.11415324988774955,True,87a65c0,5,0,none,0,0.0,False,0.7,0.95,0.1,799.0
A-n36-k5,acs_baseline,26,1000.8032209990016,25.25697384217792,0.11127649992704391,True,87a65c0,5,0,none,0,0.0,False,0.7,0.95,0.1,799.0
A-n36-k5,acs_baseline,27,1024.433267248649,28.214426439130026,0.11151025001890957,True,87a65c0,5,0,none,0,0.0,False,0.7,0.95,0.1,799.0
A-n36-k5,acs_baseline,28,1044.208422461254,30.6894145758766,0.1105846669524908,True,87a65c0,5,0,none,0,0.0,False,0.7,0.95,0.1,799.0
A-n36-k5,acs_baseline,29,1043.1239235434077,30.5536825461086,0.13521874998696148,True,87a65c0,5,0,none,0,0.0,False,0.7,0.95,0.1,799.0
A-n36-k5,acs_cl15,0,1016.303412433333,27.196922707551067,0.09052924998104572,True,87a65c0,5,15,none,0,0.0,False,0.7,0.95,0.1,799.0
A-n36-k5,acs_cl15,1,1030.7322531853838,29.002785129584957,0.09374450007453561,True,87a65c0,5,15,none,0,0.0,False,0.7,0.95,0.1,799.0
A-n36-k5,acs_cl15,2,1052.786615715462,31.76303075287383,0.09718729183077812,True,87a65c0,5,15,none,0,0.0,False,0.7,0.95,0.1,799.0
A-n36-k5,acs_cl15,3,1028.1998856774308,28.68584301344565,0.09118212503381073,True,87a65c0,5,15,none,0,0.0,False,0.7,0.95,0.1,799.0
A-n36-k5,acs_cl15,4,1056.3806915893597,32.21285251431285,0.09130708314478397,True,87a65c0,5,15,none,0,0.0,False,0.7,0.95,0.1,799.0
A-n36-k5,acs_cl15,5,1033.7511288137982,29.3806168728158,0.09119750000536442,True,87a65c0,5,15,none,0,0.0,False,0.7,0.95,0.1,799.0
A-n36-k5,acs_cl15,6,1037.5981168667772,29.862092223626686,0.09019166696816683,True,87a65c0,5,15,none,0,0.0,False,0.7,0.95,0.1,799.0
A-n36-k5,acs_cl15,7,1058.771534670974,32.51208193629211,0.09100512508302927,True,87a65c0,5,15,none,0,0.0,False,0.7,0.95,0.1,799.0
A-n36-k5,acs_cl15,8,1027.8714536827417,28.644737632383194,0.09086866700090468,True,87a65c0,5,15,none,0,0.0,False,0.7,0.95,0.1,799.0
A-n36-k5,acs_cl15,9,980.0623959449102,22.66112590048939,0.09358570887707174,True,87a65c0,5,15,none,0,0.0,False,0.7,0.95,0.1,799.0
A-n36-k5,acs_cl15,10,1070.3036370681186,33.95539888211748,0.1126899579539895,True,87a65c0,5,15,none,0,0.0,False,0.7,0.95,0.1,799.0
A-n36-k5,acs_cl15,11,1059.7417640937401,32.63351240222029,0.09106279211118817,True,87a65c0,5,15,none,0,0.0,False,0.7,0.95,0.1,799.0
A-n36-k5,acs_cl15,12,1058.771534670974,32.51208193629211,0.09105754108168185,True,87a65c0,5,15,none,0,0.0,False,0.7,0.95,0.1,799.0
A-n36-k5,acs_cl15,13,1034.1020607906617,29.424538271672297,0.09146245801821351,True,87a65c0,5,15,none,0,0.0,False,0.7,0.95,0.1,799.0
A-n36-k5,acs_cl15,14,1053.1895159334815,31.81345631207528,0.09085249993950129,True,87a65c0,5,15,none,0,0.0,False,0.7,0.95,0.1,799.0
A-n36-k5,acs_cl15,15,1006.0062517589582,25.908166678217547,0.091422124998644,True,87a65c0,5,15,none,0,0.0,False,0.7,0.95,0.1,799.0
A-n36-k5,acs_cl15,16,1038.0379654650512,29.917142110769866,0.0911540831439197,True,87a65c0,5,15,none,0,0.0,False,0.7,0.95,0.1,799.0
A-n36-k5,acs_cl15,17,1056.8536291171235,32.272043694258265,0.09115679212845862,True,87a65c0,5,15,none,0,0.0,False,0.7,0.95,0.1,799.0
A-n36-k5,acs_cl15,18,1033.8520272936344,29.39324496791419,0.09130591596476734,True,87a65c0,5,15,none,0,0.0,False,0.7,0.95,0.1,799.0
A-n36-k5,acs_cl15,19,1016.303412433333,27.196922707551067,0.09109787503257394,True,87a65c0,5,15,none,0,0.0,False,0.7,0.95,0.1,799.0
A-n36-k5,acs_cl15,20,1042.5791953388425,30.485506300230604,0.09196675010025501,True,87a65c0,5,15,none,0,0.0,False,0.7,0.95,0.1,799.0
A-n36-k5,acs_cl15,21,1016.303412433333,27.196922707551067,0.11313195805996656,True,87a65c0,5,15,none,0,0.0,False,0.7,0.95,0.1,799.0
A-n36-k5,acs_cl15,22,1049.9424389942678,31.40706370391337,0.09057633299380541,True,87a65c0,5,15,none,0,0.0,False,0.7,0.95,0.1,799.0
A-n36-k5,acs_cl15,23,1056.2522477753168,32.196776943093475,0.09057074994780123,True,87a65c0,5,15,none,0,0.0,False,0.7,0.95,0.1,799.0
A-n36-k5,acs_cl15,24,1040.9244920370236,30.278409516523602,0.09119000006467104,True,87a65c0,5,15,none,0,0.0,False,0.7,0.95,0.1,799.0
A-n36-k5,acs_cl15,25,1036.6662298044776,29.745460551248755,0.09126083296723664,True,87a65c0,5,15,none,0,0.0,False,0.7,0.95,0.1,799.0
A-n36-k5,acs_cl15,26,1020.8773616027718,27.769381927756164,0.09050641697831452,True,87a65c0,5,15,none,0,0.0,False,0.7,0.95,0.1,799.0
A-n36-k5,acs_cl15,27,1059.7417640937401,32.63351240222029,0.09098733286373317,True,87a65c0,5,15,none,0,0.0,False,0.7,0.95,0.1,799.0
A-n36-k5,acs_cl15,28,1036.6662298044776,29.745460551248755,0.09063083282671869,True,87a65c0,5,15,none,0,0.0,False,0.7,0.95,0.1,799.0
A-n36-k5,acs_cl15,29,1051.2829233027483,31.57483395528764,0.09085320890881121,True,87a65c0,5,15,none,0,0.0,False,0.7,0.95,0.1,799.0
A-n36-k5,acs_cl15_ls2opt_fixed,0,976.7335037234229,22.244493582405873,0.10392037499696016,True,87a65c0,5,15,best,30,1.0,False,0.7,0.95,0.1,799.0
A-n36-k5,acs_cl15_ls2opt_fixed,1,976.7335037234229,22.244493582405873,0.10770620894618332,True,87a65c0,5,15,best,30,1.0,False,0.7,0.95,0.1,799.0
A-n36-k5,acs_cl15_ls2opt_fixed,2,1002.1740181402096,25.428537939951134,0.12763700005598366,True,87a65c0,5,15,best,30,1.0,False,0.7,0.95,0.1,799.0
A-n36-k5,acs_cl15_ls2opt_fixed,3,990.8996782549401,24.017481633909902,0.10206670803017914,True,87a65c0,5,15,best,30,1.0,False,0.7,0.95,0.1,799.0
A-n36-k5,acs_cl15_ls2opt_fixed,4,977.9286127731776,22.39406918312611,0.10287200007587671,True,87a65c0,5,15,best,30,1.0,False,0.7,0.95,0.1,799.0
A-n36-k5,acs_cl15_ls2opt_fixed,5,978.5607011059197,22.473179112130133,0.10227345791645348,True,87a65c0,5,15,best,30,1.0,False,0.7,0.95,0.1,799.0
A-n36-k5,acs_cl15_ls2opt_fixed,6,978.5607011059197,22.473179112130133,0.1003846658859402,True,87a65c0,5,15,best,30,1.0,False,0.7,0.95,0.1,799.0
A-n36-k5,acs_cl15_ls2opt_fixed,7,1002.1740181402096,25.428537939951134,0.10188562516123056,True,87a65c0,5,15,best,30,1.0,False,0.7,0.95,0.1,799.0
A-n36-k5,acs_cl15_ls2opt_fixed,8,980.0386270658212,22.65815107206773,0.10175491613335907,True,87a65c0,5,15,best,30,1.0,False,0.7,0.95,0.1,799.0
A-n36-k5,acs_cl15_ls2opt_fixed,9,966.288400450327,20.937221583269963,0.10156970797106624,True,87a65c0,5,15,best,30,1.0,False,0.7,0.95,0.1,799.0
A-n36-k5,acs_cl15_ls2opt_fixed,10,1002.1740181402096,25.428537939951134,0.10170954093337059,True,87a65c0,5,15,best,30,1.0,False,0.7,0.95,0.1,799.0
A-n36-k5,acs_cl15_ls2opt_fixed,11,1002.0984576315261,25.41908105525984,0.1025649169459939,True,87a65c0,5,15,best,30,1.0,False,0.7,0.95,0.1,799.0
A-n36-k5,acs_cl15_ls2opt_fixed,12,981.8600511836072,22.886114040501525,0.12810862506739795,True,87a65c0,5,15,best,30,1.0,False,0.7,0.95,0.1,799.0
A-n36-k5,acs_cl15_ls2opt_fixed,13,1002.1740181402096,25.428537939951134,0.10196983395144343,True,87a65c0,5,15,best,30,1.0,False,0.7,0.95,0.1,799.0
A-n36-k5,acs_cl15_ls2opt_fixed,14,1002.1740181402096,25.428537939951134,0.10298024979420006,True,87a65c0,5,15,best,30,1.0,False,0.7,0.95,0.1,799.0
A-n36-k5,acs_cl15_ls2opt_fixed,15,991.1063417118603,24.043346897604543,0.10193787491880357,True,87a65c0,5,15,best,30,1.0,False,0.7,0.95,0.1,799.0
A-n36-k5,acs_cl15_ls2opt_fixed,16,1002.1740181402096,25.428537939951134,0.10135691682808101,True,87a65c0,5,15,best,30,1.0,False,0.7,0.95,0.1,799.0
A-n36-k5,acs_cl15_ls2opt_fixed,17,1000.1482897066601,25.17500496954444,0.10257474984973669,True,87a65c0,5,15,best,30,1.0,False,0.7,0.95,0.1,799.0
A-n36-k5,acs_cl15_ls2opt_fixed,18,997.0554678201963,24.78791837549391,0.10196379199624062,True,87a65c0,5,15,best,30,1.0,False,0.7,0.95,0.1,799.0
A-n36-k5,acs_cl15_ls2opt_fixed,19,978.5607011059197,22.473179112130133,0.10153504204936326,True,87a65c0,5,15,best,30,1.0,False,0.7,0.95,0.1,799.0
A-n36-k5,acs_cl15_ls2opt_fixed,20,1002.1740181402096,25.428537939951134,0.10177945904433727,True,87a65c0,5,15,best,30,1.0,False,0.7,0.95,0.1,799.0
A-n36-k5,acs_cl15_ls2opt_fixed,21,976.7335037234229,22.244493582405873,0.10179541702382267,True,87a65c0,5,15,best,30,1.0,False,0.7,0.95,0.1,799.0
A-n36-k5,acs_cl15_ls2opt_fixed,22,976.7335037234229,22.244493582405873,0.10189687507227063,True,87a65c0,5,15,best,30,1.0,False,0.7,0.95,0.1,799.0
A-n36-k5,acs_cl15_ls2opt_fixed,23,1002.0984576315261,25.41908105525984,0.12778137507848442,True,87a65c0,5,15,best,30,1.0,False,0.7,0.95,0.1,799.0
A-n36-k5,acs_cl15_ls2opt_fixed,24,998.9486392188992,25.02486097858563,0.10214733402244747,True,87a65c0,5,15,best,30,1.0,False,0.7,0.95,0.1,799.0
A-n36-k5,acs_cl15_ls2opt_fixed,25,986.6166323505131,23.48143083235458,0.102174875093624,True,87a65c0,5,15,best,30,1.0,False,0.7,0.95,0.1,799.0
A-n36-k5,acs_cl15_ls2opt_fixed,26,997.0554678201963,24.78791837549391,0.1913962080143392,True,87a65c0,5,15,best,30,1.0,False,0.7,0.95,0.1,799.0
A-n36-k5,acs_cl15_ls2opt_fixed,27,1002.0984576315261,25.41908105525984,0.10595808294601738,True,87a65c0,5,15,best,30,1.0,False,0.7,0.95,0.1,799.0
A-n36-k5,acs_cl15_ls2opt_fixed,28,978.5607011059197,22.473179112130133,0.1067580000963062,True,87a65c0,5,15,best,30,1.0,False,0.7,0.95,0.1,799.0
A-n36-k5,acs_cl15_ls2opt_fixed,29,994.5197530754378,24.470557331093598,0.10307845892384648,True,87a65c0,5,15,best,30,1.0,False,0.7,0.95,0.1,799.0
A-n36-k5,acs_cl15_ls2opt_fixed_q0sched,0,975.100565563765,22.04012084652879,0.10856320802122355,True,87a65c0,5,15,best,30,1.0,True,0.7,0.95,0.1,799.0
A-n36-k5,acs_cl15_ls2opt_fixed_q0sched,1,978.0713296571124,22.41193112104035,0.10761741688475013,True,87a65c0,5,15,best,30,1.0,True,0.7,0.95,0.1,799.0
A-n36-k5,acs_cl15_ls2opt_fixed_q0sched,2,977.1558616335643,22.29735439719203,0.11027699988335371,True,87a65c0,5,15,best,30,1.0,True,0.7,0.95,0.1,799.0
A-n36-k5,acs_cl15_ls2opt_fixed_q0sched,3,1002.1740181402096,25.428537939951134,0.1077356250025332,True,87a65c0,5,15,best,30,1.0,True,0.7,0.95,0.1,799.0
A-n36-k5,acs_cl15_ls2opt_fixed_q0sched,4,998.1893194719007,24.929827218010104,0.13031633291393518,True,87a65c0,5,15,best,30,1.0,True,0.7,0.95,0.1,799.0
A-n36-k5,acs_cl15_ls2opt_fixed_q0sched,5,958.2224598220234,19.92771712415813,0.10785404103808105,True,87a65c0,5,15,best,30,1.0,True,0.7,0.95,0.1,799.0
A-n36-k5,acs_cl15_ls2opt_fixed_q0sched,6,958.8200329706272,20.002507255397642,0.10700416681356728,True,87a65c0,5,15,best,30,1.0,True,0.7,0.95,0.1,799.0
A-n36-k5,acs_cl15_ls2opt_fixed_q0sched,7,959.1251115817406,20.04068980998005,0.10819708299823105,True,87a65c0,5,15,best,30,1.0,True,0.7,0.95,0.1,799.0
A-n36-k5,acs_cl15_ls2opt_fixed_q0sched,8,978.5607011059197,22.473179112130133,0.10877658310346305,True,87a65c0,5,15,best,30,1.0,True,0.7,0.95,0.1,799.0
A-n36-k5,acs_cl15_ls2opt_fixed_q0sched,9,972.2453674940105,21.68277440475725,0.1083425001706928,True,87a65c0,5,15,best,30,1.0,True,0.7,0.95,0.1,799.0
A-n36-k5,acs_cl15_ls2opt_fixed_q0sched,10,974.9480362483413,22.02103081956712,0.10882937489077449,True,87a65c0,5,15,best,30,1.0,True,0.7,0.95,0.1,799.0
A-n36-k5,acs_cl15_ls2opt_fixed_q0sched,11,970.2952771243584,21.438708025576776,0.10759520903229713,True,87a65c0,5,15,best,30,1.0,True,0.7,0.95,0.1,799.0
A-n36-k5,acs_cl15_ls2opt_fixed_q0sched,12,943.5930289677582,18.096749557917168,0.11067000008188188,True,87a65c0,5,15,best,30,1.0,True,0.7,0.95,0.1,799.0
A-n36-k5,acs_cl15_ls2opt_fixed_q0sched,13,955.1987218793078,19.54927683095216,0.11177100008353591,True,87a65c0,5,15,best,30,1.0,True,0.7,0.95,0.1,799.0
A-n36-k5,acs_cl15_ls2opt_fixed_q0sched,14,981.1432166339367,22.796397576212357,0.14438649988733232,True,87a65c0,5,15,best,30,1.0,True,0.7,0.95,0.1,799.0
A-n36-k5,acs_cl15_ls2opt_fixed_q0sched,15,954.2151757597087,19.426179694581815,0.10885170800611377,True,87a65c0,5,15,best,30,1.0,True,0.7,0.95,0.1,799.0
A-n36-k5,acs_cl15_ls2opt_fixed_q0sched,16,977.1558616335643,22.29735439719203,0.10679224994964898,True,87a65c0,5,15,best,30,1.0,True,0.7,0.95,0.1,799.0
A-n36-k5,acs_cl15_ls2opt_fixed_q0sched,17,969.701905175703,21.364443701589863,0.10904833395034075,True,87a65c0,5,15,best,30,1.0,True,0.7,0.95,0.1,799.0
A-n36-k5,acs_cl15_ls2opt_fixed_q0sched,18,978.0239263994813,22.40599829780742,0.11022974993102252,True,87a65c0,5,15,best,30,1.0,True,0.7,0.95,0.1,799.0
A-n36-k5,acs_cl15_ls2opt_fixed_q0sched,19,997.0554678201963,24.78791837549391,0.10787704191170633,True,87a65c0,5,15,best,30,1.0,True,0.7,0.95,0.1,799.0
A-n36-k5,acs_cl15_ls2opt_fixed_q0sched,20,1002.1740181402096,25.428537939951134,0.11957987514324486,True,87a65c0,5,15,best,30,1.0,True,0.7,0.95,0.1,799.0
A-n36-k5,acs_cl15_ls2opt_fixed_q0sched,21,974.6385947766194,21.982302224858493,0.11094083311036229,True,87a65c0,5,15,best,30,1.0,True,0.7,0.95,0.1,799.0
A-n36-k5,acs_cl15_ls2opt_fixed_q0sched,22,945.9678969411744,18.39397959213698,0.10870074992999434,True,87a65c0,5,15,best,30,1.0,True,0.7,0.95,0.1,799.0
A-n36-k5,acs_cl15_ls2opt_fixed_q0sched,23,1002.1740181402096,25.428537939951134,0.11382137495093048,True,87a65c0,5,15,best,30,1.0,True,0.7,0.95,0.1,799.0
A-n36-k5,acs_cl15_ls2opt_fixed_q0sched,24,968.1929006779366,21.175582062319968,0.13658812502399087,True,87a65c0,5,15,best,30,1.0,True,0.7,0.95,0.1,799.0
A-n36-k5,acs_cl15_ls2opt_fixed_q0sched,25,1000.7971551996397,25.256214668290333,0.11516291717998683,True,87a65c0,5,15,best,30,1.0,True,0.7,0.95,0.1,799.0
A-n36-k5,acs_cl15_ls2opt_fixed_q0sched,26,989.2664900469244,23.813077602869143,0.11266487487591803,True,87a65c0,5,15,best,30,1.0,True,0.7,0.95,0.1,799.0
A-n36-k5,acs_cl15_ls2opt_fixed_q0sched,27,950.1716619027475,18.920107872684287,0.11223483295179904,True,87a65c0,5,15,best,30,1.0,True,0.7,0.95,0.1,799.0
A-n36-k5,acs_cl15_ls2opt_fixed_q0sched,28,1002.1740181402096,25.428537939951134,0.1108612921088934,True,87a65c0,5,15,best,30,1.0,True,0.7,0.95,0.1,799.0
A-n36-k5,acs_cl15_ls2opt_fixed_q0sched,29,975.518034900036,22.092369824785486,0.10818858304992318,True,87a65c0,5,15,best,30,1.0,True,0.7,0.95,0.1,799.0
A-n36-k5,acs_clsqrtn_2opt_q0sched,0,977.3494617792912,22.32158470329052,0.09848270914517343,True,87a65c0,5,15,best,30,1.0,True,0.7,0.95,0.1,799.0
A-n36-k5,acs_clsqrtn_2opt_q0sched,1,1000.0620313176654,25.1642091761784,0.09915545815601945,True,87a65c0,5,15,best,30,1.0,True,0.7,0.95,0.1,799.0
A-n36-k5,acs_clsqrtn_2opt_q0sched,2,973.3233252604607,21.817687767266673,0.09868712513707578,True,87a65c0,5,15,best,30,1.0,True,0.7,0.95,0.1,799.0
A-n36-k5,acs_clsqrtn_2opt_q0sched,3,977.3494617792912,22.32158470329052,0.0987559580244124,True,87a65c0,5,15,best,30,1.0,True,0.7,0.95,0.1,799.0
A-n36-k5,acs_clsqrtn_2opt_q0sched,4,1002.1740181402096,25.428537939951134,0.0984032501000911,True,87a65c0,5,15,best,30,1.0,True,0.7,0.95,0.1,799.0
A-n36-k5,acs_clsqrtn_2opt_q0sched,5,977.1550659685674,22.297254814589166,0.12595683289691806,True,87a65c0,5,15,best,30,1.0,True,0.7,0.95,0.1,799.0
A-n36-k5,acs_clsqrtn_2opt_q0sched,6,997.7906784904188,24.879934729714495,0.09744629100896418,True,87a65c0,5,15,best,30,1.0,True,0.7,0.95,0.1,799.0
A-n36-k5,acs_clsqrtn_2opt_q0sched,7,976.7335037234229,22.244493582405873,0.09863183391280472,True,87a65c0,5,15,best,30,1.0,True,0.7,0.95,0.1,799.0
A-n36-k5,acs_clsqrtn_2opt_q0sched,8,1000.1482897066601,25.17500496954444,0.097613540943712,True,87a65c0,5,15,best,30,1.0,True,0.7,0.95,0.1,799.0
A-n36-k5,acs_clsqrtn_2opt_q0sched,9,1002.1740181402096,25.428537939951134,0.10075924987904727,True,87a65c0,5,15,best,30,1.0,True,0.7,0.95,0.1,799.0
A-n36-k5,acs_clsqrtn_2opt_q0sched,10,966.8618215538479,21.00898893039398,0.10523045808076859,True,87a65c0,5,15,best,30,1.0,True,0.7,0.95,0.1,799.0
A-n36-k5,acs_clsqrtn_2opt_q0sched,11,975.4702376917439,22.086387696088103,0.10617037513293326,True,87a65c0,5,15,best,30,1.0,True,0.7,0.95,0.1,799.0
A-n36-k5,acs_clsqrtn_2opt_q0sched,12,1007.7978058823271,26.13239122432129,0.11957762483507395,True,87a65c0,5,15,best,30,1.0,True,0.7,0.95,0.1,799.0
A-n36-k5,acs_clsqrtn_2opt_q0sched,13,978.6098259997567,22.47932740923113,0.09924208302982152,True,87a65c0,5,15,best,30,1.0,True,0.7,0.95,0.1,799.0
A-n36-k5,acs_clsqrtn_2opt_q0sched,14,1000.5300125781006,25.222780047321724,0.09779516700655222,True,87a65c0,5,15,best,30,1.0,True,0.7,0.95,0.1,799.0
A-n36-k5,acs_clsqrtn_2opt_q0sched,15,966.8165561055091,21.003323667773355,0.09912425000220537,True,87a65c0,5,15,best,30,1.0,True,0.7,0.95,0.1,799.0
A-n36-k5,acs_clsqrtn_2opt_q0sched,16,981.6651423799038,22.86171994742226,0.12262700009159744,True,87a65c0,5,15,best,30,1.0,True,0.7,0.95,0.1,799.0
A-n36-k5,acs_clsqrtn_2opt_q0sched,17,955.071534937791,19.533358565430657,0.09828929207287729,True,87a65c0,5,15,best,30,1.0,True,0.7,0.95,0.1,799.0
A-n36-k5,acs_clsqrtn_2opt_q0sched,18,1007.7978058823271,26.13239122432129,0.09793466585688293,True,87a65c0,5,15,best,30,1.0,True,0.7,0.95,0.1,799.0
A-n36-k5,acs_clsqrtn_2opt_q0sched,19,971.96809634621,21.648072133443055,0.09876216691918671,True,87a65c0,5,15,best,30,1.0,True,0.7,0.95,0.1,799.0
A-n36-k5,acs_clsqrtn_2opt_q0sched,20,977.1558616335643,22.29735439719203,0.09961699997074902,True,87a65c0,5,15,best,30,1.0,True,0.7,0.95,0.1,799.0
A-n36-k5,acs_clsqrtn_2opt_q0sched,21,1000.5300125781006,25.222780047321724,0.09820154099725187,True,87a65c0,5,15,best,30,1.0,True,0.7,0.95,0.1,799.0
A-n36-k5,acs_clsqrtn_2opt_q0sched,22,1000.0180998638327,25.15871087156855,0.09785787505097687,True,87a65c0,5,15,best,30,1.0,True,0.7,0.95,0.1,799.0
A-n36-k5,acs_clsqrtn_2opt_q0sched,23,991.3675566394145,24.07603962946364,0.09812933299690485,True,87a65c0,5,15,best,30,1.0,True,0.7,0.95,0.1,799.0
A-n36-k5,acs_clsqrtn_2opt_q0sched,24,954.3440680683027,19.44231139778507,0.10381854185834527,True,87a65c0,5,15,best,30,1.0,True,0.7,0.95,0.1,799.0
A-n36-k5,acs_clsqrtn_2opt_q0sched,25,997.0554678201963,24.78791837549391,0.10569170815870166,True,87a65c0,5,15,best,30,1.0,True,0.7,0.95,0.1,799.0
A-n36-k5,acs_clsqrtn_2opt_q0sched,26,972.4984464145161,21.714448862893136,0.1217547501437366,True,87a65c0,5,15,best,30,1.0,True,0.7,0.95,0.1,799.0
A-n36-k5,acs_clsqrtn_2opt_q0sched,27,954.4621268777962,19.45708721874796,0.09886191692203283,True,87a65c0,5,15,best,30,1.0,True,0.7,0.95,0.1,799.0
A-n36-k5,acs_clsqrtn_2opt_q0sched,28,998.0047153608579,24.90672282363678,0.09909458295442164,True,87a65c0,5,15,best,30,1.0,True,0.7,0.95,0.1,799.0
A-n36-k5,acs_clsqrtn_2opt_q0sched,29,976.7335037234229,22.244493582405873,0.0978885421063751,True,87a65c0,5,15,best,30,1.0,True,0.7,0.95,0.1,799.0
A-n36-k5,acs_nocl_2opt_q0sched,0,968.9629014729204,21.27195262489617,0.1283930828794837,True,87a65c0,5,0,best,30,1.0,True,0.7,0.95,0.1,799.0
A-n36-k5,acs_nocl_2opt_q0sched,1,965.3514991430224,20.819962345810055,0.12829250004142523,True,87a65c0,5,0,best,30,1.0,True,0.7,0.95,0.1,799.0
A-n36-k5,acs_nocl_2opt_q0sched,2,977.1558616335643,22.29735439719203,0.1282108339946717,True,87a65c0,5,0,best,30,1.0,True,0.7,0.95,0.1,799.0
A-n36-k5,acs_nocl_2opt_q0sched,3,934.9327029979049,17.012853942165822,0.12780595803633332,True,87a65c0,5,0,best,30,1.0,True,0.7,0.95,0.1,799.0
A-n36-k5,acs_nocl_2opt_q0sched,4,959.933715992593,20.141891863904,0.15312175010330975,True,87a65c0,5,0,best,30,1.0,True,0.7,0.95,0.1,799.0
A-n36-k5,acs_nocl_2opt_q0sched,5,988.2811685319442,23.689758264323434,0.12894579209387302,True,87a65c0,5,0,best,30,1.0,True,0.7,0.95,0.1,799.0
A-n36-k5,acs_nocl_2opt_q0sched,6,977.1558616335643,22.29735439719203,0.1294035839382559,True,87a65c0,5,0,best,30,1.0,True,0.7,0.95,0.1,799.0
A-n36-k5,acs_nocl_2opt_q0sched,7,982.0248847756662,22.906744026992023,0.1298339159693569,True,87a65c0,5,0,best,30,1.0,True,0.7,0.95,0.1,799.0
A-n36-k5,acs_nocl_2opt_q0sched,8,973.1955925597025,21.801701196458385,0.12914529209956527,True,87a65c0,5,0,best,30,1.0,True,0.7,0.95,0.1,799.0
A-n36-k5,acs_nocl_2opt_q0sched,9,902.0041290092339,12.891630664484843,0.12847133306786418,True,87a65c0,5,0,best,30,1.0,True,0.7,0.95,0.1,799.0
A-n36-k5,acs_nocl_2opt_q0sched,10,1000.092565844309,25.16803076899987,0.12784658395685256,True,87a65c0,5,0,best,30,1.0,True,0.7,0.95,0.1,799.0
A-n36-k5,acs_nocl_2opt_q0sched,11,978.4426422964264,22.458403291167254,0.126309874933213,True,87a65c0,5,0,best,30,1.0,True,0.7,0.95,0.1,799.0
A-n36-k5,acs_nocl_2opt_q0sched,12,995.3059095904081,24.56894988615871,0.128100625006482,True,87a65c0,5,0,best,30,1.0,True,0.7,0.95,0.1,799.0
A-n36-k5,acs_nocl_2opt_q0sched,13,976.6154449139295,22.229717761442995,0.1271066248882562,True,87a65c0,5,0,best,30,1.0,True,0.7,0.95,0.1,799.0
A-n36-k5,acs_nocl_2opt_q0sched,14,908.974029333751,13.76395861498761,0.12841016706079245,True,87a65c0,5,0,best,30,1.0,True,0.7,0.95,0.1,799.0
A-n36-k5,acs_nocl_2opt_q0sched,15,958.8200329706272,20.002507255397642,0.15373995807021856,True,87a65c0,5,0,best,30,1.0,True,0.7,0.95,0.1,799.0
A-n36-k5,acs_nocl_2opt_q0sched,16,948.785106517047,18.746571529042175,0.1282972500193864,True,87a65c0,5,0,best,30,1.0,True,0.7,0.95,0.1,799.0
A-n36-k5,acs_nocl_2opt_q0sched,17,931.0018850083256,16.520886734458777,0.13013570802286267,True,87a65c0,5,0,best,30,1.0,True,0.7,0.95,0.1,799.0
A-n36-k5,acs_nocl_2opt_q0sched,18,977.1558616335643,22.29735439719203,0.13456662511453032,True,87a65c0,5,0,best,30,1.0,True,0.7,0.95,0.1,799.0
A-n36-k5,acs_nocl_2opt_q0sched,19,977.1558616335643,22.29735439719203,0.12964075012132525,True,87a65c0,5,0,best,30,1.0,True,0.7,0.95,0.1,799.0
A-n36-k5,acs_nocl_2opt_q0sched,20,951.7856127470457,19.122104223660283,0.12768425000831485,True,87a65c0,5,0,best,30,1.0,True,0.7,0.95,0.1,799.0
A-n36-k5,acs_nocl_2opt_q0sched,21,956.516558442587,19.71421257103717,0.12966379197314382,True,87a65c0,5,0,best,30,1.0,True,0.7,0.95,0.1,799.0
A-n36-k5,acs_nocl_2opt_q0sched,22,964.4530834139018,20.70751982652088,0.13854937511496246,True,87a65c0,5,0,best,30,1.0,True,0.7,0.95,0.1,799.0
A-n36-k5,acs_nocl_2opt_q0sched,23,994.3559533942437,24.450056745211974,0.1517402499448508,True,87a65c0,5,0,best,30,1.0,True,0.7,0.95,0.1,799.0
A-n36-k5,acs_nocl_2opt_q0sched,24,970.1905118226662,21.425595972799268,0.14391454099677503,True,87a65c0,5,0,best,30,1.0,True,0.7,0.95,0.1,799.0
A-n36-k5,acs_nocl_2opt_q0sched,25,979.6485810004991,22.60933429292855,0.16697691613808274,True,87a65c0,5,0,best,30,1.0,True,0.7,0.95,0.1,799.0
A-n36-k5,acs_nocl_2opt_q0sched,26,988.1215572182996,23.669781879636993,0.15004629199393094,True,87a65c0,5,0,best,30,1.0,True,0.7,0.95,0.1,799.0
A-n36-k5,acs_nocl_2opt_q0sched,27,949.0549168279722,18.780340028532187,0.14554374990984797,True,87a65c0,5,0,best,30,1.0,True,0.7,0.95,0.1,799.0
A-n36-k5,acs_nocl_2opt_q0sched,28,1002.8893975098822,25.51807227908413,0.14038029196672142,True,87a65c0,5,0,best,30,1.0,True,0.7,0.95,0.1,799.0
A-n36-k5,acs_nocl_2opt_q0sched,29,995.3059095904081,24.56894988615871,0.1274823748972267,True,87a65c0,5,0,best,30,1.0,True,0.7,0.95,0.1,799.0
A-n36-k5,acs_nocl_none,0,1038.1330325950057,29.929040374844266,0.11316033289767802,True,87a65c0,5,0,none,0,0.0,False,0.7,0.95,0.1,799.0
A-n36-k5,acs_nocl_none,1,1057.4585021835017,32.34774745725928,0.1172282500192523,True,87a65c0,5,0,none,0,0.0,False,0.7,0.95,0.1,799.0
A-n36-k5,acs_nocl_none,2,1021.1965205115827,27.809326722350768,0.13595191692002118,True,87a65c0,5,0,none,0,0.0,False,0.7,0.95,0.1,799.0
A-n36-k5,acs_nocl_none,3,1025.7990294847032,28.385360386070484,0.11811674991622567,True,87a65c0,5,0,none,0,0.0,False,0.7,0.95,0.1,799.0
A-n36-k5,acs_nocl_none,4,1014.0686369059856,26.917226145930616,0.1122729170601815,True,87a65c0,5,0,none,0,0.0,False,0.7,0.95,0.1,799.0
A-n36-k5,acs_nocl_none,5,1044.562648056658,30.733748192322647,0.11142320791259408,True,87a65c0,5,0,none,0,0.0,False,0.7,0.95,0.1,799.0
A-n36-k5,acs_nocl_none,6,1037.5175122072442,29.8520040309442,0.11094749998301268,True,87a65c0,5,0,none,0,0.0,False,0.7,0.95,0.1,799.0
A-n36-k5,acs_nocl_none,7,1029.8481011573638,28.892127804426003,0.11137279099784791,True,87a65c0,5,0,none,0,0.0,False,0.7,0.95,0.1,799.0
A-n36-k5,acs_nocl_none,8,1032.5672130984262,29.23244219004083,0.11255012499168515,True,87a65c0,5,0,none,0,0.0,False,0.7,0.95,0.1,799.0
A-n36-k5,acs_nocl_none,9,1015.4026449708696,27.08418585367579,0.11061025015078485,True,87a65c0,5,0,none,0,0.0,False,0.7,0.95,0.1,799.0
A-n36-k5,acs_nocl_none,10,996.8634689935697,24.76388848480221,0.1113714159000665,True,87a65c0,5,0,none,0,0.0,False,0.7,0.95,0.1,799.0
A-n36-k5,acs_nocl_none,11,1034.9291702710925,29.528056354329475,0.1106475000269711,True,87a65c0,5,0,none,0,0.0,False,0.7,0.95,0.1,799.0
A-n36-k5,acs_nocl_none,12,1050.5837519132617,31.487328149344396,0.1104516671039164,True,87a65c0,5,0,none,0,0.0,False,0.7,0.95,0.1,799.0
A-n36-k5,acs_nocl_none,13,1037.7634687679083,29.882787079838337,0.13448566710576415,True,87a65c0,5,0,none,0,0.0,False,0.7,0.95,0.1,799.0
A-n36-k5,acs_nocl_none,14,1042.5401932568313,30.480624938276762,0.11081858305260539,True,87a65c0,5,0,none,0,0.0,False,0.7,0.95,0.1,799.0
A-n36-k5,acs_nocl_none,15,1040.3849145992274,30.210877922306306,0.11117291683331132,True,87a65c0,5,0,none,0,0.0,False,0.7,0.95,0.1,799.0
A-n36-k5,acs_nocl_none,16,1055.9884372564122,32.163759356246835,0.11092850007116795,True,87a65c0,5,0,none,0,0.0,False,0.7,0.95,0.1,799.0
A-n36-k5,acs_nocl_none,17,1051.10917294601,31.553087978224028,0.11110504204407334,True,87a65c0,5,0,none,0,0.0,False,0.7,0.95,0.1,799.0
A-n36-k5,acs_nocl_none,18,1050.0019876082033,31.41451659677138,0.11081850016489625,True,87a65c0,5,0,none,0,0.0,False,0.7,0.95,0.1,799.0
A-n36-k5,acs_nocl_none,19,1038.9648933699532,30.033153112634942,0.11114604095928371,True,87a65c0,5,0,none,0,0.0,False,0.7,0.95,0.1,799.0
A-n36-k5,acs_nocl_none,20,1042.4894469982476,30.4742737169271,0.11089275008998811,True,87a65c0,5,0,none,0,0.0,False,0.7,0.95,0.1,799.0
A-n36-k5,acs_nocl_none,21,1039.571684306178,30.10909690940901,0.11125779198482633,True,87a65c0,5,0,none,0,0.0,False,0.7,0.95,0.1,799.0
A-n36-k5,acs_nocl_none,22,1044.3196718968882,30.703338159810784,0.11108566587790847,True,87a65c0,5,0,none,0,0.0,False,0.7,0.95,0.1,799.0
A-n36-k5,acs_nocl_none,23,1032.9450763401148,29.2797342102772,0.13569491589441895,True,87a65c0,5,0,none,0,0.0,False,0.7,0.95,0.1,799.0
A-n36-k5,acs_nocl_none,24,1036.4900251059257,29.723407397487573,0.11121179116889834,True,87a65c0,5,0,none,0,0.0,False,0.7,0.95,0.1,799.0
A-n36-k5,acs_nocl_none,25,1044.7051607862027,30.75158457899908,0.11056958301924169,True,87a65c0,5,0,none,0,0.0,False,0.7,0.95,0.1,799.0
A-n36-k5,acs_nocl_none,26,1000.8032209990016,25.25697384217792,0.11057716701179743,True,87a65c0,5,0,none,0,0.0,False,0.7,0.95,0.1,799.0
A-n36-k5,acs_nocl_none,27,1024.433267248649,28.214426439130026,0.15804970799945295,True,87a65c0,5,0,none,0,0.0,False,0.7,0.95,0.1,799.0
A-n36-k5,acs_nocl_none,28,1044.208422461254,30.6894145758766,0.12738204118795693,True,87a65c0,5,0,none,0,0.0,False,0.7,0.95,0.1,799.0
A-n36-k5,acs_nocl_none,29,1043.1239235434077,30.5536825461086,0.11136358301155269,True,87a65c0,5,0,none,0,0.0,False,0.7,0.95,0.1,799.0
A-n37-k5,acs_baseline,0,846.6384220524794,26.552828408442362,0.1522118749562651,True,87a65c0,5,0,none,0,0.0,False,0.7,0.95,0.1,669.0
A-n37-k5,acs_baseline,1,904.0397993364678,35.13300438512225,0.12433895794674754,True,87a65c0,5,0,none,0,0.0,False,0.7,0.95,0.1,669.0
A-n37-k5,acs_baseline,2,870.997936753397,30.194011472854555,0.14999045780859888,True,87a65c0,5,0,none,0,0.0,False,0.7,0.95,0.1,669.0
A-n37-k5,acs_baseline,3,847.8482571930447,26.733670731396813,0.11880062497220933,True,87a65c0,5,0,none,0,0.0,False,0.7,0.95,0.1,669.0
A-n37-k5,acs_baseline,4,887.5348342512342,32.665894506910945,0.11841033305972815,True,87a65c0,5,0,none,0,0.0,False,0.7,0.95,0.1,669.0
A-n37-k5,acs_baseline,5,867.5841480220591,29.683729151279394,0.12049891706556082,True,87a65c0,5,0,none,0,0.0,False,0.7,0.95,0.1,669.0
A-n37-k5,acs_baseline,6,854.942945004883,27.794162183091625,0.12279075011610985,True,87a65c0,5,0,none,0,0.0,False,0.7,0.95,0.1,669.0
A-n37-k5,acs_baseline,7,847.117721943184,26.624472637247244,0.12038324982859194,True,87a65c0,5,0,none,0,0.0,False,0.7,0.95,0.1,669.0
A-n37-k5,acs_baseline,8,894.4488916077687,33.699385890548385,0.11655679205432534,True,87a65c0,5,0,none,0,0.0,False,0.7,0.95,0.1,669.0
A-n37-k5,acs_baseline,9,865.2289241471537,29.33167774994824,0.11585350008681417,True,87a65c0,5,0,none,0,0.0,False,0.7,0.95,0.1,669.0
A-n37-k5,acs_baseline,10,899.9574044081555,34.52278092797542,0.11773987510241568,True,87a65c0,5,0,none,0,0.0,False,0.7,0.95,0.1,669.0
A-n37-k5,acs_baseline,11,848.1336472110272,26.7763299269099,0.1178442919626832,True,87a65c0,5,0,none,0,0.0,False,0.7,0.95,0.1,669.0
A-n37-k5,acs_baseline,12,853.7168525464589,27.6108897677816,0.15332487504929304,True,87a65c0,5,0,none,0,0.0,False,0.7,0.95,0.1,669.0
A-n37-k5,acs_baseline,13,872.43242991516,30.408434964896863,0.11958966590464115,True,87a65c0,5,0,none,0,0.0,False,0.7,0.95,0.1,669.0
A-n37-k5,acs_baseline,14,892.6594023187159,33.431898702349166,0.11742720799520612,True,87a65c0,5,0,none,0,0.0,False,0.7,0.95,0.1,669.0
A-n37-k5,acs_baseline,15,853.6653654719466,27.60319364304135,0.11737145809456706,True,87a65c0,5,0,none,0,0.0,False,0.7,0.95,0.1,669.0
A-n37-k5,acs_baseline,16,833.6619948495202,24.613153191258622,0.11886895797215402,True,87a65c0,5,0,none,0,0.0,False,0.7,0.95,0.1,669.0
A-n37-k5,acs_baseline,17,855.0285874779307,27.806963748569615,0.12236266699619591,True,87a65c0,5,0,none,0,0.0,False,0.7,0.95,0.1,669.0
A-n37-k5,acs_baseline,18,880.2160193573758,31.571901249234045,0.11844879202544689,True,87a65c0,5,0,none,0,0.0,False,0.7,0.95,0.1,669.0
A-n37-k5,acs_baseline,19,890.1888702265636,33.062611394105176,0.11992162489332259,True,87a65c0,5,0,none,0,0.0,False,0.7,0.95,0.1,669.0
A-n37-k5,acs_baseline,20,897.9423824178074,34.22158182627913,0.11692225001752377,True,87a65c0,5,0,none,0,0.0,False,0.7,0.95,0.1,669.0
A-n37-k5,acs_baseline,21,841.9479978638913,25.851718664258783,0.11675649997778237,True,87a65c0,5,0,none,0,0.0,False,0.7,0.95,0.1,669.0
A-n37-k5,acs_baseline,22,872.626478135728,30.43744067798625,0.1517819168511778,True,87a65c0,5,0,none,0,0.0,False,0.7,0.95,0.1,669.0
A-n37-k5,acs_baseline,23,842.7733437297659,25.975088748843927,0.12098004086874425,True,87a65c0,5,0,none,0,0.0,False,0.7,0.95,0.1,669.0
A-n37-k5,acs_baseline,24,899.0245116435634,34.383335073776294,0.11845454201102257,True,87a65c0,5,0,none,0,0.0,False,0.7,0.95,0.1,669.0
A-n37-k5,acs_baseline,25,878.2495050275539,31.277952918916878,0.11773391696624458,True,87a65c0,5,0,none,0,0.0,False,0.7,0.95,0.1,669.0
A-n37-k5,acs_baseline,26,892.4414705714435,33.39932295537271,0.11725775012746453,True,87a65c0,5,0,none,0,0.0,False,0.7,0.95,0.1,669.0
A-n37-k5,acs_baseline,27,906.0500148329838,35.43348502735184,0.11677383305504918,True,87a65c0,5,0,none,0,0.0,False,0.7,0.95,0.1,669.0
A-n37-k5,acs_baseline,28,876.4216832961898,31.004735918712978,0.11649020807817578,True,87a65c0,5,0,none,0,0.0,False,0.7,0.95,0.1,669.0
A-n37-k5,acs_baseline,29,890.6807030636693,33.136129008022316,0.11758712492883205,True,87a65c0,5,0,none,0,0.0,False,0.7,0.95,0.1,669.0
A-n37-k5,acs_cl15,0,914.524846674433,36.7002760350423,0.09255249984562397,True,87a65c0,5,15,none,0,0.0,False,0.7,0.95,0.1,669.0
A-n37-k5,acs_cl15,1,887.6614512784561,32.68482081890225,0.0931118750013411,True,87a65c0,5,15,none,0,0.0,False,0.7,0.95,0.1,669.0
A-n37-k5,acs_cl15,2,882.5700943511855,31.923780919459716,0.11711416696198285,True,87a65c0,5,15,none,0,0.0,False,0.7,0.95,0.1,669.0
A-n37-k5,acs_cl15,3,883.6208884382789,32.08085028972779,0.09289345797151327,True,87a65c0,5,15,none,0,0.0,False,0.7,0.95,0.1,669.0
A-n37-k5,acs_cl15,4,899.8398299708853,34.50520627367493,0.09332008310593665,True,87a65c0,5,15,none,0,0.0,False,0.7,0.95,0.1,669.0
A-n37-k5,acs_cl15,5,881.0155848939224,31.69141777188676,0.09258604212664068,True,87a65c0,5,15,none,0,0.0,False,0.7,0.95,0.1,669.0
A-n37-k5,acs_cl15,6,904.5293638337299,35.20618293478773,0.09894150006584823,True,87a65c0,5,15,none,0,0.0,False,0.7,0.95,0.1,669.0
A-n37-k5,acs_cl15,7,904.841953609589,35.25290786391466,0.09461649996228516,True,87a65c0,5,15,none,0,0.0,False,0.7,0.95,0.1,669.0
A-n37-k5,acs_cl15,8,880.4360483624632,31.604790487662665,0.09330229088664055,True,87a65c0,5,15,none,0,0.0,False,0.7,0.95,0.1,669.0
A-n37-k5,acs_cl15,9,904.841953609589,35.25290786391466,0.0929575830232352,True,87a65c0,5,15,none,0,0.0,False,0.7,0.95,0.1,669.0
A-n37-k5,acs_cl15,10,867.1411725601575,29.61751458298319,0.09220383292995393,True,87a65c0,5,15,none,0,0.0,False,0.7,0.95,0.1,669.0
A-n37-k5,acs_cl15,11,914.9871662895488,36.7693821060611,0.09254100010730326,True,87a65c0,5,15,none,0,0.0,False,0.7,0.95,0.1,669.0
A-n37-k5,acs_cl15,12,883.5546843233031,32.07095430841601,0.09267637506127357,True,87a65c0,5,15,none,0,0.0,False,0.7,0.95,0.1,669.0
A-n37-k5,acs_cl15,13,870.3556206576047,30.098000098296673,0.12001591688022017,True,87a65c0,5,15,none,0,0.0,False,0.7,0.95,0.1,669.0
A-n37-k5,acs_cl15,14,904.841953609589,35.25290786391466,0.09284237516112626,True,87a65c0,5,15,none,0,0.0,False,0.7,0.95,0.1,669.0
A-n37-k5,acs_cl15,15,904.5293638337299,35.20618293478773,0.09287950000725687,True,87a65c0,5,15,none,0,0.0,False,0.7,0.95,0.1,669.0
A-n37-k5,acs_cl15,16,909.6072424107407,35.9652081331451,0.09266950003802776,True,87a65c0,5,15,none,0,0.0,False,0.7,0.95,0.1,669.0
A-n37-k5,acs_cl15,17,902.802917379422,34.94811918974917,0.09276995901018381,True,87a65c0,5,15,none,0,0.0,False,0.7,0.95,0.1,669.0
A-n37-k5,acs_cl15,18,859.0745501312439,28.411741424700132,0.09254833380691707,True,87a65c0,5,15,none,0,0.0,False,0.7,0.95,0.1,669.0
A-n37-k5,acs_cl15,19,904.5293638337299,35.20618293478773,0.09263158310204744,True,87a65c0,5,15,none,0,0.0,False,0.7,0.95,0.1,669.0
A-n37-k5,acs_cl15,20,899.8398299708853,34.50520627367493,0.09278787509538233,True,87a65c0,5,15,none,0,0.0,False,0.7,0.95,0.1,669.0
A-n37-k5,acs_cl15,21,895.3646402885379,33.83626910142569,0.09275745903141797,True,87a65c0,5,15,none,0,0.0,False,0.7,0.95,0.1,669.0
A-n37-k5,acs_cl15,22,902.0777849545528,34.83972869275827,0.09292258298955858,True,87a65c0,5,15,none,0,0.0,False,0.7,0.95,0.1,669.0
A-n37-k5,acs_cl15,23,878.3122313758864,31.287329054691543,0.09304633410647511,True,87a65c0,5,15,none,0,0.0,False,0.7,0.95,0.1,669.0
A-n37-k5,acs_cl15,24,865.4163017486347,29.359686360035088,0.11759312497451901,True,87a65c0,5,15,none,0,0.0,False,0.7,0.95,0.1,669.0
A-n37-k5,acs_cl15,25,865.2289241471537,29.33167774994824,0.09460824984125793,True,87a65c0,5,15,none,0,0.0,False,0.7,0.95,0.1,669.0
A-n37-k5,acs_cl15,26,884.3572276930616,32.190915948140756,0.09235754096880555,True,87a65c0,5,15,none,0,0.0,False,0.7,0.95,0.1,669.0
A-n37-k5,acs_cl15,27,915.1223431558155,36.7895879156675,0.09509625006467104,True,87a65c0,5,15,none,0,0.0,False,0.7,0.95,0.1,669.0
A-n37-k5,acs_cl15,28,878.5525606845994,31.323252718176285,0.09284383314661682,True,87a65c0,5,15,none,0,0.0,False,0.7,0.95,0.1,669.0
A-n37-k5,acs_cl15,29,910.9188096207666,36.161257043462875,0.09277462493628263,True,87a65c0,5,15,none,0,0.0,False,0.7,0.95,0.1,669.0
A-n37-k5,acs_cl15_ls2opt_fixed,0,858.6058969150698,28.341688627065743,0.10639745881780982,True,87a65c0,5,15,best,30,1.0,False,0.7,0.95,0.1,669.0
A-n37-k5,acs_cl15_ls2opt_fixed,1,859.4697826905937,28.470819535215792,0.10653941705822945,True,87a65c0,5,15,best,30,1.0,False,0.7,0.95,0.1,669.0
A-n37-k5,acs_cl15_ls2opt_fixed,2,847.5510155916809,26.689239998756488,0.10596454190090299,True,87a65c0,5,15,best,30,1.0,False,0.7,0.95,0.1,669.0
A-n37-k5,acs_cl15_ls2opt_fixed,3,800.3843172789839,19.63891140194079,0.11033349996432662,True,87a65c0,5,15,best,30,1.0,False,0.7,0.95,0.1,669.0
A-n37-k5,acs_cl15_ls2opt_fixed,4,828.6653003868861,23.866263137053227,0.17052745912224054,True,87a65c0,5,15,best,30,1.0,False,0.7,0.95,0.1,669.0
A-n37-k5,acs_cl15_ls2opt_fixed,5,860.4649525436286,28.619574371244926,0.11576025001704693,True,87a65c0,5,15,best,30,1.0,False,0.7,0.95,0.1,669.0
A-n37-k5,acs_cl15_ls2opt_fixed,6,804.7422349589411,20.29031912689703,0.10595400002785027,True,87a65c0,5,15,best,30,1.0,False,0.7,0.95,0.1,669.0
A-n37-k5,acs_cl15_ls2opt_fixed,7,841.9234643878978,25.848051478011623,0.10713304090313613,True,87a65c0,5,15,best,30,1.0,False,0.7,0.95,0.1,669.0
A-n37-k5,acs_cl15_ls2opt_fixed,8,851.9704203515787,27.34983861757529,0.1073917921166867,True,87a65c0,5,15,best,30,1.0,False,0.7,0.95,0.1,669.0
A-n37-k5,acs_cl15_ls2opt_fixed,9,864.8377353268655,29.273204084733262,0.10689933295361698,True,87a65c0,5,15,best,30,1.0,False,0.7,0.95,0.1,669.0
A-n37-k5,acs_cl15_ls2opt_fixed,10,837.188893619414,25.140342842961733,0.10615254193544388,True,87a65c0,5,15,best,30,1.0,False,0.7,0.95,0.1,669.0
A-n37-k5,acs_cl15_ls2opt_fixed,11,872.2908610481086,30.387273699268846,0.10699787503108382,True,87a65c0,5,15,best,30,1.0,False,0.7,0.95,0.1,669.0
A-n37-k5,acs_cl15_ls2opt_fixed,12,816.4059883535359,22.03378002295006,0.10749870887957513,True,87a65c0,5,15,best,30,1.0,False,0.7,0.95,0.1,669.0
A-n37-k5,acs_cl15_ls2opt_fixed,13,844.6658700329484,26.25797758340036,0.1100777080282569,True,87a65c0,5,15,best,30,1.0,False,0.7,0.95,0.1,669.0
A-n37-k5,acs_cl15_ls2opt_fixed,14,841.9234643878978,25.848051478011623,0.14442708296701312,True,87a65c0,5,15,best,30,1.0,False,0.7,0.95,0.1,669.0
A-n37-k5,acs_cl15_ls2opt_fixed,15,845.7444426206476,26.419199195911457,0.110640041064471,True,87a65c0,5,15,best,30,1.0,False,0.7,0.95,0.1,669.0
A-n37-k5,acs_cl15_ls2opt_fixed,16,864.8377353268655,29.273204084733262,0.10911329090595245,True,87a65c0,5,15,best,30,1.0,False,0.7,0.95,0.1,669.0
A-n37-k5,acs_cl15_ls2opt_fixed,17,859.2038627029542,28.431070658139646,0.1066686250269413,True,87a65c0,5,15,best,30,1.0,False,0.7,0.95,0.1,669.0
A-n37-k5,acs_cl15_ls2opt_fixed,18,835.3763200203147,24.86940508524883,0.10740233398973942,True,87a65c0,5,15,best,30,1.0,False,0.7,0.95,0.1,669.0
A-n37-k5,acs_cl15_ls2opt_fixed,19,865.0876254018324,29.310556861260444,0.10641200002282858,True,87a65c0,5,15,best,30,1.0,False,0.7,0.95,0.1,669.0
A-n37-k5,acs_cl15_ls2opt_fixed,20,864.8377353268655,29.273204084733262,0.10866641602478921,True,87a65c0,5,15,best,30,1.0,False,0.7,0.95,0.1,669.0
A-n37-k5,acs_cl15_ls2opt_fixed,21,857.0103671519478,28.103193894162597,0.10576120903715491,True,87a65c0,5,15,best,30,1.0,False,0.7,0.95,0.1,669.0
A-n37-k5,acs_cl15_ls2opt_fixed,22,837.7924372717604,25.23055863553967,0.10593766695819795,True,87a65c0,5,15,best,30,1.0,False,0.7,0.95,0.1,669.0
A-n37-k5,acs_cl15_ls2opt_fixed,23,824.7287799231245,23.277844532604565,0.10635912511497736,True,87a65c0,5,15,best,30,1.0,False,0.7,0.95,0.1,669.0
A-n37-k5,acs_cl15_ls2opt_fixed,24,832.9169044816687,24.501779444195616,0.10681658308021724,True,87a65c0,5,15,best,30,1.0,False,0.7,0.95,0.1,669.0
A-n37-k5,acs_cl15_ls2opt_fixed,25,818.3748935766157,22.328085736414906,0.12402241700328887,True,87a65c0,5,15,best,30,1.0,False,0.7,0.95,0.1,669.0
A-n37-k5,acs_cl15_ls2opt_fixed,26,786.7685954859854,17.60367645530425,0.10683133290149271,True,87a65c0,5,15,best,30,1.0,False,0.7,0.95,0.1,669.0
A-n37-k5,acs_cl15_ls2opt_fixed,27,858.6286543084567,28.34509033011311,0.10608129110187292,True,87a65c0,5,15,best,30,1.0,False,0.7,0.95,0.1,669.0
A-n37-k5,acs_cl15_ls2opt_fixed,28,837.7924372717604,25.23055863553967,0.11934895813465118,True,87a65c0,5,15,best,30,1.0,False,0.7,0.95,0.1,669.0
A-n37-k5,acs_cl15_ls2opt_fixed,29,853.2327771249782,27.538531707769533,0.11074454197660089,True,87a65c0,5,15,best,30,1.0,False,0.7,0.95,0.1,669.0
A-n37-k5,acs_cl15_ls2opt_fixed_q0sched,0,818.3748935766157,22.328085736414906,0.11477766698226333,True,87a65c0,5,15,best,30,1.0,True,0.7,0.95,0.1,669.0
A-n37-k5,acs_cl15_ls2opt_fixed_q0sched,1,864.8377353268655,29.273204084733262,0.1119556250050664,True,87a65c0,5,15,best,30,1.0,True,0.7,0.95,0.1,669.0
A-n37-k5,acs_cl15_ls2opt_fixed_q0sched,2,810.5364770075083,21.156424066892125,0.11328970897011459,True,87a65c0,5,15,best,30,1.0,True,0.7,0.95,0.1,669.0
A-n37-k5,acs_cl15_ls2opt_fixed_q0sched,3,807.7265797821865,20.736409533959115,0.11445737490430474,True,87a65c0,5,15,best,30,1.0,True,0.7,0.95,0.1,669.0
A-n37-k5,acs_cl15_ls2opt_fixed_q0sched,4,827.3993594222596,23.677034293312353,0.11461433279328048,True,87a65c0,5,15,best,30,1.0,True,0.7,0.95,0.1,669.0
A-n37-k5,acs_cl15_ls2opt_fixed_q0sched,5,806.7217597361955,20.58621221766749,0.14273620885796845,True,87a65c0,5,15,best,30,1.0,True,0.7,0.95,0.1,669.0
A-n37-k5,acs_cl15_ls2opt_fixed_q0sched,6,853.2327771249782,27.538531707769533,0.11576499999500811,True,87a65c0,5,15,best,30,1.0,True,0.7,0.95,0.1,669.0
A-n37-k5,acs_cl15_ls2opt_fixed_q0sched,7,841.3553922995217,25.763137862409817,0.11344020813703537,True,87a65c0,5,15,best,30,1.0,True,0.7,0.95,0.1,669.0
A-n37-k5,acs_cl15_ls2opt_fixed_q0sched,8,803.1841454605285,20.057420846117864,0.11447333381511271,True,87a65c0,5,15,best,30,1.0,True,0.7,0.95,0.1,669.0
A-n37-k5,acs_cl15_ls2opt_fixed_q0sched,9,794.9222327277661,18.822456312072656,0.11226316704414785,True,87a65c0,5,15,best,30,1.0,True,0.7,0.95,0.1,669.0
A-n37-k5,acs_cl15_ls2opt_fixed_q0sched,10,820.3425088172975,22.622198627398728,0.11305483314208686,True,87a65c0,5,15,best,30,1.0,True,0.7,0.95,0.1,669.0
A-n37-k5,acs_cl15_ls2opt_fixed_q0sched,11,842.4666995698534,25.929252551547595,0.11473887483589351,True,87a65c0,5,15,best,30,1.0,True,0.7,0.95,0.1,669.0
A-n37-k5,acs_cl15_ls2opt_fixed_q0sched,12,835.4328988154026,24.877862304245532,0.1142970840446651,True,87a65c0,5,15,best,30,1.0,True,0.7,0.95,0.1,669.0
A-n37-k5,acs_cl15_ls2opt_fixed_q0sched,13,809.5242892914222,21.00512545462215,0.11480058310553432,True,87a65c0,5,15,best,30,1.0,True,0.7,0.95,0.1,669.0
A-n37-k5,acs_cl15_ls2opt_fixed_q0sched,14,841.753532429849,25.82265058742137,0.11418187501840293,True,87a65c0,5,15,best,30,1.0,True,0.7,0.95,0.1,669.0
A-n37-k5,acs_cl15_ls2opt_fixed_q0sched,15,827.066805740431,23.627325222784908,0.1326367079745978,True,87a65c0,5,15,best,30,1.0,True,0.7,0.95,0.1,669.0
A-n37-k5,acs_cl15_ls2opt_fixed_q0sched,16,782.0292901514083,16.895260112318134,0.11631425004452467,True,87a65c0,5,15,best,30,1.0,True,0.7,0.95,0.1,669.0
A-n37-k5,acs_cl15_ls2opt_fixed_q0sched,17,853.2327771249783,27.538531707769547,0.11219154088757932,True,87a65c0,5,15,best,30,1.0,True,0.7,0.95,0.1,669.0
A-n37-k5,acs_cl15_ls2opt_fixed_q0sched,18,817.3161765173617,22.169832065375434,0.11514275008812547,True,87a65c0,5,15,best,30,1.0,True,0.7,0.95,0.1,669.0
A-n37-k5,acs_cl15_ls2opt_fixed_q0sched,19,812.231163733602,21.409740468400894,0.11338533298112452,True,87a65c0,5,15,best,30,1.0,True,0.7,0.95,0.1,669.0
A-n37-k5,acs_cl15_ls2opt_fixed_q0sched,20,824.7987121227521,23.288297776196135,0.11369895888492465,True,87a65c0,5,15,best,30,1.0,True,0.7,0.95,0.1,669.0
A-n37-k5,acs_cl15_ls2opt_fixed_q0sched,21,828.6653003868861,23.866263137053227,0.11903595901094377,True,87a65c0,5,15,best,30,1.0,True,0.7,0.95,0.1,669.0
A-n37-k5,acs_cl15_ls2opt_fixed_q0sched,22,839.7184982864351,25.51846013250151,0.11374820908531547,True,87a65c0,5,15,best,30,1.0,True,0.7,0.95,0.1,669.0
A-n37-k5,acs_cl15_ls2opt_fixed_q0sched,23,768.1278479520114,14.817316584755066,0.1136345830745995,True,87a65c0,5,15,best,30,1.0,True,0.7,0.95,0.1,669.0
A-n37-k5,acs_cl15_ls2opt_fixed_q0sched,24,853.2327771249783,27.538531707769547,0.11449850001372397,True,87a65c0,5,15,best,30,1.0,True,0.7,0.95,0.1,669.0
A-n37-k5,acs_cl15_ls2opt_fixed_q0sched,25,818.3748935766157,22.328085736414906,0.1121565829962492,True,87a65c0,5,15,best,30,1.0,True,0.7,0.95,0.1,669.0
A-n37-k5,acs_cl15_ls2opt_fixed_q0sched,26,857.3688890182833,28.15678460661933,0.1398688331246376,True,87a65c0,5,15,best,30,1.0,True,0.7,0.95,0.1,669.0
A-n37-k5,acs_cl15_ls2opt_fixed_q0sched,27,793.0229035269817,18.538550601940468,0.11329487501643598,True,87a65c0,5,15,best,30,1.0,True,0.7,0.95,0.1,669.0
A-n37-k5,acs_cl15_ls2opt_fixed_q0sched,28,812.5622372325148,21.45922828587665,0.11261675017885864,True,87a65c0,5,15,best,30,1.0,True,0.7,0.95,0.1,669.0
A-n37-k5,acs_cl15_ls2opt_fixed_q0sched,29,849.7793954271859,27.022331155035268,0.11317262495867908,True,87a65c0,5,15,best,30,1.0,True,0.7,0.95,0.1,669.0
A-n37-k5,acs_clsqrtn_2opt_q0sched,0,817.4661840179225,22.192254711199176,0.10227099992334843,True,87a65c0,5,15,best,30,1.0,True,0.7,0.95,0.1,669.0
A-n37-k5,acs_clsqrtn_2opt_q0sched,1,834.3839633171009,24.721070749940345,0.10337741579860449,True,87a65c0,5,15,best,30,1.0,True,0.7,0.95,0.1,669.0
A-n37-k5,acs_clsqrtn_2opt_q0sched,2,828.6653003868861,23.866263137053227,0.10395133378915489,True,87a65c0,5,15,best,30,1.0,True,0.7,0.95,0.1,669.0
A-n37-k5,acs_clsqrtn_2opt_q0sched,3,868.1866379026087,29.77378742938845,0.10168270883150399,True,87a65c0,5,15,best,30,1.0,True,0.7,0.95,0.1,669.0
A-n37-k5,acs_clsqrtn_2opt_q0sched,4,819.3282161224375,22.47058536957213,0.10226366599090397,True,87a65c0,5,15,best,30,1.0,True,0.7,0.95,0.1,669.0
A-n37-k5,acs_clsqrtn_2opt_q0sched,5,864.8377353268655,29.273204084733262,0.10289070778526366,True,87a65c0,5,15,best,30,1.0,True,0.7,0.95,0.1,669.0
A-n37-k5,acs_clsqrtn_2opt_q0sched,6,854.2594326856888,27.691992927606695,0.10143387480638921,True,87a65c0,5,15,best,30,1.0,True,0.7,0.95,0.1,669.0
A-n37-k5,acs_clsqrtn_2opt_q0sched,7,819.3282161224375,22.47058536957213,0.10303324996493757,True,87a65c0,5,15,best,30,1.0,True,0.7,0.95,0.1,669.0
A-n37-k5,acs_clsqrtn_2opt_q0sched,8,847.8765917290106,26.737906088043434,0.10401254100725055,True,87a65c0,5,15,best,30,1.0,True,0.7,0.95,0.1,669.0
A-n37-k5,acs_clsqrtn_2opt_q0sched,9,828.6653003868861,23.866263137053227,0.1089720418676734,True,87a65c0,5,15,best,30,1.0,True,0.7,0.95,0.1,669.0
A-n37-k5,acs_clsqrtn_2opt_q0sched,10,849.2618464074745,26.94496956763446,0.12443554098717868,True,87a65c0,5,15,best,30,1.0,True,0.7,0.95,0.1,669.0
A-n37-k5,acs_clsqrtn_2opt_q0sched,11,820.3425088172975,22.622198627398728,0.1021375828422606,True,87a65c0,5,15,best,30,1.0,True,0.7,0.95,0.1,669.0
A-n37-k5,acs_clsqrtn_2opt_q0sched,12,820.3425088172975,22.622198627398728,0.10335050011053681,True,87a65c0,5,15,best,30,1.0,True,0.7,0.95,0.1,669.0
A-n37-k5,acs_clsqrtn_2opt_q0sched,13,857.2633844659659,28.141014120473233,0.10302054113708436,True,87a65c0,5,15,best,30,1.0,True,0.7,0.95,0.1,669.0
A-n37-k5,acs_clsqrtn_2opt_q0sched,14,823.6381637721862,23.11482268642544,0.10686320811510086,True,87a65c0,5,15,best,30,1.0,True,0.7,0.95,0.1,669.0
A-n37-k5,acs_clsqrtn_2opt_q0sched,15,851.8861190970796,27.33723753319575,0.10698820906691253,True,87a65c0,5,15,best,30,1.0,True,0.7,0.95,0.1,669.0
A-n37-k5,acs_clsqrtn_2opt_q0sched,16,826.0631231978263,23.477297936894807,0.10318904207088053,True,87a65c0,5,15,best,30,1.0,True,0.7,0.95,0.1,669.0
A-n37-k5,acs_clsqrtn_2opt_q0sched,17,818.3748935766158,22.32808573641492,0.102957374881953,True,87a65c0,5,15,best,30,1.0,True,0.7,0.95,0.1,669.0
A-n37-k5,acs_clsqrtn_2opt_q0sched,18,841.7959598903295,25.828992509765254,0.10867874999530613,True,87a65c0,5,15,best,30,1.0,True,0.7,0.95,0.1,669.0
A-n37-k5,acs_clsqrtn_2opt_q0sched,19,841.0634507988531,25.719499372025872,0.1021915408782661,True,87a65c0,5,15,best,30,1.0,True,0.7,0.95,0.1,669.0
A-n37-k5,acs_clsqrtn_2opt_q0sched,20,839.6381265318072,25.506446417310492,0.10402216599322855,True,87a65c0,5,15,best,30,1.0,True,0.7,0.95,0.1,669.0
A-n37-k5,acs_clsqrtn_2opt_q0sched,21,818.7549556309367,22.38489620791281,0.1257256658282131,True,87a65c0,5,15,best,30,1.0,True,0.7,0.95,0.1,669.0
A-n37-k5,acs_clsqrtn_2opt_q0sched,22,814.2809350182985,21.71613378449902,0.1045257500372827,True,87a65c0,5,15,best,30,1.0,True,0.7,0.95,0.1,669.0
A-n37-k5,acs_clsqrtn_2opt_q0sched,23,790.8005942275121,18.20636685015128,0.10173591715283692,True,87a65c0,5,15,best,30,1.0,True,0.7,0.95,0.1,669.0
A-n37-k5,acs_clsqrtn_2opt_q0sched,24,877.1312098474459,31.110793699169793,0.10323145799338818,True,87a65c0,5,15,best,30,1.0,True,0.7,0.95,0.1,669.0
A-n37-k5,acs_clsqrtn_2opt_q0sched,25,841.9234643878978,25.848051478011623,0.10290637519210577,True,87a65c0,5,15,best,30,1.0,True,0.7,0.95,0.1,669.0
A-n37-k5,acs_clsqrtn_2opt_q0sched,26,857.1994862257374,28.131462814011567,0.10135062481276691,True,87a65c0,5,15,best,30,1.0,True,0.7,0.95,0.1,669.0
A-n37-k5,acs_clsqrtn_2opt_q0sched,27,857.9233044861737,28.23965687386752,0.10244875005446374,True,87a65c0,5,15,best,30,1.0,True,0.7,0.95,0.1,669.0
A-n37-k5,acs_clsqrtn_2opt_q0sched,28,837.7924372717604,25.23055863553967,0.10367166600190103,True,87a65c0,5,15,best,30,1.0,True,0.7,0.95,0.1,669.0
A-n37-k5,acs_clsqrtn_2opt_q0sched,29,841.5880296203635,25.797911751922797,0.10361287486739457,True,87a65c0,5,15,best,30,1.0,True,0.7,0.95,0.1,669.0
A-n37-k5,acs_nocl_2opt_q0sched,0,774.5688132829617,15.780091671593683,0.13733449997380376,True,87a65c0,5,0,best,30,1.0,True,0.7,0.95,0.1,669.0
A-n37-k5,acs_nocl_2opt_q0sched,1,818.4847685117688,22.34450949353794,0.13434408302418888,True,87a65c0,5,0,best,30,1.0,True,0.7,0.95,0.1,669.0
A-n37-k5,acs_nocl_2opt_q0sched,2,787.0162926196058,17.64070143790819,0.13540833303704858,True,87a65c0,5,0,best,30,1.0,True,0.7,0.95,0.1,669.0
A-n37-k5,acs_nocl_2opt_q0sched,3,803.5294625917138,20.10903775660894,0.13704079086892307,True,87a65c0,5,0,best,30,1.0,True,0.7,0.95,0.1,669.0
A-n37-k5,acs_nocl_2opt_q0sched,4,834.5792187045207,24.75025690650534,0.13561304192990065,True,87a65c0,5,0,best,30,1.0,True,0.7,0.95,0.1,669.0
A-n37-k5,acs_nocl_2opt_q0sched,5,812.6088611524941,21.46619748168821,0.13491779216565192,True,87a65c0,5,0,best,30,1.0,True,0.7,0.95,0.1,669.0
A-n37-k5,acs_nocl_2opt_q0sched,6,842.6803045347149,25.961181544800432,0.1359751250129193,True,87a65c0,5,0,best,30,1.0,True,0.7,0.95,0.1,669.0
A-n37-k5,acs_nocl_2opt_q0sched,7,818.3748935766157,22.328085736414906,0.15661066700704396,True,87a65c0,5,0,best,30,1.0,True,0.7,0.95,0.1,669.0
A-n37-k5,acs_nocl_2opt_q0sched,8,759.5112913441283,13.529341008090922,0.14337833295576274,True,87a65c0,5,0,best,30,1.0,True,0.7,0.95,0.1,669.0
A-n37-k5,acs_nocl_2opt_q0sched,9,793.415852346669,18.59728734628834,0.1348454998806119,True,87a65c0,5,0,best,30,1.0,True,0.7,0.95,0.1,669.0
A-n37-k5,acs_nocl_2opt_q0sched,10,841.383906097198,25.76740001452884,0.13641174999065697,True,87a65c0,5,0,best,30,1.0,True,0.7,0.95,0.1,669.0
A-n37-k5,acs_nocl_2opt_q0sched,11,816.4059883535359,22.03378002295006,0.1386744580231607,True,87a65c0,5,0,best,30,1.0,True,0.7,0.95,0.1,669.0
A-n37-k5,acs_nocl_2opt_q0sched,12,770.2173116172862,15.129642992120509,0.13586633396334946,True,87a65c0,5,0,best,30,1.0,True,0.7,0.95,0.1,669.0
A-n37-k5,acs_nocl_2opt_q0sched,13,800.6480277653193,19.67833000976372,0.1368066668510437,True,87a65c0,5,0,best,30,1.0,True,0.7,0.95,0.1,669.0
A-n37-k5,acs_nocl_2opt_q0sched,14,790.9401614018843,18.227228909100795,0.1372127910144627,True,87a65c0,5,0,best,30,1.0,True,0.7,0.95,0.1,669.0
A-n37-k5,acs_nocl_2opt_q0sched,15,850.8673008929143,27.184947816579115,0.1357227920088917,True,87a65c0,5,0,best,30,1.0,True,0.7,0.95,0.1,669.0
A-n37-k5,acs_nocl_2opt_q0sched,16,854.0282877466859,27.657442114601782,0.13540108292363584,True,87a65c0,5,0,best,30,1.0,True,0.7,0.95,0.1,669.0
A-n37-k5,acs_nocl_2opt_q0sched,17,803.9594786403367,20.173315192875435,0.14145379094406962,True,87a65c0,5,0,best,30,1.0,True,0.7,0.95,0.1,669.0
A-n37-k5,acs_nocl_2opt_q0sched,18,795.3843621591778,18.891533955034056,0.16262724995613098,True,87a65c0,5,0,best,30,1.0,True,0.7,0.95,0.1,669.0
A-n37-k5,acs_nocl_2opt_q0sched,19,804.3157691190046,20.226572364574675,0.13400891702622175,True,87a65c0,5,0,best,30,1.0,True,0.7,0.95,0.1,669.0
A-n37-k5,acs_nocl_2opt_q0sched,20,819.7180413677065,22.528855211914276,0.13745949999429286,True,87a65c0,5,0,best,30,1.0,True,0.7,0.95,0.1,669.0
A-n37-k5,acs_nocl_2opt_q0sched,21,810.183927776623,21.103726125055758,0.13496766611933708,True,87a65c0,5,0,best,30,1.0,True,0.7,0.95,0.1,669.0
A-n37-k5,acs_nocl_2opt_q0sched,22,793.415852346669,18.59728734628834,0.1352203751448542,True,87a65c0,5,0,best,30,1.0,True,0.7,0.95,0.1,669.0
A-n37-k5,acs_nocl_2opt_q0sched,23,793.415852346669,18.59728734628834,0.13638237514533103,True,87a65c0,5,0,best,30,1.0,True,0.7,0.95,0.1,669.0
A-n37-k5,acs_nocl_2opt_q0sched,24,839.1429825135098,25.43243385852164,0.13637595903128386,True,87a65c0,5,0,best,30,1.0,True,0.7,0.95,0.1,669.0
A-n37-k5,acs_nocl_2opt_q0sched,25,809.7125683181506,21.033268806898445,0.13652349985204637,True,87a65c0,5,0,best,30,1.0,True,0.7,0.95,0.1,669.0
A-n37-k5,acs_nocl_2opt_q0sched,26,856.9768575620387,28.098184986851827,0.13485120795667171,True,87a65c0,5,0,best,30,1.0,True,0.7,0.95,0.1,669.0
A-n37-k5,acs_nocl_2opt_q0sched,27,827.5713009856048,23.702735573334053,0.1355178749654442,True,87a65c0,5,0,best,30,1.0,True,0.7,0.95,0.1,669.0
A-n37-k5,acs_nocl_2opt_q0sched,28,787.8201039919204,17.760852614636832,0.13602854078635573,True,87a65c0,5,0,best,30,1.0,True,0.7,0.95,0.1,669.0
A-n37-k5,acs_nocl_2opt_q0sched,29,816.4059883535359,22.03378002295006,0.15937908296473324,True,87a65c0,5,0,best,30,1.0,True,0.7,0.95,0.1,669.0
A-n37-k5,acs_nocl_none,0,846.6384220524794,26.552828408442362,0.11695391708053648,True,87a65c0,5,0,none,0,0.0,False,0.7,0.95,0.1,669.0
A-n37-k5,acs_nocl_none,1,904.0397993364678,35.13300438512225,0.11433741706423461,True,87a65c0,5,0,none,0,0.0,False,0.7,0.95,0.1,669.0
A-n37-k5,acs_nocl_none,2,870.997936753397,30.194011472854555,0.11856604204513133,True,87a65c0,5,0,none,0,0.0,False,0.7,0.95,0.1,669.0
A-n37-k5,acs_nocl_none,3,847.8482571930447,26.733670731396813,0.11677187494933605,True,87a65c0,5,0,none,0,0.0,False,0.7,0.95,0.1,669.0
A-n37-k5,acs_nocl_none,4,887.5348342512342,32.665894506910945,0.1173026671167463,True,87a65c0,5,0,none,0,0.0,False,0.7,0.95,0.1,669.0
A-n37-k5,acs_nocl_none,5,867.5841480220591,29.683729151279394,0.1265092499088496,True,87a65c0,5,0,none,0,0.0,False,0.7,0.95,0.1,669.0
A-n37-k5,acs_nocl_none,6,854.942945004883,27.794162183091625,0.14187312498688698,True,87a65c0,5,0,none,0,0.0,False,0.7,0.95,0.1,669.0
A-n37-k5,acs_nocl_none,7,847.117721943184,26.624472637247244,0.11658258293755352,True,87a65c0,5,0,none,0,0.0,False,0.7,0.95,0.1,669.0
A-n37-k5,acs_nocl_none,8,894.4488916077687,33.699385890548385,0.11612691706977785,True,87a65c0,5,0,none,0,0.0,False,0.7,0.95,0.1,669.0
A-n37-k5,acs_nocl_none,9,865.2289241471537,29.33167774994824,0.11633641691878438,True,87a65c0,5,0,none,0,0.0,False,0.7,0.95,0.1,669.0
A-n37-k5,acs_nocl_none,10,899.9574044081555,34.52278092797542,0.11743729189038277,True,87a65c0,5,0,none,0,0.0,False,0.7,0.95,0.1,669.0
A-n37-k5,acs_nocl_none,11,848.1336472110272,26.7763299269099,0.11633854103274643,True,87a65c0,5,0,none,0,0.0,False,0.7,0.95,0.1,669.0
A-n37-k5,acs_nocl_none,12,853.7168525464589,27.6108897677816,0.1169703749474138,True,87a65c0,5,0,none,0,0.0,False,0.7,0.95,0.1,669.0
A-n37-k5,acs_nocl_none,13,872.43242991516,30.408434964896863,0.1175038330256939,True,87a65c0,5,0,none,0,0.0,False,0.7,0.95,0.1,669.0
A-n37-k5,acs_nocl_none,14,892.6594023187159,33.431898702349166,0.11886404198594391,True,87a65c0,5,0,none,0,0.0,False,0.7,0.95,0.1,669.0
A-n37-k5,acs_nocl_none,15,853.6653654719466,27.60319364304135,0.11653066612780094,True,87a65c0,5,0,none,0,0.0,False,0.7,0.95,0.1,669.0
A-n37-k5,acs_nocl_none,16,833.6619948495202,24.613153191258622,0.13970729196444154,True,87a65c0,5,0,none,0,0.0,False,0.7,0.95,0.1,669.0
A-n37-k5,acs_nocl_none,17,855.0285874779307,27.806963748569615,0.11792045808397233,True,87a65c0,5,0,none,0,0.0,False,0.7,0.95,0.1,669.0
A-n37-k5,acs_nocl_none,18,880.2160193573758,31.571901249234045,0.11692870780825615,True,87a65c0,5,0,none,0,0.0,False,0.7,0.95,0.1,669.0
A-n37-k5,acs_nocl_none,19,890.1888702265636,33.062611394105176,0.11706783389672637,True,87a65c0,5,0,none,0,0.0,False,0.7,0.95,0.1,669.0
A-n37-k5,acs_nocl_none,20,897.9423824178074,34.22158182627913,0.11705733300186694,True,87a65c0,5,0,none,0,0.0,False,0.7,0.95,0.1,669.0
A-n37-k5,acs_nocl_none,21,841.9479978638913,25.851718664258783,0.11657358310185373,True,87a65c0,5,0,none,0,0.0,False,0.7,0.95,0.1,669.0
A-n37-k5,acs_nocl_none,22,872.626478135728,30.43744067798625,0.11663041706196964,True,87a65c0,5,0,none,0,0.0,False,0.7,0.95,0.1,669.0
A-n37-k5,acs_nocl_none,23,842.7733437297659,25.975088748843927,0.11631499999202788,True,87a65c0,5,0,none,0,0.0,False,0.7,0.95,0.1,669.0
A-n37-k5,acs_nocl_none,24,899.0245116435634,34.383335073776294,0.11722241598181427,True,87a65c0,5,0,none,0,0.0,False,0.7,0.95,0.1,669.0
A-n37-k5,acs_nocl_none,25,878.2495050275539,31.277952918916878,0.11686308309435844,True,87a65c0,5,0,none,0,0.0,False,0.7,0.95,0.1,669.0
A-n37-k5,acs_nocl_none,26,892.4414705714435,33.39932295537271,0.11716345883905888,True,87a65c0,5,0,none,0,0.0,False,0.7,0.95,0.1,669.0
A-n37-k5,acs_nocl_none,27,906.0500148329838,35.43348502735184,0.14532054192386568,True,87a65c0,5,0,none,0,0.0,False,0.7,0.95,0.1,669.0
A-n37-k5,acs_nocl_none,28,876.4216832961898,31.004735918712978,0.18204087484627962,True,87a65c0,5,0,none,0,0.0,False,0.7,0.95,0.1,669.0
A-n37-k5,acs_nocl_none,29,890.6807030636693,33.136129008022316,0.11748804198578,True,87a65c0,5,0,none,0,0.0,False,0.7,0.95,0.1,669.0
A-n37-k6,acs_baseline,0,1193.3410135357026,25.747209013245794,0.1133644578512758,True,87a65c0,6,0,none,0,0.0,False,0.7,0.95,0.1,949.0
A-n37-k6,acs_baseline,1,1208.7294936230264,27.368755913912164,0.11484108283184469,True,87a65c0,6,0,none,0,0.0,False,0.7,0.95,0.1,949.0
A-n37-k6,acs_baseline,2,1198.586124681924,26.29990776416481,0.11446670792065561,True,87a65c0,6,0,none,0,0.0,False,0.7,0.95,0.1,949.0
A-n37-k6,acs_baseline,3,1143.702207267493,20.516565570863317,0.11321541690267622,True,87a65c0,6,0,none,0,0.0,False,0.7,0.95,0.1,949.0
A-n37-k6,acs_baseline,4,1261.7161152769338,32.95217231579914,0.11478991596959531,True,87a65c0,6,0,none,0,0.0,False,0.7,0.95,0.1,949.0
A-n37-k6,acs_baseline,5,1125.131175484827,18.559660219686727,0.1377042499370873,True,87a65c0,6,0,none,0,0.0,False,0.7,0.95,0.1,949.0
A-n37-k6,acs_baseline,6,1141.8433483801514,20.320690029520694,0.1150231659412384,True,87a65c0,6,0,none,0,0.0,False,0.7,0.95,0.1,949.0
A-n37-k6,acs_baseline,7,1198.8202821405366,26.324581890467503,0.11380487494170666,True,87a65c0,6,0,none,0,0.0,False,0.7,0.95,0.1,949.0
A-n37-k6,acs_baseline,8,1214.6600597535373,27.993683851795293,0.11294616595841944,True,87a65c0,6,0,none,0,0.0,False,0.7,0.95,0.1,949.0
A-n37-k6,acs_baseline,9,1133.4036138750544,19.43136078767696,0.11314445780590177,True,87a65c0,6,0,none,0,0.0,False,0.7,0.95,0.1,949.0
A-n37-k6,acs_baseline,10,1182.6978581944559,24.62569633239788,0.11303620808757842,True,87a65c0,6,0,none,0,0.0,False,0.7,0.95,0.1,949.0
A-n37-k6,acs_baseline,11,1196.1891909418798,26.04733308133612,0.1127940840087831,True,87a65c0,6,0,none,0,0.0,False,0.7,0.95,0.1,949.0
A-n37-k6,acs_baseline,12,1188.8356457247423,25.272460034219424,0.11320258304476738,True,87a65c0,6,0,none,0,0.0,False,0.7,0.95,0.1,949.0
A-n37-k6,acs_baseline,13,1160.4194431397805,22.278128887226604,0.11317979195155203,True,87a65c0,6,0,none,0,0.0,False,0.7,0.95,0.1,949.0
A-n37-k6,acs_baseline,14,1164.6708253337029,22.726114366038235,0.11691979202441871,True,87a65c0,6,0,none,0,0.0,False,0.7,0.95,0.1,949.0
A-n37-k6,acs_baseline,15,1104.9979002042046,16.43813490033768,0.1182954169344157,True,87a65c0,6,0,none,0,0.0,False,0.7,0.95,0.1,949.0
A-n37-k6,acs_baseline,16,1140.261423211764,20.153996123473544,0.1358184169512242,True,87a65c0,6,0,none,0,0.0,False,0.7,0.95,0.1,949.0
A-n37-k6,acs_baseline,17,1190.4259990611952,25.440042050705497,0.11382329207845032,True,87a65c0,6,0,none,0,0.0,False,0.7,0.95,0.1,949.0
A-n37-k6,acs_baseline,18,1182.1932448657021,24.57252316814564,0.11404495779424906,True,87a65c0,6,0,none,0,0.0,False,0.7,0.95,0.1,949.0
A-n37-k6,acs_baseline,19,1155.9136921701117,21.80333953320461,0.11373566696420312,True,87a65c0,6,0,none,0,0.0,False,0.7,0.95,0.1,949.0
A-n37-k6,acs_baseline,20,1206.6953624085331,27.154411212701067,0.11368691711686552,True,87a65c0,6,0,none,0,0.0,False,0.7,0.95,0.1,949.0
A-n37-k6,acs_baseline,21,1203.3206991936067,26.798809187945917,0.11312937503680587,True,87a65c0,6,0,none,0,0.0,False,0.7,0.95,0.1,949.0
A-n37-k6,acs_baseline,22,1187.275026080061,25.108011178088624,0.11281558289192617,True,87a65c0,6,0,none,0,0.0,False,0.7,0.95,0.1,949.0
A-n37-k6,acs_baseline,23,1182.9094492874074,24.64799254872575,0.11316554201766849,True,87a65c0,6,0,none,0,0.0,False,0.7,0.95,0.1,949.0
A-n37-k6,acs_baseline,24,1182.1932448657021,24.57252316814564,0.11623895913362503,True,87a65c0,6,0,none,0,0.0,False,0.7,0.95,0.1,949.0
A-n37-k6,acs_baseline,25,1176.5457609278965,23.977424755310484,0.11326824990101159,True,87a65c0,6,0,none,0,0.0,False,0.7,0.95,0.1,949.0
A-n37-k6,acs_baseline,26,1177.9072589223176,24.120891351139896,0.11347725009545684,True,87a65c0,6,0,none,0,0.0,False,0.7,0.95,0.1,949.0
A-n37-k6,acs_baseline,27,1165.35756619856,22.79847905148157,0.13975020893849432,True,87a65c0,6,0,none,0,0.0,False,0.7,0.95,0.1,949.0
A-n37-k6,acs_baseline,28,1182.1932448657021,24.57252316814564,0.11709679220803082,True,87a65c0,6,0,none,0,0.0,False,0.7,0.95,0.1,949.0
A-n37-k6,acs_baseline,29,1164.6708253337029,22.726114366038235,0.11771154101006687,True,87a65c0,6,0,none,0,0.0,False,0.7,0.95,0.1,949.0
A-n37-k6,acs_cl15,0,1141.638763547141,20.299132091374187,0.09559158305637538,True,87a65c0,6,15,none,0,0.0,False,0.7,0.95,0.1,949.0
A-n37-k6,acs_cl15,1,1182.1932448657021,24.57252316814564,0.0929107079282403,True,87a65c0,6,15,none,0,0.0,False,0.7,0.95,0.1,949.0
A-n37-k6,acs_cl15,2,1182.5952007436579,24.61487889817259,0.09263266599737108,True,87a65c0,6,15,none,0,0.0,False,0.7,0.95,0.1,949.0
A-n37-k6,acs_cl15,3,1169.9181009503973,23.279041196037646,0.09243733319453895,True,87a65c0,6,15,none,0,0.0,False,0.7,0.95,0.1,949.0
A-n37-k6,acs_cl15,4,1200.1210867182647,26.46165297347362,0.09289808291941881,True,87a65c0,6,15,none,0,0.0,False,0.7,0.95,0.1,949.0
A-n37-k6,acs_cl15,5,1178.8476579185808,24.219985028301455,0.09163633408024907,True,87a65c0,6,15,none,0,0.0,False,0.7,0.95,0.1,949.0
A-n37-k6,acs_cl15,6,1196.4523132223417,26.07505934903495,0.09156429185532033,True,87a65c0,6,15,none,0,0.0,False,0.7,0.95,0.1,949.0
A-n37-k6,acs_cl15,7,1189.7653054635387,25.370422072027253,0.11727891606278718,True,87a65c0,6,15,none,0,0.0,False,0.7,0.95,0.1,949.0
A-n37-k6,acs_cl15,8,1208.930976340892,27.389986969535503,0.09219916583970189,True,87a65c0,6,15,none,0,0.0,False,0.7,0.95,0.1,949.0
A-n37-k6,acs_cl15,9,1185.9232719024087,24.965571327967197,0.09947658400051296,True,87a65c0,6,15,none,0,0.0,False,0.7,0.95,0.1,949.0
A-n37-k6,acs_cl15,10,1132.4825231869718,19.334301705687228,0.1027641671244055,True,87a65c0,6,15,none,0,0.0,False,0.7,0.95,0.1,949.0
A-n37-k6,acs_cl15,11,1202.33987607939,26.695455856626975,0.09523345809429884,True,87a65c0,6,15,none,0,0.0,False,0.7,0.95,0.1,949.0
A-n37-k6,acs_cl15,12,1186.419322954752,25.017842250237305,0.09198408317752182,True,87a65c0,6,15,none,0,0.0,False,0.7,0.95,0.1,949.0
A-n37-k6,acs_cl15,13,1171.8140970686375,23.478830038844833,0.09240987501107156,True,87a65c0,6,15,none,0,0.0,False,0.7,0.95,0.1,949.0
A-n37-k6,acs_cl15,14,1140.232869898158,20.150987344379136,0.09246612503193319,True,87a65c0,6,15,none,0,0.0,False,0.7,0.95,0.1,949.0
A-n37-k6,acs_cl15,15,1182.1932448657021,24.57252316814564,0.09175854199565947,True,87a65c0,6,15,none,0,0.0,False,0.7,0.95,0.1,949.0
A-n37-k6,acs_cl15,16,1184.6500370292981,24.83140537716524,0.09184554195962846,True,87a65c0,6,15,none,0,0.0,False,0.7,0.95,0.1,949.0
A-n37-k6,acs_cl15,17,1216.0285516216882,28.137887420620462,0.09226266713812947,True,87a65c0,6,15,none,0,0.0,False,0.7,0.95,0.1,949.0
A-n37-k6,acs_cl15,18,1199.5501699953656,26.401493150196593,0.11539016594178975,True,87a65c0,6,15,none,0,0.0,False,0.7,0.95,0.1,949.0
A-n37-k6,acs_cl15,19,1228.3963213326592,29.44112975054365,0.09316629101522267,True,87a65c0,6,15,none,0,0.0,False,0.7,0.95,0.1,949.0
A-n37-k6,acs_cl15,20,1219.1177180361433,28.463405483260622,0.09272358380258083,True,87a65c0,6,15,none,0,0.0,False,0.7,0.95,0.1,949.0
A-n37-k6,acs_cl15,21,1183.1572980182555,24.674109380216592,0.09242379199713469,True,87a65c0,6,15,none,0,0.0,False,0.7,0.95,0.1,949.0
A-n37-k6,acs_cl15,22,1185.291101638726,24.89895696930728,0.09233475010842085,True,87a65c0,6,15,none,0,0.0,False,0.7,0.95,0.1,949.0
A-n37-k6,acs_cl15,23,1178.6792756470095,24.202241901686985,0.09214354190044105,True,87a65c0,6,15,none,0,0.0,False,0.7,0.95,0.1,949.0
A-n37-k6,acs_cl15,24,1213.2966794447243,27.85001890882237,0.09310229192487895,True,87a65c0,6,15,none,0,0.0,False,0.7,0.95,0.1,949.0
A-n37-k6,acs_cl15,25,1184.9811728509687,24.866298509058876,0.09275974985212088,True,87a65c0,6,15,none,0,0.0,False,0.7,0.95,0.1,949.0
A-n37-k6,acs_cl15,26,1187.8688880407226,25.170588834638842,0.09258916601538658,True,87a65c0,6,15,none,0,0.0,False,0.7,0.95,0.1,949.0
A-n37-k6,acs_cl15,27,1207.1930755375042,27.20685727476335,0.09267375012859702,True,87a65c0,6,15,none,0,0.0,False,0.7,0.95,0.1,949.0
A-n37-k6,acs_cl15,28,1171.834497688339,23.480979735336046,0.09283970901742578,True,87a65c0,6,15,none,0,0.0,False,0.7,0.95,0.1,949.0
A-n37-k6,acs_cl15,29,1199.1333243895315,26.357568428823125,0.12071358389221132,True,87a65c0,6,15,none,0,0.0,False,0.7,0.95,0.1,949.0
A-n37-k6,acs_cl15_ls2opt_fixed,0,1106.783067634573,16.62624527234699,0.10228258394636214,True,87a65c0,6,15,best,30,1.0,False,0.7,0.95,0.1,949.0
A-n37-k6,acs_cl15_ls2opt_fixed,1,1131.5973202409664,19.241024261429544,0.10127804102376103,True,87a65c0,6,15,best,30,1.0,False,0.7,0.95,0.1,949.0
A-n37-k6,acs_cl15_ls2opt_fixed,2,1119.1608928001442,17.930547186527317,0.10155095788650215,True,87a65c0,6,15,best,30,1.0,False,0.7,0.95,0.1,949.0
A-n37-k6,acs_cl15_ls2opt_fixed,3,1131.6908597401034,19.250880899905525,0.1003341251052916,True,87a65c0,6,15,best,30,1.0,False,0.7,0.95,0.1,949.0
A-n37-k6,acs_cl15_ls2opt_fixed,4,1113.1319223356095,17.2952499826775,0.10161941614933312,True,87a65c0,6,15,best,30,1.0,False,0.7,0.95,0.1,949.0
A-n37-k6,acs_cl15_ls2opt_fixed,5,1139.3642089483992,20.059452997723838,0.10103845898993313,True,87a65c0,6,15,best,30,1.0,False,0.7,0.95,0.1,949.0
A-n37-k6,acs_cl15_ls2opt_fixed,6,1139.3642089483992,20.059452997723838,0.10139950015582144,True,87a65c0,6,15,best,30,1.0,False,0.7,0.95,0.1,949.0
A-n37-k6,acs_cl15_ls2opt_fixed,7,1139.3642089483992,20.059452997723838,0.10788820800371468,True,87a65c0,6,15,best,30,1.0,False,0.7,0.95,0.1,949.0
A-n37-k6,acs_cl15_ls2opt_fixed,8,1145.7130636494358,20.728457708054346,0.10169254196807742,True,87a65c0,6,15,best,30,1.0,False,0.7,0.95,0.1,949.0
A-n37-k6,acs_cl15_ls2opt_fixed,9,1131.3129146282845,19.21105528222176,0.12481729197315872,True,87a65c0,6,15,best,30,1.0,False,0.7,0.95,0.1,949.0
A-n37-k6,acs_cl15_ls2opt_fixed,10,1071.8381849077405,12.943960474998995,0.10062629217281938,True,87a65c0,6,15,best,30,1.0,False,0.7,0.95,0.1,949.0
A-n37-k6,acs_cl15_ls2opt_fixed,11,1139.89304736471,20.115178858241293,0.102013458032161,True,87a65c0,6,15,best,30,1.0,False,0.7,0.95,0.1,949.0
A-n37-k6,acs_cl15_ls2opt_fixed,12,1118.5246311125175,17.86350169784167,0.10153399989940226,True,87a65c0,6,15,best,30,1.0,False,0.7,0.95,0.1,949.0
A-n37-k6,acs_cl15_ls2opt_fixed,13,1128.8655284228892,18.953164217375043,0.10705141583457589,True,87a65c0,6,15,best,30,1.0,False,0.7,0.95,0.1,949.0
A-n37-k6,acs_cl15_ls2opt_fixed,14,1097.196146710051,15.616032319288822,0.10559154208749533,True,87a65c0,6,15,best,30,1.0,False,0.7,0.95,0.1,949.0
A-n37-k6,acs_cl15_ls2opt_fixed,15,1119.03079707914,17.916838469877767,0.1043688750360161,True,87a65c0,6,15,best,30,1.0,False,0.7,0.95,0.1,949.0
A-n37-k6,acs_cl15_ls2opt_fixed,16,1156.8517805654005,21.902189732918917,0.10167120886035264,True,87a65c0,6,15,best,30,1.0,False,0.7,0.95,0.1,949.0
A-n37-k6,acs_cl15_ls2opt_fixed,17,1120.0659740926017,18.025919293214084,0.10386195802129805,True,87a65c0,6,15,best,30,1.0,False,0.7,0.95,0.1,949.0
A-n37-k6,acs_cl15_ls2opt_fixed,18,1139.3642089483992,20.059452997723838,0.10340012516826391,True,87a65c0,6,15,best,30,1.0,False,0.7,0.95,0.1,949.0
A-n37-k6,acs_cl15_ls2opt_fixed,19,1141.3664193381844,20.270434071463058,0.12896737502887845,True,87a65c0,6,15,best,30,1.0,False,0.7,0.95,0.1,949.0
A-n37-k6,acs_cl15_ls2opt_fixed,20,1113.1319223356095,17.2952499826775,0.1013542499858886,True,87a65c0,6,15,best,30,1.0,False,0.7,0.95,0.1,949.0
A-n37-k6,acs_cl15_ls2opt_fixed,21,1153.4577729902867,21.54454931404496,0.1025877499487251,True,87a65c0,6,15,best,30,1.0,False,0.7,0.95,0.1,949.0
A-n37-k6,acs_cl15_ls2opt_fixed,22,1139.3642089483992,20.059452997723838,0.1023248340934515,True,87a65c0,6,15,best,30,1.0,False,0.7,0.95,0.1,949.0
A-n37-k6,acs_cl15_ls2opt_fixed,23,1152.1550297637032,21.407273947703178,0.10423812502995133,True,87a65c0,6,15,best,30,1.0,False,0.7,0.95,0.1,949.0
A-n37-k6,acs_cl15_ls2opt_fixed,24,1139.3642089483992,20.059452997723838,0.10709587507881224,True,87a65c0,6,15,best,30,1.0,False,0.7,0.95,0.1,949.0
A-n37-k6,acs_cl15_ls2opt_fixed,25,1145.7130636494358,20.728457708054346,0.10494445799849927,True,87a65c0,6,15,best,30,1.0,False,0.7,0.95,0.1,949.0
A-n37-k6,acs_cl15_ls2opt_fixed,26,1084.6831325995854,14.29748499468761,0.10115641704760492,True,87a65c0,6,15,best,30,1.0,False,0.7,0.95,0.1,949.0
A-n37-k6,acs_cl15_ls2opt_fixed,27,1113.1319223356095,17.2952499826775,0.10058570792898536,True,87a65c0,6,15,best,30,1.0,False,0.7,0.95,0.1,949.0
A-n37-k6,acs_cl15_ls2opt_fixed,28,1146.2419020657462,20.78418356857178,0.10406404198147357,True,87a65c0,6,15,best,30,1.0,False,0.7,0.95,0.1,949.0
A-n37-k6,acs_cl15_ls2opt_fixed,29,1145.5516507374896,20.711448971284465,0.13523383415304124,True,87a65c0,6,15,best,30,1.0,False,0.7,0.95,0.1,949.0
A-n37-k6,acs_cl15_ls2opt_fixed_q0sched,0,1136.3849566090514,19.745517029404784,0.10994366696104407,True,87a65c0,6,15,best,30,1.0,True,0.7,0.95,0.1,949.0
A-n37-k6,acs_cl15_ls2opt_fixed_q0sched,1,1155.3135769850428,21.740102948898084,0.10713966586627066,True,87a65c0,6,15,best,30,1.0,True,0.7,0.95,0.1,949.0
A-n37-k6,acs_cl15_ls2opt_fixed_q0sched,2,1106.783067634573,16.62624527234699,0.1133007078897208,True,87a65c0,6,15,best,30,1.0,True,0.7,0.95,0.1,949.0
A-n37-k6,acs_cl15_ls2opt_fixed_q0sched,3,1139.3642089483992,20.059452997723838,0.19320024992339313,True,87a65c0,6,15,best,30,1.0,True,0.7,0.95,0.1,949.0
A-n37-k6,acs_cl15_ls2opt_fixed_q0sched,4,1106.5403165125465,16.600665596685616,0.11275087506510317,True,87a65c0,6,15,best,30,1.0,True,0.7,0.95,0.1,949.0
A-n37-k6,acs_cl15_ls2opt_fixed_q0sched,5,1113.1319223356095,17.2952499826775,0.10870845802128315,True,87a65c0,6,15,best,30,1.0,True,0.7,0.95,0.1,949.0
A-n37-k6,acs_cl15_ls2opt_fixed_q0sched,6,1084.3289036915135,14.260158450106792,0.10870579211041331,True,87a65c0,6,15,best,30,1.0,True,0.7,0.95,0.1,949.0
A-n37-k6,acs_cl15_ls2opt_fixed_q0sched,7,1114.2232412129413,17.410246703155035,0.14129891712218523,True,87a65c0,6,15,best,30,1.0,True,0.7,0.95,0.1,949.0
A-n37-k6,acs_cl15_ls2opt_fixed_q0sched,8,1091.3752653175152,15.002662309537953,0.11333666602149606,True,87a65c0,6,15,best,30,1.0,True,0.7,0.95,0.1,949.0
A-n37-k6,acs_cl15_ls2opt_fixed_q0sched,9,1123.559097794507,18.394003982561316,0.11016345792450011,True,87a65c0,6,15,best,30,1.0,True,0.7,0.95,0.1,949.0
A-n37-k6,acs_cl15_ls2opt_fixed_q0sched,10,1105.6560731920877,16.507489272085106,0.10739949997514486,True,87a65c0,6,15,best,30,1.0,True,0.7,0.95,0.1,949.0
A-n37-k6,acs_cl15_ls2opt_fixed_q0sched,11,1127.9117649301481,18.85266226871951,0.10905416682362556,True,87a65c0,6,15,best,30,1.0,True,0.7,0.95,0.1,949.0
A-n37-k6,acs_cl15_ls2opt_fixed_q0sched,12,1113.1319223356095,17.2952499826775,0.11204104102216661,True,87a65c0,6,15,best,30,1.0,True,0.7,0.95,0.1,949.0
A-n37-k6,acs_cl15_ls2opt_fixed_q0sched,13,1113.1319223356095,17.2952499826775,0.10948533401824534,True,87a65c0,6,15,best,30,1.0,True,0.7,0.95,0.1,949.0
A-n37-k6,acs_cl15_ls2opt_fixed_q0sched,14,1129.4132176499159,19.010876464690817,0.10891066608019173,True,87a65c0,6,15,best,30,1.0,True,0.7,0.95,0.1,949.0
A-n37-k6,acs_cl15_ls2opt_fixed_q0sched,15,1113.1319223356095,17.2952499826775,0.10843154205940664,True,87a65c0,6,15,best,30,1.0,True,0.7,0.95,0.1,949.0
A-n37-k6,acs_cl15_ls2opt_fixed_q0sched,16,1106.783067634573,16.62624527234699,0.11025999998673797,True,87a65c0,6,15,best,30,1.0,True,0.7,0.95,0.1,949.0
A-n37-k6,acs_cl15_ls2opt_fixed_q0sched,17,1131.7145705606672,19.253379405760505,0.14132404210977256,True,87a65c0,6,15,best,30,1.0,True,0.7,0.95,0.1,949.0
A-n37-k6,acs_cl15_ls2opt_fixed_q0sched,18,1139.3642089483992,20.059452997723838,0.11108370800502598,True,87a65c0,6,15,best,30,1.0,True,0.7,0.95,0.1,949.0
A-n37-k6,acs_cl15_ls2opt_fixed_q0sched,19,1128.7742419525443,18.9435449897307,0.11089524999260902,True,87a65c0,6,15,best,30,1.0,True,0.7,0.95,0.1,949.0
A-n37-k6,acs_cl15_ls2opt_fixed_q0sched,20,1067.0548434120544,12.439920275242827,0.1092329160310328,True,87a65c0,6,15,best,30,1.0,True,0.7,0.95,0.1,949.0
A-n37-k6,acs_cl15_ls2opt_fixed_q0sched,21,1130.7086849366203,19.14738513557643,0.10785024985671043,True,87a65c0,6,15,best,30,1.0,True,0.7,0.95,0.1,949.0
A-n37-k6,acs_cl15_ls2opt_fixed_q0sched,22,1102.380069076924,16.16228335900147,0.10818274994380772,True,87a65c0,6,15,best,30,1.0,True,0.7,0.95,0.1,949.0
A-n37-k6,acs_cl15_ls2opt_fixed_q0sched,23,1139.3642089483992,20.059452997723838,0.10778033290989697,True,87a65c0,6,15,best,30,1.0,True,0.7,0.95,0.1,949.0
A-n37-k6,acs_cl15_ls2opt_fixed_q0sched,24,1070.5241385708962,12.805494053835215,0.10971829202026129,True,87a65c0,6,15,best,30,1.0,True,0.7,0.95,0.1,949.0
A-n37-k6,acs_cl15_ls2opt_fixed_q0sched,25,1117.757612100975,17.782677776709686,0.11053537507541478,True,87a65c0,6,15,best,30,1.0,True,0.7,0.95,0.1,949.0
A-n37-k6,acs_cl15_ls2opt_fixed_q0sched,26,1123.9571754837289,18.435951052026223,0.11667725001461804,True,87a65c0,6,15,best,30,1.0,True,0.7,0.95,0.1,949.0
A-n37-k6,acs_cl15_ls2opt_fixed_q0sched,27,1139.3642089483992,20.059452997723838,0.14168020896613598,True,87a65c0,6,15,best,30,1.0,True,0.7,0.95,0.1,949.0
A-n37-k6,acs_cl15_ls2opt_fixed_q0sched,28,1116.0305611388567,17.6006913739575,0.11051337514072657,True,87a65c0,6,15,best,30,1.0,True,0.7,0.95,0.1,949.0
A-n37-k6,acs_cl15_ls2opt_fixed_q0sched,29,1108.3601510812568,16.79242898643381,0.11095216707326472,True,87a65c0,6,15,best,30,1.0,True,0.7,0.95,0.1,949.0
A-n37-k6,acs_clsqrtn_2opt_q0sched,0,1104.8298291719739,16.420424570281757,0.09962766710668802,True,87a65c0,6,15,best,30,1.0,True,0.7,0.95,0.1,949.0
A-n37-k6,acs_clsqrtn_2opt_q0sched,1,1116.8607274750213,17.688169386198247,0.09934195899404585,True,87a65c0,6,15,best,30,1.0,True,0.7,0.95,0.1,949.0
A-n37-k6,acs_clsqrtn_2opt_q0sched,2,1106.783067634573,16.62624527234699,0.1006852500140667,True,87a65c0,6,15,best,30,1.0,True,0.7,0.95,0.1,949.0
A-n37-k6,acs_clsqrtn_2opt_q0sched,3,1116.8607274750213,17.688169386198247,0.0997864999808371,True,87a65c0,6,15,best,30,1.0,True,0.7,0.95,0.1,949.0
A-n37-k6,acs_clsqrtn_2opt_q0sched,4,1139.3642089483992,20.059452997723838,0.10041166702285409,True,87a65c0,6,15,best,30,1.0,True,0.7,0.95,0.1,949.0
A-n37-k6,acs_clsqrtn_2opt_q0sched,5,1139.3642089483992,20.059452997723838,0.10387791600078344,True,87a65c0,6,15,best,30,1.0,True,0.7,0.95,0.1,949.0
A-n37-k6,acs_clsqrtn_2opt_q0sched,6,1139.3642089483992,20.059452997723838,0.1341113750822842,True,87a65c0,6,15,best,30,1.0,True,0.7,0.95,0.1,949.0
A-n37-k6,acs_clsqrtn_2opt_q0sched,7,1116.8607274750213,17.688169386198247,0.10058974986895919,True,87a65c0,6,15,best,30,1.0,True,0.7,0.95,0.1,949.0
A-n37-k6,acs_clsqrtn_2opt_q0sched,8,1106.783067634573,16.62624527234699,0.10626008384861052,True,87a65c0,6,15,best,30,1.0,True,0.7,0.95,0.1,949.0
A-n37-k6,acs_clsqrtn_2opt_q0sched,9,1139.3642089483992,20.059452997723838,0.10075762495398521,True,87a65c0,6,15,best,30,1.0,True,0.7,0.95,0.1,949.0
A-n37-k6,acs_clsqrtn_2opt_q0sched,10,1139.3642089483992,20.059452997723838,0.1001092919614166,True,87a65c0,6,15,best,30,1.0,True,0.7,0.95,0.1,949.0
A-n37-k6,acs_clsqrtn_2opt_q0sched,11,1106.783067634573,16.62624527234699,0.10000229207798839,True,87a65c0,6,15,best,30,1.0,True,0.7,0.95,0.1,949.0
A-n37-k6,acs_clsqrtn_2opt_q0sched,12,1106.783067634573,16.62624527234699,0.10040591703727841,True,87a65c0,6,15,best,30,1.0,True,0.7,0.95,0.1,949.0
A-n37-k6,acs_clsqrtn_2opt_q0sched,13,1166.9786707963897,22.969301453781842,0.10151645913720131,True,87a65c0,6,15,best,30,1.0,True,0.7,0.95,0.1,949.0
A-n37-k6,acs_clsqrtn_2opt_q0sched,14,1106.783067634573,16.62624527234699,0.10110779199749231,True,87a65c0,6,15,best,30,1.0,True,0.7,0.95,0.1,949.0
A-n37-k6,acs_clsqrtn_2opt_q0sched,15,1116.8607274750213,17.688169386198247,0.10132037498988211,True,87a65c0,6,15,best,30,1.0,True,0.7,0.95,0.1,949.0
A-n37-k6,acs_clsqrtn_2opt_q0sched,16,1154.0332183097905,21.605186334013755,0.09974820795468986,True,87a65c0,6,15,best,30,1.0,True,0.7,0.95,0.1,949.0
A-n37-k6,acs_clsqrtn_2opt_q0sched,17,1108.0824653236532,16.76316810575903,0.12655200017616153,True,87a65c0,6,15,best,30,1.0,True,0.7,0.95,0.1,949.0
A-n37-k6,acs_clsqrtn_2opt_q0sched,18,1106.783067634573,16.62624527234699,0.10048908297903836,True,87a65c0,6,15,best,30,1.0,True,0.7,0.95,0.1,949.0
A-n37-k6,acs_clsqrtn_2opt_q0sched,19,1100.1050237741176,15.922552557862762,0.10044533316977322,True,87a65c0,6,15,best,30,1.0,True,0.7,0.95,0.1,949.0
A-n37-k6,acs_clsqrtn_2opt_q0sched,20,1106.783067634573,16.62624527234699,0.1006974580232054,True,87a65c0,6,15,best,30,1.0,True,0.7,0.95,0.1,949.0
A-n37-k6,acs_clsqrtn_2opt_q0sched,21,1139.0025487678279,20.021343389655204,0.09973250003531575,True,87a65c0,6,15,best,30,1.0,True,0.7,0.95,0.1,949.0
A-n37-k6,acs_clsqrtn_2opt_q0sched,22,1106.783067634573,16.62624527234699,0.1013170420192182,True,87a65c0,6,15,best,30,1.0,True,0.7,0.95,0.1,949.0
A-n37-k6,acs_clsqrtn_2opt_q0sched,23,1139.3642089483992,20.059452997723838,0.09886212507262826,True,87a65c0,6,15,best,30,1.0,True,0.7,0.95,0.1,949.0
A-n37-k6,acs_clsqrtn_2opt_q0sched,24,1099.983244549738,15.909720184377024,0.10002529108896852,True,87a65c0,6,15,best,30,1.0,True,0.7,0.95,0.1,949.0
A-n37-k6,acs_clsqrtn_2opt_q0sched,25,1138.741932095756,19.99388114813025,0.09972495888359845,True,87a65c0,6,15,best,30,1.0,True,0.7,0.95,0.1,949.0
A-n37-k6,acs_clsqrtn_2opt_q0sched,26,1038.674277985568,9.449344360966078,0.09943454107269645,True,87a65c0,6,15,best,30,1.0,True,0.7,0.95,0.1,949.0
A-n37-k6,acs_clsqrtn_2opt_q0sched,27,1155.0417022162476,21.711454395811124,0.10001554200425744,True,87a65c0,6,15,best,30,1.0,True,0.7,0.95,0.1,949.0
A-n37-k6,acs_clsqrtn_2opt_q0sched,28,1139.3642089483992,20.059452997723838,0.12000383320264518,True,87a65c0,6,15,best,30,1.0,True,0.7,0.95,0.1,949.0
A-n37-k6,acs_clsqrtn_2opt_q0sched,29,1106.783067634573,16.62624527234699,0.10002612508833408,True,87a65c0,6,15,best,30,1.0,True,0.7,0.95,0.1,949.0
A-n37-k6,acs_nocl_2opt_q0sched,0,1117.469068348072,17.75227274479156,0.12934495811350644,True,87a65c0,6,0,best,30,1.0,True,0.7,0.95,0.1,949.0
A-n37-k6,acs_nocl_2opt_q0sched,1,1169.6936761598508,23.255392640658677,0.128542291931808,True,87a65c0,6,0,best,30,1.0,True,0.7,0.95,0.1,949.0
A-n37-k6,acs_nocl_2opt_q0sched,2,1085.3394128046878,14.366639916194707,0.12929037516005337,True,87a65c0,6,0,best,30,1.0,True,0.7,0.95,0.1,949.0
A-n37-k6,acs_nocl_2opt_q0sched,3,1118.7621410906036,17.888529092792787,0.12952579208649695,True,87a65c0,6,0,best,30,1.0,True,0.7,0.95,0.1,949.0
A-n37-k6,acs_nocl_2opt_q0sched,4,1068.9921070208125,12.644057641813747,0.15920550003647804,True,87a65c0,6,0,best,30,1.0,True,0.7,0.95,0.1,949.0
A-n37-k6,acs_nocl_2opt_q0sched,5,1116.4386109614072,17.643689247777367,0.1288344159256667,True,87a65c0,6,0,best,30,1.0,True,0.7,0.95,0.1,949.0
A-n37-k6,acs_nocl_2opt_q0sched,6,1130.8634393389325,19.16369223803293,0.12808958301320672,True,87a65c0,6,0,best,30,1.0,True,0.7,0.95,0.1,949.0
A-n37-k6,acs_nocl_2opt_q0sched,7,1140.1772536577741,20.14512683432815,0.13719362509436905,True,87a65c0,6,0,best,30,1.0,True,0.7,0.95,0.1,949.0
A-n37-k6,acs_nocl_2opt_q0sched,8,1121.938253132313,18.223208970738998,0.1480787501204759,True,87a65c0,6,0,best,30,1.0,True,0.7,0.95,0.1,949.0
A-n37-k6,acs_nocl_2opt_q0sched,9,1135.8878806625967,19.693138109862662,0.151336207985878,True,87a65c0,6,0,best,30,1.0,True,0.7,0.95,0.1,949.0
A-n37-k6,acs_nocl_2opt_q0sched,10,1104.0998846089713,16.343507334981165,0.14327129209414124,True,87a65c0,6,0,best,30,1.0,True,0.7,0.95,0.1,949.0
A-n37-k6,acs_nocl_2opt_q0sched,11,1139.3642089483992,20.059452997723838,0.14078100002370775,True,87a65c0,6,0,best,30,1.0,True,0.7,0.95,0.1,949.0
A-n37-k6,acs_nocl_2opt_q0sched,12,1102.1292644483492,16.135855052513087,0.15035404195077717,True,87a65c0,6,0,best,30,1.0,True,0.7,0.95,0.1,949.0
A-n37-k6,acs_nocl_2opt_q0sched,13,1136.6239674615824,19.770702577616696,0.14970083395019174,True,87a65c0,6,0,best,30,1.0,True,0.7,0.95,0.1,949.0
A-n37-k6,acs_nocl_2opt_q0sched,14,1143.0845007996961,20.451475321358917,0.15818687505088747,True,87a65c0,6,0,best,30,1.0,True,0.7,0.95,0.1,949.0
A-n37-k6,acs_nocl_2opt_q0sched,15,1139.5732522783612,20.081480745875787,0.13082508300431073,True,87a65c0,6,0,best,30,1.0,True,0.7,0.95,0.1,949.0
A-n37-k6,acs_nocl_2opt_q0sched,16,1099.1393169362848,15.82079209023022,0.13010912504978478,True,87a65c0,6,0,best,30,1.0,True,0.7,0.95,0.1,949.0
A-n37-k6,acs_nocl_2opt_q0sched,17,1103.8173993051682,16.31374070655092,0.1331697090063244,True,87a65c0,6,0,best,30,1.0,True,0.7,0.95,0.1,949.0
A-n37-k6,acs_nocl_2opt_q0sched,18,1067.3597563886663,12.472050199016465,0.13069908297620714,True,87a65c0,6,0,best,30,1.0,True,0.7,0.95,0.1,949.0
A-n37-k6,acs_nocl_2opt_q0sched,19,1145.126856074915,20.66668662538619,0.13143083290196955,True,87a65c0,6,0,best,30,1.0,True,0.7,0.95,0.1,949.0
A-n37-k6,acs_nocl_2opt_q0sched,20,1110.1742666297882,16.983589739703714,0.1288431661669165,True,87a65c0,6,0,best,30,1.0,True,0.7,0.95,0.1,949.0
A-n37-k6,acs_nocl_2opt_q0sched,21,1152.8998289090537,21.48575647092241,0.1363057498820126,True,87a65c0,6,0,best,30,1.0,True,0.7,0.95,0.1,949.0
A-n37-k6,acs_nocl_2opt_q0sched,22,1055.345561781723,11.20606551967577,0.1548893330618739,True,87a65c0,6,0,best,30,1.0,True,0.7,0.95,0.1,949.0
A-n37-k6,acs_nocl_2opt_q0sched,23,1113.1319223356095,17.2952499826775,0.1512137500103563,True,87a65c0,6,0,best,30,1.0,True,0.7,0.95,0.1,949.0
A-n37-k6,acs_nocl_2opt_q0sched,24,1135.973862698797,19.70219838764983,0.14249691693112254,True,87a65c0,6,0,best,30,1.0,True,0.7,0.95,0.1,949.0
A-n37-k6,acs_nocl_2opt_q0sched,25,1131.6908597401034,19.250880899905525,0.20116320881061256,True,87a65c0,6,0,best,30,1.0,True,0.7,0.95,0.1,949.0
A-n37-k6,acs_nocl_2opt_q0sched,26,1121.3151643536166,18.157551565186157,0.1288211247883737,True,87a65c0,6,0,best,30,1.0,True,0.7,0.95,0.1,949.0
A-n37-k6,acs_nocl_2opt_q0sched,27,1117.8926881261616,17.796911288320505,0.12935891700908542,True,87a65c0,6,0,best,30,1.0,True,0.7,0.95,0.1,949.0
A-n37-k6,acs_nocl_2opt_q0sched,28,1169.1396614185423,23.19701384810773,0.12749058310873806,True,87a65c0,6,0,best,30,1.0,True,0.7,0.95,0.1,949.0
A-n37-k6,acs_nocl_2opt_q0sched,29,1135.973862698797,19.70219838764983,0.1285658748820424,True,87a65c0,6,0,best,30,1.0,True,0.7,0.95,0.1,949.0
A-n37-k6,acs_nocl_none,0,1193.3410135357026,25.747209013245794,0.11340591707266867,True,87a65c0,6,0,none,0,0.0,False,0.7,0.95,0.1,949.0
A-n37-k6,acs_nocl_none,1,1208.7294936230264,27.368755913912164,0.13898649998009205,True,87a65c0,6,0,none,0,0.0,False,0.7,0.95,0.1,949.0
A-n37-k6,acs_nocl_none,2,1198.586124681924,26.29990776416481,0.11401733290404081,True,87a65c0,6,0,none,0,0.0,False,0.7,0.95,0.1,949.0
A-n37-k6,acs_nocl_none,3,1143.702207267493,20.516565570863317,0.11434191698208451,True,87a65c0,6,0,none,0,0.0,False,0.7,0.95,0.1,949.0
A-n37-k6,acs_nocl_none,4,1261.7161152769338,32.95217231579914,0.12049179198220372,True,87a65c0,6,0,none,0,0.0,False,0.7,0.95,0.1,949.0
A-n37-k6,acs_nocl_none,5,1125.131175484827,18.559660219686727,0.11458041705191135,True,87a65c0,6,0,none,0,0.0,False,0.7,0.95,0.1,949.0
A-n37-k6,acs_nocl_none,6,1141.8433483801514,20.320690029520694,0.11543208290822804,True,87a65c0,6,0,none,0,0.0,False,0.7,0.95,0.1,949.0
A-n37-k6,acs_nocl_none,7,1198.8202821405366,26.324581890467503,0.11421012482605875,True,87a65c0,6,0,none,0,0.0,False,0.7,0.95,0.1,949.0
A-n37-k6,acs_nocl_none,8,1214.6600597535373,27.993683851795293,0.11308770882897079,True,87a65c0,6,0,none,0,0.0,False,0.7,0.95,0.1,949.0
A-n37-k6,acs_nocl_none,9,1133.4036138750544,19.43136078767696,0.11379187484271824,True,87a65c0,6,0,none,0,0.0,False,0.7,0.95,0.1,949.0
A-n37-k6,acs_nocl_none,10,1182.6978581944559,24.62569633239788,0.11323541705496609,True,87a65c0,6,0,none,0,0.0,False,0.7,0.95,0.1,949.0
A-n37-k6,acs_nocl_none,11,1196.1891909418798,26.04733308133612,0.11327916709706187,True,87a65c0,6,0,none,0,0.0,False,0.7,0.95,0.1,949.0
A-n37-k6,acs_nocl_none,12,1188.8356457247423,25.272460034219424,0.13688204111531377,True,87a65c0,6,0,none,0,0.0,False,0.7,0.95,0.1,949.0
A-n37-k6,acs_nocl_none,13,1160.4194431397805,22.278128887226604,0.1137351670768112,True,87a65c0,6,0,none,0,0.0,False,0.7,0.95,0.1,949.0
A-n37-k6,acs_nocl_none,14,1164.6708253337029,22.726114366038235,0.11313233315013349,True,87a65c0,6,0,none,0,0.0,False,0.7,0.95,0.1,949.0
A-n37-k6,acs_nocl_none,15,1104.9979002042046,16.43813490033768,0.11356920888647437,True,87a65c0,6,0,none,0,0.0,False,0.7,0.95,0.1,949.0
A-n37-k6,acs_nocl_none,16,1140.261423211764,20.153996123473544,0.11357599985785782,True,87a65c0,6,0,none,0,0.0,False,0.7,0.95,0.1,949.0
A-n37-k6,acs_nocl_none,17,1190.4259990611952,25.440042050705497,0.11339083290658891,True,87a65c0,6,0,none,0,0.0,False,0.7,0.95,0.1,949.0
A-n37-k6,acs_nocl_none,18,1182.1932448657021,24.57252316814564,0.11396870785392821,True,87a65c0,6,0,none,0,0.0,False,0.7,0.95,0.1,949.0
A-n37-k6,acs_nocl_none,19,1155.9136921701117,21.80333953320461,0.114461291115731,True,87a65c0,6,0,none,0,0.0,False,0.7,0.95,0.1,949.0
A-n37-k6,acs_nocl_none,20,1206.6953624085331,27.154411212701067,0.11435516690835357,True,87a65c0,6,0,none,0,0.0,False,0.7,0.95,0.1,949.0
A-n37-k6,acs_nocl_none,21,1203.3206991936067,26.798809187945917,0.1133056660182774,True,87a65c0,6,0,none,0,0.0,False,0.7,0.95,0.1,949.0
A-n37-k6,acs_nocl_none,22,1187.275026080061,25.108011178088624,0.1129415831528604,True,87a65c0,6,0,none,0,0.0,False,0.7,0.95,0.1,949.0
A-n37-k6,acs_nocl_none,23,1182.9094492874074,24.64799254872575,0.13923808396793902,True,87a65c0,6,0,none,0,0.0,False,0.7,0.95,0.1,949.0
A-n37-k6,acs_nocl_none,24,1182.1932448657021,24.57252316814564,0.11359924986027181,True,87a65c0,6,0,none,0,0.0,False,0.7,0.95,0.1,949.0
A-n37-k6,acs_nocl_none,25,1176.5457609278965,23.977424755310484,0.1141804161015898,True,87a65c0,6,0,none,0,0.0,False,0.7,0.95,0.1,949.0
A-n37-k6,acs_nocl_none,26,1177.9072589223176,24.120891351139896,0.11402158299461007,True,87a65c0,6,0,none,0,0.0,False,0.7,0.95,0.1,949.0
A-n37-k6,acs_nocl_none,27,1165.35756619856,22.79847905148157,0.11834045802243054,True,87a65c0,6,0,none,0,0.0,False,0.7,0.95,0.1,949.0
A-n37-k6,acs_nocl_none,28,1182.1932448657021,24.57252316814564,0.17580604180693626,True,87a65c0,6,0,none,0,0.0,False,0.7,0.95,0.1,949.0
A-n37-k6,acs_nocl_none,29,1164.6708253337029,22.726114366038235,0.11356258299201727,True,87a65c0,6,0,none,0,0.0,False,0.7,0.95,0.1,949.0
A-n38-k5,acs_baseline,0,917.4925051748733,25.68390481847579,0.12261658301576972,True,87a65c0,5,0,none,0,0.0,False,0.7,0.95,0.1,730.0
A-n38-k5,acs_baseline,1,928.1198217245255,27.139701606099386,0.12132733315229416,True,87a65c0,5,0,none,0,0.0,False,0.7,0.95,0.1,730.0
A-n38-k5,acs_baseline,2,914.3621858931656,25.25509395796789,0.12104462482966483,True,87a65c0,5,0,none,0,0.0,False,0.7,0.95,0.1,730.0
A-n38-k5,acs_baseline,3,926.1695326502158,26.87253871920765,0.1212255829013884,True,87a65c0,5,0,none,0,0.0,False,0.7,0.95,0.1,730.0
A-n38-k5,acs_baseline,4,863.8181357683438,18.331251475115597,0.12141041713766754,True,87a65c0,5,0,none,0,0.0,False,0.7,0.95,0.1,730.0
A-n38-k5,acs_baseline,5,930.5775932635174,27.476382638838004,0.12105095898732543,True,87a65c0,5,0,none,0,0.0,False,0.7,0.95,0.1,730.0
A-n38-k5,acs_baseline,6,876.9589800455259,20.131367129524094,0.12039708299562335,True,87a65c0,5,0,none,0,0.0,False,0.7,0.95,0.1,730.0
A-n38-k5,acs_baseline,7,873.5316353869723,19.661867861229084,0.1480588330887258,True,87a65c0,5,0,none,0,0.0,False,0.7,0.95,0.1,730.0
A-n38-k5,acs_baseline,8,894.1768548228391,22.489980112717685,0.12383375014178455,True,87a65c0,5,0,none,0,0.0,False,0.7,0.95,0.1,730.0
A-n38-k5,acs_baseline,9,940.7808603121206,28.874090453715144,0.12261500000022352,True,87a65c0,5,0,none,0,0.0,False,0.7,0.95,0.1,730.0
A-n38-k5,acs_baseline,10,944.1072883788917,29.329765531355022,0.1263239581603557,True,87a65c0,5,0,none,0,0.0,False,0.7,0.95,0.1,730.0
A-n38-k5,acs_baseline,11,932.6818411571447,27.764635774951334,0.13048524991609156,True,87a65c0,5,0,none,0,0.0,False,0.7,0.95,0.1,730.0
A-n38-k5,acs_baseline,12,893.4512086957384,22.39057653366279,0.1221475419588387,True,87a65c0,5,0,none,0,0.0,False,0.7,0.95,0.1,730.0
A-n38-k5,acs_baseline,13,890.6797662184869,22.010926879244774,0.12117150006815791,True,87a65c0,5,0,none,0,0.0,False,0.7,0.95,0.1,730.0
A-n38-k5,acs_baseline,14,935.4401178636963,28.142481899136477,0.12202654196880758,True,87a65c0,5,0,none,0,0.0,False,0.7,0.95,0.1,730.0
A-n38-k5,acs_baseline,15,918.4312116251242,25.8124947431677,0.12103766715154052,True,87a65c0,5,0,none,0,0.0,False,0.7,0.95,0.1,730.0
A-n38-k5,acs_baseline,16,919.1156013103397,25.90624675484105,0.12157212500460446,True,87a65c0,5,0,none,0,0.0,False,0.7,0.95,0.1,730.0
A-n38-k5,acs_baseline,17,918.6181147709451,25.838097913828094,0.12396654183976352,True,87a65c0,5,0,none,0,0.0,False,0.7,0.95,0.1,730.0
A-n38-k5,acs_baseline,18,863.8181357683438,18.331251475115597,0.15512425010092556,True,87a65c0,5,0,none,0,0.0,False,0.7,0.95,0.1,730.0
A-n38-k5,acs_baseline,19,881.5135783383307,20.755284703880918,0.12142062489874661,True,87a65c0,5,0,none,0,0.0,False,0.7,0.95,0.1,730.0
A-n38-k5,acs_baseline,20,894.7604469578404,22.569924240800052,0.12183095887303352,True,87a65c0,5,0,none,0,0.0,False,0.7,0.95,0.1,730.0
A-n38-k5,acs_baseline,21,900.727480766767,23.387326132433838,0.12161249993368983,True,87a65c0,5,0,none,0,0.0,False,0.7,0.95,0.1,730.0
A-n38-k5,acs_baseline,22,913.1545251502474,25.08966097948595,0.1208670421037823,True,87a65c0,5,0,none,0,0.0,False,0.7,0.95,0.1,730.0
A-n38-k5,acs_baseline,23,924.0518795117283,26.58244924818196,0.12087391712702811,True,87a65c0,5,0,none,0,0.0,False,0.7,0.95,0.1,730.0
A-n38-k5,acs_baseline,24,892.3481554380353,22.239473347676068,0.12112316698767245,True,87a65c0,5,0,none,0,0.0,False,0.7,0.95,0.1,730.0
A-n38-k5,acs_baseline,25,846.7081961203104,15.987424126069916,0.12087829201482236,True,87a65c0,5,0,none,0,0.0,False,0.7,0.95,0.1,730.0
A-n38-k5,acs_baseline,26,939.7070202444879,28.72698907458739,0.12148824986070395,True,87a65c0,5,0,none,0,0.0,False,0.7,0.95,0.1,730.0
A-n38-k5,acs_baseline,27,907.4823303822502,24.312647997568522,0.1210049579385668,True,87a65c0,5,0,none,0,0.0,False,0.7,0.95,0.1,730.0
A-n38-k5,acs_baseline,28,902.5596047032194,23.638302014139644,0.143780707847327,True,87a65c0,5,0,none,0,0.0,False,0.7,0.95,0.1,730.0
A-n38-k5,acs_baseline,29,952.3917574943907,30.4646243143001,0.1217068750411272,True,87a65c0,5,0,none,0,0.0,False,0.7,0.95,0.1,730.0
A-n38-k5,acs_cl15,0,910.2832864697987,24.69634061230119,0.09692616714164615,True,87a65c0,5,15,none,0,0.0,False,0.7,0.95,0.1,730.0
A-n38-k5,acs_cl15,1,953.6039604351794,30.630679511668408,0.09722424997016788,True,87a65c0,5,15,none,0,0.0,False,0.7,0.95,0.1,730.0
A-n38-k5,acs_cl15,2,877.4880565843171,20.203843367714665,0.09699474996887147,True,87a65c0,5,15,none,0,0.0,False,0.7,0.95,0.1,730.0
A-n38-k5,acs_cl15,3,880.2797744457736,20.586270472023777,0.09676495799794793,True,87a65c0,5,15,none,0,0.0,False,0.7,0.95,0.1,730.0
A-n38-k5,acs_cl15,4,922.8250295898777,26.414387615051734,0.09741249983198941,True,87a65c0,5,15,none,0,0.0,False,0.7,0.95,0.1,730.0
A-n38-k5,acs_cl15,5,893.8949774391771,22.451366772490008,0.0971716670319438,True,87a65c0,5,15,none,0,0.0,False,0.7,0.95,0.1,730.0
A-n38-k5,acs_cl15,6,876.9589800455259,20.131367129524094,0.09656670805998147,True,87a65c0,5,15,none,0,0.0,False,0.7,0.95,0.1,730.0
A-n38-k5,acs_cl15,7,860.6122289712325,17.892086160442812,0.09712375001981854,True,87a65c0,5,15,none,0,0.0,False,0.7,0.95,0.1,730.0
A-n38-k5,acs_cl15,8,930.2956957989037,27.43776654779503,0.09714333293959498,True,87a65c0,5,15,none,0,0.0,False,0.7,0.95,0.1,730.0
A-n38-k5,acs_cl15,9,881.8063220397523,20.79538658078799,0.1250687090214342,True,87a65c0,5,15,none,0,0.0,False,0.7,0.95,0.1,730.0
A-n38-k5,acs_cl15,10,960.2978193394906,31.54764648486173,0.0971280001103878,True,87a65c0,5,15,none,0,0.0,False,0.7,0.95,0.1,730.0
A-n38-k5,acs_cl15,11,942.434057023853,29.1005557566922,0.09971904079429805,True,87a65c0,5,15,none,0,0.0,False,0.7,0.95,0.1,730.0
A-n38-k5,acs_cl15,12,841.9459411522603,15.335060431816478,0.10085324989631772,True,87a65c0,5,15,none,0,0.0,False,0.7,0.95,0.1,730.0
A-n38-k5,acs_cl15,13,943.5916193107307,29.259125932976808,0.09762645792216063,True,87a65c0,5,15,none,0,0.0,False,0.7,0.95,0.1,730.0
A-n38-k5,acs_cl15,14,937.7390162952362,28.45739949249811,0.09720145910978317,True,87a65c0,5,15,none,0,0.0,False,0.7,0.95,0.1,730.0
A-n38-k5,acs_cl15,15,939.8154304067288,28.741839781743668,0.0973433330655098,True,87a65c0,5,15,none,0,0.0,False,0.7,0.95,0.1,730.0
A-n38-k5,acs_cl15,16,930.9662845551244,27.52962802124992,0.09674391709268093,True,87a65c0,5,15,none,0,0.0,False,0.7,0.95,0.1,730.0
A-n38-k5,acs_cl15,17,915.8047660248607,25.452707674638447,0.09731729095801711,True,87a65c0,5,15,none,0,0.0,False,0.7,0.95,0.1,730.0
A-n38-k5,acs_cl15,18,943.5095527588451,29.24788393956782,0.09702041698619723,True,87a65c0,5,15,none,0,0.0,False,0.7,0.95,0.1,730.0
A-n38-k5,acs_cl15,19,938.956148696561,28.62412995843301,0.09746470907703042,True,87a65c0,5,15,none,0,0.0,False,0.7,0.95,0.1,730.0
A-n38-k5,acs_cl15,20,865.2389335141548,18.525881303308882,0.12241991702467203,True,87a65c0,5,15,none,0,0.0,False,0.7,0.95,0.1,730.0
A-n38-k5,acs_cl15,21,880.8795958025077,20.668437781165434,0.09711858304217458,True,87a65c0,5,15,none,0,0.0,False,0.7,0.95,0.1,730.0
A-n38-k5,acs_cl15,22,942.234513862185,29.073221077011652,0.09684741706587374,True,87a65c0,5,15,none,0,0.0,False,0.7,0.95,0.1,730.0
A-n38-k5,acs_cl15,23,889.0762105302936,21.791261716478573,0.09686391684226692,True,87a65c0,5,15,none,0,0.0,False,0.7,0.95,0.1,730.0
A-n38-k5,acs_cl15,24,860.112599406302,17.82364375428795,0.09720541699789464,True,87a65c0,5,15,none,0,0.0,False,0.7,0.95,0.1,730.0
A-n38-k5,acs_cl15,25,915.7845034036707,25.44993197310557,0.09680758300237358,True,87a65c0,5,15,none,0,0.0,False,0.7,0.95,0.1,730.0
A-n38-k5,acs_cl15,26,931.2275362308891,27.5654159220396,0.09726666705682874,True,87a65c0,5,15,none,0,0.0,False,0.7,0.95,0.1,730.0
A-n38-k5,acs_cl15,27,879.4555875935139,20.473368163495053,0.09682412492111325,True,87a65c0,5,15,none,0,0.0,False,0.7,0.95,0.1,730.0
A-n38-k5,acs_cl15,28,926.5963829434577,26.93101136211749,0.09685070812702179,True,87a65c0,5,15,none,0,0.0,False,0.7,0.95,0.1,730.0
A-n38-k5,acs_cl15,29,920.1771629061564,26.05166615152827,0.0970765829551965,True,87a65c0,5,15,none,0,0.0,False,0.7,0.95,0.1,730.0
A-n38-k5,acs_cl15_ls2opt_fixed,0,861.9800814147936,18.079463207505977,0.1343334170524031,True,87a65c0,5,15,best,30,1.0,False,0.7,0.95,0.1,730.0
A-n38-k5,acs_cl15_ls2opt_fixed,1,905.9159659151354,24.09807752262129,0.10746079101227224,True,87a65c0,5,15,best,30,1.0,False,0.7,0.95,0.1,730.0
A-n38-k5,acs_cl15_ls2opt_fixed,2,859.1357881110625,17.689833987816787,0.10722783301025629,True,87a65c0,5,15,best,30,1.0,False,0.7,0.95,0.1,730.0
A-n38-k5,acs_cl15_ls2opt_fixed,3,848.6099600497504,16.247939732842518,0.10698054195381701,True,87a65c0,5,15,best,30,1.0,False,0.7,0.95,0.1,730.0
A-n38-k5,acs_cl15_ls2opt_fixed,4,889.8457059173243,21.896672043469078,0.10794858378358185,True,87a65c0,5,15,best,30,1.0,False,0.7,0.95,0.1,730.0
A-n38-k5,acs_cl15_ls2opt_fixed,5,853.7647972142654,16.954081810173342,0.10705916699953377,True,87a65c0,5,15,best,30,1.0,False,0.7,0.95,0.1,730.0
A-n38-k5,acs_cl15_ls2opt_fixed,6,871.2275346935182,19.346237629249075,0.10626162495464087,True,87a65c0,5,15,best,30,1.0,False,0.7,0.95,0.1,730.0
A-n38-k5,acs_cl15_ls2opt_fixed,7,877.208522930267,20.165551086337945,0.10825358307920396,True,87a65c0,5,15,best,30,1.0,False,0.7,0.95,0.1,730.0
A-n38-k5,acs_cl15_ls2opt_fixed,8,866.6944627557368,18.72526887064888,0.11292975000105798,True,87a65c0,5,15,best,30,1.0,False,0.7,0.95,0.1,730.0
A-n38-k5,acs_cl15_ls2opt_fixed,9,843.0494907297496,15.486231606815007,0.10738641698844731,True,87a65c0,5,15,best,30,1.0,False,0.7,0.95,0.1,730.0
A-n38-k5,acs_cl15_ls2opt_fixed,10,907.9988932587075,24.38341003543939,0.1066622082144022,True,87a65c0,5,15,best,30,1.0,False,0.7,0.95,0.1,730.0
A-n38-k5,acs_cl15_ls2opt_fixed,11,896.5816858334553,22.81940901828154,0.13314579194411635,True,87a65c0,5,15,best,30,1.0,False,0.7,0.95,0.1,730.0
A-n38-k5,acs_cl15_ls2opt_fixed,12,835.4741999027859,14.448520534628209,0.1068714999128133,True,87a65c0,5,15,best,30,1.0,False,0.7,0.95,0.1,730.0
A-n38-k5,acs_cl15_ls2opt_fixed,13,877.6322487881046,20.223595724397885,0.10864162491634488,True,87a65c0,5,15,best,30,1.0,False,0.7,0.95,0.1,730.0
A-n38-k5,acs_cl15_ls2opt_fixed,14,872.2187146202727,19.482015701407228,0.10712212487123907,True,87a65c0,5,15,best,30,1.0,False,0.7,0.95,0.1,730.0
A-n38-k5,acs_cl15_ls2opt_fixed,15,896.148803566611,22.760110077617952,0.10716858296655118,True,87a65c0,5,15,best,30,1.0,False,0.7,0.95,0.1,730.0
A-n38-k5,acs_cl15_ls2opt_fixed,16,880.3486744437614,20.595708827912524,0.10603429120965302,True,87a65c0,5,15,best,30,1.0,False,0.7,0.95,0.1,730.0
A-n38-k5,acs_cl15_ls2opt_fixed,17,880.3486744437614,20.595708827912524,0.10685420804657042,True,87a65c0,5,15,best,30,1.0,False,0.7,0.95,0.1,730.0
A-n38-k5,acs_cl15_ls2opt_fixed,18,885.4099590702908,21.289035489080934,0.1080318340100348,True,87a65c0,5,15,best,30,1.0,False,0.7,0.95,0.1,730.0
A-n38-k5,acs_cl15_ls2opt_fixed,19,866.6944627557368,18.72526887064888,0.10811758297495544,True,87a65c0,5,15,best,30,1.0,False,0.7,0.95,0.1,730.0
A-n38-k5,acs_cl15_ls2opt_fixed,20,866.901188716912,18.753587495467393,0.10656949994154274,True,87a65c0,5,15,best,30,1.0,False,0.7,0.95,0.1,730.0
A-n38-k5,acs_cl15_ls2opt_fixed,21,849.9313751943309,16.428955506072732,0.1318872079718858,True,87a65c0,5,15,best,30,1.0,False,0.7,0.95,0.1,730.0
A-n38-k5,acs_cl15_ls2opt_fixed,22,890.0393485881907,21.923198436738453,0.10759970801882446,True,87a65c0,5,15,best,30,1.0,False,0.7,0.95,0.1,730.0
A-n38-k5,acs_cl15_ls2opt_fixed,23,878.3780673036297,20.32576264433283,0.10840325010940433,True,87a65c0,5,15,best,30,1.0,False,0.7,0.95,0.1,730.0
A-n38-k5,acs_cl15_ls2opt_fixed,24,844.0377227954548,15.621605862391066,0.10673137498088181,True,87a65c0,5,15,best,30,1.0,False,0.7,0.95,0.1,730.0
A-n38-k5,acs_cl15_ls2opt_fixed,25,887.7962926658208,21.615930502167238,0.10629379190504551,True,87a65c0,5,15,best,30,1.0,False,0.7,0.95,0.1,730.0
A-n38-k5,acs_cl15_ls2opt_fixed,26,880.3486744437614,20.595708827912524,0.10824241698719561,True,87a65c0,5,15,best,30,1.0,False,0.7,0.95,0.1,730.0
A-n38-k5,acs_cl15_ls2opt_fixed,27,855.7400506353617,17.2246644705975,0.10800870787352324,True,87a65c0,5,15,best,30,1.0,False,0.7,0.95,0.1,730.0
A-n38-k5,acs_cl15_ls2opt_fixed,28,870.4247138559989,19.236262172054644,0.1080774578731507,True,87a65c0,5,15,best,30,1.0,False,0.7,0.95,0.1,730.0
A-n38-k5,acs_cl15_ls2opt_fixed,29,858.0634567633454,17.54293928265005,0.10771858296357095,True,87a65c0,5,15,best,30,1.0,False,0.7,0.95,0.1,730.0
A-n38-k5,acs_cl15_ls2opt_fixed_q0sched,0,869.3343768953157,19.086900944563794,0.11510524991899729,True,87a65c0,5,15,best,30,1.0,True,0.7,0.95,0.1,730.0
A-n38-k5,acs_cl15_ls2opt_fixed_q0sched,1,844.0377227954548,15.621605862391066,0.13792166695930064,True,87a65c0,5,15,best,30,1.0,True,0.7,0.95,0.1,730.0
A-n38-k5,acs_cl15_ls2opt_fixed_q0sched,2,850.0339290462344,16.443003978936225,0.1203466251026839,True,87a65c0,5,15,best,30,1.0,True,0.7,0.95,0.1,730.0
A-n38-k5,acs_cl15_ls2opt_fixed_q0sched,3,824.5316283796692,12.94953813420126,0.11391808395273983,True,87a65c0,5,15,best,30,1.0,True,0.7,0.95,0.1,730.0
A-n38-k5,acs_cl15_ls2opt_fixed_q0sched,4,824.0025560628765,12.877062474366637,0.11387699982151389,True,87a65c0,5,15,best,30,1.0,True,0.7,0.95,0.1,730.0
A-n38-k5,acs_cl15_ls2opt_fixed_q0sched,5,882.990539603322,20.957608164838625,0.1126848750282079,True,87a65c0,5,15,best,30,1.0,True,0.7,0.95,0.1,730.0
A-n38-k5,acs_cl15_ls2opt_fixed_q0sched,6,842.5344266431943,15.415674882629348,0.11328608286567032,True,87a65c0,5,15,best,30,1.0,True,0.7,0.95,0.1,730.0
A-n38-k5,acs_cl15_ls2opt_fixed_q0sched,7,882.9875603242774,20.957200044421562,0.11425487510859966,True,87a65c0,5,15,best,30,1.0,True,0.7,0.95,0.1,730.0
A-n38-k5,acs_cl15_ls2opt_fixed_q0sched,8,837.7527526333095,14.760651045658829,0.11313562514260411,True,87a65c0,5,15,best,30,1.0,True,0.7,0.95,0.1,730.0
A-n38-k5,acs_cl15_ls2opt_fixed_q0sched,9,901.5142481405758,23.49510248501038,0.11369370901957154,True,87a65c0,5,15,best,30,1.0,True,0.7,0.95,0.1,730.0
A-n38-k5,acs_cl15_ls2opt_fixed_q0sched,10,851.004317342324,16.575933882510142,0.11653037485666573,True,87a65c0,5,15,best,30,1.0,True,0.7,0.95,0.1,730.0
A-n38-k5,acs_cl15_ls2opt_fixed_q0sched,11,881.430701922322,20.743931770181096,0.11686625005677342,True,87a65c0,5,15,best,30,1.0,True,0.7,0.95,0.1,730.0
A-n38-k5,acs_cl15_ls2opt_fixed_q0sched,12,856.5832652560482,17.34017332274633,0.1387995828408748,True,87a65c0,5,15,best,30,1.0,True,0.7,0.95,0.1,730.0
A-n38-k5,acs_cl15_ls2opt_fixed_q0sched,13,829.8810595638009,13.682336926548071,0.11521091684699059,True,87a65c0,5,15,best,30,1.0,True,0.7,0.95,0.1,730.0
A-n38-k5,acs_cl15_ls2opt_fixed_q0sched,14,836.1703453759405,14.543882928211033,0.1156703329179436,True,87a65c0,5,15,best,30,1.0,True,0.7,0.95,0.1,730.0
A-n38-k5,acs_cl15_ls2opt_fixed_q0sched,15,836.5023911315834,14.58936864816211,0.11340566608123481,True,87a65c0,5,15,best,30,1.0,True,0.7,0.95,0.1,730.0
A-n38-k5,acs_cl15_ls2opt_fixed_q0sched,16,860.9565890430324,17.93925877301814,0.11383166699670255,True,87a65c0,5,15,best,30,1.0,True,0.7,0.95,0.1,730.0
A-n38-k5,acs_cl15_ls2opt_fixed_q0sched,17,893.1067448271384,22.34338970234773,0.11312899994663894,True,87a65c0,5,15,best,30,1.0,True,0.7,0.95,0.1,730.0
A-n38-k5,acs_cl15_ls2opt_fixed_q0sched,18,878.691484238957,20.368696471089994,0.11364483297802508,True,87a65c0,5,15,best,30,1.0,True,0.7,0.95,0.1,730.0
A-n38-k5,acs_cl15_ls2opt_fixed_q0sched,19,835.1000439824968,14.397266298972164,0.11381608294323087,True,87a65c0,5,15,best,30,1.0,True,0.7,0.95,0.1,730.0
A-n38-k5,acs_cl15_ls2opt_fixed_q0sched,20,873.4341578323335,19.648514771552538,0.11304629105143249,True,87a65c0,5,15,best,30,1.0,True,0.7,0.95,0.1,730.0
A-n38-k5,acs_cl15_ls2opt_fixed_q0sched,21,857.9886041237454,17.53268549640348,0.1135595419909805,True,87a65c0,5,15,best,30,1.0,True,0.7,0.95,0.1,730.0
A-n38-k5,acs_cl15_ls2opt_fixed_q0sched,22,855.5736739903235,17.201873149359386,0.14009008300490677,True,87a65c0,5,15,best,30,1.0,True,0.7,0.95,0.1,730.0
A-n38-k5,acs_cl15_ls2opt_fixed_q0sched,23,874.3848316384131,19.77874406005658,0.11250358400866389,True,87a65c0,5,15,best,30,1.0,True,0.7,0.95,0.1,730.0
A-n38-k5,acs_cl15_ls2opt_fixed_q0sched,24,824.4625504618285,12.940075405729937,0.11298225005157292,True,87a65c0,5,15,best,30,1.0,True,0.7,0.95,0.1,730.0
A-n38-k5,acs_cl15_ls2opt_fixed_q0sched,25,872.0843484085722,19.463609371037283,0.11742216697894037,True,87a65c0,5,15,best,30,1.0,True,0.7,0.95,0.1,730.0
A-n38-k5,acs_cl15_ls2opt_fixed_q0sched,26,861.6232313780278,18.03057964082572,0.1149609589483589,True,87a65c0,5,15,best,30,1.0,True,0.7,0.95,0.1,730.0
A-n38-k5,acs_cl15_ls2opt_fixed_q0sched,27,808.030978993506,10.68917520458986,0.1135367089882493,True,87a65c0,5,15,best,30,1.0,True,0.7,0.95,0.1,730.0
A-n38-k5,acs_cl15_ls2opt_fixed_q0sched,28,909.6271025580372,24.606452405210575,0.11234829109162092,True,87a65c0,5,15,best,30,1.0,True,0.7,0.95,0.1,730.0
A-n38-k5,acs_cl15_ls2opt_fixed_q0sched,29,879.3326556681495,20.456528173719114,0.11268220818601549,True,87a65c0,5,15,best,30,1.0,True,0.7,0.95,0.1,730.0
A-n38-k5,acs_clsqrtn_2opt_q0sched,0,876.5221190152647,20.07152315277599,0.1041954169049859,True,87a65c0,5,15,best,30,1.0,True,0.7,0.95,0.1,730.0
A-n38-k5,acs_clsqrtn_2opt_q0sched,1,896.8534118308035,22.85663175764431,0.13006887515075505,True,87a65c0,5,15,best,30,1.0,True,0.7,0.95,0.1,730.0
A-n38-k5,acs_clsqrtn_2opt_q0sched,2,887.5119265426572,21.576976238720164,0.10541537497192621,True,87a65c0,5,15,best,30,1.0,True,0.7,0.95,0.1,730.0
A-n38-k5,acs_clsqrtn_2opt_q0sched,3,872.2187146202727,19.482015701407228,0.10397687507793307,True,87a65c0,5,15,best,30,1.0,True,0.7,0.95,0.1,730.0
A-n38-k5,acs_clsqrtn_2opt_q0sched,4,898.3727696325236,23.0647629633594,0.10488837491720915,True,87a65c0,5,15,best,30,1.0,True,0.7,0.95,0.1,730.0
A-n38-k5,acs_clsqrtn_2opt_q0sched,5,874.9374957902882,19.854451478121664,0.10585158388130367,True,87a65c0,5,15,best,30,1.0,True,0.7,0.95,0.1,730.0
A-n38-k5,acs_clsqrtn_2opt_q0sched,6,872.2187146202727,19.482015701407228,0.1065730000846088,True,87a65c0,5,15,best,30,1.0,True,0.7,0.95,0.1,730.0
A-n38-k5,acs_clsqrtn_2opt_q0sched,7,905.1613956742681,23.994711736201108,0.10340783302672207,True,87a65c0,5,15,best,30,1.0,True,0.7,0.95,0.1,730.0
A-n38-k5,acs_clsqrtn_2opt_q0sched,8,786.3190362762668,7.714936476200937,0.10310866707004607,True,87a65c0,5,15,best,30,1.0,True,0.7,0.95,0.1,730.0
A-n38-k5,acs_clsqrtn_2opt_q0sched,9,904.8167285886856,23.947497066943228,0.10416779201477766,True,87a65c0,5,15,best,30,1.0,True,0.7,0.95,0.1,730.0
A-n38-k5,acs_clsqrtn_2opt_q0sched,10,862.2736158374415,18.11967340238925,0.10410987492650747,True,87a65c0,5,15,best,30,1.0,True,0.7,0.95,0.1,730.0
A-n38-k5,acs_clsqrtn_2opt_q0sched,11,901.5142481405758,23.49510248501038,0.1275154589675367,True,87a65c0,5,15,best,30,1.0,True,0.7,0.95,0.1,730.0
A-n38-k5,acs_clsqrtn_2opt_q0sched,12,885.8614817161128,21.350887906316828,0.10352745815180242,True,87a65c0,5,15,best,30,1.0,True,0.7,0.95,0.1,730.0
A-n38-k5,acs_clsqrtn_2opt_q0sched,13,852.3298223116016,16.757509905698846,0.10397004196420312,True,87a65c0,5,15,best,30,1.0,True,0.7,0.95,0.1,730.0
A-n38-k5,acs_clsqrtn_2opt_q0sched,14,870.0521995228872,19.185232811354417,0.10338816698640585,True,87a65c0,5,15,best,30,1.0,True,0.7,0.95,0.1,730.0
A-n38-k5,acs_clsqrtn_2opt_q0sched,15,896.8702812120607,22.85894263178914,0.10418925015255809,True,87a65c0,5,15,best,30,1.0,True,0.7,0.95,0.1,730.0
A-n38-k5,acs_clsqrtn_2opt_q0sched,16,892.1450646705889,22.21165269460122,0.10326520795933902,True,87a65c0,5,15,best,30,1.0,True,0.7,0.95,0.1,730.0
A-n38-k5,acs_clsqrtn_2opt_q0sched,17,900.2282939358697,23.318944374776674,0.10404470912180841,True,87a65c0,5,15,best,30,1.0,True,0.7,0.95,0.1,730.0
A-n38-k5,acs_clsqrtn_2opt_q0sched,18,852.3298223116016,16.757509905698846,0.10410175006836653,True,87a65c0,5,15,best,30,1.0,True,0.7,0.95,0.1,730.0
A-n38-k5,acs_clsqrtn_2opt_q0sched,19,829.1310128539881,13.579590801916176,0.1040480830706656,True,87a65c0,5,15,best,30,1.0,True,0.7,0.95,0.1,730.0
A-n38-k5,acs_clsqrtn_2opt_q0sched,20,843.5070305108758,15.548908289161064,0.10397783294320107,True,87a65c0,5,15,best,30,1.0,True,0.7,0.95,0.1,730.0
A-n38-k5,acs_clsqrtn_2opt_q0sched,21,879.7438557287121,20.512856949138644,0.10357683291658759,True,87a65c0,5,15,best,30,1.0,True,0.7,0.95,0.1,730.0
A-n38-k5,acs_clsqrtn_2opt_q0sched,22,874.9374957902882,19.854451478121664,0.10372145916335285,True,87a65c0,5,15,best,30,1.0,True,0.7,0.95,0.1,730.0
A-n38-k5,acs_clsqrtn_2opt_q0sched,23,910.5103316819136,24.72744269615255,0.12611741689033806,True,87a65c0,5,15,best,30,1.0,True,0.7,0.95,0.1,730.0
A-n38-k5,acs_clsqrtn_2opt_q0sched,24,905.1013966437469,23.986492690924226,0.10385466599836946,True,87a65c0,5,15,best,30,1.0,True,0.7,0.95,0.1,730.0
A-n38-k5,acs_clsqrtn_2opt_q0sched,25,861.9366768742289,18.07351738003135,0.10318491701036692,True,87a65c0,5,15,best,30,1.0,True,0.7,0.95,0.1,730.0
A-n38-k5,acs_clsqrtn_2opt_q0sched,26,872.0533124132868,19.459357864833805,0.10312979109585285,True,87a65c0,5,15,best,30,1.0,True,0.7,0.95,0.1,730.0
A-n38-k5,acs_clsqrtn_2opt_q0sched,27,908.7855291729978,24.491168379862714,0.10342424991540611,True,87a65c0,5,15,best,30,1.0,True,0.7,0.95,0.1,730.0
A-n38-k5,acs_clsqrtn_2opt_q0sched,28,901.5142481405758,23.49510248501038,0.10273958300240338,True,87a65c0,5,15,best,30,1.0,True,0.7,0.95,0.1,730.0
A-n38-k5,acs_clsqrtn_2opt_q0sched,29,865.5942911007128,18.574560424755177,0.10384316695854068,True,87a65c0,5,15,best,30,1.0,True,0.7,0.95,0.1,730.0
A-n38-k5,acs_nocl_2opt_q0sched,0,859.7184832643917,17.769655241697492,0.13791458285413682,True,87a65c0,5,0,best,30,1.0,True,0.7,0.95,0.1,730.0
A-n38-k5,acs_nocl_2opt_q0sched,1,859.7888278848224,17.779291491071554,0.1376198751386255,True,87a65c0,5,0,best,30,1.0,True,0.7,0.95,0.1,730.0
A-n38-k5,acs_nocl_2opt_q0sched,2,847.312340806688,16.07018367214904,0.13702591694891453,True,87a65c0,5,0,best,30,1.0,True,0.7,0.95,0.1,730.0
A-n38-k5,acs_nocl_2opt_q0sched,3,844.0377227954548,15.621605862391066,0.13734329189173877,True,87a65c0,5,0,best,30,1.0,True,0.7,0.95,0.1,730.0
A-n38-k5,acs_nocl_2opt_q0sched,4,849.6379396627782,16.38875885791482,0.13749416708014905,True,87a65c0,5,0,best,30,1.0,True,0.7,0.95,0.1,730.0
A-n38-k5,acs_nocl_2opt_q0sched,5,889.0188983953362,21.783410739087156,0.14008575002662838,True,87a65c0,5,0,best,30,1.0,True,0.7,0.95,0.1,730.0
A-n38-k5,acs_nocl_2opt_q0sched,6,849.1018066156315,16.315315974744042,0.13777120900340378,True,87a65c0,5,0,best,30,1.0,True,0.7,0.95,0.1,730.0
A-n38-k5,acs_nocl_2opt_q0sched,7,826.243271152257,13.184009746884515,0.1388830419164151,True,87a65c0,5,0,best,30,1.0,True,0.7,0.95,0.1,730.0
A-n38-k5,acs_nocl_2opt_q0sched,8,811.5826283458879,11.175702513135327,0.138909624889493,True,87a65c0,5,0,best,30,1.0,True,0.7,0.95,0.1,730.0
A-n38-k5,acs_nocl_2opt_q0sched,9,870.1025365878209,19.192128299701487,0.16513550002127886,True,87a65c0,5,0,best,30,1.0,True,0.7,0.95,0.1,730.0
A-n38-k5,acs_nocl_2opt_q0sched,10,818.7748071572327,12.160932487292145,0.13781191711314023,True,87a65c0,5,0,best,30,1.0,True,0.7,0.95,0.1,730.0
A-n38-k5,acs_nocl_2opt_q0sched,11,844.0377227954548,15.621605862391066,0.13718375004827976,True,87a65c0,5,0,best,30,1.0,True,0.7,0.95,0.1,730.0
A-n38-k5,acs_nocl_2opt_q0sched,12,839.8933498555245,15.053883541852677,0.1375932910013944,True,87a65c0,5,0,best,30,1.0,True,0.7,0.95,0.1,730.0
A-n38-k5,acs_nocl_2opt_q0sched,13,845.4965587612368,15.821446405648873,0.13806079188361764,True,87a65c0,5,0,best,30,1.0,True,0.7,0.95,0.1,730.0
A-n38-k5,acs_nocl_2opt_q0sched,14,841.3712545609994,15.256336241232798,0.13808474992401898,True,87a65c0,5,0,best,30,1.0,True,0.7,0.95,0.1,730.0
A-n38-k5,acs_nocl_2opt_q0sched,15,842.9041821826087,15.466326326384749,0.1446501249447465,True,87a65c0,5,0,best,30,1.0,True,0.7,0.95,0.1,730.0
A-n38-k5,acs_nocl_2opt_q0sched,16,856.1646132461669,17.282823732351634,0.13749291584827006,True,87a65c0,5,0,best,30,1.0,True,0.7,0.95,0.1,730.0
A-n38-k5,acs_nocl_2opt_q0sched,17,852.8533251554641,16.829222624036174,0.13806279096752405,True,87a65c0,5,0,best,30,1.0,True,0.7,0.95,0.1,730.0
A-n38-k5,acs_nocl_2opt_q0sched,18,848.5646638392559,16.241734772500806,0.13864766713231802,True,87a65c0,5,0,best,30,1.0,True,0.7,0.95,0.1,730.0
A-n38-k5,acs_nocl_2opt_q0sched,19,841.0445536403798,15.211582690462992,0.13849383289925754,True,87a65c0,5,0,best,30,1.0,True,0.7,0.95,0.1,730.0
A-n38-k5,acs_nocl_2opt_q0sched,20,848.4270749163722,16.222886974845512,0.16324324999004602,True,87a65c0,5,0,best,30,1.0,True,0.7,0.95,0.1,730.0
A-n38-k5,acs_nocl_2opt_q0sched,21,811.5292094167862,11.168384851614551,0.13818087498657405,True,87a65c0,5,0,best,30,1.0,True,0.7,0.95,0.1,730.0
A-n38-k5,acs_nocl_2opt_q0sched,22,844.0377227954548,15.621605862391066,0.13858008314855397,True,87a65c0,5,0,best,30,1.0,True,0.7,0.95,0.1,730.0
A-n38-k5,acs_nocl_2opt_q0sched,23,847.343941514998,16.074512536301103,0.13702412508428097,True,87a65c0,5,0,best,30,1.0,True,0.7,0.95,0.1,730.0
A-n38-k5,acs_nocl_2opt_q0sched,24,855.6778129493107,17.216138760179547,0.13803074997849762,True,87a65c0,5,0,best,30,1.0,True,0.7,0.95,0.1,730.0
A-n38-k5,acs_nocl_2opt_q0sched,25,841.9778678598881,15.339433953409326,0.14228320820257068,True,87a65c0,5,0,best,30,1.0,True,0.7,0.95,0.1,730.0
A-n38-k5,acs_nocl_2opt_q0sched,26,830.6433489552692,13.786760130858791,0.13994287489913404,True,87a65c0,5,0,best,30,1.0,True,0.7,0.95,0.1,730.0
A-n38-k5,acs_nocl_2opt_q0sched,27,848.5646638392559,16.241734772500806,0.13789091701619327,True,87a65c0,5,0,best,30,1.0,True,0.7,0.95,0.1,730.0
A-n38-k5,acs_nocl_2opt_q0sched,28,833.8657212677783,14.228180995586074,0.13692816719412804,True,87a65c0,5,0,best,30,1.0,True,0.7,0.95,0.1,730.0
A-n38-k5,acs_nocl_2opt_q0sched,29,858.7061038026359,17.63097312364875,0.13901304104365408,True,87a65c0,5,0,best,30,1.0,True,0.7,0.95,0.1,730.0
A-n38-k5,acs_nocl_none,0,917.4925051748733,25.68390481847579,0.12064479198306799,True,87a65c0,5,0,none,0,0.0,False,0.7,0.95,0.1,730.0
A-n38-k5,acs_nocl_none,1,928.1198217245255,27.139701606099386,0.12178445816971362,True,87a65c0,5,0,none,0,0.0,False,0.7,0.95,0.1,730.0
A-n38-k5,acs_nocl_none,2,914.3621858931656,25.25509395796789,0.12148108310066164,True,87a65c0,5,0,none,0,0.0,False,0.7,0.95,0.1,730.0
A-n38-k5,acs_nocl_none,3,926.1695326502158,26.87253871920765,0.12304454203695059,True,87a65c0,5,0,none,0,0.0,False,0.7,0.95,0.1,730.0
A-n38-k5,acs_nocl_none,4,863.8181357683438,18.331251475115597,0.12815541704185307,True,87a65c0,5,0,none,0,0.0,False,0.7,0.95,0.1,730.0
A-n38-k5,acs_nocl_none,5,930.5775932635174,27.476382638838004,0.12167837494052947,True,87a65c0,5,0,none,0,0.0,False,0.7,0.95,0.1,730.0
A-n38-k5,acs_nocl_none,6,876.9589800455259,20.131367129524094,0.12027041707187891,True,87a65c0,5,0,none,0,0.0,False,0.7,0.95,0.1,730.0
A-n38-k5,acs_nocl_none,7,873.5316353869723,19.661867861229084,0.12134891701862216,True,87a65c0,5,0,none,0,0.0,False,0.7,0.95,0.1,730.0
A-n38-k5,acs_nocl_none,8,894.1768548228391,22.489980112717685,0.14425637503154576,True,87a65c0,5,0,none,0,0.0,False,0.7,0.95,0.1,730.0
A-n38-k5,acs_nocl_none,9,940.7808603121206,28.874090453715144,0.1206525000743568,True,87a65c0,5,0,none,0,0.0,False,0.7,0.95,0.1,730.0
A-n38-k5,acs_nocl_none,10,944.1072883788917,29.329765531355022,0.12111562490463257,True,87a65c0,5,0,none,0,0.0,False,0.7,0.95,0.1,730.0
A-n38-k5,acs_nocl_none,11,932.6818411571447,27.764635774951334,0.12140783295035362,True,87a65c0,5,0,none,0,0.0,False,0.7,0.95,0.1,730.0
A-n38-k5,acs_nocl_none,12,893.4512086957384,22.39057653366279,0.12052970891818404,True,87a65c0,5,0,none,0,0.0,False,0.7,0.95,0.1,730.0
A-n38-k5,acs_nocl_none,13,890.6797662184869,22.010926879244774,0.12118929205462337,True,87a65c0,5,0,none,0,0.0,False,0.7,0.95,0.1,730.0
A-n38-k5,acs_nocl_none,14,935.4401178636963,28.142481899136477,0.12115254206582904,True,87a65c0,5,0,none,0,0.0,False,0.7,0.95,0.1,730.0
A-n38-k5,acs_nocl_none,15,918.4312116251242,25.8124947431677,0.12053058296442032,True,87a65c0,5,0,none,0,0.0,False,0.7,0.95,0.1,730.0
A-n38-k5,acs_nocl_none,16,919.1156013103397,25.90624675484105,0.12089854199439287,True,87a65c0,5,0,none,0,0.0,False,0.7,0.95,0.1,730.0
A-n38-k5,acs_nocl_none,17,918.6181147709451,25.838097913828094,0.12110058404505253,True,87a65c0,5,0,none,0,0.0,False,0.7,0.95,0.1,730.0
A-n38-k5,acs_nocl_none,18,863.8181357683438,18.331251475115597,0.12092499993741512,True,87a65c0,5,0,none,0,0.0,False,0.7,0.95,0.1,730.0
A-n38-k5,acs_nocl_none,19,881.5135783383307,20.755284703880918,0.14815304218791425,True,87a65c0,5,0,none,0,0.0,False,0.7,0.95,0.1,730.0
A-n38-k5,acs_nocl_none,20,894.7604469578404,22.569924240800052,0.12107129208743572,True,87a65c0,5,0,none,0,0.0,False,0.7,0.95,0.1,730.0
A-n38-k5,acs_nocl_none,21,900.727480766767,23.387326132433838,0.12086224998347461,True,87a65c0,5,0,none,0,0.0,False,0.7,0.95,0.1,730.0
A-n38-k5,acs_nocl_none,22,913.1545251502474,25.08966097948595,0.12123962515033782,True,87a65c0,5,0,none,0,0.0,False,0.7,0.95,0.1,730.0
A-n38-k5,acs_nocl_none,23,924.0518795117283,26.58244924818196,0.12059304094873369,True,87a65c0,5,0,none,0,0.0,False,0.7,0.95,0.1,730.0
A-n38-k5,acs_nocl_none,24,892.3481554380353,22.239473347676068,0.12107500014826655,True,87a65c0,5,0,none,0,0.0,False,0.7,0.95,0.1,730.0
A-n38-k5,acs_nocl_none,25,846.7081961203104,15.987424126069916,0.1237672078423202,True,87a65c0,5,0,none,0,0.0,False,0.7,0.95,0.1,730.0
A-n38-k5,acs_nocl_none,26,939.7070202444879,28.72698907458739,0.19665275001898408,True,87a65c0,5,0,none,0,0.0,False,0.7,0.95,0.1,730.0
A-n38-k5,acs_nocl_none,27,907.4823303822502,24.312647997568522,0.12154787499457598,True,87a65c0,5,0,none,0,0.0,False,0.7,0.95,0.1,730.0
A-n38-k5,acs_nocl_none,28,902.5596047032194,23.638302014139644,0.12091691698879004,True,87a65c0,5,0,none,0,0.0,False,0.7,0.95,0.1,730.0
A-n38-k5,acs_nocl_none,29,952.3917574943907,30.4646243143001,0.14608341688290238,True,87a65c0,5,0,none,0,0.0,False,0.7,0.95,0.1,730.0
A-n39-k5,acs_baseline,0,975.1257884754368,18.628441420369445,0.12869849987328053,True,87a65c0,5,0,none,0,0.0,False,0.7,0.95,0.1,822.0
A-n39-k5,acs_baseline,1,974.4629340220579,18.547802192464463,0.15117329102940857,True,87a65c0,5,0,none,0,0.0,False,0.7,0.95,0.1,822.0
A-n39-k5,acs_baseline,2,912.3678699269146,10.993658141960418,0.13170741614885628,True,87a65c0,5,0,none,0,0.0,False,0.7,0.95,0.1,822.0
A-n39-k5,acs_baseline,3,981.0730963837248,19.351958197533424,0.13903079088777304,True,87a65c0,5,0,none,0,0.0,False,0.7,0.95,0.1,822.0
A-n39-k5,acs_baseline,4,954.237840479946,16.08732852554088,0.13035779097117484,True,87a65c0,5,0,none,0,0.0,False,0.7,0.95,0.1,822.0
A-n39-k5,acs_baseline,5,981.0505198291742,19.349211658050386,0.12835820904001594,True,87a65c0,5,0,none,0,0.0,False,0.7,0.95,0.1,822.0
A-n39-k5,acs_baseline,6,979.4276894755006,19.15178704081516,0.1282062081154436,True,87a65c0,5,0,none,0,0.0,False,0.7,0.95,0.1,822.0
A-n39-k5,acs_baseline,7,951.3975608899325,15.741795728702249,0.13015095796436071,True,87a65c0,5,0,none,0,0.0,False,0.7,0.95,0.1,822.0
A-n39-k5,acs_baseline,8,960.8757435878385,16.8948593172553,0.12884404207579792,True,87a65c0,5,0,none,0,0.0,False,0.7,0.95,0.1,822.0
A-n39-k5,acs_baseline,9,971.4831360492221,18.18529635635306,0.12856433307752013,True,87a65c0,5,0,none,0,0.0,False,0.7,0.95,0.1,822.0
A-n39-k5,acs_baseline,10,981.0505198291742,19.349211658050386,0.12866899999789894,True,87a65c0,5,0,none,0,0.0,False,0.7,0.95,0.1,822.0
A-n39-k5,acs_baseline,11,946.4197032084337,15.136216935332566,0.13212454202584922,True,87a65c0,5,0,none,0,0.0,False,0.7,0.95,0.1,822.0
A-n39-k5,acs_baseline,12,961.8030995960601,17.007676349885653,0.14957504090853035,True,87a65c0,5,0,none,0,0.0,False,0.7,0.95,0.1,822.0
A-n39-k5,acs_baseline,13,968.6370748849477,17.839060204981465,0.1287094159051776,True,87a65c0,5,0,none,0,0.0,False,0.7,0.95,0.1,822.0
A-n39-k5,acs_baseline,14,984.1177373894093,19.722352480463417,0.12871991703286767,True,87a65c0,5,0,none,0,0.0,False,0.7,0.95,0.1,822.0
A-n39-k5,acs_baseline,15,927.5055530393875,12.835225430582414,0.1291359169408679,True,87a65c0,5,0,none,0,0.0,False,0.7,0.95,0.1,822.0
A-n39-k5,acs_baseline,16,969.1888762699152,17.906189327240295,0.13360608299262822,True,87a65c0,5,0,none,0,0.0,False,0.7,0.95,0.1,822.0
A-n39-k5,acs_baseline,17,979.3406252812644,19.141195289691527,0.12889791605994105,True,87a65c0,5,0,none,0,0.0,False,0.7,0.95,0.1,822.0
A-n39-k5,acs_baseline,18,970.6449811230466,18.08333103686698,0.14847912499681115,True,87a65c0,5,0,none,0,0.0,False,0.7,0.95,0.1,822.0
A-n39-k5,acs_baseline,19,920.8403124222768,12.024368907819568,0.13276549987494946,True,87a65c0,5,0,none,0,0.0,False,0.7,0.95,0.1,822.0
A-n39-k5,acs_baseline,20,979.7946201314851,19.19642580675001,0.1286194589920342,True,87a65c0,5,0,none,0,0.0,False,0.7,0.95,0.1,822.0
A-n39-k5,acs_baseline,21,964.8389006784992,17.376995216362427,0.1279905829578638,True,87a65c0,5,0,none,0,0.0,False,0.7,0.95,0.1,822.0
A-n39-k5,acs_baseline,22,951.3975608899325,15.741795728702249,0.15623283409513533,True,87a65c0,5,0,none,0,0.0,False,0.7,0.95,0.1,822.0
A-n39-k5,acs_baseline,23,960.8757435878385,16.8948593172553,0.1279697499703616,True,87a65c0,5,0,none,0,0.0,False,0.7,0.95,0.1,822.0
A-n39-k5,acs_baseline,24,987.7103017351935,20.159404104038142,0.1290196250192821,True,87a65c0,5,0,none,0,0.0,False,0.7,0.95,0.1,822.0
A-n39-k5,acs_baseline,25,979.8460212827745,19.202678988172078,0.13040449982509017,True,87a65c0,5,0,none,0,0.0,False,0.7,0.95,0.1,822.0
A-n39-k5,acs_baseline,26,962.5356346808236,17.096792540246177,0.12837675004266202,True,87a65c0,5,0,none,0,0.0,False,0.7,0.95,0.1,822.0
A-n39-k5,acs_baseline,27,962.3700641041555,17.07665013432549,0.12860162509605289,True,87a65c0,5,0,none,0,0.0,False,0.7,0.95,0.1,822.0
A-n39-k5,acs_baseline,28,992.3723112209167,20.726558542690597,0.12827583402395248,True,87a65c0,5,0,none,0,0.0,False,0.7,0.95,0.1,822.0
A-n39-k5,acs_baseline,29,993.1433897470765,20.82036371618936,0.1290852501988411,True,87a65c0,5,0,none,0,0.0,False,0.7,0.95,0.1,822.0
A-n39-k5,acs_cl15,0,974.9045271947917,18.601523989634032,0.10055145784281194,True,87a65c0,5,15,none,0,0.0,False,0.7,0.95,0.1,822.0
A-n39-k5,acs_cl15,1,965.5249856259478,17.46046053843647,0.10090016713365912,True,87a65c0,5,15,none,0,0.0,False,0.7,0.95,0.1,822.0
A-n39-k5,acs_cl15,2,983.1794442136827,19.60820489217551,0.12667641695588827,True,87a65c0,5,15,none,0,0.0,False,0.7,0.95,0.1,822.0
A-n39-k5,acs_cl15,3,984.3529397722759,19.750965909036,0.10070904111489654,True,87a65c0,5,15,none,0,0.0,False,0.7,0.95,0.1,822.0
A-n39-k5,acs_cl15,4,979.4276894755006,19.15178704081516,0.10094429203309119,True,87a65c0,5,15,none,0,0.0,False,0.7,0.95,0.1,822.0
A-n39-k5,acs_cl15,5,966.9785518472435,17.637293412073415,0.10071183415129781,True,87a65c0,5,15,none,0,0.0,False,0.7,0.95,0.1,822.0
A-n39-k5,acs_cl15,6,984.2185727501774,19.73461955598265,0.10020512505434453,True,87a65c0,5,15,none,0,0.0,False,0.7,0.95,0.1,822.0
A-n39-k5,acs_cl15,7,970.6674112304604,18.08605976039664,0.10076770884916186,True,87a65c0,5,15,none,0,0.0,False,0.7,0.95,0.1,822.0
A-n39-k5,acs_cl15,8,957.7671775874594,16.516688270980463,0.10417441697791219,True,87a65c0,5,15,none,0,0.0,False,0.7,0.95,0.1,822.0
A-n39-k5,acs_cl15,9,974.0060252584246,18.49221718472319,0.10387091711163521,True,87a65c0,5,15,none,0,0.0,False,0.7,0.95,0.1,822.0
A-n39-k5,acs_cl15,10,957.7694136714063,16.516960300657697,0.10088820802047849,True,87a65c0,5,15,none,0,0.0,False,0.7,0.95,0.1,822.0
A-n39-k5,acs_cl15,11,962.7619439832047,17.124324085548015,0.1004324578680098,True,87a65c0,5,15,none,0,0.0,False,0.7,0.95,0.1,822.0
A-n39-k5,acs_cl15,12,966.2924076144286,17.553820877667714,0.10025524999946356,True,87a65c0,5,15,none,0,0.0,False,0.7,0.95,0.1,822.0
A-n39-k5,acs_cl15,13,1005.4951789751071,22.323014473857317,0.10015816614031792,True,87a65c0,5,15,none,0,0.0,False,0.7,0.95,0.1,822.0
A-n39-k5,acs_cl15,14,972.1865244874712,18.27086672596973,0.12680916604585946,True,87a65c0,5,15,none,0,0.0,False,0.7,0.95,0.1,822.0
A-n39-k5,acs_cl15,15,979.4276894755006,19.15178704081516,0.10079166712239385,True,87a65c0,5,15,none,0,0.0,False,0.7,0.95,0.1,822.0
A-n39-k5,acs_cl15,16,977.7362000633656,18.946009740068803,0.10034329094924033,True,87a65c0,5,15,none,0,0.0,False,0.7,0.95,0.1,822.0
A-n39-k5,acs_cl15,17,974.9045271947917,18.601523989634032,0.10066445800475776,True,87a65c0,5,15,none,0,0.0,False,0.7,0.95,0.1,822.0
A-n39-k5,acs_cl15,18,974.7668453446579,18.584774372829425,0.10066175018437207,True,87a65c0,5,15,none,0,0.0,False,0.7,0.95,0.1,822.0
A-n39-k5,acs_cl15,19,986.8488224380812,20.054601269839566,0.102937167044729,True,87a65c0,5,15,none,0,0.0,False,0.7,0.95,0.1,822.0
A-n39-k5,acs_cl15,20,969.7941557261951,17.97982429759064,0.10097129107452929,True,87a65c0,5,15,none,0,0.0,False,0.7,0.95,0.1,822.0
A-n39-k5,acs_cl15,21,967.7271670469463,17.728365820796387,0.1011808339972049,True,87a65c0,5,15,none,0,0.0,False,0.7,0.95,0.1,822.0
A-n39-k5,acs_cl15,22,965.50430723507,17.45794491910827,0.10400237492285669,True,87a65c0,5,15,none,0,0.0,False,0.7,0.95,0.1,822.0
A-n39-k5,acs_cl15,23,973.4302299477768,18.422169093403497,0.10446712514385581,True,87a65c0,5,15,none,0,0.0,False,0.7,0.95,0.1,822.0
A-n39-k5,acs_cl15,24,964.127039965902,17.290394156435767,0.125216499902308,True,87a65c0,5,15,none,0,0.0,False,0.7,0.95,0.1,822.0
A-n39-k5,acs_cl15,25,960.6097325449234,16.862497876511366,0.10520054097287357,True,87a65c0,5,15,none,0,0.0,False,0.7,0.95,0.1,822.0
A-n39-k5,acs_cl15,26,974.0060252584246,18.49221718472319,0.1022642080206424,True,87a65c0,5,15,none,0,0.0,False,0.7,0.95,0.1,822.0
A-n39-k5,acs_cl15,27,971.9856174112646,18.246425475822942,0.10119408392347395,True,87a65c0,5,15,none,0,0.0,False,0.7,0.95,0.1,822.0
A-n39-k5,acs_cl15,28,976.5383583292388,18.80028690136725,0.10082387505099177,True,87a65c0,5,15,none,0,0.0,False,0.7,0.95,0.1,822.0
A-n39-k5,acs_cl15,29,972.4694184041143,18.305282044296145,0.10649104206822813,True,87a65c0,5,15,none,0,0.0,False,0.7,0.95,0.1,822.0
A-n39-k5,acs_cl15_ls2opt_fixed,0,908.2662426865325,10.49467672585553,0.11816937499679625,True,87a65c0,5,15,best,30,1.0,False,0.7,0.95,0.1,822.0
A-n39-k5,acs_cl15_ls2opt_fixed,1,916.8576226498392,11.53985677005343,0.11723299999721348,True,87a65c0,5,15,best,30,1.0,False,0.7,0.95,0.1,822.0
A-n39-k5,acs_cl15_ls2opt_fixed,2,913.4695632408246,11.127684092557741,0.12005883292295039,True,87a65c0,5,15,best,30,1.0,False,0.7,0.95,0.1,822.0
A-n39-k5,acs_cl15_ls2opt_fixed,3,921.5680695552041,12.11290383883262,0.11741499998606741,True,87a65c0,5,15,best,30,1.0,False,0.7,0.95,0.1,822.0
A-n39-k5,acs_cl15_ls2opt_fixed,4,867.329569394823,5.514546155087958,0.13108116714283824,True,87a65c0,5,15,best,30,1.0,False,0.7,0.95,0.1,822.0
A-n39-k5,acs_cl15_ls2opt_fixed,5,921.5680695552041,12.11290383883262,0.12166974996216595,True,87a65c0,5,15,best,30,1.0,False,0.7,0.95,0.1,822.0
A-n39-k5,acs_cl15_ls2opt_fixed,6,916.8576226498392,11.53985677005343,0.14236091589555144,True,87a65c0,5,15,best,30,1.0,False,0.7,0.95,0.1,822.0
A-n39-k5,acs_cl15_ls2opt_fixed,7,904.0793357997857,9.985320656908232,0.11694099986925721,True,87a65c0,5,15,best,30,1.0,False,0.7,0.95,0.1,822.0
A-n39-k5,acs_cl15_ls2opt_fixed,8,899.3551488410874,9.410602048794086,0.11510575003921986,True,87a65c0,5,15,best,30,1.0,False,0.7,0.95,0.1,822.0
A-n39-k5,acs_cl15_ls2opt_fixed,9,921.5680695552041,12.11290383883262,0.11664304207079113,True,87a65c0,5,15,best,30,1.0,False,0.7,0.95,0.1,822.0
A-n39-k5,acs_cl15_ls2opt_fixed,10,901.7710586413814,9.704508350533017,0.11645524995401502,True,87a65c0,5,15,best,30,1.0,False,0.7,0.95,0.1,822.0
A-n39-k5,acs_cl15_ls2opt_fixed,11,908.2662426865325,10.49467672585553,0.11670683301053941,True,87a65c0,5,15,best,30,1.0,False,0.7,0.95,0.1,822.0
A-n39-k5,acs_cl15_ls2opt_fixed,12,916.8576226498392,11.53985677005343,0.11571954190731049,True,87a65c0,5,15,best,30,1.0,False,0.7,0.95,0.1,822.0
A-n39-k5,acs_cl15_ls2opt_fixed,13,916.8576226498392,11.53985677005343,0.11790037504397333,True,87a65c0,5,15,best,30,1.0,False,0.7,0.95,0.1,822.0
A-n39-k5,acs_cl15_ls2opt_fixed,14,908.2662426865325,10.49467672585553,0.11669570812955499,True,87a65c0,5,15,best,30,1.0,False,0.7,0.95,0.1,822.0
A-n39-k5,acs_cl15_ls2opt_fixed,15,916.8576226498392,11.53985677005343,0.11658787494525313,True,87a65c0,5,15,best,30,1.0,False,0.7,0.95,0.1,822.0
A-n39-k5,acs_cl15_ls2opt_fixed,16,913.8354597467282,11.17219704948032,0.1432927919086069,True,87a65c0,5,15,best,30,1.0,False,0.7,0.95,0.1,822.0
A-n39-k5,acs_cl15_ls2opt_fixed,17,916.8576226498392,11.53985677005343,0.11822641594335437,True,87a65c0,5,15,best,30,1.0,False,0.7,0.95,0.1,822.0
A-n39-k5,acs_cl15_ls2opt_fixed,18,901.7710586413814,9.704508350533017,0.11690108315087855,True,87a65c0,5,15,best,30,1.0,False,0.7,0.95,0.1,822.0
A-n39-k5,acs_cl15_ls2opt_fixed,19,937.7427007582401,14.08062053019952,0.11886945809237659,True,87a65c0,5,15,best,30,1.0,False,0.7,0.95,0.1,822.0
A-n39-k5,acs_cl15_ls2opt_fixed,20,904.0793357997857,9.985320656908232,0.12392754200845957,True,87a65c0,5,15,best,30,1.0,False,0.7,0.95,0.1,822.0
A-n39-k5,acs_cl15_ls2opt_fixed,21,930.4073130786568,13.188237600809828,0.12068237480707467,True,87a65c0,5,15,best,30,1.0,False,0.7,0.95,0.1,822.0
A-n39-k5,acs_cl15_ls2opt_fixed,22,936.3896384766238,13.916014413214569,0.11894133291207254,True,87a65c0,5,15,best,30,1.0,False,0.7,0.95,0.1,822.0
A-n39-k5,acs_cl15_ls2opt_fixed,23,908.2662426865325,10.49467672585553,0.11617249995470047,True,87a65c0,5,15,best,30,1.0,False,0.7,0.95,0.1,822.0
A-n39-k5,acs_cl15_ls2opt_fixed,24,946.0742732125218,15.094193821474672,0.11706508393399417,True,87a65c0,5,15,best,30,1.0,False,0.7,0.95,0.1,822.0
A-n39-k5,acs_cl15_ls2opt_fixed,25,888.8283441383305,8.12996887327622,0.11667199991643429,True,87a65c0,5,15,best,30,1.0,False,0.7,0.95,0.1,822.0
A-n39-k5,acs_cl15_ls2opt_fixed,26,916.8576226498392,11.53985677005343,0.12287595798261464,True,87a65c0,5,15,best,30,1.0,False,0.7,0.95,0.1,822.0
A-n39-k5,acs_cl15_ls2opt_fixed,27,889.2640703034085,8.182976922555781,0.20632916688919067,True,87a65c0,5,15,best,30,1.0,False,0.7,0.95,0.1,822.0
A-n39-k5,acs_cl15_ls2opt_fixed,28,908.2662426865325,10.49467672585553,0.11630824999883771,True,87a65c0,5,15,best,30,1.0,False,0.7,0.95,0.1,822.0
A-n39-k5,acs_cl15_ls2opt_fixed,29,908.2662426865325,10.49467672585553,0.11656295810826123,True,87a65c0,5,15,best,30,1.0,False,0.7,0.95,0.1,822.0
A-n39-k5,acs_cl15_ls2opt_fixed_q0sched,0,904.3755515195464,10.021356632548228,0.12250820896588266,True,87a65c0,5,15,best,30,1.0,True,0.7,0.95,0.1,822.0
A-n39-k5,acs_cl15_ls2opt_fixed_q0sched,1,936.604748489551,13.942183514543913,0.12417491688393056,True,87a65c0,5,15,best,30,1.0,True,0.7,0.95,0.1,822.0
A-n39-k5,acs_cl15_ls2opt_fixed_q0sched,2,904.0793357997857,9.985320656908232,0.12438054196536541,True,87a65c0,5,15,best,30,1.0,True,0.7,0.95,0.1,822.0
A-n39-k5,acs_cl15_ls2opt_fixed_q0sched,3,922.9016671361244,12.275141987363064,0.1265029169153422,True,87a65c0,5,15,best,30,1.0,True,0.7,0.95,0.1,822.0
A-n39-k5,acs_cl15_ls2opt_fixed_q0sched,4,908.2662426865325,10.49467672585553,0.24932029214687645,True,87a65c0,5,15,best,30,1.0,True,0.7,0.95,0.1,822.0
A-n39-k5,acs_cl15_ls2opt_fixed_q0sched,5,938.8517735663725,14.2155442294857,0.13569954107515514,True,87a65c0,5,15,best,30,1.0,True,0.7,0.95,0.1,822.0
A-n39-k5,acs_cl15_ls2opt_fixed_q0sched,6,902.6467027907336,9.81103440276564,0.1314207911491394,True,87a65c0,5,15,best,30,1.0,True,0.7,0.95,0.1,822.0
A-n39-k5,acs_cl15_ls2opt_fixed_q0sched,7,908.2662426865325,10.49467672585553,0.15613075019791722,True,87a65c0,5,15,best,30,1.0,True,0.7,0.95,0.1,822.0
A-n39-k5,acs_cl15_ls2opt_fixed_q0sched,8,904.0793357997857,9.985320656908232,0.150809541111812,True,87a65c0,5,15,best,30,1.0,True,0.7,0.95,0.1,822.0
A-n39-k5,acs_cl15_ls2opt_fixed_q0sched,9,908.2662426865325,10.49467672585553,0.12266995781101286,True,87a65c0,5,15,best,30,1.0,True,0.7,0.95,0.1,822.0
A-n39-k5,acs_cl15_ls2opt_fixed_q0sched,10,908.2662426865325,10.49467672585553,0.12352137500420213,True,87a65c0,5,15,best,30,1.0,True,0.7,0.95,0.1,822.0
A-n39-k5,acs_cl15_ls2opt_fixed_q0sched,11,948.7576449829222,15.420638075781293,0.1253903340548277,True,87a65c0,5,15,best,30,1.0,True,0.7,0.95,0.1,822.0
A-n39-k5,acs_cl15_ls2opt_fixed_q0sched,12,904.0793357997857,9.985320656908232,0.12912258389405906,True,87a65c0,5,15,best,30,1.0,True,0.7,0.95,0.1,822.0
A-n39-k5,acs_cl15_ls2opt_fixed_q0sched,13,889.2640703034085,8.182976922555781,0.12234520795755088,True,87a65c0,5,15,best,30,1.0,True,0.7,0.95,0.1,822.0
A-n39-k5,acs_cl15_ls2opt_fixed_q0sched,14,904.0793357997857,9.985320656908232,0.12788616702891886,True,87a65c0,5,15,best,30,1.0,True,0.7,0.95,0.1,822.0
A-n39-k5,acs_cl15_ls2opt_fixed_q0sched,15,961.1813707016586,16.932040231345326,0.12282595783472061,True,87a65c0,5,15,best,30,1.0,True,0.7,0.95,0.1,822.0
A-n39-k5,acs_cl15_ls2opt_fixed_q0sched,16,889.2640703034085,8.182976922555781,0.12886429205536842,True,87a65c0,5,15,best,30,1.0,True,0.7,0.95,0.1,822.0
A-n39-k5,acs_cl15_ls2opt_fixed_q0sched,17,905.6991864316016,10.182382777567101,0.12805120809935033,True,87a65c0,5,15,best,30,1.0,True,0.7,0.95,0.1,822.0
A-n39-k5,acs_cl15_ls2opt_fixed_q0sched,18,908.2662426865325,10.49467672585553,0.14845741679891944,True,87a65c0,5,15,best,30,1.0,True,0.7,0.95,0.1,822.0
A-n39-k5,acs_cl15_ls2opt_fixed_q0sched,19,916.8576226498392,11.53985677005343,0.12333354097791016,True,87a65c0,5,15,best,30,1.0,True,0.7,0.95,0.1,822.0
A-n39-k5,acs_cl15_ls2opt_fixed_q0sched,20,904.0793357997857,9.985320656908232,0.1301489588804543,True,87a65c0,5,15,best,30,1.0,True,0.7,0.95,0.1,822.0
A-n39-k5,acs_cl15_ls2opt_fixed_q0sched,21,925.7959731574103,12.62724734275065,0.12932708393782377,True,87a65c0,5,15,best,30,1.0,True,0.7,0.95,0.1,822.0
A-n39-k5,acs_cl15_ls2opt_fixed_q0sched,22,889.2640703034085,8.182976922555781,0.12342166597954929,True,87a65c0,5,15,best,30,1.0,True,0.7,0.95,0.1,822.0
A-n39-k5,acs_cl15_ls2opt_fixed_q0sched,23,921.5680695552041,12.11290383883262,0.129023167071864,True,87a65c0,5,15,best,30,1.0,True,0.7,0.95,0.1,822.0
A-n39-k5,acs_cl15_ls2opt_fixed_q0sched,24,916.8576226498392,11.53985677005343,0.12493458297103643,True,87a65c0,5,15,best,30,1.0,True,0.7,0.95,0.1,822.0
A-n39-k5,acs_cl15_ls2opt_fixed_q0sched,25,894.507599512111,8.82087585305487,0.12315545813180506,True,87a65c0,5,15,best,30,1.0,True,0.7,0.95,0.1,822.0
A-n39-k5,acs_cl15_ls2opt_fixed_q0sched,26,936.3833528314175,13.915249736182176,0.12426804192364216,True,87a65c0,5,15,best,30,1.0,True,0.7,0.95,0.1,822.0
A-n39-k5,acs_cl15_ls2opt_fixed_q0sched,27,889.2640703034085,8.182976922555781,0.12388958409428596,True,87a65c0,5,15,best,30,1.0,True,0.7,0.95,0.1,822.0
A-n39-k5,acs_cl15_ls2opt_fixed_q0sched,28,940.8763565441243,14.461843861815607,0.12829237501136959,True,87a65c0,5,15,best,30,1.0,True,0.7,0.95,0.1,822.0
A-n39-k5,acs_cl15_ls2opt_fixed_q0sched,29,899.3372013326832,9.408418653611097,0.14554970897734165,True,87a65c0,5,15,best,30,1.0,True,0.7,0.95,0.1,822.0
A-n39-k5,acs_clsqrtn_2opt_q0sched,0,932.2932890831332,13.417675070940781,0.11382741713896394,True,87a65c0,5,15,best,30,1.0,True,0.7,0.95,0.1,822.0
A-n39-k5,acs_clsqrtn_2opt_q0sched,1,884.9526108969908,7.658468478952651,0.11306291585788131,True,87a65c0,5,15,best,30,1.0,True,0.7,0.95,0.1,822.0
A-n39-k5,acs_clsqrtn_2opt_q0sched,2,946.6958270272298,15.169808640782218,0.11520733288489282,True,87a65c0,5,15,best,30,1.0,True,0.7,0.95,0.1,822.0
A-n39-k5,acs_clsqrtn_2opt_q0sched,3,901.4045319796178,9.6599187323136,0.11284883413463831,True,87a65c0,5,15,best,30,1.0,True,0.7,0.95,0.1,822.0
A-n39-k5,acs_clsqrtn_2opt_q0sched,4,900.1632219292625,9.50890777728254,0.11403295793570578,True,87a65c0,5,15,best,30,1.0,True,0.7,0.95,0.1,822.0
A-n39-k5,acs_clsqrtn_2opt_q0sched,5,892.9514283479868,8.631560626275773,0.1159228328615427,True,87a65c0,5,15,best,30,1.0,True,0.7,0.95,0.1,822.0
A-n39-k5,acs_clsqrtn_2opt_q0sched,6,927.7885988829014,12.869659231496518,0.14550149999558926,True,87a65c0,5,15,best,30,1.0,True,0.7,0.95,0.1,822.0
A-n39-k5,acs_clsqrtn_2opt_q0sched,7,908.2662426865325,10.49467672585553,0.12469795811921358,True,87a65c0,5,15,best,30,1.0,True,0.7,0.95,0.1,822.0
A-n39-k5,acs_clsqrtn_2opt_q0sched,8,889.2188879734151,8.177480288736632,0.12675504107028246,True,87a65c0,5,15,best,30,1.0,True,0.7,0.95,0.1,822.0
A-n39-k5,acs_clsqrtn_2opt_q0sched,9,884.9526108969908,7.658468478952651,0.11821262491866946,True,87a65c0,5,15,best,30,1.0,True,0.7,0.95,0.1,822.0
A-n39-k5,acs_clsqrtn_2opt_q0sched,10,916.8576226498392,11.53985677005343,0.11862620897591114,True,87a65c0,5,15,best,30,1.0,True,0.7,0.95,0.1,822.0
A-n39-k5,acs_clsqrtn_2opt_q0sched,11,949.5897442287333,15.521866694493097,0.11881174985319376,True,87a65c0,5,15,best,30,1.0,True,0.7,0.95,0.1,822.0
A-n39-k5,acs_clsqrtn_2opt_q0sched,12,884.9526108969908,7.658468478952651,0.11297175008803606,True,87a65c0,5,15,best,30,1.0,True,0.7,0.95,0.1,822.0
A-n39-k5,acs_clsqrtn_2opt_q0sched,13,916.8576226498392,11.53985677005343,0.11952545796521008,True,87a65c0,5,15,best,30,1.0,True,0.7,0.95,0.1,822.0
A-n39-k5,acs_clsqrtn_2opt_q0sched,14,927.1515893238952,12.792164151325453,0.11756420810706913,True,87a65c0,5,15,best,30,1.0,True,0.7,0.95,0.1,822.0
A-n39-k5,acs_clsqrtn_2opt_q0sched,15,909.6632808117977,10.664632702165168,0.12032954208552837,True,87a65c0,5,15,best,30,1.0,True,0.7,0.95,0.1,822.0
A-n39-k5,acs_clsqrtn_2opt_q0sched,16,884.9526108969908,7.658468478952651,0.11545720789581537,True,87a65c0,5,15,best,30,1.0,True,0.7,0.95,0.1,822.0
A-n39-k5,acs_clsqrtn_2opt_q0sched,17,900.1632219292625,9.50890777728254,0.14622137509286404,True,87a65c0,5,15,best,30,1.0,True,0.7,0.95,0.1,822.0
A-n39-k5,acs_clsqrtn_2opt_q0sched,18,901.5088180368734,9.672605600592874,0.13022404094226658,True,87a65c0,5,15,best,30,1.0,True,0.7,0.95,0.1,822.0
A-n39-k5,acs_clsqrtn_2opt_q0sched,19,889.2640703034085,8.182976922555781,0.135776000097394,True,87a65c0,5,15,best,30,1.0,True,0.7,0.95,0.1,822.0
A-n39-k5,acs_clsqrtn_2opt_q0sched,20,899.7678763933682,9.460812213305129,0.1613142502028495,True,87a65c0,5,15,best,30,1.0,True,0.7,0.95,0.1,822.0
A-n39-k5,acs_clsqrtn_2opt_q0sched,21,916.8576226498392,11.53985677005343,0.13502124999649823,True,87a65c0,5,15,best,30,1.0,True,0.7,0.95,0.1,822.0
A-n39-k5,acs_clsqrtn_2opt_q0sched,22,901.2007122262187,9.635123141875752,0.12322583422064781,True,87a65c0,5,15,best,30,1.0,True,0.7,0.95,0.1,822.0
A-n39-k5,acs_clsqrtn_2opt_q0sched,23,889.2640703034085,8.182976922555781,0.12028287490829825,True,87a65c0,5,15,best,30,1.0,True,0.7,0.95,0.1,822.0
A-n39-k5,acs_clsqrtn_2opt_q0sched,24,916.8576226498392,11.53985677005343,0.12746774987317622,True,87a65c0,5,15,best,30,1.0,True,0.7,0.95,0.1,822.0
A-n39-k5,acs_clsqrtn_2opt_q0sched,25,912.3911743054098,10.996493224502405,0.13063633302226663,True,87a65c0,5,15,best,30,1.0,True,0.7,0.95,0.1,822.0
A-n39-k5,acs_clsqrtn_2opt_q0sched,26,910.2195547392487,10.732305929348989,0.12155991699546576,True,87a65c0,5,15,best,30,1.0,True,0.7,0.95,0.1,822.0
A-n39-k5,acs_clsqrtn_2opt_q0sched,27,884.9526108969908,7.658468478952651,0.11382108414545655,True,87a65c0,5,15,best,30,1.0,True,0.7,0.95,0.1,822.0
A-n39-k5,acs_clsqrtn_2opt_q0sched,28,899.7678763933682,9.460812213305129,0.11608175002038479,True,87a65c0,5,15,best,30,1.0,True,0.7,0.95,0.1,822.0
A-n39-k5,acs_clsqrtn_2opt_q0sched,29,923.0150864470041,12.288939957056465,0.12424845807254314,True,87a65c0,5,15,best,30,1.0,True,0.7,0.95,0.1,822.0
A-n39-k5,acs_nocl_2opt_q0sched,0,935.214094801084,13.773004233708516,0.15011400007642806,True,87a65c0,5,0,best,30,1.0,True,0.7,0.95,0.1,822.0
A-n39-k5,acs_nocl_2opt_q0sched,1,936.604748489551,13.942183514543913,0.152216040994972,True,87a65c0,5,0,best,30,1.0,True,0.7,0.95,0.1,822.0
A-n39-k5,acs_nocl_2opt_q0sched,2,927.7107544709693,12.860189108390424,0.1501768329180777,True,87a65c0,5,0,best,30,1.0,True,0.7,0.95,0.1,822.0
A-n39-k5,acs_nocl_2opt_q0sched,3,928.998648111057,13.01686716679526,0.15729687502607703,True,87a65c0,5,0,best,30,1.0,True,0.7,0.95,0.1,822.0
A-n39-k5,acs_nocl_2opt_q0sched,4,936.604748489551,13.942183514543913,0.15873008291237056,True,87a65c0,5,0,best,30,1.0,True,0.7,0.95,0.1,822.0
A-n39-k5,acs_nocl_2opt_q0sched,5,922.4202859410984,12.216579798187157,0.17959037516266108,True,87a65c0,5,0,best,30,1.0,True,0.7,0.95,0.1,822.0
A-n39-k5,acs_nocl_2opt_q0sched,6,928.1542215350066,12.914138872871852,0.14971787482500076,True,87a65c0,5,0,best,30,1.0,True,0.7,0.95,0.1,822.0
A-n39-k5,acs_nocl_2opt_q0sched,7,892.9085856100126,8.626348614356758,0.15042641712352633,True,87a65c0,5,0,best,30,1.0,True,0.7,0.95,0.1,822.0
A-n39-k5,acs_nocl_2opt_q0sched,8,889.2640703034085,8.182976922555781,0.15046437503769994,True,87a65c0,5,0,best,30,1.0,True,0.7,0.95,0.1,822.0
A-n39-k5,acs_nocl_2opt_q0sched,9,899.3551488410874,9.410602048794086,0.15185979194939137,True,87a65c0,5,0,best,30,1.0,True,0.7,0.95,0.1,822.0
A-n39-k5,acs_nocl_2opt_q0sched,10,889.0775425158681,8.160284977599527,0.16068616695702076,True,87a65c0,5,0,best,30,1.0,True,0.7,0.95,0.1,822.0
A-n39-k5,acs_nocl_2opt_q0sched,11,946.6367312518034,15.162619373698716,0.1486695830244571,True,87a65c0,5,0,best,30,1.0,True,0.7,0.95,0.1,822.0
A-n39-k5,acs_nocl_2opt_q0sched,12,943.624920493922,14.796219038190022,0.15774166700430214,True,87a65c0,5,0,best,30,1.0,True,0.7,0.95,0.1,822.0
A-n39-k5,acs_nocl_2opt_q0sched,13,936.604748489551,13.942183514543913,0.15129508404061198,True,87a65c0,5,0,best,30,1.0,True,0.7,0.95,0.1,822.0
A-n39-k5,acs_nocl_2opt_q0sched,14,901.5088180368734,9.672605600592874,0.16494570905342698,True,87a65c0,5,0,best,30,1.0,True,0.7,0.95,0.1,822.0
A-n39-k5,acs_nocl_2opt_q0sched,15,925.7959731574103,12.62724734275065,0.18482170812785625,True,87a65c0,5,0,best,30,1.0,True,0.7,0.95,0.1,822.0
A-n39-k5,acs_nocl_2opt_q0sched,16,943.6376828494127,14.797771636181597,0.15220012492500246,True,87a65c0,5,0,best,30,1.0,True,0.7,0.95,0.1,822.0
A-n39-k5,acs_nocl_2opt_q0sched,17,922.9016671361244,12.275141987363064,0.15487225004471838,True,87a65c0,5,0,best,30,1.0,True,0.7,0.95,0.1,822.0
A-n39-k5,acs_nocl_2opt_q0sched,18,917.6257620469867,11.633304385278183,0.15110945794731379,True,87a65c0,5,0,best,30,1.0,True,0.7,0.95,0.1,822.0
A-n39-k5,acs_nocl_2opt_q0sched,19,926.5452175599755,12.718396296834007,0.15239050006493926,True,87a65c0,5,0,best,30,1.0,True,0.7,0.95,0.1,822.0
A-n39-k5,acs_nocl_2opt_q0sched,20,930.4073130786568,13.188237600809828,0.15170700009912252,True,87a65c0,5,0,best,30,1.0,True,0.7,0.95,0.1,822.0
A-n39-k5,acs_nocl_2opt_q0sched,21,901.4045319796178,9.6599187323136,0.15053870808333158,True,87a65c0,5,0,best,30,1.0,True,0.7,0.95,0.1,822.0
A-n39-k5,acs_nocl_2opt_q0sched,22,908.2662426865325,10.49467672585553,0.15050791716203094,True,87a65c0,5,0,best,30,1.0,True,0.7,0.95,0.1,822.0
A-n39-k5,acs_nocl_2opt_q0sched,23,931.6198020329086,13.335742339769908,0.1497611659578979,True,87a65c0,5,0,best,30,1.0,True,0.7,0.95,0.1,822.0
A-n39-k5,acs_nocl_2opt_q0sched,24,933.4374773943737,13.55687072924254,0.14913449995219707,True,87a65c0,5,0,best,30,1.0,True,0.7,0.95,0.1,822.0
A-n39-k5,acs_nocl_2opt_q0sched,25,903.8928080122453,9.962628711951979,0.1521453750319779,True,87a65c0,5,0,best,30,1.0,True,0.7,0.95,0.1,822.0
A-n39-k5,acs_nocl_2opt_q0sched,26,911.1314634649116,10.843243730524522,0.17504187487065792,True,87a65c0,5,0,best,30,1.0,True,0.7,0.95,0.1,822.0
A-n39-k5,acs_nocl_2opt_q0sched,27,889.2640703034083,8.182976922555753,0.1569917080923915,True,87a65c0,5,0,best,30,1.0,True,0.7,0.95,0.1,822.0
A-n39-k5,acs_nocl_2opt_q0sched,28,889.2640703034083,8.182976922555753,0.1508126249536872,True,87a65c0,5,0,best,30,1.0,True,0.7,0.95,0.1,822.0
A-n39-k5,acs_nocl_2opt_q0sched,29,901.4045319796178,9.6599187323136,0.14971404103562236,True,87a65c0,5,0,best,30,1.0,True,0.7,0.95,0.1,822.0
A-n39-k5,acs_nocl_none,0,975.1257884754368,18.628441420369445,0.13072775001637638,True,87a65c0,5,0,none,0,0.0,False,0.7,0.95,0.1,822.0
A-n39-k5,acs_nocl_none,1,974.4629340220579,18.547802192464463,0.1349337080027908,True,87a65c0,5,0,none,0,0.0,False,0.7,0.95,0.1,822.0
A-n39-k5,acs_nocl_none,2,912.3678699269146,10.993658141960418,0.13014299981296062,True,87a65c0,5,0,none,0,0.0,False,0.7,0.95,0.1,822.0
A-n39-k5,acs_nocl_none,3,981.0730963837248,19.351958197533424,0.1285607919562608,True,87a65c0,5,0,none,0,0.0,False,0.7,0.95,0.1,822.0
A-n39-k5,acs_nocl_none,4,954.237840479946,16.08732852554088,0.15559554193168879,True,87a65c0,5,0,none,0,0.0,False,0.7,0.95,0.1,822.0
A-n39-k5,acs_nocl_none,5,981.0505198291742,19.349211658050386,0.1285784998908639,True,87a65c0,5,0,none,0,0.0,False,0.7,0.95,0.1,822.0
A-n39-k5,acs_nocl_none,6,979.4276894755006,19.15178704081516,0.12828608392737806,True,87a65c0,5,0,none,0,0.0,False,0.7,0.95,0.1,822.0
A-n39-k5,acs_nocl_none,7,951.3975608899325,15.741795728702249,0.1298992910888046,True,87a65c0,5,0,none,0,0.0,False,0.7,0.95,0.1,822.0
A-n39-k5,acs_nocl_none,8,960.8757435878385,16.8948593172553,0.1279967080336064,True,87a65c0,5,0,none,0,0.0,False,0.7,0.95,0.1,822.0
A-n39-k5,acs_nocl_none,9,971.4831360492221,18.18529635635306,0.12918508308939636,True,87a65c0,5,0,none,0,0.0,False,0.7,0.95,0.1,822.0
A-n39-k5,acs_nocl_none,10,981.0505198291742,19.349211658050386,0.12895137490704656,True,87a65c0,5,0,none,0,0.0,False,0.7,0.95,0.1,822.0
A-n39-k5,acs_nocl_none,11,946.4197032084337,15.136216935332566,0.12967420788481832,True,87a65c0,5,0,none,0,0.0,False,0.7,0.95,0.1,822.0
A-n39-k5,acs_nocl_none,12,961.8030995960601,17.007676349885653,0.12909666704945266,True,87a65c0,5,0,none,0,0.0,False,0.7,0.95,0.1,822.0
A-n39-k5,acs_nocl_none,13,968.6370748849477,17.839060204981465,0.12919741705991328,True,87a65c0,5,0,none,0,0.0,False,0.7,0.95,0.1,822.0
A-n39-k5,acs_nocl_none,14,984.1177373894093,19.722352480463417,0.1529916669242084,True,87a65c0,5,0,none,0,0.0,False,0.7,0.95,0.1,822.0
A-n39-k5,acs_nocl_none,15,927.5055530393875,12.835225430582414,0.13227399997413158,True,87a65c0,5,0,none,0,0.0,False,0.7,0.95,0.1,822.0
A-n39-k5,acs_nocl_none,16,969.1888762699152,17.906189327240295,0.12915937509387732,True,87a65c0,5,0,none,0,0.0,False,0.7,0.95,0.1,822.0
A-n39-k5,acs_nocl_none,17,979.3406252812644,19.141195289691527,0.12845166702754796,True,87a65c0,5,0,none,0,0.0,False,0.7,0.95,0.1,822.0
A-n39-k5,acs_nocl_none,18,970.6449811230466,18.08333103686698,0.12902424996718764,True,87a65c0,5,0,none,0,0.0,False,0.7,0.95,0.1,822.0
A-n39-k5,acs_nocl_none,19,920.8403124222768,12.024368907819568,0.12997008301317692,True,87a65c0,5,0,none,0,0.0,False,0.7,0.95,0.1,822.0
A-n39-k5,acs_nocl_none,20,979.7946201314851,19.19642580675001,0.12887187488377094,True,87a65c0,5,0,none,0,0.0,False,0.7,0.95,0.1,822.0
A-n39-k5,acs_nocl_none,21,964.8389006784992,17.376995216362427,0.13221562490798533,True,87a65c0,5,0,none,0,0.0,False,0.7,0.95,0.1,822.0
A-n39-k5,acs_nocl_none,22,951.3975608899325,15.741795728702249,0.19269341696053743,True,87a65c0,5,0,none,0,0.0,False,0.7,0.95,0.1,822.0
A-n39-k5,acs_nocl_none,23,960.8757435878385,16.8948593172553,0.12862037518061697,True,87a65c0,5,0,none,0,0.0,False,0.7,0.95,0.1,822.0
A-n39-k5,acs_nocl_none,24,987.7103017351935,20.159404104038142,0.12937987502664328,True,87a65c0,5,0,none,0,0.0,False,0.7,0.95,0.1,822.0
A-n39-k5,acs_nocl_none,25,979.8460212827745,19.202678988172078,0.15354016702622175,True,87a65c0,5,0,none,0,0.0,False,0.7,0.95,0.1,822.0
A-n39-k5,acs_nocl_none,26,962.5356346808236,17.096792540246177,0.1289232501294464,True,87a65c0,5,0,none,0,0.0,False,0.7,0.95,0.1,822.0
A-n39-k5,acs_nocl_none,27,962.3700641041555,17.07665013432549,0.12873445800505579,True,87a65c0,5,0,none,0,0.0,False,0.7,0.95,0.1,822.0
A-n39-k5,acs_nocl_none,28,992.3723112209167,20.726558542690597,0.12853254191577435,True,87a65c0,5,0,none,0,0.0,False,0.7,0.95,0.1,822.0
A-n39-k5,acs_nocl_none,29,993.1433897470765,20.82036371618936,0.1293900420423597,True,87a65c0,5,0,none,0,0.0,False,0.7,0.95,0.1,822.0
A-n39-k6,acs_baseline,0,1044.4773347684004,25.689209960096314,0.12755379197187722,True,87a65c0,6,0,none,0,0.0,False,0.7,0.95,0.1,831.0
A-n39-k6,acs_baseline,1,1058.6116498907886,27.390090239565417,0.12703616707585752,True,87a65c0,6,0,none,0,0.0,False,0.7,0.95,0.1,831.0
A-n39-k6,acs_baseline,2,1114.4833403392854,34.1135186930548,0.1271181250922382,True,87a65c0,6,0,none,0,0.0,False,0.7,0.95,0.1,831.0
A-n39-k6,acs_baseline,3,1064.3785153515844,28.08405720235673,0.12636933312751353,True,87a65c0,6,0,none,0,0.0,False,0.7,0.95,0.1,831.0
A-n39-k6,acs_baseline,4,1064.5113026676456,28.10003642209935,0.1271915000397712,True,87a65c0,6,0,none,0,0.0,False,0.7,0.95,0.1,831.0
A-n39-k6,acs_baseline,5,1074.13996086408,29.25871971890252,0.126749207964167,True,87a65c0,6,0,none,0,0.0,False,0.7,0.95,0.1,831.0
A-n39-k6,acs_baseline,6,1058.6116498907886,27.390090239565417,0.12657183385454118,True,87a65c0,6,0,none,0,0.0,False,0.7,0.95,0.1,831.0
A-n39-k6,acs_baseline,7,1064.752619135957,28.12907570829808,0.1327197498176247,True,87a65c0,6,0,none,0,0.0,False,0.7,0.95,0.1,831.0
A-n39-k6,acs_baseline,8,1065.357828086945,28.201904703603475,0.12783537502400577,True,87a65c0,6,0,none,0,0.0,False,0.7,0.95,0.1,831.0
A-n39-k6,acs_baseline,9,1082.4057400014567,30.253398315458085,0.1276097921654582,True,87a65c0,6,0,none,0,0.0,False,0.7,0.95,0.1,831.0
A-n39-k6,acs_baseline,10,1024.6817049133122,23.307064369832993,0.15424850000999868,True,87a65c0,6,0,none,0,0.0,False,0.7,0.95,0.1,831.0
A-n39-k6,acs_baseline,11,1062.8224081768922,27.896800021286662,0.126242958009243,True,87a65c0,6,0,none,0,0.0,False,0.7,0.95,0.1,831.0
A-n39-k6,acs_baseline,12,1069.508055269558,28.701330357347544,0.12682770797982812,True,87a65c0,6,0,none,0,0.0,False,0.7,0.95,0.1,831.0
A-n39-k6,acs_baseline,13,1024.6817049133122,23.307064369832993,0.12679104204289615,True,87a65c0,6,0,none,0,0.0,False,0.7,0.95,0.1,831.0
A-n39-k6,acs_baseline,14,1024.847486965389,23.327014075257395,0.12694229185581207,True,87a65c0,6,0,none,0,0.0,False,0.7,0.95,0.1,831.0
A-n39-k6,acs_baseline,15,1036.7023554463117,24.753592713154234,0.12692416715435684,True,87a65c0,6,0,none,0,0.0,False,0.7,0.95,0.1,831.0
A-n39-k6,acs_baseline,16,1044.6345130935842,25.708124319324217,0.12628116691485047,True,87a65c0,6,0,none,0,0.0,False,0.7,0.95,0.1,831.0
A-n39-k6,acs_baseline,17,1040.9447583927993,25.264110516582345,0.12685920810326934,True,87a65c0,6,0,none,0,0.0,False,0.7,0.95,0.1,831.0
A-n39-k6,acs_baseline,18,1035.1302866130266,24.564414754876843,0.12654845812357962,True,87a65c0,6,0,none,0,0.0,False,0.7,0.95,0.1,831.0
A-n39-k6,acs_baseline,19,1015.5323991008089,22.20606487374355,0.12721233302727342,True,87a65c0,6,0,none,0,0.0,False,0.7,0.95,0.1,831.0
A-n39-k6,acs_baseline,20,1076.9845133263555,29.601024467672136,0.12714683404192328,True,87a65c0,6,0,none,0,0.0,False,0.7,0.95,0.1,831.0
A-n39-k6,acs_baseline,21,1067.1453456286295,28.417009100918104,0.16246691695414484,True,87a65c0,6,0,none,0,0.0,False,0.7,0.95,0.1,831.0
A-n39-k6,acs_baseline,22,1067.0378181988212,28.404069578678847,0.12839350011199713,True,87a65c0,6,0,none,0,0.0,False,0.7,0.95,0.1,831.0
A-n39-k6,acs_baseline,23,1019.4403271877342,22.67633299491386,0.12661054218187928,True,87a65c0,6,0,none,0,0.0,False,0.7,0.95,0.1,831.0
A-n39-k6,acs_baseline,24,1064.752619135957,28.12907570829808,0.1267429580911994,True,87a65c0,6,0,none,0,0.0,False,0.7,0.95,0.1,831.0
A-n39-k6,acs_baseline,25,1038.6040019327886,24.982431038843394,0.12666445807553828,True,87a65c0,6,0,none,0,0.0,False,0.7,0.95,0.1,831.0
A-n39-k6,acs_baseline,26,1043.3900744199534,25.558372373038917,0.1266988751012832,True,87a65c0,6,0,none,0,0.0,False,0.7,0.95,0.1,831.0
A-n39-k6,acs_baseline,27,1063.159492642793,27.93736373559484,0.128882999997586,True,87a65c0,6,0,none,0,0.0,False,0.7,0.95,0.1,831.0
A-n39-k6,acs_baseline,28,1071.2413885311967,28.909914384018855,0.13241612492129207,True,87a65c0,6,0,none,0,0.0,False,0.7,0.95,0.1,831.0
A-n39-k6,acs_baseline,29,1061.2349176789203,27.705766267018085,0.12634345795959234,True,87a65c0,6,0,none,0,0.0,False,0.7,0.95,0.1,831.0
A-n39-k6,acs_cl15,0,1046.9351902032558,25.984980770548237,0.10086983302608132,True,87a65c0,6,15,none,0,0.0,False,0.7,0.95,0.1,831.0
A-n39-k6,acs_cl15,1,1044.4773347684004,25.689209960096314,0.10086108301766217,True,87a65c0,6,15,none,0,0.0,False,0.7,0.95,0.1,831.0
A-n39-k6,acs_cl15,2,1012.1266908423945,21.796232351672025,0.12907675001770258,True,87a65c0,6,15,none,0,0.0,False,0.7,0.95,0.1,831.0
A-n39-k6,acs_cl15,3,1079.9180920197089,29.954042360975798,0.10088370786979795,True,87a65c0,6,15,none,0,0.0,False,0.7,0.95,0.1,831.0
A-n39-k6,acs_cl15,4,1058.6391098363333,27.39339468547934,0.10203908290714025,True,87a65c0,6,15,none,0,0.0,False,0.7,0.95,0.1,831.0
A-n39-k6,acs_cl15,5,1062.5740999468294,27.86691936784951,0.10142137506045401,True,87a65c0,6,15,none,0,0.0,False,0.7,0.95,0.1,831.0
A-n39-k6,acs_cl15,6,1080.2916699288742,29.998997584702064,0.10092787491157651,True,87a65c0,6,15,none,0,0.0,False,0.7,0.95,0.1,831.0
A-n39-k6,acs_cl15,7,1029.6820820709997,23.90879447304449,0.10128349997103214,True,87a65c0,6,15,none,0,0.0,False,0.7,0.95,0.1,831.0
A-n39-k6,acs_cl15,8,1065.2293331567028,28.186442016450393,0.10057533299550414,True,87a65c0,6,15,none,0,0.0,False,0.7,0.95,0.1,831.0
A-n39-k6,acs_cl15,9,1068.8974538534362,28.627852449270303,0.10066724987700582,True,87a65c0,6,15,none,0,0.0,False,0.7,0.95,0.1,831.0
A-n39-k6,acs_cl15,10,1104.5368692864452,32.91659076852529,0.10087674995884299,True,87a65c0,6,15,none,0,0.0,False,0.7,0.95,0.1,831.0
A-n39-k6,acs_cl15,11,1062.8224081768922,27.896800021286662,0.10075824987143278,True,87a65c0,6,15,none,0,0.0,False,0.7,0.95,0.1,831.0
A-n39-k6,acs_cl15,12,1050.932556281285,26.46601158619556,0.10059554199688137,True,87a65c0,6,15,none,0,0.0,False,0.7,0.95,0.1,831.0
A-n39-k6,acs_cl15,13,1073.032688128923,29.125473902397463,0.12593166693113744,True,87a65c0,6,15,none,0,0.0,False,0.7,0.95,0.1,831.0
A-n39-k6,acs_cl15,14,1029.5151818599536,23.888710211787437,0.10130158392712474,True,87a65c0,6,15,none,0,0.0,False,0.7,0.95,0.1,831.0
A-n39-k6,acs_cl15,15,1050.4961839106033,26.413499868905337,0.10143679194152355,True,87a65c0,6,15,none,0,0.0,False,0.7,0.95,0.1,831.0
A-n39-k6,acs_cl15,16,1058.6391098363333,27.39339468547934,0.10183845809660852,True,87a65c0,6,15,none,0,0.0,False,0.7,0.95,0.1,831.0
A-n39-k6,acs_cl15,17,1052.3093345325267,26.631688872746896,0.1011956250295043,True,87a65c0,6,15,none,0,0.0,False,0.7,0.95,0.1,831.0
A-n39-k6,acs_cl15,18,1069.967584992784,28.756628759661123,0.10131424991413951,True,87a65c0,6,15,none,0,0.0,False,0.7,0.95,0.1,831.0
A-n39-k6,acs_cl15,19,1069.508055269558,28.701330357347544,0.10136195900849998,True,87a65c0,6,15,none,0,0.0,False,0.7,0.95,0.1,831.0
A-n39-k6,acs_cl15,20,1068.8317956756082,28.61995134483853,0.10132145811803639,True,87a65c0,6,15,none,0,0.0,False,0.7,0.95,0.1,831.0
A-n39-k6,acs_cl15,21,1044.4773347684004,25.689209960096314,0.10300254193134606,True,87a65c0,6,15,none,0,0.0,False,0.7,0.95,0.1,831.0
A-n39-k6,acs_cl15,22,1079.6984897325185,29.927616092962516,0.10121145797893405,True,87a65c0,6,15,none,0,0.0,False,0.7,0.95,0.1,831.0
A-n39-k6,acs_cl15,23,1050.7054777410544,26.438685648743014,0.10523566603660583,True,87a65c0,6,15,none,0,0.0,False,0.7,0.95,0.1,831.0
A-n39-k6,acs_cl15,24,1056.9570770016412,27.190983995384023,0.13448654185049236,True,87a65c0,6,15,none,0,0.0,False,0.7,0.95,0.1,831.0
A-n39-k6,acs_cl15,25,1080.8025386233846,30.060473961899476,0.10241654212586582,True,87a65c0,6,15,none,0,0.0,False,0.7,0.95,0.1,831.0
A-n39-k6,acs_cl15,26,1057.0755582314318,27.205241664432233,0.10113683296367526,True,87a65c0,6,15,none,0,0.0,False,0.7,0.95,0.1,831.0
A-n39-k6,acs_cl15,27,1044.4773347684004,25.689209960096314,0.10127779212780297,True,87a65c0,6,15,none,0,0.0,False,0.7,0.95,0.1,831.0
A-n39-k6,acs_cl15,28,1079.6984897325185,29.927616092962516,0.1013359590433538,True,87a65c0,6,15,none,0,0.0,False,0.7,0.95,0.1,831.0
A-n39-k6,acs_cl15,29,1090.1430145037716,31.184478279635574,0.10168829117901623,True,87a65c0,6,15,none,0,0.0,False,0.7,0.95,0.1,831.0
A-n39-k6,acs_cl15_ls2opt_fixed,0,1029.3471312155616,23.868487510897907,0.11090533388778567,True,87a65c0,6,15,best,30,1.0,False,0.7,0.95,0.1,831.0
A-n39-k6,acs_cl15_ls2opt_fixed,1,1023.5536793735172,23.171321224249965,0.11288645793683827,True,87a65c0,6,15,best,30,1.0,False,0.7,0.95,0.1,831.0
A-n39-k6,acs_cl15_ls2opt_fixed,2,1007.5478391439165,21.24522733380463,0.11140166618861258,True,87a65c0,6,15,best,30,1.0,False,0.7,0.95,0.1,831.0
A-n39-k6,acs_cl15_ls2opt_fixed,3,979.2426584698295,17.839068407921722,0.11163516691885889,True,87a65c0,6,15,best,30,1.0,False,0.7,0.95,0.1,831.0
A-n39-k6,acs_cl15_ls2opt_fixed,4,1043.0161804223394,25.513379112194873,0.11131720920093358,True,87a65c0,6,15,best,30,1.0,False,0.7,0.95,0.1,831.0
A-n39-k6,acs_cl15_ls2opt_fixed,5,1029.5028024802632,23.88722051507379,0.13608220778405666,True,87a65c0,6,15,best,30,1.0,False,0.7,0.95,0.1,831.0
A-n39-k6,acs_cl15_ls2opt_fixed,6,1047.8333420657007,26.09306162042126,0.11039783409796655,True,87a65c0,6,15,best,30,1.0,False,0.7,0.95,0.1,831.0
A-n39-k6,acs_cl15_ls2opt_fixed,7,1007.5478391439165,21.24522733380463,0.11117958300746977,True,87a65c0,6,15,best,30,1.0,False,0.7,0.95,0.1,831.0
A-n39-k6,acs_cl15_ls2opt_fixed,8,1048.3691688322126,26.157541375717525,0.10969145921990275,True,87a65c0,6,15,best,30,1.0,False,0.7,0.95,0.1,831.0
A-n39-k6,acs_cl15_ls2opt_fixed,9,1049.4404109207294,26.286451374335666,0.11002970905974507,True,87a65c0,6,15,best,30,1.0,False,0.7,0.95,0.1,831.0
A-n39-k6,acs_cl15_ls2opt_fixed,10,1040.0826961268754,25.16037257844469,0.11026354180648923,True,87a65c0,6,15,best,30,1.0,False,0.7,0.95,0.1,831.0
A-n39-k6,acs_cl15_ls2opt_fixed,11,1041.7208074646214,25.357497889846144,0.11000124993734062,True,87a65c0,6,15,best,30,1.0,False,0.7,0.95,0.1,831.0
A-n39-k6,acs_cl15_ls2opt_fixed,12,978.6732954316077,17.770553000193466,0.1103544170036912,True,87a65c0,6,15,best,30,1.0,False,0.7,0.95,0.1,831.0
A-n39-k6,acs_cl15_ls2opt_fixed,13,1029.3471312155616,23.868487510897907,0.1110169580206275,True,87a65c0,6,15,best,30,1.0,False,0.7,0.95,0.1,831.0
A-n39-k6,acs_cl15_ls2opt_fixed,14,969.1324208859703,16.62243331961135,0.11046141688711941,True,87a65c0,6,15,best,30,1.0,False,0.7,0.95,0.1,831.0
A-n39-k6,acs_cl15_ls2opt_fixed,15,987.1493055680592,18.790530152594364,0.11110504204407334,True,87a65c0,6,15,best,30,1.0,False,0.7,0.95,0.1,831.0
A-n39-k6,acs_cl15_ls2opt_fixed,16,1055.025099764819,26.958495759906025,0.1354897499550134,True,87a65c0,6,15,best,30,1.0,False,0.7,0.95,0.1,831.0
A-n39-k6,acs_cl15_ls2opt_fixed,17,1048.9930426598198,26.23261644522501,0.11323929205536842,True,87a65c0,6,15,best,30,1.0,False,0.7,0.95,0.1,831.0
A-n39-k6,acs_cl15_ls2opt_fixed,18,1047.9650057276313,26.10890562306032,0.1142799579538405,True,87a65c0,6,15,best,30,1.0,False,0.7,0.95,0.1,831.0
A-n39-k6,acs_cl15_ls2opt_fixed,19,1029.8433142690894,23.92819666294698,0.11149691697210073,True,87a65c0,6,15,best,30,1.0,False,0.7,0.95,0.1,831.0
A-n39-k6,acs_cl15_ls2opt_fixed,20,1021.3673041326381,22.9082195105461,0.11157637485302985,True,87a65c0,6,15,best,30,1.0,False,0.7,0.95,0.1,831.0
A-n39-k6,acs_cl15_ls2opt_fixed,21,1034.459479627217,24.483691892565222,0.11014537489973009,True,87a65c0,6,15,best,30,1.0,False,0.7,0.95,0.1,831.0
A-n39-k6,acs_cl15_ls2opt_fixed,22,987.1493055680592,18.790530152594364,0.11143904202617705,True,87a65c0,6,15,best,30,1.0,False,0.7,0.95,0.1,831.0
A-n39-k6,acs_cl15_ls2opt_fixed,23,1029.8433142690894,23.92819666294698,0.11099687498062849,True,87a65c0,6,15,best,30,1.0,False,0.7,0.95,0.1,831.0
A-n39-k6,acs_cl15_ls2opt_fixed,24,969.1324208859703,16.62243331961135,0.11135445814579725,True,87a65c0,6,15,best,30,1.0,False,0.7,0.95,0.1,831.0
A-n39-k6,acs_cl15_ls2opt_fixed,25,1048.3691688322126,26.157541375717525,0.11122783389873803,True,87a65c0,6,15,best,30,1.0,False,0.7,0.95,0.1,831.0
A-n39-k6,acs_cl15_ls2opt_fixed,26,1028.7106158289464,23.791891194819062,0.11092637502588332,True,87a65c0,6,15,best,30,1.0,False,0.7,0.95,0.1,831.0
A-n39-k6,acs_cl15_ls2opt_fixed,27,1026.9610483403326,23.581353590894413,0.11133625009097159,True,87a65c0,6,15,best,30,1.0,False,0.7,0.95,0.1,831.0
A-n39-k6,acs_cl15_ls2opt_fixed,28,1041.0025376430542,25.271063494952372,0.13615475012920797,True,87a65c0,6,15,best,30,1.0,False,0.7,0.95,0.1,831.0
A-n39-k6,acs_cl15_ls2opt_fixed,29,1053.0264873168953,26.717988846798473,0.11151179182343185,True,87a65c0,6,15,best,30,1.0,False,0.7,0.95,0.1,831.0
A-n39-k6,acs_cl15_ls2opt_fixed_q0sched,0,1029.8433142690894,23.92819666294698,0.11787870805710554,True,87a65c0,6,15,best,30,1.0,True,0.7,0.95,0.1,831.0
A-n39-k6,acs_cl15_ls2opt_fixed_q0sched,1,1028.6208499025913,23.781089037616283,0.11801958410069346,True,87a65c0,6,15,best,30,1.0,True,0.7,0.95,0.1,831.0
A-n39-k6,acs_cl15_ls2opt_fixed_q0sched,2,1045.9785599577826,25.869862810804168,0.11788320890627801,True,87a65c0,6,15,best,30,1.0,True,0.7,0.95,0.1,831.0
A-n39-k6,acs_cl15_ls2opt_fixed_q0sched,3,1018.9397457815262,22.616094558547076,0.11840575002133846,True,87a65c0,6,15,best,30,1.0,True,0.7,0.95,0.1,831.0
A-n39-k6,acs_cl15_ls2opt_fixed_q0sched,4,978.6732954316077,17.770553000193466,0.11741966707631946,True,87a65c0,6,15,best,30,1.0,True,0.7,0.95,0.1,831.0
A-n39-k6,acs_cl15_ls2opt_fixed_q0sched,5,987.1493055680592,18.790530152594364,0.11995033407583833,True,87a65c0,6,15,best,30,1.0,True,0.7,0.95,0.1,831.0
A-n39-k6,acs_cl15_ls2opt_fixed_q0sched,6,1039.6667106694422,25.110314159981005,0.11657308298163116,True,87a65c0,6,15,best,30,1.0,True,0.7,0.95,0.1,831.0
A-n39-k6,acs_cl15_ls2opt_fixed_q0sched,7,1000.3713876189345,20.381635092531226,0.11738045793026686,True,87a65c0,6,15,best,30,1.0,True,0.7,0.95,0.1,831.0
A-n39-k6,acs_cl15_ls2opt_fixed_q0sched,8,980.4002830871226,17.978373416019565,0.11748870788142085,True,87a65c0,6,15,best,30,1.0,True,0.7,0.95,0.1,831.0
A-n39-k6,acs_cl15_ls2opt_fixed_q0sched,9,1004.1349015599524,20.834524856793305,0.14525258308276534,True,87a65c0,6,15,best,30,1.0,True,0.7,0.95,0.1,831.0
A-n39-k6,acs_cl15_ls2opt_fixed_q0sched,10,1025.2913383599237,23.38042579541801,0.11975541687570512,True,87a65c0,6,15,best,30,1.0,True,0.7,0.95,0.1,831.0
A-n39-k6,acs_cl15_ls2opt_fixed_q0sched,11,1018.9397457815261,22.61609455854706,0.12103954120539129,True,87a65c0,6,15,best,30,1.0,True,0.7,0.95,0.1,831.0
A-n39-k6,acs_cl15_ls2opt_fixed_q0sched,12,1025.5252186645962,23.4085702364135,0.12032608408480883,True,87a65c0,6,15,best,30,1.0,True,0.7,0.95,0.1,831.0
A-n39-k6,acs_cl15_ls2opt_fixed_q0sched,13,996.0545256413135,19.862157116884894,0.11842574994079769,True,87a65c0,6,15,best,30,1.0,True,0.7,0.95,0.1,831.0
A-n39-k6,acs_cl15_ls2opt_fixed_q0sched,14,998.7026754298192,20.180827368209293,0.11830420815385878,True,87a65c0,6,15,best,30,1.0,True,0.7,0.95,0.1,831.0
A-n39-k6,acs_cl15_ls2opt_fixed_q0sched,15,987.7441137619805,18.862107552584902,0.11810991703532636,True,87a65c0,6,15,best,30,1.0,True,0.7,0.95,0.1,831.0
A-n39-k6,acs_cl15_ls2opt_fixed_q0sched,16,1015.8208742173521,22.240779087527322,0.11758104199543595,True,87a65c0,6,15,best,30,1.0,True,0.7,0.95,0.1,831.0
A-n39-k6,acs_cl15_ls2opt_fixed_q0sched,17,1021.3673041326381,22.9082195105461,0.11798329115845263,True,87a65c0,6,15,best,30,1.0,True,0.7,0.95,0.1,831.0
A-n39-k6,acs_cl15_ls2opt_fixed_q0sched,18,1002.1995027231515,20.601624876432183,0.11951091582886875,True,87a65c0,6,15,best,30,1.0,True,0.7,0.95,0.1,831.0
A-n39-k6,acs_cl15_ls2opt_fixed_q0sched,19,1034.998407385851,24.548544811775077,0.1225915839895606,True,87a65c0,6,15,best,30,1.0,True,0.7,0.95,0.1,831.0
A-n39-k6,acs_cl15_ls2opt_fixed_q0sched,20,1036.932008251819,24.781228429821788,0.11699299979954958,True,87a65c0,6,15,best,30,1.0,True,0.7,0.95,0.1,831.0
A-n39-k6,acs_cl15_ls2opt_fixed_q0sched,21,1021.7264884826676,22.951442657360722,0.14271129202097654,True,87a65c0,6,15,best,30,1.0,True,0.7,0.95,0.1,831.0
A-n39-k6,acs_cl15_ls2opt_fixed_q0sched,22,999.3902732773983,20.263570791504,0.120997249847278,True,87a65c0,6,15,best,30,1.0,True,0.7,0.95,0.1,831.0
A-n39-k6,acs_cl15_ls2opt_fixed_q0sched,23,1007.5478391439165,21.24522733380463,0.11668049986474216,True,87a65c0,6,15,best,30,1.0,True,0.7,0.95,0.1,831.0
A-n39-k6,acs_cl15_ls2opt_fixed_q0sched,24,1018.4375810592051,22.555665590758732,0.11776049993932247,True,87a65c0,6,15,best,30,1.0,True,0.7,0.95,0.1,831.0
A-n39-k6,acs_cl15_ls2opt_fixed_q0sched,25,1028.7739937082436,23.799517895095494,0.11761233303695917,True,87a65c0,6,15,best,30,1.0,True,0.7,0.95,0.1,831.0
A-n39-k6,acs_cl15_ls2opt_fixed_q0sched,26,1046.903287346339,25.981141678259817,0.11636779108084738,True,87a65c0,6,15,best,30,1.0,True,0.7,0.95,0.1,831.0
A-n39-k6,acs_cl15_ls2opt_fixed_q0sched,27,1036.8354383517424,24.769607503218094,0.11651845904998481,True,87a65c0,6,15,best,30,1.0,True,0.7,0.95,0.1,831.0
A-n39-k6,acs_cl15_ls2opt_fixed_q0sched,28,998.7685711281893,20.188757055137092,0.11744041694328189,True,87a65c0,6,15,best,30,1.0,True,0.7,0.95,0.1,831.0
A-n39-k6,acs_cl15_ls2opt_fixed_q0sched,29,987.1493055680592,18.790530152594364,0.11681370786391199,True,87a65c0,6,15,best,30,1.0,True,0.7,0.95,0.1,831.0
A-n39-k6,acs_clsqrtn_2opt_q0sched,0,969.557800221876,16.67362216869748,0.10797799983993173,True,87a65c0,6,15,best,30,1.0,True,0.7,0.95,0.1,831.0
A-n39-k6,acs_clsqrtn_2opt_q0sched,1,1041.0025376430542,25.271063494952372,0.10738691594451666,True,87a65c0,6,15,best,30,1.0,True,0.7,0.95,0.1,831.0
A-n39-k6,acs_clsqrtn_2opt_q0sched,2,1003.1464408255081,20.715576513298203,0.1086171658243984,True,87a65c0,6,15,best,30,1.0,True,0.7,0.95,0.1,831.0
A-n39-k6,acs_clsqrtn_2opt_q0sched,3,1005.398687893142,20.98660504129266,0.10744874994270504,True,87a65c0,6,15,best,30,1.0,True,0.7,0.95,0.1,831.0
A-n39-k6,acs_clsqrtn_2opt_q0sched,4,1027.5832050094282,23.65622202279521,0.11319958395324647,True,87a65c0,6,15,best,30,1.0,True,0.7,0.95,0.1,831.0
A-n39-k6,acs_clsqrtn_2opt_q0sched,5,1030.5106157620166,24.008497684959885,0.11036820895969868,True,87a65c0,6,15,best,30,1.0,True,0.7,0.95,0.1,831.0
A-n39-k6,acs_clsqrtn_2opt_q0sched,6,1042.3072835744665,25.428072632306435,0.10971916699782014,True,87a65c0,6,15,best,30,1.0,True,0.7,0.95,0.1,831.0
A-n39-k6,acs_clsqrtn_2opt_q0sched,7,987.1493055680592,18.790530152594364,0.11929149995557964,True,87a65c0,6,15,best,30,1.0,True,0.7,0.95,0.1,831.0
A-n39-k6,acs_clsqrtn_2opt_q0sched,8,981.1520734851332,18.068841574624933,0.11457433411851525,True,87a65c0,6,15,best,30,1.0,True,0.7,0.95,0.1,831.0
A-n39-k6,acs_clsqrtn_2opt_q0sched,9,984.9494342304345,18.525804359859745,0.11041133292019367,True,87a65c0,6,15,best,30,1.0,True,0.7,0.95,0.1,831.0
A-n39-k6,acs_clsqrtn_2opt_q0sched,10,997.4413910608483,20.02904826243662,0.13996416702866554,True,87a65c0,6,15,best,30,1.0,True,0.7,0.95,0.1,831.0
A-n39-k6,acs_clsqrtn_2opt_q0sched,11,1024.730193305133,23.31289931469712,0.16244245786219835,True,87a65c0,6,15,best,30,1.0,True,0.7,0.95,0.1,831.0
A-n39-k6,acs_clsqrtn_2opt_q0sched,12,1016.6371464961294,22.339006798571525,0.15202979114837945,True,87a65c0,6,15,best,30,1.0,True,0.7,0.95,0.1,831.0
A-n39-k6,acs_clsqrtn_2opt_q0sched,13,1029.8433142690894,23.92819666294698,0.14295062515884638,True,87a65c0,6,15,best,30,1.0,True,0.7,0.95,0.1,831.0
A-n39-k6,acs_clsqrtn_2opt_q0sched,14,995.1507036805981,19.75339394471698,0.10842649987898767,True,87a65c0,6,15,best,30,1.0,True,0.7,0.95,0.1,831.0
A-n39-k6,acs_clsqrtn_2opt_q0sched,15,984.9805912549451,18.529553700956093,0.1080163330771029,True,87a65c0,6,15,best,30,1.0,True,0.7,0.95,0.1,831.0
A-n39-k6,acs_clsqrtn_2opt_q0sched,16,981.1832305096437,18.07259091572127,0.10773662501014769,True,87a65c0,6,15,best,30,1.0,True,0.7,0.95,0.1,831.0
A-n39-k6,acs_clsqrtn_2opt_q0sched,17,1037.2620921797661,24.820949720790146,0.1079085839446634,True,87a65c0,6,15,best,30,1.0,True,0.7,0.95,0.1,831.0
A-n39-k6,acs_clsqrtn_2opt_q0sched,18,1055.0247823470656,26.958457562823785,0.10855945805087686,True,87a65c0,6,15,best,30,1.0,True,0.7,0.95,0.1,831.0
A-n39-k6,acs_clsqrtn_2opt_q0sched,19,1039.8392338574358,25.13107507309697,0.10796558391302824,True,87a65c0,6,15,best,30,1.0,True,0.7,0.95,0.1,831.0
A-n39-k6,acs_clsqrtn_2opt_q0sched,20,1041.528501364199,25.334356361516118,0.10771012492477894,True,87a65c0,6,15,best,30,1.0,True,0.7,0.95,0.1,831.0
A-n39-k6,acs_clsqrtn_2opt_q0sched,21,981.1520734851332,18.068841574624933,0.13322399999015033,True,87a65c0,6,15,best,30,1.0,True,0.7,0.95,0.1,831.0
A-n39-k6,acs_clsqrtn_2opt_q0sched,22,953.2796104120871,14.71475456222468,0.10786975012160838,True,87a65c0,6,15,best,30,1.0,True,0.7,0.95,0.1,831.0
A-n39-k6,acs_clsqrtn_2opt_q0sched,23,1021.218226968792,22.890280020311916,0.10801366600207984,True,87a65c0,6,15,best,30,1.0,True,0.7,0.95,0.1,831.0
A-n39-k6,acs_clsqrtn_2opt_q0sched,24,1012.722538804068,21.867934874135738,0.11012029205448925,True,87a65c0,6,15,best,30,1.0,True,0.7,0.95,0.1,831.0
A-n39-k6,acs_clsqrtn_2opt_q0sched,25,1023.9537245259238,23.21946143512922,0.12295304099097848,True,87a65c0,6,15,best,30,1.0,True,0.7,0.95,0.1,831.0
A-n39-k6,acs_clsqrtn_2opt_q0sched,26,1029.8433142690894,23.92819666294698,0.110319749917835,True,87a65c0,6,15,best,30,1.0,True,0.7,0.95,0.1,831.0
A-n39-k6,acs_clsqrtn_2opt_q0sched,27,998.1011882256882,20.108446236544918,0.11857270798645914,True,87a65c0,6,15,best,30,1.0,True,0.7,0.95,0.1,831.0
A-n39-k6,acs_clsqrtn_2opt_q0sched,28,987.0853016440136,18.78282811600645,0.12347958306781948,True,87a65c0,6,15,best,30,1.0,True,0.7,0.95,0.1,831.0
A-n39-k6,acs_clsqrtn_2opt_q0sched,29,1012.722538804068,21.867934874135738,0.13410429190844297,True,87a65c0,6,15,best,30,1.0,True,0.7,0.95,0.1,831.0
A-n39-k6,acs_nocl_2opt_q0sched,0,1002.8032567642442,20.674278792327826,0.1461014999076724,True,87a65c0,6,0,best,30,1.0,True,0.7,0.95,0.1,831.0
A-n39-k6,acs_nocl_2opt_q0sched,1,993.7996251206924,19.590809280468406,0.14298458397388458,True,87a65c0,6,0,best,30,1.0,True,0.7,0.95,0.1,831.0
A-n39-k6,acs_nocl_2opt_q0sched,2,1020.4604628434593,22.799093001619646,0.14914791705086827,True,87a65c0,6,0,best,30,1.0,True,0.7,0.95,0.1,831.0
A-n39-k6,acs_nocl_2opt_q0sched,3,953.2796104120871,14.71475456222468,0.1472020000219345,True,87a65c0,6,0,best,30,1.0,True,0.7,0.95,0.1,831.0
A-n39-k6,acs_nocl_2opt_q0sched,4,1038.5005413010085,24.96998090264844,0.14797341590747237,True,87a65c0,6,0,best,30,1.0,True,0.7,0.95,0.1,831.0
A-n39-k6,acs_nocl_2opt_q0sched,5,978.6732954316077,17.770553000193466,0.1430285000242293,True,87a65c0,6,0,best,30,1.0,True,0.7,0.95,0.1,831.0
A-n39-k6,acs_nocl_2opt_q0sched,6,1025.4545757957687,23.400069289502856,0.1444217909593135,True,87a65c0,6,0,best,30,1.0,True,0.7,0.95,0.1,831.0
A-n39-k6,acs_nocl_2opt_q0sched,7,949.0862325315647,14.210136285386854,0.14419745793566108,True,87a65c0,6,0,best,30,1.0,True,0.7,0.95,0.1,831.0
A-n39-k6,acs_nocl_2opt_q0sched,8,984.9494342304345,18.525804359859745,0.14649491710588336,True,87a65c0,6,0,best,30,1.0,True,0.7,0.95,0.1,831.0
A-n39-k6,acs_nocl_2opt_q0sched,9,1030.189890577992,23.9699025966296,0.1732811250258237,True,87a65c0,6,0,best,30,1.0,True,0.7,0.95,0.1,831.0
A-n39-k6,acs_nocl_2opt_q0sched,10,1001.2755689183218,20.490441506416584,0.14341254183091223,True,87a65c0,6,0,best,30,1.0,True,0.7,0.95,0.1,831.0
A-n39-k6,acs_nocl_2opt_q0sched,11,981.6307234831283,18.126440852362016,0.14383091684430838,True,87a65c0,6,0,best,30,1.0,True,0.7,0.95,0.1,831.0
A-n39-k6,acs_nocl_2opt_q0sched,12,1020.7407076797062,22.832816808628912,0.14583179191686213,True,87a65c0,6,0,best,30,1.0,True,0.7,0.95,0.1,831.0
A-n39-k6,acs_nocl_2opt_q0sched,13,1020.6167995652423,22.817906084866706,0.14627170888707042,True,87a65c0,6,0,best,30,1.0,True,0.7,0.95,0.1,831.0
A-n39-k6,acs_nocl_2opt_q0sched,14,1018.9397457815262,22.616094558547076,0.14304654183797538,True,87a65c0,6,0,best,30,1.0,True,0.7,0.95,0.1,831.0
A-n39-k6,acs_nocl_2opt_q0sched,15,1016.9642115614485,22.378364808838562,0.14358050003647804,True,87a65c0,6,0,best,30,1.0,True,0.7,0.95,0.1,831.0
A-n39-k6,acs_nocl_2opt_q0sched,16,925.8299190903585,11.41154261015145,0.14263670914806426,True,87a65c0,6,0,best,30,1.0,True,0.7,0.95,0.1,831.0
A-n39-k6,acs_nocl_2opt_q0sched,17,996.993995927214,19.9752100995444,0.1492624580860138,True,87a65c0,6,0,best,30,1.0,True,0.7,0.95,0.1,831.0
A-n39-k6,acs_nocl_2opt_q0sched,18,1021.3673041326381,22.9082195105461,0.1440254170447588,True,87a65c0,6,0,best,30,1.0,True,0.7,0.95,0.1,831.0
A-n39-k6,acs_nocl_2opt_q0sched,19,1023.5308239282639,23.16857086982718,0.1723394999280572,True,87a65c0,6,0,best,30,1.0,True,0.7,0.95,0.1,831.0
A-n39-k6,acs_nocl_2opt_q0sched,20,993.9035436683237,19.60331452085724,0.14538124995306134,True,87a65c0,6,0,best,30,1.0,True,0.7,0.95,0.1,831.0
A-n39-k6,acs_nocl_2opt_q0sched,21,1001.2755689183218,20.490441506416584,0.14463241584599018,True,87a65c0,6,0,best,30,1.0,True,0.7,0.95,0.1,831.0
A-n39-k6,acs_nocl_2opt_q0sched,22,1025.9437731564449,23.45893780462634,0.1443659169599414,True,87a65c0,6,0,best,30,1.0,True,0.7,0.95,0.1,831.0
A-n39-k6,acs_nocl_2opt_q0sched,23,1010.8967567113228,21.648225837704313,0.14344891719520092,True,87a65c0,6,0,best,30,1.0,True,0.7,0.95,0.1,831.0
A-n39-k6,acs_nocl_2opt_q0sched,24,1054.6244849358202,26.910286995886906,0.14496395899914205,True,87a65c0,6,0,best,30,1.0,True,0.7,0.95,0.1,831.0
A-n39-k6,acs_nocl_2opt_q0sched,25,1035.4978575458883,24.60864711743542,0.14420908316969872,True,87a65c0,6,0,best,30,1.0,True,0.7,0.95,0.1,831.0
A-n39-k6,acs_nocl_2opt_q0sched,26,1029.4999110632223,23.88687257078487,0.14371587499044836,True,87a65c0,6,0,best,30,1.0,True,0.7,0.95,0.1,831.0
A-n39-k6,acs_nocl_2opt_q0sched,27,1004.5073391234741,20.879342854810364,0.14404708286747336,True,87a65c0,6,0,best,30,1.0,True,0.7,0.95,0.1,831.0
A-n39-k6,acs_nocl_2opt_q0sched,28,1014.9582055629683,22.136968178455867,0.14372783293947577,True,87a65c0,6,0,best,30,1.0,True,0.7,0.95,0.1,831.0
A-n39-k6,acs_nocl_2opt_q0sched,29,1010.8103541236711,21.637828414400857,0.16831445810385048,True,87a65c0,6,0,best,30,1.0,True,0.7,0.95,0.1,831.0
A-n39-k6,acs_nocl_none,0,1044.4773347684004,25.689209960096314,0.13270016689784825,True,87a65c0,6,0,none,0,0.0,False,0.7,0.95,0.1,831.0
A-n39-k6,acs_nocl_none,1,1058.6116498907886,27.390090239565417,0.1808883340563625,True,87a65c0,6,0,none,0,0.0,False,0.7,0.95,0.1,831.0
A-n39-k6,acs_nocl_none,2,1114.4833403392854,34.1135186930548,0.15710762492381036,True,87a65c0,6,0,none,0,0.0,False,0.7,0.95,0.1,831.0
A-n39-k6,acs_nocl_none,3,1064.3785153515844,28.08405720235673,0.14778679190203547,True,87a65c0,6,0,none,0,0.0,False,0.7,0.95,0.1,831.0
A-n39-k6,acs_nocl_none,4,1064.5113026676456,28.10003642209935,0.15835324977524579,True,87a65c0,6,0,none,0,0.0,False,0.7,0.95,0.1,831.0
A-n39-k6,acs_nocl_none,5,1074.13996086408,29.25871971890252,0.1481337498407811,True,87a65c0,6,0,none,0,0.0,False,0.7,0.95,0.1,831.0
A-n39-k6,acs_nocl_none,6,1058.6116498907886,27.390090239565417,0.15126566705293953,True,87a65c0,6,0,none,0,0.0,False,0.7,0.95,0.1,831.0
A-n39-k6,acs_nocl_none,7,1064.752619135957,28.12907570829808,0.13313095807097852,True,87a65c0,6,0,none,0,0.0,False,0.7,0.95,0.1,831.0
A-n39-k6,acs_nocl_none,8,1065.357828086945,28.201904703603475,0.1327122498769313,True,87a65c0,6,0,none,0,0.0,False,0.7,0.95,0.1,831.0
A-n39-k6,acs_nocl_none,9,1082.4057400014567,30.253398315458085,0.19551549991592765,True,87a65c0,6,0,none,0,0.0,False,0.7,0.95,0.1,831.0
A-n39-k6,acs_nocl_none,10,1024.6817049133122,23.307064369832993,0.12788312509655952,True,87a65c0,6,0,none,0,0.0,False,0.7,0.95,0.1,831.0
A-n39-k6,acs_nocl_none,11,1062.8224081768922,27.896800021286662,0.1279625000897795,True,87a65c0,6,0,none,0,0.0,False,0.7,0.95,0.1,831.0
A-n39-k6,acs_nocl_none,12,1069.508055269558,28.701330357347544,0.12801804090850055,True,87a65c0,6,0,none,0,0.0,False,0.7,0.95,0.1,831.0
A-n39-k6,acs_nocl_none,13,1024.6817049133122,23.307064369832993,0.12979087512940168,True,87a65c0,6,0,none,0,0.0,False,0.7,0.95,0.1,831.0
A-n39-k6,acs_nocl_none,14,1024.847486965389,23.327014075257395,0.1293319589458406,True,87a65c0,6,0,none,0,0.0,False,0.7,0.95,0.1,831.0
A-n39-k6,acs_nocl_none,15,1036.7023554463117,24.753592713154234,0.12971337512135506,True,87a65c0,6,0,none,0,0.0,False,0.7,0.95,0.1,831.0
A-n39-k6,acs_nocl_none,16,1044.6345130935842,25.708124319324217,0.1339288749732077,True,87a65c0,6,0,none,0,0.0,False,0.7,0.95,0.1,831.0
A-n39-k6,acs_nocl_none,17,1040.9447583927993,25.264110516582345,0.15670074988156557,True,87a65c0,6,0,none,0,0.0,False,0.7,0.95,0.1,831.0
A-n39-k6,acs_nocl_none,18,1035.1302866130266,24.564414754876843,0.13375499984249473,True,87a65c0,6,0,none,0,0.0,False,0.7,0.95,0.1,831.0
A-n39-k6,acs_nocl_none,19,1015.5323991008089,22.20606487374355,0.13163458392955363,True,87a65c0,6,0,none,0,0.0,False,0.7,0.95,0.1,831.0
A-n39-k6,acs_nocl_none,20,1076.9845133263555,29.601024467672136,0.1295330838765949,True,87a65c0,6,0,none,0,0.0,False,0.7,0.95,0.1,831.0
A-n39-k6,acs_nocl_none,21,1067.1453456286295,28.417009100918104,0.12791695911437273,True,87a65c0,6,0,none,0,0.0,False,0.7,0.95,0.1,831.0
A-n39-k6,acs_nocl_none,22,1067.0378181988212,28.404069578678847,0.13051612488925457,True,87a65c0,6,0,none,0,0.0,False,0.7,0.95,0.1,831.0
A-n39-k6,acs_nocl_none,23,1019.4403271877342,22.67633299491386,0.13080258294939995,True,87a65c0,6,0,none,0,0.0,False,0.7,0.95,0.1,831.0
A-n39-k6,acs_nocl_none,24,1064.752619135957,28.12907570829808,0.1294404580257833,True,87a65c0,6,0,none,0,0.0,False,0.7,0.95,0.1,831.0
A-n39-k6,acs_nocl_none,25,1038.6040019327886,24.982431038843394,0.12972812494263053,True,87a65c0,6,0,none,0,0.0,False,0.7,0.95,0.1,831.0
A-n39-k6,acs_nocl_none,26,1043.3900744199534,25.558372373038917,0.13550837500952184,True,87a65c0,6,0,none,0,0.0,False,0.7,0.95,0.1,831.0
A-n39-k6,acs_nocl_none,27,1063.159492642793,27.93736373559484,0.13105004094541073,True,87a65c0,6,0,none,0,0.0,False,0.7,0.95,0.1,831.0
A-n39-k6,acs_nocl_none,28,1071.2413885311967,28.909914384018855,0.13452775008045137,True,87a65c0,6,0,none,0,0.0,False,0.7,0.95,0.1,831.0
A-n39-k6,acs_nocl_none,29,1061.2349176789203,27.705766267018085,0.16778054204769433,True,87a65c0,6,0,none,0,0.0,False,0.7,0.95,0.1,831.0
A-n44-k6,acs_baseline,0,1150.59368435066,22.795483922162212,0.15618420904502273,True,87a65c0,6,0,none,0,0.0,False,0.7,0.95,0.1,937.0
A-n44-k6,acs_baseline,1,1122.7864642583454,19.827797679652658,0.15621966705657542,True,87a65c0,6,0,none,0,0.0,False,0.7,0.95,0.1,937.0
A-n44-k6,acs_baseline,2,1141.4158989736666,21.8159977559943,0.19562720810063183,True,87a65c0,6,0,none,0,0.0,False,0.7,0.95,0.1,937.0
A-n44-k6,acs_baseline,3,1114.0842056878982,18.899061439476867,0.15666945790871978,True,87a65c0,6,0,none,0,0.0,False,0.7,0.95,0.1,937.0
A-n44-k6,acs_baseline,4,1135.7096633251447,21.20700782552238,0.1570308341179043,True,87a65c0,6,0,none,0,0.0,False,0.7,0.95,0.1,937.0
A-n44-k6,acs_baseline,5,1144.7212618894137,22.16875793910498,0.15581274987198412,True,87a65c0,6,0,none,0,0.0,False,0.7,0.95,0.1,937.0
A-n44-k6,acs_baseline,6,1077.2010540157235,14.962759233268244,0.1549542078282684,True,87a65c0,6,0,none,0,0.0,False,0.7,0.95,0.1,937.0
A-n44-k6,acs_baseline,7,1154.0693430222177,23.16641867899869,0.15622629108838737,True,87a65c0,6,0,none,0,0.0,False,0.7,0.95,0.1,937.0
A-n44-k6,acs_baseline,8,1114.5517440029128,18.948958805006697,0.15538520808331668,True,87a65c0,6,0,none,0,0.0,False,0.7,0.95,0.1,937.0
A-n44-k6,acs_baseline,9,1103.8482879732765,17.806647595867283,0.15531062497757375,True,87a65c0,6,0,none,0,0.0,False,0.7,0.95,0.1,937.0
A-n44-k6,acs_baseline,10,1157.608239516558,23.544102403047802,0.15597141603939235,True,87a65c0,6,0,none,0,0.0,False,0.7,0.95,0.1,937.0
A-n44-k6,acs_baseline,11,1097.0636741651983,17.082569281237816,0.1561374580487609,True,87a65c0,6,0,none,0,0.0,False,0.7,0.95,0.1,937.0
A-n44-k6,acs_baseline,12,1132.006960539401,20.811842106659658,0.18747483287006617,True,87a65c0,6,0,none,0,0.0,False,0.7,0.95,0.1,937.0
A-n44-k6,acs_baseline,13,1157.8564821889304,23.57059575121989,0.1567185411695391,True,87a65c0,6,0,none,0,0.0,False,0.7,0.95,0.1,937.0
A-n44-k6,acs_baseline,14,1139.8738114292696,21.651420643465272,0.1562153750564903,True,87a65c0,6,0,none,0,0.0,False,0.7,0.95,0.1,937.0
A-n44-k6,acs_baseline,15,1124.7359239962616,20.03585101347509,0.15674970811232924,True,87a65c0,6,0,none,0,0.0,False,0.7,0.95,0.1,937.0
A-n44-k6,acs_baseline,16,1062.8455562893575,13.430689038351925,0.15607608412392437,True,87a65c0,6,0,none,0,0.0,False,0.7,0.95,0.1,937.0
A-n44-k6,acs_baseline,17,1117.8702305367751,19.30311958770279,0.15627825004048645,True,87a65c0,6,0,none,0,0.0,False,0.7,0.95,0.1,937.0
A-n44-k6,acs_baseline,18,1142.681277580091,21.95104349840887,0.15634174994193017,True,87a65c0,6,0,none,0,0.0,False,0.7,0.95,0.1,937.0
A-n44-k6,acs_baseline,19,1149.1022880613893,22.636316762154678,0.1618539160117507,True,87a65c0,6,0,none,0,0.0,False,0.7,0.95,0.1,937.0
A-n44-k6,acs_baseline,20,1071.0727310367029,14.308722629317275,0.15690904087387025,True,87a65c0,6,0,none,0,0.0,False,0.7,0.95,0.1,937.0
A-n44-k6,acs_baseline,21,1125.059133519476,20.070345092793605,0.15599879110231996,True,87a65c0,6,0,none,0,0.0,False,0.7,0.95,0.1,937.0
A-n44-k6,acs_baseline,22,1134.9264984028157,21.123425656650554,0.15813099988736212,True,87a65c0,6,0,none,0,0.0,False,0.7,0.95,0.1,937.0
A-n44-k6,acs_baseline,23,1116.8366367175838,19.19281074894171,0.1811205418780446,True,87a65c0,6,0,none,0,0.0,False,0.7,0.95,0.1,937.0
A-n44-k6,acs_baseline,24,1130.8545812325992,20.688856054706427,0.15588158299215138,True,87a65c0,6,0,none,0,0.0,False,0.7,0.95,0.1,937.0
A-n44-k6,acs_baseline,25,1104.8988750033946,17.91877001103464,0.1565125840716064,True,87a65c0,6,0,none,0,0.0,False,0.7,0.95,0.1,937.0
A-n44-k6,acs_baseline,26,1136.6008116568414,21.302114371060984,0.15671287500299513,True,87a65c0,6,0,none,0,0.0,False,0.7,0.95,0.1,937.0
A-n44-k6,acs_baseline,27,1132.3400422945545,20.84738978597166,0.15621412498876452,True,87a65c0,6,0,none,0,0.0,False,0.7,0.95,0.1,937.0
A-n44-k6,acs_baseline,28,1107.8745929353101,18.23634929939276,0.15611287485808134,True,87a65c0,6,0,none,0,0.0,False,0.7,0.95,0.1,937.0
A-n44-k6,acs_baseline,29,1151.0800611709456,22.84739180052781,0.15617516706697643,True,87a65c0,6,0,none,0,0.0,False,0.7,0.95,0.1,937.0
A-n44-k6,acs_cl15,0,1122.6101898943962,19.80898504742755,0.11738737486302853,True,87a65c0,6,15,none,0,0.0,False,0.7,0.95,0.1,937.0
A-n44-k6,acs_cl15,1,1129.1971896966004,20.511973286723627,0.12457833299413323,True,87a65c0,6,15,none,0,0.0,False,0.7,0.95,0.1,937.0
A-n44-k6,acs_cl15,2,1138.2563907072513,21.478803704082313,0.14077766705304384,True,87a65c0,6,15,none,0,0.0,False,0.7,0.95,0.1,937.0
A-n44-k6,acs_cl15,3,1145.0603454806546,22.2049461558863,0.11793858301825821,True,87a65c0,6,15,none,0,0.0,False,0.7,0.95,0.1,937.0
A-n44-k6,acs_cl15,4,1106.632820301947,18.103822871072257,0.11764783295802772,True,87a65c0,6,15,none,0,0.0,False,0.7,0.95,0.1,937.0
A-n44-k6,acs_cl15,5,1111.8392758007362,18.659474471796823,0.11804566602222621,True,87a65c0,6,15,none,0,0.0,False,0.7,0.95,0.1,937.0
A-n44-k6,acs_cl15,6,1114.7334064408751,18.968346471811646,0.11714966595172882,True,87a65c0,6,15,none,0,0.0,False,0.7,0.95,0.1,937.0
A-n44-k6,acs_cl15,7,1160.1456185917573,23.81490059677239,0.11821433389559388,True,87a65c0,6,15,none,0,0.0,False,0.7,0.95,0.1,937.0
A-n44-k6,acs_cl15,8,1152.2043457593563,22.96737948338915,0.12145254109054804,True,87a65c0,6,15,none,0,0.0,False,0.7,0.95,0.1,937.0
A-n44-k6,acs_cl15,9,1118.9113168432434,19.41422805157347,0.11952095781452954,True,87a65c0,6,15,none,0,0.0,False,0.7,0.95,0.1,937.0
A-n44-k6,acs_cl15,10,1111.446713397016,18.617578804377384,0.11829962488263845,True,87a65c0,6,15,none,0,0.0,False,0.7,0.95,0.1,937.0
A-n44-k6,acs_cl15,11,1139.0096001866511,21.559188920667143,0.11791133298538625,True,87a65c0,6,15,none,0,0.0,False,0.7,0.95,0.1,937.0
A-n44-k6,acs_cl15,12,1116.5289978204519,19.159978422673625,0.11800491600297391,True,87a65c0,6,15,none,0,0.0,False,0.7,0.95,0.1,937.0
A-n44-k6,acs_cl15,13,1136.67281204326,21.30979851048665,0.14521237486042082,True,87a65c0,6,15,none,0,0.0,False,0.7,0.95,0.1,937.0
A-n44-k6,acs_cl15,14,1124.9361613215096,20.05722105885909,0.11724241706542671,True,87a65c0,6,15,none,0,0.0,False,0.7,0.95,0.1,937.0
A-n44-k6,acs_cl15,15,1125.204955564212,20.085907744312912,0.11800149991177022,True,87a65c0,6,15,none,0,0.0,False,0.7,0.95,0.1,937.0
A-n44-k6,acs_cl15,16,1078.125258768996,15.061393678654856,0.11710199993103743,True,87a65c0,6,15,none,0,0.0,False,0.7,0.95,0.1,937.0
A-n44-k6,acs_cl15,17,1089.2688536753399,16.250678087015995,0.11826745816506445,True,87a65c0,6,15,none,0,0.0,False,0.7,0.95,0.1,937.0
A-n44-k6,acs_cl15,18,1099.879509916548,17.383085369962426,0.11902212514542043,True,87a65c0,6,15,none,0,0.0,False,0.7,0.95,0.1,937.0
A-n44-k6,acs_cl15,19,1151.9820218239452,22.943652275767892,0.11780700017698109,True,87a65c0,6,15,none,0,0.0,False,0.7,0.95,0.1,937.0
A-n44-k6,acs_cl15,20,1139.883774330537,21.65248392001463,0.11758750001899898,True,87a65c0,6,15,none,0,0.0,False,0.7,0.95,0.1,937.0
A-n44-k6,acs_cl15,21,1069.8430340575048,14.177484958111508,0.1179148331284523,True,87a65c0,6,15,none,0,0.0,False,0.7,0.95,0.1,937.0
A-n44-k6,acs_cl15,22,1137.0223496060617,21.347102412599963,0.11785687482915819,True,87a65c0,6,15,none,0,0.0,False,0.7,0.95,0.1,937.0
A-n44-k6,acs_cl15,23,1134.9264984028157,21.123425656650554,0.11751566687598825,True,87a65c0,6,15,none,0,0.0,False,0.7,0.95,0.1,937.0
A-n44-k6,acs_cl15,24,1119.7685671863296,19.50571688221234,0.14213749999180436,True,87a65c0,6,15,none,0,0.0,False,0.7,0.95,0.1,937.0
A-n44-k6,acs_cl15,25,1141.0453400298845,21.776450376721932,0.11787991714663804,True,87a65c0,6,15,none,0,0.0,False,0.7,0.95,0.1,937.0
A-n44-k6,acs_cl15,26,1113.8458784720515,18.873626304381162,0.11833866708911955,True,87a65c0,6,15,none,0,0.0,False,0.7,0.95,0.1,937.0
A-n44-k6,acs_cl15,27,1125.8012261324284,20.149543877527044,0.11783379199914634,True,87a65c0,6,15,none,0,0.0,False,0.7,0.95,0.1,937.0
A-n44-k6,acs_cl15,28,1086.927345968777,16.000783988129882,0.11728120781481266,True,87a65c0,6,15,none,0,0.0,False,0.7,0.95,0.1,937.0
A-n44-k6,acs_cl15,29,1128.9318396813733,20.483654181576657,0.11820062506012619,True,87a65c0,6,15,none,0,0.0,False,0.7,0.95,0.1,937.0
A-n44-k6,acs_cl15_ls2opt_fixed,0,1049.2732563293926,11.982204517544563,0.1331564171705395,True,87a65c0,6,15,best,30,1.0,False,0.7,0.95,0.1,937.0
A-n44-k6,acs_cl15_ls2opt_fixed,1,1061.2671081948304,13.262231397527255,0.2120644999668002,True,87a65c0,6,15,best,30,1.0,False,0.7,0.95,0.1,937.0
A-n44-k6,acs_cl15_ls2opt_fixed,2,1050.0401373284617,12.064048807733373,0.17141524981707335,True,87a65c0,6,15,best,30,1.0,False,0.7,0.95,0.1,937.0
A-n44-k6,acs_cl15_ls2opt_fixed,3,1083.10781131593,15.593149553461036,0.1334867919795215,True,87a65c0,6,15,best,30,1.0,False,0.7,0.95,0.1,937.0
A-n44-k6,acs_cl15_ls2opt_fixed,4,1083.8783370066121,15.67538281820834,0.1295135000254959,True,87a65c0,6,15,best,30,1.0,False,0.7,0.95,0.1,937.0
A-n44-k6,acs_cl15_ls2opt_fixed,5,1073.5161100144428,14.569488795564867,0.12920591700822115,True,87a65c0,6,15,best,30,1.0,False,0.7,0.95,0.1,937.0
A-n44-k6,acs_cl15_ls2opt_fixed,6,1069.4705708825154,14.137734352456285,0.1301551249343902,True,87a65c0,6,15,best,30,1.0,False,0.7,0.95,0.1,937.0
A-n44-k6,acs_cl15_ls2opt_fixed,7,1084.376621806939,15.728561558904916,0.13091512490063906,True,87a65c0,6,15,best,30,1.0,False,0.7,0.95,0.1,937.0
A-n44-k6,acs_cl15_ls2opt_fixed,8,1082.8337289874335,15.56389850452865,0.12980595789849758,True,87a65c0,6,15,best,30,1.0,False,0.7,0.95,0.1,937.0
A-n44-k6,acs_cl15_ls2opt_fixed,9,1057.87061348631,12.899745302701179,0.12907916703261435,True,87a65c0,6,15,best,30,1.0,False,0.7,0.95,0.1,937.0
A-n44-k6,acs_cl15_ls2opt_fixed,10,1055.9916695055692,12.699217663347836,0.1290400419384241,True,87a65c0,6,15,best,30,1.0,False,0.7,0.95,0.1,937.0
A-n44-k6,acs_cl15_ls2opt_fixed,11,1075.1136602709655,14.739985087616384,0.12982320808805525,True,87a65c0,6,15,best,30,1.0,False,0.7,0.95,0.1,937.0
A-n44-k6,acs_cl15_ls2opt_fixed,12,1043.1187571191763,11.325374292334715,0.12994629191234708,True,87a65c0,6,15,best,30,1.0,False,0.7,0.95,0.1,937.0
A-n44-k6,acs_cl15_ls2opt_fixed,13,1087.1120002861207,16.02049095903103,0.15624599996954203,True,87a65c0,6,15,best,30,1.0,False,0.7,0.95,0.1,937.0
A-n44-k6,acs_cl15_ls2opt_fixed,14,1069.5926372548972,14.150761713436202,0.13066045800223947,True,87a65c0,6,15,best,30,1.0,False,0.7,0.95,0.1,937.0
A-n44-k6,acs_cl15_ls2opt_fixed,15,1093.759966776551,16.729985781915794,0.12981191603466868,True,87a65c0,6,15,best,30,1.0,False,0.7,0.95,0.1,937.0
A-n44-k6,acs_cl15_ls2opt_fixed,16,1037.828257748355,10.760753228212923,0.12981295911595225,True,87a65c0,6,15,best,30,1.0,False,0.7,0.95,0.1,937.0
A-n44-k6,acs_cl15_ls2opt_fixed,17,1042.0346587637814,11.209675428365145,0.12975837499834597,True,87a65c0,6,15,best,30,1.0,False,0.7,0.95,0.1,937.0
A-n44-k6,acs_cl15_ls2opt_fixed,18,1069.4705708825154,14.137734352456285,0.1295047919265926,True,87a65c0,6,15,best,30,1.0,False,0.7,0.95,0.1,937.0
A-n44-k6,acs_cl15_ls2opt_fixed,19,1073.53191966411,14.57117605806938,0.1293101659975946,True,87a65c0,6,15,best,30,1.0,False,0.7,0.95,0.1,937.0
A-n44-k6,acs_cl15_ls2opt_fixed,20,1047.4861616903208,11.791479369297848,0.13499599997885525,True,87a65c0,6,15,best,30,1.0,False,0.7,0.95,0.1,937.0
A-n44-k6,acs_cl15_ls2opt_fixed,21,1031.7618583214687,10.113325327798155,0.13279945915564895,True,87a65c0,6,15,best,30,1.0,False,0.7,0.95,0.1,937.0
A-n44-k6,acs_cl15_ls2opt_fixed,22,1098.0245471029373,17.185117086759583,0.13157208287157118,True,87a65c0,6,15,best,30,1.0,False,0.7,0.95,0.1,937.0
A-n44-k6,acs_cl15_ls2opt_fixed,23,1087.1120002861207,16.02049095903103,0.13006345788016915,True,87a65c0,6,15,best,30,1.0,False,0.7,0.95,0.1,937.0
A-n44-k6,acs_cl15_ls2opt_fixed,24,1075.977646979663,14.832192847349301,0.15746329189278185,True,87a65c0,6,15,best,30,1.0,False,0.7,0.95,0.1,937.0
A-n44-k6,acs_cl15_ls2opt_fixed,25,1071.8565698350428,14.392376716653448,0.13199595804326236,True,87a65c0,6,15,best,30,1.0,False,0.7,0.95,0.1,937.0
A-n44-k6,acs_cl15_ls2opt_fixed,26,1058.4525961607903,12.961856580660655,0.13055316708050668,True,87a65c0,6,15,best,30,1.0,False,0.7,0.95,0.1,937.0
A-n44-k6,acs_cl15_ls2opt_fixed,27,1055.0457548999796,12.598266264672311,0.13035866688005626,True,87a65c0,6,15,best,30,1.0,False,0.7,0.95,0.1,937.0
A-n44-k6,acs_cl15_ls2opt_fixed,28,1031.387322612391,10.073353533873107,0.1291365420911461,True,87a65c0,6,15,best,30,1.0,False,0.7,0.95,0.1,937.0
A-n44-k6,acs_cl15_ls2opt_fixed,29,1087.1120002861207,16.02049095903103,0.13055716594681144,True,87a65c0,6,15,best,30,1.0,False,0.7,0.95,0.1,937.0
A-n44-k6,acs_cl15_ls2opt_fixed_q0sched,0,1041.936368179663,11.199185504766604,0.13750516693107784,True,87a65c0,6,15,best,30,1.0,True,0.7,0.95,0.1,937.0
A-n44-k6,acs_cl15_ls2opt_fixed_q0sched,1,1071.643166700146,14.369601568852286,0.13863358413800597,True,87a65c0,6,15,best,30,1.0,True,0.7,0.95,0.1,937.0
A-n44-k6,acs_cl15_ls2opt_fixed_q0sched,2,1039.1520020058388,10.902027962202643,0.13986637513153255,True,87a65c0,6,15,best,30,1.0,True,0.7,0.95,0.1,937.0
A-n44-k6,acs_cl15_ls2opt_fixed_q0sched,3,1107.9798986760243,18.24758790565894,0.1387557501439005,True,87a65c0,6,15,best,30,1.0,True,0.7,0.95,0.1,937.0
A-n44-k6,acs_cl15_ls2opt_fixed_q0sched,4,1011.1739571815245,7.916110691731541,0.13724062498658895,True,87a65c0,6,15,best,30,1.0,True,0.7,0.95,0.1,937.0
A-n44-k6,acs_cl15_ls2opt_fixed_q0sched,5,1068.8748613647842,14.074158096561817,0.16284408303909004,True,87a65c0,6,15,best,30,1.0,True,0.7,0.95,0.1,937.0
A-n44-k6,acs_cl15_ls2opt_fixed_q0sched,6,1031.391363125109,10.073784751879286,0.1376310409978032,True,87a65c0,6,15,best,30,1.0,True,0.7,0.95,0.1,937.0
A-n44-k6,acs_cl15_ls2opt_fixed_q0sched,7,1042.2386272983451,11.231443681787102,0.13671633298508823,True,87a65c0,6,15,best,30,1.0,True,0.7,0.95,0.1,937.0
A-n44-k6,acs_cl15_ls2opt_fixed_q0sched,8,1034.976540099575,10.456407694725186,0.1372656668536365,True,87a65c0,6,15,best,30,1.0,True,0.7,0.95,0.1,937.0
A-n44-k6,acs_cl15_ls2opt_fixed_q0sched,9,1032.7119822177833,10.214725957073993,0.1384735421743244,True,87a65c0,6,15,best,30,1.0,True,0.7,0.95,0.1,937.0
A-n44-k6,acs_cl15_ls2opt_fixed_q0sched,10,1044.7001642635655,11.494147733571559,0.14353595790453255,True,87a65c0,6,15,best,30,1.0,True,0.7,0.95,0.1,937.0
A-n44-k6,acs_cl15_ls2opt_fixed_q0sched,11,1060.1341080282539,13.141313556910767,0.13708949997089803,True,87a65c0,6,15,best,30,1.0,True,0.7,0.95,0.1,937.0
A-n44-k6,acs_cl15_ls2opt_fixed_q0sched,12,1055.1355784023544,12.607852550944978,0.13766208314336836,True,87a65c0,6,15,best,30,1.0,True,0.7,0.95,0.1,937.0
A-n44-k6,acs_cl15_ls2opt_fixed_q0sched,13,1087.8357044411755,16.097727261598237,0.1379371660295874,True,87a65c0,6,15,best,30,1.0,True,0.7,0.95,0.1,937.0
A-n44-k6,acs_cl15_ls2opt_fixed_q0sched,14,1027.2662367435546,9.633536472097608,0.1380115000065416,True,87a65c0,6,15,best,30,1.0,True,0.7,0.95,0.1,937.0
A-n44-k6,acs_cl15_ls2opt_fixed_q0sched,15,1014.3929865424677,8.259657048288977,0.13866099994629622,True,87a65c0,6,15,best,30,1.0,True,0.7,0.95,0.1,937.0
A-n44-k6,acs_cl15_ls2opt_fixed_q0sched,16,1061.1683605815224,13.251692698134725,0.16029883385635912,True,87a65c0,6,15,best,30,1.0,True,0.7,0.95,0.1,937.0
A-n44-k6,acs_cl15_ls2opt_fixed_q0sched,17,1084.3850294363933,15.729458851269298,0.13723295810632408,True,87a65c0,6,15,best,30,1.0,True,0.7,0.95,0.1,937.0
A-n44-k6,acs_cl15_ls2opt_fixed_q0sched,18,1068.1175869520043,13.993339055710175,0.1368807500693947,True,87a65c0,6,15,best,30,1.0,True,0.7,0.95,0.1,937.0
A-n44-k6,acs_cl15_ls2opt_fixed_q0sched,19,1065.0514685222124,13.666111902050417,0.13731620809994638,True,87a65c0,6,15,best,30,1.0,True,0.7,0.95,0.1,937.0
A-n44-k6,acs_cl15_ls2opt_fixed_q0sched,20,1075.977646979663,14.832192847349301,0.13697179104201496,True,87a65c0,6,15,best,30,1.0,True,0.7,0.95,0.1,937.0
A-n44-k6,acs_cl15_ls2opt_fixed_q0sched,21,1058.4525961607903,12.961856580660655,0.13778587500564754,True,87a65c0,6,15,best,30,1.0,True,0.7,0.95,0.1,937.0
A-n44-k6,acs_cl15_ls2opt_fixed_q0sched,22,1017.0838272671278,8.54683321954406,0.1364388328511268,True,87a65c0,6,15,best,30,1.0,True,0.7,0.95,0.1,937.0
A-n44-k6,acs_cl15_ls2opt_fixed_q0sched,23,1011.0820818027335,7.906305421849888,0.13602016610093415,True,87a65c0,6,15,best,30,1.0,True,0.7,0.95,0.1,937.0
A-n44-k6,acs_cl15_ls2opt_fixed_q0sched,24,1055.0457548999796,12.598266264672311,0.13746570888906717,True,87a65c0,6,15,best,30,1.0,True,0.7,0.95,0.1,937.0
A-n44-k6,acs_cl15_ls2opt_fixed_q0sched,25,1050.8636552490743,12.151937593284346,0.13705775002017617,True,87a65c0,6,15,best,30,1.0,True,0.7,0.95,0.1,937.0
A-n44-k6,acs_cl15_ls2opt_fixed_q0sched,26,1010.32021405093,7.824996163386336,0.13758845906704664,True,87a65c0,6,15,best,30,1.0,True,0.7,0.95,0.1,937.0
A-n44-k6,acs_cl15_ls2opt_fixed_q0sched,27,1081.3727478989213,15.4079773638123,0.16414962499402463,True,87a65c0,6,15,best,30,1.0,True,0.7,0.95,0.1,937.0
A-n44-k6,acs_cl15_ls2opt_fixed_q0sched,28,1056.7825767397576,12.783626119504547,0.13692841702140868,True,87a65c0,6,15,best,30,1.0,True,0.7,0.95,0.1,937.0
A-n44-k6,acs_cl15_ls2opt_fixed_q0sched,29,1079.4542025890962,15.20322332861219,0.1408340421039611,True,87a65c0,6,15,best,30,1.0,True,0.7,0.95,0.1,937.0
A-n44-k6,acs_clsqrtn_2opt_q0sched,0,1018.2339212291065,8.669575371302722,0.13541912520304322,True,87a65c0,6,15,best,30,1.0,True,0.7,0.95,0.1,937.0
A-n44-k6,acs_clsqrtn_2opt_q0sched,1,1061.4532618508836,13.282098383231972,0.16981104179285467,True,87a65c0,6,15,best,30,1.0,True,0.7,0.95,0.1,937.0
A-n44-k6,acs_clsqrtn_2opt_q0sched,2,1016.4123243954843,8.475168025131733,0.1381198330782354,True,87a65c0,6,15,best,30,1.0,True,0.7,0.95,0.1,937.0
A-n44-k6,acs_clsqrtn_2opt_q0sched,3,1079.3352890003434,15.190532444006772,0.15019625006243587,True,87a65c0,6,15,best,30,1.0,True,0.7,0.95,0.1,937.0
A-n44-k6,acs_clsqrtn_2opt_q0sched,4,1060.95792427222,13.229234180599786,0.13890699995681643,True,87a65c0,6,15,best,30,1.0,True,0.7,0.95,0.1,937.0
A-n44-k6,acs_clsqrtn_2opt_q0sched,5,1068.3113810882878,14.01402146086316,0.13822233397513628,True,87a65c0,6,15,best,30,1.0,True,0.7,0.95,0.1,937.0
A-n44-k6,acs_clsqrtn_2opt_q0sched,6,1057.0323197100652,12.810279584852205,0.14417649991810322,True,87a65c0,6,15,best,30,1.0,True,0.7,0.95,0.1,937.0
A-n44-k6,acs_clsqrtn_2opt_q0sched,7,1058.4525961607903,12.961856580660655,0.13656449993140996,True,87a65c0,6,15,best,30,1.0,True,0.7,0.95,0.1,937.0
A-n44-k6,acs_clsqrtn_2opt_q0sched,8,1079.5489460048186,15.213334685679683,0.13621837506070733,True,87a65c0,6,15,best,30,1.0,True,0.7,0.95,0.1,937.0
A-n44-k6,acs_clsqrtn_2opt_q0sched,9,1056.9104842350955,12.797276866072094,0.1389252080116421,True,87a65c0,6,15,best,30,1.0,True,0.7,0.95,0.1,937.0
A-n44-k6,acs_clsqrtn_2opt_q0sched,10,1032.8578588399328,10.230294433290583,0.13536695786751807,True,87a65c0,6,15,best,30,1.0,True,0.7,0.95,0.1,937.0
A-n44-k6,acs_clsqrtn_2opt_q0sched,11,1066.4695305896619,13.8174525709351,0.13460654206573963,True,87a65c0,6,15,best,30,1.0,True,0.7,0.95,0.1,937.0
A-n44-k6,acs_clsqrtn_2opt_q0sched,12,1072.087301672072,14.417001245685384,0.17035049991682172,True,87a65c0,6,15,best,30,1.0,True,0.7,0.95,0.1,937.0
A-n44-k6,acs_clsqrtn_2opt_q0sched,13,1039.1407315942254,10.900825143460551,0.13546312507241964,True,87a65c0,6,15,best,30,1.0,True,0.7,0.95,0.1,937.0
A-n44-k6,acs_clsqrtn_2opt_q0sched,14,1063.121280501292,13.460115314972459,0.13528624991886318,True,87a65c0,6,15,best,30,1.0,True,0.7,0.95,0.1,937.0
A-n44-k6,acs_clsqrtn_2opt_q0sched,15,1079.5489460048186,15.213334685679683,0.13596224994398654,True,87a65c0,6,15,best,30,1.0,True,0.7,0.95,0.1,937.0
A-n44-k6,acs_clsqrtn_2opt_q0sched,16,1082.8337289874335,15.56389850452865,0.1355617919471115,True,87a65c0,6,15,best,30,1.0,True,0.7,0.95,0.1,937.0
A-n44-k6,acs_clsqrtn_2opt_q0sched,17,1056.827677470345,12.788439431200102,0.1359955829102546,True,87a65c0,6,15,best,30,1.0,True,0.7,0.95,0.1,937.0
A-n44-k6,acs_clsqrtn_2opt_q0sched,18,1046.4463450871158,11.680506412712464,0.1370665840804577,True,87a65c0,6,15,best,30,1.0,True,0.7,0.95,0.1,937.0
A-n44-k6,acs_clsqrtn_2opt_q0sched,19,1074.1500429510709,14.637144391789846,0.13660004106350243,True,87a65c0,6,15,best,30,1.0,True,0.7,0.95,0.1,937.0
A-n44-k6,acs_clsqrtn_2opt_q0sched,20,1094.3032976739785,16.787972003626304,0.1331943329423666,True,87a65c0,6,15,best,30,1.0,True,0.7,0.95,0.1,937.0
A-n44-k6,acs_clsqrtn_2opt_q0sched,21,1074.7627566535648,14.702535395257716,0.13119237520731986,True,87a65c0,6,15,best,30,1.0,True,0.7,0.95,0.1,937.0
A-n44-k6,acs_clsqrtn_2opt_q0sched,22,1071.4185284160815,14.3456273656437,0.13383091590367258,True,87a65c0,6,15,best,30,1.0,True,0.7,0.95,0.1,937.0
A-n44-k6,acs_clsqrtn_2opt_q0sched,23,1024.5812831158578,9.346988592941067,0.16078733303584158,True,87a65c0,6,15,best,30,1.0,True,0.7,0.95,0.1,937.0
A-n44-k6,acs_clsqrtn_2opt_q0sched,24,1061.7172709795843,13.310274384160547,0.1366816251538694,True,87a65c0,6,15,best,30,1.0,True,0.7,0.95,0.1,937.0
A-n44-k6,acs_clsqrtn_2opt_q0sched,25,1004.0992810145798,7.1610758820255915,0.13328987499698997,True,87a65c0,6,15,best,30,1.0,True,0.7,0.95,0.1,937.0
A-n44-k6,acs_clsqrtn_2opt_q0sched,26,1061.0819438779936,13.242469997651396,0.13575312495231628,True,87a65c0,6,15,best,30,1.0,True,0.7,0.95,0.1,937.0
A-n44-k6,acs_clsqrtn_2opt_q0sched,27,1055.8046960595216,12.679263186715218,0.13202650006860495,True,87a65c0,6,15,best,30,1.0,True,0.7,0.95,0.1,937.0
A-n44-k6,acs_clsqrtn_2opt_q0sched,28,1002.9965271178551,7.043386031788161,0.13385966699570417,True,87a65c0,6,15,best,30,1.0,True,0.7,0.95,0.1,937.0
A-n44-k6,acs_clsqrtn_2opt_q0sched,29,1046.4463450871158,11.680506412712464,0.13347512506879866,True,87a65c0,6,15,best,30,1.0,True,0.7,0.95,0.1,937.0
A-n44-k6,acs_nocl_2opt_q0sched,0,1035.716889640419,10.535420452552712,0.18852254189550877,True,87a65c0,6,0,best,30,1.0,True,0.7,0.95,0.1,937.0
A-n44-k6,acs_nocl_2opt_q0sched,1,1065.846847299159,13.750997577284844,0.28690966591238976,True,87a65c0,6,0,best,30,1.0,True,0.7,0.95,0.1,937.0
A-n44-k6,acs_nocl_2opt_q0sched,2,1043.6691585270241,11.384115104271519,0.20576541684567928,True,87a65c0,6,0,best,30,1.0,True,0.7,0.95,0.1,937.0
A-n44-k6,acs_nocl_2opt_q0sched,3,1073.9492119606418,14.615710988328903,0.1901276670396328,True,87a65c0,6,0,best,30,1.0,True,0.7,0.95,0.1,937.0
A-n44-k6,acs_nocl_2opt_q0sched,4,1047.3853177647843,11.780716943947098,0.1950590000487864,True,87a65c0,6,0,best,30,1.0,True,0.7,0.95,0.1,937.0
A-n44-k6,acs_nocl_2opt_q0sched,5,1064.084657808452,13.562930395779297,0.19498745817691088,True,87a65c0,6,0,best,30,1.0,True,0.7,0.95,0.1,937.0
A-n44-k6,acs_nocl_2opt_q0sched,6,1078.204072073592,15.069804917138951,0.23154358309693635,True,87a65c0,6,0,best,30,1.0,True,0.7,0.95,0.1,937.0
A-n44-k6,acs_nocl_2opt_q0sched,7,1049.1422737116193,11.968225582883594,0.19740616693161428,True,87a65c0,6,0,best,30,1.0,True,0.7,0.95,0.1,937.0
A-n44-k6,acs_nocl_2opt_q0sched,8,1016.4123243954843,8.475168025131733,0.2022487500216812,True,87a65c0,6,0,best,30,1.0,True,0.7,0.95,0.1,937.0
A-n44-k6,acs_nocl_2opt_q0sched,9,1051.5484961303544,12.225026267914018,0.20024337503127754,True,87a65c0,6,0,best,30,1.0,True,0.7,0.95,0.1,937.0
A-n44-k6,acs_nocl_2opt_q0sched,10,1085.6226903363745,15.861546460658962,0.19581541698426008,True,87a65c0,6,0,best,30,1.0,True,0.7,0.95,0.1,937.0
A-n44-k6,acs_nocl_2opt_q0sched,11,1080.125335151763,15.274849002322627,0.1923549589700997,True,87a65c0,6,0,best,30,1.0,True,0.7,0.95,0.1,937.0
A-n44-k6,acs_nocl_2opt_q0sched,12,1083.5508008870497,15.640426989012775,0.19606666709296405,True,87a65c0,6,0,best,30,1.0,True,0.7,0.95,0.1,937.0
A-n44-k6,acs_nocl_2opt_q0sched,13,1039.0301103050176,10.889019242798039,0.18559383298270404,True,87a65c0,6,0,best,30,1.0,True,0.7,0.95,0.1,937.0
A-n44-k6,acs_nocl_2opt_q0sched,14,1037.4717410156172,10.722704484057335,0.21159679209813476,True,87a65c0,6,0,best,30,1.0,True,0.7,0.95,0.1,937.0
A-n44-k6,acs_nocl_2opt_q0sched,15,1051.6322092336577,12.233960430486416,0.1853138329461217,True,87a65c0,6,0,best,30,1.0,True,0.7,0.95,0.1,937.0
A-n44-k6,acs_nocl_2opt_q0sched,16,1057.7666837711092,12.888653550812085,0.18405004194937646,True,87a65c0,6,0,best,30,1.0,True,0.7,0.95,0.1,937.0
A-n44-k6,acs_nocl_2opt_q0sched,17,1012.5060816037653,8.058279786954676,0.18397245812229812,True,87a65c0,6,0,best,30,1.0,True,0.7,0.95,0.1,937.0
A-n44-k6,acs_nocl_2opt_q0sched,18,1023.8935369374683,9.273589854585731,0.18290258292108774,True,87a65c0,6,0,best,30,1.0,True,0.7,0.95,0.1,937.0
A-n44-k6,acs_nocl_2opt_q0sched,19,1044.7001642635655,11.494147733571559,0.1857967081014067,True,87a65c0,6,0,best,30,1.0,True,0.7,0.95,0.1,937.0
A-n44-k6,acs_nocl_2opt_q0sched,20,1041.4462294390266,11.146876140771253,0.18924395903013647,True,87a65c0,6,0,best,30,1.0,True,0.7,0.95,0.1,937.0
A-n44-k6,acs_nocl_2opt_q0sched,21,1037.7791679917848,10.755514193360169,0.1856110841035843,True,87a65c0,6,0,best,30,1.0,True,0.7,0.95,0.1,937.0
A-n44-k6,acs_nocl_2opt_q0sched,22,1072.377691867304,14.44799272863437,0.2142909588292241,True,87a65c0,6,0,best,30,1.0,True,0.7,0.95,0.1,937.0
A-n44-k6,acs_nocl_2opt_q0sched,23,1056.112636912232,12.71212773876541,0.18294062511995435,True,87a65c0,6,0,best,30,1.0,True,0.7,0.95,0.1,937.0
A-n44-k6,acs_nocl_2opt_q0sched,24,1045.4626525606025,11.575523218847648,0.18098158296197653,True,87a65c0,6,0,best,30,1.0,True,0.7,0.95,0.1,937.0
A-n44-k6,acs_nocl_2opt_q0sched,25,1088.3502384464032,16.15264017571005,0.18236279184930027,True,87a65c0,6,0,best,30,1.0,True,0.7,0.95,0.1,937.0
A-n44-k6,acs_nocl_2opt_q0sched,26,1037.2275394276837,10.696642414907547,0.18203020887449384,True,87a65c0,6,0,best,30,1.0,True,0.7,0.95,0.1,937.0
A-n44-k6,acs_nocl_2opt_q0sched,27,1016.1480745708459,8.446966336269572,0.1811516669113189,True,87a65c0,6,0,best,30,1.0,True,0.7,0.95,0.1,937.0
A-n44-k6,acs_nocl_2opt_q0sched,28,1025.9062923148995,9.488398326029825,0.18631470785476267,True,87a65c0,6,0,best,30,1.0,True,0.7,0.95,0.1,937.0
A-n44-k6,acs_nocl_2opt_q0sched,29,1084.1785381649202,15.707421362318053,0.1841917501296848,True,87a65c0,6,0,best,30,1.0,True,0.7,0.95,0.1,937.0
A-n44-k6,acs_nocl_none,0,1150.59368435066,22.795483922162212,0.18721200013533235,True,87a65c0,6,0,none,0,0.0,False,0.7,0.95,0.1,937.0
A-n44-k6,acs_nocl_none,1,1122.7864642583454,19.827797679652658,0.19802504102699459,True,87a65c0,6,0,none,0,0.0,False,0.7,0.95,0.1,937.0
A-n44-k6,acs_nocl_none,2,1141.4158989736666,21.8159977559943,0.18058787495829165,True,87a65c0,6,0,none,0,0.0,False,0.7,0.95,0.1,937.0
A-n44-k6,acs_nocl_none,3,1114.0842056878982,18.899061439476867,0.17459779186174273,True,87a65c0,6,0,none,0,0.0,False,0.7,0.95,0.1,937.0
A-n44-k6,acs_nocl_none,4,1135.7096633251447,21.20700782552238,0.16603658394888043,True,87a65c0,6,0,none,0,0.0,False,0.7,0.95,0.1,937.0
A-n44-k6,acs_nocl_none,5,1144.7212618894137,22.16875793910498,0.16461045807227492,True,87a65c0,6,0,none,0,0.0,False,0.7,0.95,0.1,937.0
A-n44-k6,acs_nocl_none,6,1077.2010540157235,14.962759233268244,0.19335920899175107,True,87a65c0,6,0,none,0,0.0,False,0.7,0.95,0.1,937.0
A-n44-k6,acs_nocl_none,7,1154.0693430222177,23.16641867899869,0.16291029192507267,True,87a65c0,6,0,none,0,0.0,False,0.7,0.95,0.1,937.0
A-n44-k6,acs_nocl_none,8,1114.5517440029128,18.948958805006697,0.16167187504470348,True,87a65c0,6,0,none,0,0.0,False,0.7,0.95,0.1,937.0
A-n44-k6,acs_nocl_none,9,1103.8482879732765,17.806647595867283,0.15648608305491507,True,87a65c0,6,0,none,0,0.0,False,0.7,0.95,0.1,937.0
A-n44-k6,acs_nocl_none,10,1157.608239516558,23.544102403047802,0.17755733407102525,True,87a65c0,6,0,none,0,0.0,False,0.7,0.95,0.1,937.0
A-n44-k6,acs_nocl_none,11,1097.0636741651983,17.082569281237816,0.1780909588560462,True,87a65c0,6,0,none,0,0.0,False,0.7,0.95,0.1,937.0
A-n44-k6,acs_nocl_none,12,1132.006960539401,20.811842106659658,0.17107250005938113,True,87a65c0,6,0,none,0,0.0,False,0.7,0.95,0.1,937.0
A-n44-k6,acs_nocl_none,13,1157.8564821889304,23.57059575121989,0.16356037487275898,True,87a65c0,6,0,none,0,0.0,False,0.7,0.95,0.1,937.0
A-n44-k6,acs_nocl_none,14,1139.8738114292696,21.651420643465272,0.15869616717100143,True,87a65c0,6,0,none,0,0.0,False,0.7,0.95,0.1,937.0
A-n44-k6,acs_nocl_none,15,1124.7359239962616,20.03585101347509,0.16361087514087558,True,87a65c0,6,0,none,0,0.0,False,0.7,0.95,0.1,937.0
A-n44-k6,acs_nocl_none,16,1062.8455562893575,13.430689038351925,0.21644579200074077,True,87a65c0,6,0,none,0,0.0,False,0.7,0.95,0.1,937.0
A-n44-k6,acs_nocl_none,17,1117.8702305367751,19.30311958770279,0.18355883285403252,True,87a65c0,6,0,none,0,0.0,False,0.7,0.95,0.1,937.0
A-n44-k6,acs_nocl_none,18,1142.681277580091,21.95104349840887,0.1570476251654327,True,87a65c0,6,0,none,0,0.0,False,0.7,0.95,0.1,937.0
A-n44-k6,acs_nocl_none,19,1149.1022880613893,22.636316762154678,0.15858604107052088,True,87a65c0,6,0,none,0,0.0,False,0.7,0.95,0.1,937.0
A-n44-k6,acs_nocl_none,20,1071.0727310367029,14.308722629317275,0.1576475421898067,True,87a65c0,6,0,none,0,0.0,False,0.7,0.95,0.1,937.0
A-n44-k6,acs_nocl_none,21,1125.059133519476,20.070345092793605,0.1571446661837399,True,87a65c0,6,0,none,0,0.0,False,0.7,0.95,0.1,937.0
A-n44-k6,acs_nocl_none,22,1134.9264984028157,21.123425656650554,0.15788291697390378,True,87a65c0,6,0,none,0,0.0,False,0.7,0.95,0.1,937.0
A-n44-k6,acs_nocl_none,23,1116.8366367175838,19.19281074894171,0.15702070808038116,True,87a65c0,6,0,none,0,0.0,False,0.7,0.95,0.1,937.0
A-n44-k6,acs_nocl_none,24,1130.8545812325992,20.688856054706427,0.15697408304549754,True,87a65c0,6,0,none,0,0.0,False,0.7,0.95,0.1,937.0
A-n44-k6,acs_nocl_none,25,1104.8988750033946,17.91877001103464,0.15755558386445045,True,87a65c0,6,0,none,0,0.0,False,0.7,0.95,0.1,937.0
A-n44-k6,acs_nocl_none,26,1136.6008116568414,21.302114371060984,0.1572349169291556,True,87a65c0,6,0,none,0,0.0,False,0.7,0.95,0.1,937.0
A-n44-k6,acs_nocl_none,27,1132.3400422945545,20.84738978597166,0.15736833307892084,True,87a65c0,6,0,none,0,0.0,False,0.7,0.95,0.1,937.0
A-n44-k6,acs_nocl_none,28,1107.8745929353101,18.23634929939276,0.15668249991722405,True,87a65c0,6,0,none,0,0.0,False,0.7,0.95,0.1,937.0
A-n44-k6,acs_nocl_none,29,1151.0800611709456,22.84739180052781,0.18470099987462163,True,87a65c0,6,0,none,0,0.0,False,0.7,0.95,0.1,937.0
A-n45-k6,acs_baseline,0,1167.8055063487852,23.708210418303523,0.16430154186673462,True,87a65c0,6,0,none,0,0.0,False,0.7,0.95,0.1,944.0
A-n45-k6,acs_baseline,1,1213.025622031781,28.498476910146298,0.16248208284378052,True,87a65c0,6,0,none,0,0.0,False,0.7,0.95,0.1,944.0
A-n45-k6,acs_baseline,2,1103.2236361336534,16.866910607378536,0.16184416715987027,True,87a65c0,6,0,none,0,0.0,False,0.7,0.95,0.1,944.0
A-n45-k6,acs_baseline,3,1173.684860496301,24.331023357659014,0.16151904198341072,True,87a65c0,6,0,none,0,0.0,False,0.7,0.95,0.1,944.0
A-n45-k6,acs_baseline,4,1226.994926251035,29.978276085914718,0.16109658288769424,True,87a65c0,6,0,none,0,0.0,False,0.7,0.95,0.1,944.0
A-n45-k6,acs_baseline,5,1134.6551763393106,20.196522917299855,0.16145345801487565,True,87a65c0,6,0,none,0,0.0,False,0.7,0.95,0.1,944.0
A-n45-k6,acs_baseline,6,1197.8862470742417,26.894729562949337,0.16068491688929498,True,87a65c0,6,0,none,0,0.0,False,0.7,0.95,0.1,944.0
A-n45-k6,acs_baseline,7,1216.3150939113402,28.84693791433689,0.18818129086866975,True,87a65c0,6,0,none,0,0.0,False,0.7,0.95,0.1,944.0
A-n45-k6,acs_baseline,8,1163.322596071308,23.23332585501144,0.16087883315049112,True,87a65c0,6,0,none,0,0.0,False,0.7,0.95,0.1,944.0
A-n45-k6,acs_baseline,9,1171.720016600643,24.122883114474895,0.1604816250037402,True,87a65c0,6,0,none,0,0.0,False,0.7,0.95,0.1,944.0
A-n45-k6,acs_baseline,10,1206.5780310698367,27.815469392991176,0.16308516706340015,True,87a65c0,6,0,none,0,0.0,False,0.7,0.95,0.1,944.0
A-n45-k6,acs_baseline,11,1214.4985094739593,28.654503122241454,0.1652375829871744,True,87a65c0,6,0,none,0,0.0,False,0.7,0.95,0.1,944.0
A-n45-k6,acs_baseline,12,1189.9461210234736,26.05361451519847,0.16128295892849565,True,87a65c0,6,0,none,0,0.0,False,0.7,0.95,0.1,944.0
A-n45-k6,acs_baseline,13,1202.367983915736,27.3694898215822,0.16121279099024832,True,87a65c0,6,0,none,0,0.0,False,0.7,0.95,0.1,944.0
A-n45-k6,acs_baseline,14,1159.3065047965486,22.8078924572615,0.16162966703996062,True,87a65c0,6,0,none,0,0.0,False,0.7,0.95,0.1,944.0
A-n45-k6,acs_baseline,15,1192.985107240657,26.375541021256044,0.16155262500979006,True,87a65c0,7,0,none,0,0.0,False,0.7,0.95,0.1,944.0
A-n45-k6,acs_baseline,16,1120.906234434924,18.74006720708941,0.16785049997270107,True,87a65c0,6,0,none,0,0.0,False,0.7,0.95,0.1,944.0
A-n45-k6,acs_baseline,17,1203.37656117416,27.476330632855944,0.18751708301715553,True,87a65c0,6,0,none,0,0.0,False,0.7,0.95,0.1,944.0
A-n45-k6,acs_baseline,18,1197.2360394540067,26.82585163707698,0.16131883393973112,True,87a65c0,7,0,none,0,0.0,False,0.7,0.95,0.1,944.0
A-n45-k6,acs_baseline,19,1190.4271879367302,26.104574993297692,0.16192262503318489,True,87a65c0,6,0,none,0,0.0,False,0.7,0.95,0.1,944.0
A-n45-k6,acs_baseline,20,1201.757130887418,27.30478081434513,0.16169666615314782,True,87a65c0,6,0,none,0,0.0,False,0.7,0.95,0.1,944.0
A-n45-k6,acs_baseline,21,1170.7054334224526,24.015406082886933,0.1611918332055211,True,87a65c0,6,0,none,0,0.0,False,0.7,0.95,0.1,944.0
A-n45-k6,acs_baseline,22,1200.0434498772638,27.12324680903218,0.16121720802038908,True,87a65c0,6,0,none,0,0.0,False,0.7,0.95,0.1,944.0
A-n45-k6,acs_baseline,23,1160.957498115234,22.98278581729175,0.16151087498292327,True,87a65c0,6,0,none,0,0.0,False,0.7,0.95,0.1,944.0
A-n45-k6,acs_baseline,24,1157.1859487519382,22.583257283044304,0.1610540000256151,True,87a65c0,6,0,none,0,0.0,False,0.7,0.95,0.1,944.0
A-n45-k6,acs_baseline,25,1185.492854757755,25.58187020738929,0.16181783308275044,True,87a65c0,6,0,none,0,0.0,False,0.7,0.95,0.1,944.0
A-n45-k6,acs_baseline,26,1159.5163084312899,22.830117418568843,0.161295082885772,True,87a65c0,6,0,none,0,0.0,False,0.7,0.95,0.1,944.0
A-n45-k6,acs_baseline,27,1205.182519520272,27.66763977968984,0.18418850004673004,True,87a65c0,7,0,none,0,0.0,False,0.7,0.95,0.1,944.0
A-n45-k6,acs_baseline,28,1185.55077512883,25.58800583991844,0.16200595791451633,True,87a65c0,6,0,none,0,0.0,False,0.7,0.95,0.1,944.0
A-n45-k6,acs_baseline,29,1201.6834341121858,27.29697395256205,0.1616330831311643,True,87a65c0,6,0,none,0,0.0,False,0.7,0.95,0.1,944.0
A-n45-k6,acs_cl15,0,1205.1437007571838,27.663527622583022,0.12140495819039643,True,87a65c0,6,15,none,0,0.0,False,0.7,0.95,0.1,944.0
A-n45-k6,acs_cl15,1,1216.2162109525282,28.83646302463222,0.12312845885753632,True,87a65c0,6,15,none,0,0.0,False,0.7,0.95,0.1,944.0
A-n45-k6,acs_cl15,2,1218.3895042824793,29.06668477568636,0.12191300000995398,True,87a65c0,6,15,none,0,0.0,False,0.7,0.95,0.1,944.0
A-n45-k6,acs_cl15,3,1197.408099612177,26.844078348747562,0.12697137496434152,True,87a65c0,6,15,none,0,0.0,False,0.7,0.95,0.1,944.0
A-n45-k6,acs_cl15,4,1200.2932466057325,27.149708326878446,0.1215397089254111,True,87a65c0,6,15,none,0,0.0,False,0.7,0.95,0.1,944.0
A-n45-k6,acs_cl15,5,1159.3065047965486,22.8078924572615,0.12182987504638731,True,87a65c0,6,15,none,0,0.0,False,0.7,0.95,0.1,944.0
A-n45-k6,acs_cl15,6,1211.8702318552719,28.376083882973713,0.12080979184247553,True,87a65c0,6,15,none,0,0.0,False,0.7,0.95,0.1,944.0
A-n45-k6,acs_cl15,7,1119.7098011285423,18.61332639073541,0.12171983299776912,True,87a65c0,6,15,none,0,0.0,False,0.7,0.95,0.1,944.0
A-n45-k6,acs_cl15,8,1218.3895042824793,29.06668477568636,0.14607658283784986,True,87a65c0,6,15,none,0,0.0,False,0.7,0.95,0.1,944.0
A-n45-k6,acs_cl15,9,1172.1172682814245,24.16496486032039,0.12072854186408222,True,87a65c0,6,15,none,0,0.0,False,0.7,0.95,0.1,944.0
A-n45-k6,acs_cl15,10,1160.9032354306978,22.97703765155697,0.12145350011996925,True,87a65c0,6,15,none,0,0.0,False,0.7,0.95,0.1,944.0
A-n45-k6,acs_cl15,11,1180.0004890057257,25.000051801454,0.1208312502130866,True,87a65c0,6,15,none,0,0.0,False,0.7,0.95,0.1,944.0
A-n45-k6,acs_cl15,12,1159.199058633816,22.796510448497468,0.12107450002804399,True,87a65c0,6,15,none,0,0.0,False,0.7,0.95,0.1,944.0
A-n45-k6,acs_cl15,13,1220.2247866864936,29.26110028458619,0.12123929103836417,True,87a65c0,6,15,none,0,0.0,False,0.7,0.95,0.1,944.0
A-n45-k6,acs_cl15,14,1224.1171869180816,29.673430817593392,0.12122437497600913,True,87a65c0,6,15,none,0,0.0,False,0.7,0.95,0.1,944.0
A-n45-k6,acs_cl15,15,1176.0726334455815,24.58396540737092,0.12137029180303216,True,87a65c0,6,15,none,0,0.0,False,0.7,0.95,0.1,944.0
A-n45-k6,acs_cl15,16,1190.6952978253003,26.132976464544516,0.12120091612450778,True,87a65c0,6,15,none,0,0.0,False,0.7,0.95,0.1,944.0
A-n45-k6,acs_cl15,17,1203.37656117416,27.476330632855944,0.12135570892132819,True,87a65c0,6,15,none,0,0.0,False,0.7,0.95,0.1,944.0
A-n45-k6,acs_cl15,18,1200.623971825272,27.184742778100855,0.1482649592217058,True,87a65c0,6,15,none,0,0.0,False,0.7,0.95,0.1,944.0
A-n45-k6,acs_cl15,19,1218.3895042824793,29.06668477568636,0.12290441710501909,True,87a65c0,6,15,none,0,0.0,False,0.7,0.95,0.1,944.0
A-n45-k6,acs_cl15,20,1201.057076628636,27.23062252421991,0.12250762502662838,True,87a65c0,6,15,none,0,0.0,False,0.7,0.95,0.1,944.0
A-n45-k6,acs_cl15,21,1134.8775707166656,20.220081643714572,0.123862124979496,True,87a65c0,6,15,none,0,0.0,False,0.7,0.95,0.1,944.0
A-n45-k6,acs_cl15,22,1167.2885858724112,23.6534518932639,0.12490733410231769,True,87a65c0,6,15,none,0,0.0,False,0.7,0.95,0.1,944.0
A-n45-k6,acs_cl15,23,1203.068661732615,27.443714166590578,0.1214767498895526,True,87a65c0,6,15,none,0,0.0,False,0.7,0.95,0.1,944.0
A-n45-k6,acs_cl15,24,1196.4579016959115,26.74342178982113,0.12279654201120138,True,87a65c0,6,15,none,0,0.0,False,0.7,0.95,0.1,944.0
A-n45-k6,acs_cl15,25,1225.65567628403,29.83640638602013,0.12762116687372327,True,87a65c0,6,15,none,0,0.0,False,0.7,0.95,0.1,944.0
A-n45-k6,acs_cl15,26,1167.143324255835,23.63806401015202,0.12300908309407532,True,87a65c0,6,15,none,0,0.0,False,0.7,0.95,0.1,944.0
A-n45-k6,acs_cl15,27,1208.8576679015544,28.056956345503636,0.12262287479825318,True,87a65c0,6,15,none,0,0.0,False,0.7,0.95,0.1,944.0
A-n45-k6,acs_cl15,28,1199.258936978735,27.040141629103275,0.12108945799991488,True,87a65c0,6,15,none,0,0.0,False,0.7,0.95,0.1,944.0
A-n45-k6,acs_cl15,29,1160.9963472970373,22.98690119672006,0.15011908300220966,True,87a65c0,6,15,none,0,0.0,False,0.7,0.95,0.1,944.0
A-n45-k6,acs_cl15_ls2opt_fixed,0,1121.0996782787959,18.760559139702952,0.13311400008387864,True,87a65c0,6,15,best,30,1.0,False,0.7,0.95,0.1,944.0
A-n45-k6,acs_cl15_ls2opt_fixed,1,1162.5332704804919,23.149710855984306,0.1341810841113329,True,87a65c0,6,15,best,30,1.0,False,0.7,0.95,0.1,944.0
A-n45-k6,acs_cl15_ls2opt_fixed,2,1107.000662538391,17.267019336693963,0.13426129217259586,True,87a65c0,6,15,best,30,1.0,False,0.7,0.95,0.1,944.0
A-n45-k6,acs_cl15_ls2opt_fixed,3,1112.0014224387216,17.796760851559494,0.13371654087677598,True,87a65c0,6,15,best,30,1.0,False,0.7,0.95,0.1,944.0
A-n45-k6,acs_cl15_ls2opt_fixed,4,1146.8082227709467,21.483921903701983,0.13382470794022083,True,87a65c0,6,15,best,30,1.0,False,0.7,0.95,0.1,944.0
A-n45-k6,acs_cl15_ls2opt_fixed,5,1117.115557735005,18.3385124719285,0.13395945797674358,True,87a65c0,6,15,best,30,1.0,False,0.7,0.95,0.1,944.0
A-n45-k6,acs_cl15_ls2opt_fixed,6,1107.808047017189,17.35254735351578,0.13279208284802735,True,87a65c0,6,15,best,30,1.0,False,0.7,0.95,0.1,944.0
A-n45-k6,acs_cl15_ls2opt_fixed,7,1060.203112297534,12.309651726433692,0.13437929190695286,True,87a65c0,6,15,best,30,1.0,False,0.7,0.95,0.1,944.0
A-n45-k6,acs_cl15_ls2opt_fixed,8,1180.8550371547321,25.09057596978095,0.13285712501965463,True,87a65c0,6,15,best,30,1.0,False,0.7,0.95,0.1,944.0
A-n45-k6,acs_cl15_ls2opt_fixed,9,1120.26925461989,18.672590531768012,0.15701858303509653,True,87a65c0,6,15,best,30,1.0,False,0.7,0.95,0.1,944.0
A-n45-k6,acs_cl15_ls2opt_fixed,10,1112.0014224387216,17.796760851559494,0.13521249988116324,True,87a65c0,6,15,best,30,1.0,False,0.7,0.95,0.1,944.0
A-n45-k6,acs_cl15_ls2opt_fixed,11,1117.1155577350048,18.338512471928475,0.13418633304536343,True,87a65c0,6,15,best,30,1.0,False,0.7,0.95,0.1,944.0
A-n45-k6,acs_cl15_ls2opt_fixed,12,1116.42192577762,18.265034510341092,0.13216345803812146,True,87a65c0,6,15,best,30,1.0,False,0.7,0.95,0.1,944.0
A-n45-k6,acs_cl15_ls2opt_fixed,13,1174.1810780136593,24.383588772633402,0.1343196250963956,True,87a65c0,6,15,best,30,1.0,False,0.7,0.95,0.1,944.0
A-n45-k6,acs_cl15_ls2opt_fixed,14,1165.0365288691723,23.414886532751307,0.1340653751976788,True,87a65c0,6,15,best,30,1.0,False,0.7,0.95,0.1,944.0
A-n45-k6,acs_cl15_ls2opt_fixed,15,1121.1822993626647,18.76931137316363,0.1408175420947373,True,87a65c0,6,15,best,30,1.0,False,0.7,0.95,0.1,944.0
A-n45-k6,acs_cl15_ls2opt_fixed,16,1092.9444730464522,15.778016212547904,0.13473845808766782,True,87a65c0,6,15,best,30,1.0,False,0.7,0.95,0.1,944.0
A-n45-k6,acs_cl15_ls2opt_fixed,17,1154.4209700797096,22.290356999969237,0.13301966595463455,True,87a65c0,6,15,best,30,1.0,False,0.7,0.95,0.1,944.0
A-n45-k6,acs_cl15_ls2opt_fixed,18,1096.6294496699045,16.16837390571022,0.13397254096344113,True,87a65c0,6,15,best,30,1.0,False,0.7,0.95,0.1,944.0
A-n45-k6,acs_cl15_ls2opt_fixed,19,1139.8052152980154,20.742077891738912,0.13289883406832814,True,87a65c0,7,15,best,30,1.0,False,0.7,0.95,0.1,944.0
A-n45-k6,acs_cl15_ls2opt_fixed,20,1141.6148504227317,20.93377652783175,0.15762516693212092,True,87a65c0,6,15,best,30,1.0,False,0.7,0.95,0.1,944.0
A-n45-k6,acs_cl15_ls2opt_fixed,21,1092.9444730464522,15.778016212547904,0.13500520796515048,True,87a65c0,6,15,best,30,1.0,False,0.7,0.95,0.1,944.0
A-n45-k6,acs_cl15_ls2opt_fixed,22,1121.7928248578055,18.833985684089566,0.13725558295845985,True,87a65c0,6,15,best,30,1.0,False,0.7,0.95,0.1,944.0
A-n45-k6,acs_cl15_ls2opt_fixed,23,1170.9004873575925,24.036068576016156,0.13490450009703636,True,87a65c0,6,15,best,30,1.0,False,0.7,0.95,0.1,944.0
A-n45-k6,acs_cl15_ls2opt_fixed,24,1137.809978972943,20.530718111540583,0.13297220901586115,True,87a65c0,6,15,best,30,1.0,False,0.7,0.95,0.1,944.0
A-n45-k6,acs_cl15_ls2opt_fixed,25,1139.2067982477997,20.678686255063532,0.13746233307756484,True,87a65c0,6,15,best,30,1.0,False,0.7,0.95,0.1,944.0
A-n45-k6,acs_cl15_ls2opt_fixed,26,1115.5939622718693,18.17732651185056,0.13414654205553234,True,87a65c0,6,15,best,30,1.0,False,0.7,0.95,0.1,944.0
A-n45-k6,acs_cl15_ls2opt_fixed,27,1130.0764512591152,19.711488480838472,0.13311412511393428,True,87a65c0,6,15,best,30,1.0,False,0.7,0.95,0.1,944.0
A-n45-k6,acs_cl15_ls2opt_fixed,28,1112.0014224387216,17.796760851559494,0.1327214171178639,True,87a65c0,6,15,best,30,1.0,False,0.7,0.95,0.1,944.0
A-n45-k6,acs_cl15_ls2opt_fixed,29,1099.9881181963285,16.524165063170393,0.1334707080386579,True,87a65c0,6,15,best,30,1.0,False,0.7,0.95,0.1,944.0
A-n45-k6,acs_cl15_ls2opt_fixed_q0sched,0,1117.1155577350048,18.338512471928475,0.14232604089193046,True,87a65c0,6,15,best,30,1.0,True,0.7,0.95,0.1,944.0
A-n45-k6,acs_cl15_ls2opt_fixed_q0sched,1,1112.0014224387216,17.796760851559494,0.16695108404383063,True,87a65c0,6,15,best,30,1.0,True,0.7,0.95,0.1,944.0
A-n45-k6,acs_cl15_ls2opt_fixed_q0sched,2,1141.6148504227317,20.93377652783175,0.1413199589587748,True,87a65c0,6,15,best,30,1.0,True,0.7,0.95,0.1,944.0
A-n45-k6,acs_cl15_ls2opt_fixed_q0sched,3,1067.1696700978341,13.047634544262088,0.14154320815578103,True,87a65c0,6,15,best,30,1.0,True,0.7,0.95,0.1,944.0
A-n45-k6,acs_cl15_ls2opt_fixed_q0sched,4,1110.3692991233231,17.623866432555417,0.1428194169420749,True,87a65c0,6,15,best,30,1.0,True,0.7,0.95,0.1,944.0
A-n45-k6,acs_cl15_ls2opt_fixed_q0sched,5,1097.7767063974718,16.289905338715233,0.14216466690413654,True,87a65c0,6,15,best,30,1.0,True,0.7,0.95,0.1,944.0
A-n45-k6,acs_cl15_ls2opt_fixed_q0sched,6,1097.5126685008918,16.261935222552097,0.14101075008511543,True,87a65c0,6,15,best,30,1.0,True,0.7,0.95,0.1,944.0
A-n45-k6,acs_cl15_ls2opt_fixed_q0sched,7,1137.4556000008868,20.49317796619563,0.1405216669663787,True,87a65c0,6,15,best,30,1.0,True,0.7,0.95,0.1,944.0
A-n45-k6,acs_cl15_ls2opt_fixed_q0sched,8,1128.737106184963,19.569608706034224,0.14072729204781353,True,87a65c0,6,15,best,30,1.0,True,0.7,0.95,0.1,944.0
A-n45-k6,acs_cl15_ls2opt_fixed_q0sched,9,1141.1731441983438,20.88698561423134,0.13997337478213012,True,87a65c0,6,15,best,30,1.0,True,0.7,0.95,0.1,944.0
A-n45-k6,acs_cl15_ls2opt_fixed_q0sched,10,1074.948361839026,13.87164849989681,0.14040633291006088,True,87a65c0,6,15,best,30,1.0,True,0.7,0.95,0.1,944.0
A-n45-k6,acs_cl15_ls2opt_fixed_q0sched,11,1079.4860798276047,14.352338964788636,0.16730933380313218,True,87a65c0,6,15,best,30,1.0,True,0.7,0.95,0.1,944.0
A-n45-k6,acs_cl15_ls2opt_fixed_q0sched,12,1102.892996153706,16.83188518577394,0.1393555412068963,True,87a65c0,6,15,best,30,1.0,True,0.7,0.95,0.1,944.0
A-n45-k6,acs_cl15_ls2opt_fixed_q0sched,13,1069.1770000880467,13.260275433055796,0.14089849987067282,True,87a65c0,6,15,best,30,1.0,True,0.7,0.95,0.1,944.0
A-n45-k6,acs_cl15_ls2opt_fixed_q0sched,14,1096.2718158808939,16.130488970433674,0.13932133396156132,True,87a65c0,6,15,best,30,1.0,True,0.7,0.95,0.1,944.0
A-n45-k6,acs_cl15_ls2opt_fixed_q0sched,15,1096.2718158808939,16.130488970433674,0.1402358328923583,True,87a65c0,6,15,best,30,1.0,True,0.7,0.95,0.1,944.0
A-n45-k6,acs_cl15_ls2opt_fixed_q0sched,16,1087.6048029963229,15.212373198763016,0.1415738749783486,True,87a65c0,6,15,best,30,1.0,True,0.7,0.95,0.1,944.0
A-n45-k6,acs_cl15_ls2opt_fixed_q0sched,17,1138.0368791222454,20.554754144305658,0.14022950013168156,True,87a65c0,6,15,best,30,1.0,True,0.7,0.95,0.1,944.0
A-n45-k6,acs_cl15_ls2opt_fixed_q0sched,18,1137.3934571012808,20.486595031915336,0.14023975003510714,True,87a65c0,6,15,best,30,1.0,True,0.7,0.95,0.1,944.0
A-n45-k6,acs_cl15_ls2opt_fixed_q0sched,19,1135.0377098041004,20.237045530095376,0.14095949986949563,True,87a65c0,6,15,best,30,1.0,True,0.7,0.95,0.1,944.0
A-n45-k6,acs_cl15_ls2opt_fixed_q0sched,20,1091.4481212924143,15.619504374196428,0.14065645798109472,True,87a65c0,6,15,best,30,1.0,True,0.7,0.95,0.1,944.0
A-n45-k6,acs_cl15_ls2opt_fixed_q0sched,21,1100.399114063401,16.567702760953487,0.14042575005441904,True,87a65c0,6,15,best,30,1.0,True,0.7,0.95,0.1,944.0
A-n45-k6,acs_cl15_ls2opt_fixed_q0sched,22,1087.8194684434925,15.235113182573357,0.16633408307097852,True,87a65c0,6,15,best,30,1.0,True,0.7,0.95,0.1,944.0
A-n45-k6,acs_cl15_ls2opt_fixed_q0sched,23,1096.2718158808939,16.130488970433674,0.14321074984036386,True,87a65c0,6,15,best,30,1.0,True,0.7,0.95,0.1,944.0
A-n45-k6,acs_cl15_ls2opt_fixed_q0sched,24,1121.1822993626647,18.76931137316363,0.19902791595086455,True,87a65c0,6,15,best,30,1.0,True,0.7,0.95,0.1,944.0
A-n45-k6,acs_cl15_ls2opt_fixed_q0sched,25,1116.5270989307614,18.27617573419083,0.1394322090782225,True,87a65c0,6,15,best,30,1.0,True,0.7,0.95,0.1,944.0
A-n45-k6,acs_cl15_ls2opt_fixed_q0sched,26,1135.9069362154607,20.32912459909542,0.14054441615007818,True,87a65c0,6,15,best,30,1.0,True,0.7,0.95,0.1,944.0
A-n45-k6,acs_cl15_ls2opt_fixed_q0sched,27,1092.81674623081,15.764485829534951,0.1408643750473857,True,87a65c0,6,15,best,30,1.0,True,0.7,0.95,0.1,944.0
A-n45-k6,acs_cl15_ls2opt_fixed_q0sched,28,1130.798682578432,19.78799603585084,0.13930104207247496,True,87a65c0,6,15,best,30,1.0,True,0.7,0.95,0.1,944.0
A-n45-k6,acs_cl15_ls2opt_fixed_q0sched,29,1102.6384142537754,16.804916764171125,0.1410302498843521,True,87a65c0,6,15,best,30,1.0,True,0.7,0.95,0.1,944.0
A-n45-k6,acs_clsqrtn_2opt_q0sched,0,1147.7933643669203,21.588280123614435,0.13031179108656943,True,87a65c0,6,15,best,30,1.0,True,0.7,0.95,0.1,944.0
A-n45-k6,acs_clsqrtn_2opt_q0sched,1,1096.271815880894,16.1304889704337,0.12984095886349678,True,87a65c0,6,15,best,30,1.0,True,0.7,0.95,0.1,944.0
A-n45-k6,acs_clsqrtn_2opt_q0sched,2,1112.0014224387216,17.796760851559494,0.12933212495408952,True,87a65c0,6,15,best,30,1.0,True,0.7,0.95,0.1,944.0
A-n45-k6,acs_clsqrtn_2opt_q0sched,3,1059.3486142587044,12.219132866388179,0.1613830418791622,True,87a65c0,6,15,best,30,1.0,True,0.7,0.95,0.1,944.0
A-n45-k6,acs_clsqrtn_2opt_q0sched,4,1087.9234519247186,15.246128381855787,0.13052537478506565,True,87a65c0,6,15,best,30,1.0,True,0.7,0.95,0.1,944.0
A-n45-k6,acs_clsqrtn_2opt_q0sched,5,1110.8056546781527,17.670090537939902,0.12917112512513995,True,87a65c0,6,15,best,30,1.0,True,0.7,0.95,0.1,944.0
A-n45-k6,acs_clsqrtn_2opt_q0sched,6,1092.9444730464522,15.778016212547904,0.12927362509071827,True,87a65c0,6,15,best,30,1.0,True,0.7,0.95,0.1,944.0
A-n45-k6,acs_clsqrtn_2opt_q0sched,7,1112.0014224387216,17.796760851559494,0.1326156249269843,True,87a65c0,6,15,best,30,1.0,True,0.7,0.95,0.1,944.0
A-n45-k6,acs_clsqrtn_2opt_q0sched,8,1096.271815880894,16.1304889704337,0.1302994170691818,True,87a65c0,6,15,best,30,1.0,True,0.7,0.95,0.1,944.0
A-n45-k6,acs_clsqrtn_2opt_q0sched,9,1079.5047361634527,14.35431527155219,0.12987608299590647,True,87a65c0,6,15,best,30,1.0,True,0.7,0.95,0.1,944.0
A-n45-k6,acs_clsqrtn_2opt_q0sched,10,1132.1709522102178,19.93336358159087,0.12996820802800357,True,87a65c0,6,15,best,30,1.0,True,0.7,0.95,0.1,944.0
A-n45-k6,acs_clsqrtn_2opt_q0sched,11,1147.5654423822311,21.564135845575333,0.12915966706350446,True,87a65c0,6,15,best,30,1.0,True,0.7,0.95,0.1,944.0
A-n45-k6,acs_clsqrtn_2opt_q0sched,12,1078.0654641268275,14.201850013435113,0.12997783278115094,True,87a65c0,6,15,best,30,1.0,True,0.7,0.95,0.1,944.0
A-n45-k6,acs_clsqrtn_2opt_q0sched,13,1181.1447395062637,25.121264778205898,0.1316630830988288,True,87a65c0,6,15,best,30,1.0,True,0.7,0.95,0.1,944.0
A-n45-k6,acs_clsqrtn_2opt_q0sched,14,1165.2580664753332,23.438354499505635,0.16036962484940886,True,87a65c0,6,15,best,30,1.0,True,0.7,0.95,0.1,944.0
A-n45-k6,acs_clsqrtn_2opt_q0sched,15,1130.8839224974488,19.797025688289065,0.13511741696856916,True,87a65c0,6,15,best,30,1.0,True,0.7,0.95,0.1,944.0
A-n45-k6,acs_clsqrtn_2opt_q0sched,16,1096.2718158808939,16.130488970433674,0.1333689170423895,True,87a65c0,6,15,best,30,1.0,True,0.7,0.95,0.1,944.0
A-n45-k6,acs_clsqrtn_2opt_q0sched,17,1092.9444730464522,15.778016212547904,0.1316252921242267,True,87a65c0,6,15,best,30,1.0,True,0.7,0.95,0.1,944.0
A-n45-k6,acs_clsqrtn_2opt_q0sched,18,1102.2382356949136,16.76252496768152,0.13006475009024143,True,87a65c0,6,15,best,30,1.0,True,0.7,0.95,0.1,944.0
A-n45-k6,acs_clsqrtn_2opt_q0sched,19,1105.8863101160312,17.14897352924059,0.13135545910336077,True,87a65c0,6,15,best,30,1.0,True,0.7,0.95,0.1,944.0
A-n45-k6,acs_clsqrtn_2opt_q0sched,20,1097.1673949491794,16.225359634446974,0.12976166605949402,True,87a65c0,6,15,best,30,1.0,True,0.7,0.95,0.1,944.0
A-n45-k6,acs_clsqrtn_2opt_q0sched,21,1093.5777521289826,15.845100861121042,0.13059912505559623,True,87a65c0,6,15,best,30,1.0,True,0.7,0.95,0.1,944.0
A-n45-k6,acs_clsqrtn_2opt_q0sched,22,1105.2705371282188,17.08374333985369,0.13097850000485778,True,87a65c0,6,15,best,30,1.0,True,0.7,0.95,0.1,944.0
A-n45-k6,acs_clsqrtn_2opt_q0sched,23,1097.0315565915753,16.21096997792111,0.1297420000191778,True,87a65c0,6,15,best,30,1.0,True,0.7,0.95,0.1,944.0
A-n45-k6,acs_clsqrtn_2opt_q0sched,24,1096.2718158808939,16.130488970433674,0.13040083390660584,True,87a65c0,6,15,best,30,1.0,True,0.7,0.95,0.1,944.0
A-n45-k6,acs_clsqrtn_2opt_q0sched,25,1121.0345077146826,18.753655478250273,0.1544283339753747,True,87a65c0,6,15,best,30,1.0,True,0.7,0.95,0.1,944.0
A-n45-k6,acs_clsqrtn_2opt_q0sched,26,1101.2177985529984,16.654427812817623,0.1308481248561293,True,87a65c0,6,15,best,30,1.0,True,0.7,0.95,0.1,944.0
A-n45-k6,acs_clsqrtn_2opt_q0sched,27,1100.1337098955864,16.539587912668054,0.21628337493166327,True,87a65c0,6,15,best,30,1.0,True,0.7,0.95,0.1,944.0
A-n45-k6,acs_clsqrtn_2opt_q0sched,28,1074.0104177835342,13.772290019442183,0.14908437500707805,True,87a65c0,6,15,best,30,1.0,True,0.7,0.95,0.1,944.0
A-n45-k6,acs_clsqrtn_2opt_q0sched,29,1096.2718158808939,16.130488970433674,0.13067404204048216,True,87a65c0,6,15,best,30,1.0,True,0.7,0.95,0.1,944.0
A-n45-k6,acs_nocl_2opt_q0sched,0,1141.009096647575,20.86960769571769,0.19330308283679187,True,87a65c0,7,0,best,30,1.0,True,0.7,0.95,0.1,944.0
A-n45-k6,acs_nocl_2opt_q0sched,1,1064.2969459847861,12.74332054923582,0.2237017920706421,True,87a65c0,6,0,best,30,1.0,True,0.7,0.95,0.1,944.0
A-n45-k6,acs_nocl_2opt_q0sched,2,1095.1480616639917,16.011447210168615,0.19162200018763542,True,87a65c0,7,0,best,30,1.0,True,0.7,0.95,0.1,944.0
A-n45-k6,acs_nocl_2opt_q0sched,3,1101.2177985529984,16.654427812817623,0.19297066587023437,True,87a65c0,6,0,best,30,1.0,True,0.7,0.95,0.1,944.0
A-n45-k6,acs_nocl_2opt_q0sched,4,1103.180638704017,16.862355794917047,0.19876037491485476,True,87a65c0,6,0,best,30,1.0,True,0.7,0.95,0.1,944.0
A-n45-k6,acs_nocl_2opt_q0sched,5,1112.0014224387216,17.796760851559494,0.2017964581027627,True,87a65c0,6,0,best,30,1.0,True,0.7,0.95,0.1,944.0
A-n45-k6,acs_nocl_2opt_q0sched,6,1116.933786237605,18.319257016695452,0.18989058397710323,True,87a65c0,6,0,best,30,1.0,True,0.7,0.95,0.1,944.0
A-n45-k6,acs_nocl_2opt_q0sched,7,1132.870101521873,20.00742600867299,0.19322875002399087,True,87a65c0,6,0,best,30,1.0,True,0.7,0.95,0.1,944.0
A-n45-k6,acs_nocl_2opt_q0sched,8,1091.4608409682398,15.620851797483034,0.19057833403348923,True,87a65c0,6,0,best,30,1.0,True,0.7,0.95,0.1,944.0
A-n45-k6,acs_nocl_2opt_q0sched,9,1061.6873110305555,12.466876168491051,0.21259950008243322,True,87a65c0,6,0,best,30,1.0,True,0.7,0.95,0.1,944.0
A-n45-k6,acs_nocl_2opt_q0sched,10,1115.218509551947,18.137553977960476,0.1880623339675367,True,87a65c0,6,0,best,30,1.0,True,0.7,0.95,0.1,944.0
A-n45-k6,acs_nocl_2opt_q0sched,11,1117.1155577350048,18.338512471928475,0.1921606669202447,True,87a65c0,6,0,best,30,1.0,True,0.7,0.95,0.1,944.0
A-n45-k6,acs_nocl_2opt_q0sched,12,1116.174045526924,18.238776009208042,0.19305520807392895,True,87a65c0,6,0,best,30,1.0,True,0.7,0.95,0.1,944.0
A-n45-k6,acs_nocl_2opt_q0sched,13,1092.602321010692,15.741771293505519,0.1940333340317011,True,87a65c0,6,0,best,30,1.0,True,0.7,0.95,0.1,944.0
A-n45-k6,acs_nocl_2opt_q0sched,14,1114.8248046067608,18.095847945631444,0.1922534580808133,True,87a65c0,6,0,best,30,1.0,True,0.7,0.95,0.1,944.0
A-n45-k6,acs_nocl_2opt_q0sched,15,1098.6545845961823,16.382900910612534,0.19327408401295543,True,87a65c0,6,0,best,30,1.0,True,0.7,0.95,0.1,944.0
A-n45-k6,acs_nocl_2opt_q0sched,16,1139.8838768731307,20.750410685712996,0.19250316708348691,True,87a65c0,6,0,best,30,1.0,True,0.7,0.95,0.1,944.0
A-n45-k6,acs_nocl_2opt_q0sched,17,1105.592807126325,17.117882110839506,0.2238447079434991,True,87a65c0,6,0,best,30,1.0,True,0.7,0.95,0.1,944.0
A-n45-k6,acs_nocl_2opt_q0sched,18,1113.4379260018527,17.948932839179314,0.18830775003880262,True,87a65c0,6,0,best,30,1.0,True,0.7,0.95,0.1,944.0
A-n45-k6,acs_nocl_2opt_q0sched,19,1021.0328235264,8.160256729491522,0.18909745896235108,True,87a65c0,6,0,best,30,1.0,True,0.7,0.95,0.1,944.0
A-n45-k6,acs_nocl_2opt_q0sched,20,1131.8952292866172,19.90415564476877,0.1923811249434948,True,87a65c0,6,0,best,30,1.0,True,0.7,0.95,0.1,944.0
A-n45-k6,acs_nocl_2opt_q0sched,21,1130.6928304904395,19.77678289093639,0.202374333050102,True,87a65c0,6,0,best,30,1.0,True,0.7,0.95,0.1,944.0
A-n45-k6,acs_nocl_2opt_q0sched,22,1135.6619923190249,20.303177152439076,0.20461074984632432,True,87a65c0,6,0,best,30,1.0,True,0.7,0.95,0.1,944.0
A-n45-k6,acs_nocl_2opt_q0sched,23,1093.6088153672702,15.848391458397263,0.2034176248125732,True,87a65c0,6,0,best,30,1.0,True,0.7,0.95,0.1,944.0
A-n45-k6,acs_nocl_2opt_q0sched,24,1119.1139796805069,18.5502097119181,0.21802525012753904,True,87a65c0,6,0,best,30,1.0,True,0.7,0.95,0.1,944.0
A-n45-k6,acs_nocl_2opt_q0sched,25,1096.7591577777148,16.18211417136809,0.18407637486234307,True,87a65c0,6,0,best,30,1.0,True,0.7,0.95,0.1,944.0
A-n45-k6,acs_nocl_2opt_q0sched,26,1066.715820518273,12.999557258291624,0.18827837496064603,True,87a65c0,6,0,best,30,1.0,True,0.7,0.95,0.1,944.0
A-n45-k6,acs_nocl_2opt_q0sched,27,1138.8931552536274,20.64546136161307,0.1861288750078529,True,87a65c0,6,0,best,30,1.0,True,0.7,0.95,0.1,944.0
A-n45-k6,acs_nocl_2opt_q0sched,28,1112.980408013315,17.90046695056302,0.18154570902697742,True,87a65c0,6,0,best,30,1.0,True,0.7,0.95,0.1,944.0
A-n45-k6,acs_nocl_2opt_q0sched,29,1126.320068369859,19.313566564603704,0.1831568330526352,True,87a65c0,6,0,best,30,1.0,True,0.7,0.95,0.1,944.0
A-n45-k6,acs_nocl_none,0,1167.8055063487852,23.708210418303523,0.1710185830015689,True,87a65c0,6,0,none,0,0.0,False,0.7,0.95,0.1,944.0
A-n45-k6,acs_nocl_none,1,1213.025622031781,28.498476910146298,0.17088529211468995,True,87a65c0,6,0,none,0,0.0,False,0.7,0.95,0.1,944.0
A-n45-k6,acs_nocl_none,2,1103.2236361336534,16.866910607378536,0.17301866598427296,True,87a65c0,6,0,none,0,0.0,False,0.7,0.95,0.1,944.0
A-n45-k6,acs_nocl_none,3,1173.684860496301,24.331023357659014,0.2040999170858413,True,87a65c0,6,0,none,0,0.0,False,0.7,0.95,0.1,944.0
A-n45-k6,acs_nocl_none,4,1226.994926251035,29.978276085914718,0.17025720793753862,True,87a65c0,6,0,none,0,0.0,False,0.7,0.95,0.1,944.0
A-n45-k6,acs_nocl_none,5,1134.6551763393106,20.196522917299855,0.16892187506891787,True,87a65c0,6,0,none,0,0.0,False,0.7,0.95,0.1,944.0
A-n45-k6,acs_nocl_none,6,1197.8862470742417,26.894729562949337,0.16953145805746317,True,87a65c0,6,0,none,0,0.0,False,0.7,0.95,0.1,944.0
A-n45-k6,acs_nocl_none,7,1216.3150939113402,28.84693791433689,0.16903620795346797,True,87a65c0,6,0,none,0,0.0,False,0.7,0.95,0.1,944.0
A-n45-k6,acs_nocl_none,8,1163.322596071308,23.23332585501144,0.16860770783387125,True,87a65c0,6,0,none,0,0.0,False,0.7,0.95,0.1,944.0
A-n45-k6,acs_nocl_none,9,1171.720016600643,24.122883114474895,0.1700462910812348,True,87a65c0,6,0,none,0,0.0,False,0.7,0.95,0.1,944.0
A-n45-k6,acs_nocl_none,10,1206.5780310698367,27.815469392991176,0.17173933400772512,True,87a65c0,6,0,none,0,0.0,False,0.7,0.95,0.1,944.0
A-n45-k6,acs_nocl_none,11,1214.4985094739593,28.654503122241454,0.1702184579335153,True,87a65c0,6,0,none,0,0.0,False,0.7,0.95,0.1,944.0
A-n45-k6,acs_nocl_none,12,1189.9461210234736,26.05361451519847,0.20734020904637873,True,87a65c0,6,0,none,0,0.0,False,0.7,0.95,0.1,944.0
A-n45-k6,acs_nocl_none,13,1202.367983915736,27.3694898215822,0.17324287514202297,True,87a65c0,6,0,none,0,0.0,False,0.7,0.95,0.1,944.0
A-n45-k6,acs_nocl_none,14,1159.3065047965486,22.8078924572615,0.17785362503491342,True,87a65c0,6,0,none,0,0.0,False,0.7,0.95,0.1,944.0
A-n45-k6,acs_nocl_none,15,1192.985107240657,26.375541021256044,0.16897054086439312,True,87a65c0,7,0,none,0,0.0,False,0.7,0.95,0.1,944.0
A-n45-k6,acs_nocl_none,16,1120.906234434924,18.74006720708941,0.1668978340458125,True,87a65c0,6,0,none,0,0.0,False,0.7,0.95,0.1,944.0
A-n45-k6,acs_nocl_none,17,1203.37656117416,27.476330632855944,0.16782850003801286,True,87a65c0,6,0,none,0,0.0,False,0.7,0.95,0.1,944.0
A-n45-k6,acs_nocl_none,18,1197.2360394540067,26.82585163707698,0.172624290920794,True,87a65c0,7,0,none,0,0.0,False,0.7,0.95,0.1,944.0
A-n45-k6,acs_nocl_none,19,1190.4271879367302,26.104574993297692,0.17088833288289607,True,87a65c0,6,0,none,0,0.0,False,0.7,0.95,0.1,944.0
A-n45-k6,acs_nocl_none,20,1201.757130887418,27.30478081434513,0.16867087502032518,True,87a65c0,6,0,none,0,0.0,False,0.7,0.95,0.1,944.0
A-n45-k6,acs_nocl_none,21,1170.7054334224526,24.015406082886933,0.16947466600686312,True,87a65c0,6,0,none,0,0.0,False,0.7,0.95,0.1,944.0
A-n45-k6,acs_nocl_none,22,1200.0434498772638,27.12324680903218,0.20537424995563924,True,87a65c0,6,0,none,0,0.0,False,0.7,0.95,0.1,944.0
A-n45-k6,acs_nocl_none,23,1160.957498115234,22.98278581729175,0.17185312509536743,True,87a65c0,6,0,none,0,0.0,False,0.7,0.95,0.1,944.0
A-n45-k6,acs_nocl_none,24,1157.1859487519382,22.583257283044304,0.16857333295047283,True,87a65c0,6,0,none,0,0.0,False,0.7,0.95,0.1,944.0
A-n45-k6,acs_nocl_none,25,1185.492854757755,25.58187020738929,0.1715797910001129,True,87a65c0,6,0,none,0,0.0,False,0.7,0.95,0.1,944.0
A-n45-k6,acs_nocl_none,26,1159.5163084312899,22.830117418568843,0.16673650010488927,True,87a65c0,6,0,none,0,0.0,False,0.7,0.95,0.1,944.0
A-n45-k6,acs_nocl_none,27,1205.182519520272,27.66763977968984,0.16701991693116724,True,87a65c0,7,0,none,0,0.0,False,0.7,0.95,0.1,944.0
A-n45-k6,acs_nocl_none,28,1185.55077512883,25.58800583991844,0.17005145899020135,True,87a65c0,6,0,none,0,0.0,False,0.7,0.95,0.1,944.0
A-n45-k6,acs_nocl_none,29,1201.6834341121858,27.29697395256205,0.1726035000756383,True,87a65c0,6,0,none,0,0.0,False,0.7,0.95,0.1,944.0
X-n101-k25,acs_baseline,0,36484.45393182726,,0.6075952078681439,True,87a65c0,26,0,none,0,0.0,False,0.7,0.95,0.1,
X-n101-k25,acs_baseline,1,36962.95432003741,,0.6203083749860525,True,87a65c0,27,0,none,0,0.0,False,0.7,0.95,0.1,
X-n101-k25,acs_baseline,2,37439.60967722269,,0.6040720408782363,True,87a65c0,27,0,none,0,0.0,False,0.7,0.95,0.1,
X-n101-k25,acs_baseline,3,37591.4275808074,,0.5939957080408931,True,87a65c0,26,0,none,0,0.0,False,0.7,0.95,0.1,
X-n101-k25,acs_baseline,4,36751.28298455154,,0.5949709999840707,True,87a65c0,27,0,none,0,0.0,False,0.7,0.95,0.1,
X-n101-k25,acs_baseline,5,36516.16422670689,,0.5931951249949634,True,87a65c0,26,0,none,0,0.0,False,0.7,0.95,0.1,
X-n101-k25,acs_baseline,6,36095.640902651525,,0.6192398748826236,True,87a65c0,26,0,none,0,0.0,False,0.7,0.95,0.1,
X-n101-k25,acs_baseline,7,36971.033334285385,,0.6098096249625087,True,87a65c0,26,0,none,0,0.0,False,0.7,0.95,0.1,
X-n101-k25,acs_baseline,8,36930.18436306893,,0.5930469171144068,True,87a65c0,27,0,none,0,0.0,False,0.7,0.95,0.1,
X-n101-k25,acs_baseline,9,34775.984572991,,0.5923744169995189,True,87a65c0,26,0,none,0,0.0,False,0.7,0.95,0.1,
X-n101-k25,acs_baseline,10,35715.66499160294,,0.592692333040759,True,87a65c0,27,0,none,0,0.0,False,0.7,0.95,0.1,
X-n101-k25,acs_baseline,11,36061.097240943796,,0.5938132498413324,True,87a65c0,26,0,none,0,0.0,False,0.7,0.95,0.1,
X-n101-k25,acs_baseline,12,36993.41059300804,,0.6166530000045896,True,87a65c0,26,0,none,0,0.0,False,0.7,0.95,0.1,
X-n101-k25,acs_baseline,13,36344.28944693443,,0.5997832908760756,True,87a65c0,26,0,none,0,0.0,False,0.7,0.95,0.1,
X-n101-k25,acs_baseline,14,34679.989486611186,,0.6111200829036534,True,87a65c0,26,0,none,0,0.0,False,0.7,0.95,0.1,
X-n101-k25,acs_baseline,15,36873.749937225744,,0.6194841249380261,True,87a65c0,26,0,none,0,0.0,False,0.7,0.95,0.1,
X-n101-k25,acs_baseline,16,37102.609415554696,,0.608718124916777,True,87a65c0,26,0,none,0,0.0,False,0.7,0.95,0.1,
X-n101-k25,acs_baseline,17,35517.587674539485,,0.7414867088664323,True,87a65c0,26,0,none,0,0.0,False,0.7,0.95,0.1,
X-n101-k25,acs_baseline,18,35708.759743251634,,0.627666958142072,True,87a65c0,27,0,none,0,0.0,False,0.7,0.95,0.1,
X-n101-k25,acs_baseline,19,36088.16134111604,,0.5945195842068642,True,87a65c0,27,0,none,0,0.0,False,0.7,0.95,0.1,
X-n101-k25,acs_baseline,20,35898.31313045054,,0.6011944999918342,True,87a65c0,26,0,none,0,0.0,False,0.7,0.95,0.1,
X-n101-k25,acs_baseline,21,37032.36361357424,,0.596428707940504,True,87a65c0,27,0,none,0,0.0,False,0.7,0.95,0.1,
X-n101-k25,acs_baseline,22,36944.86176382468,,0.5925807498861104,True,87a65c0,26,0,none,0,0.0,False,0.7,0.95,0.1,
X-n101-k25,acs_baseline,23,36516.9654540022,,0.6232099160552025,True,87a65c0,26,0,none,0,0.0,False,0.7,0.95,0.1,
X-n101-k25,acs_baseline,24,35310.40783661733,,0.5978268340695649,True,87a65c0,26,0,none,0,0.0,False,0.7,0.95,0.1,
X-n101-k25,acs_baseline,25,36360.554845199484,,0.5994821249041706,True,87a65c0,26,0,none,0,0.0,False,0.7,0.95,0.1,
X-n101-k25,acs_baseline,26,35415.75112592496,,0.5935817079152912,True,87a65c0,27,0,none,0,0.0,False,0.7,0.95,0.1,
X-n101-k25,acs_baseline,27,37542.061094430785,,0.5932628340087831,True,87a65c0,27,0,none,0,0.0,False,0.7,0.95,0.1,
X-n101-k25,acs_baseline,28,36586.49665300612,,0.6200505830347538,True,87a65c0,26,0,none,0,0.0,False,0.7,0.95,0.1,
X-n101-k25,acs_baseline,29,37453.20903520356,,0.6005554159637541,True,87a65c0,26,0,none,0,0.0,False,0.7,0.95,0.1,
X-n101-k25,acs_cl15,0,36975.52780883141,,0.4266307079233229,True,87a65c0,26,15,none,0,0.0,False,0.7,0.95,0.1,
X-n101-k25,acs_cl15,1,36883.92548653024,,0.42567329201847315,True,87a65c0,26,15,none,0,0.0,False,0.7,0.95,0.1,
X-n101-k25,acs_cl15,2,37552.07470887053,,0.42765833297744393,True,87a65c0,26,15,none,0,0.0,False,0.7,0.95,0.1,
X-n101-k25,acs_cl15,3,36602.96661406773,,0.4258385000284761,True,87a65c0,26,15,none,0,0.0,False,0.7,0.95,0.1,
X-n101-k25,acs_cl15,4,38104.99276946957,,0.4509739999193698,True,87a65c0,26,15,none,0,0.0,False,0.7,0.95,0.1,
X-n101-k25,acs_cl15,5,36940.08798509516,,0.42897845804691315,True,87a65c0,27,15,none,0,0.0,False,0.7,0.95,0.1,
X-n101-k25,acs_cl15,6,37151.77164368023,,0.42617754195816815,True,87a65c0,26,15,none,0,0.0,False,0.7,0.95,0.1,
X-n101-k25,acs_cl15,7,38054.65611939013,,0.42789850011467934,True,87a65c0,26,15,none,0,0.0,False,0.7,0.95,0.1,
X-n101-k25,acs_cl15,8,36559.05379208721,,0.4247700001578778,True,87a65c0,27,15,none,0,0.0,False,0.7,0.95,0.1,
X-n101-k25,acs_cl15,9,37300.731385721614,,0.45071379211731255,True,87a65c0,26,15,none,0,0.0,False,0.7,0.95,0.1,
X-n101-k25,acs_cl15,10,37017.53419668219,,0.4260981250554323,True,87a65c0,27,15,none,0,0.0,False,0.7,0.95,0.1,
X-n101-k25,acs_cl15,11,37544.78752847599,,0.4256855840794742,True,87a65c0,26,15,none,0,0.0,False,0.7,0.95,0.1,
X-n101-k25,acs_cl15,12,37352.774085947975,,0.43244437500834465,True,87a65c0,26,15,none,0,0.0,False,0.7,0.95,0.1,
X-n101-k25,acs_cl15,13,36785.091959366095,,0.42631791695021093,True,87a65c0,26,15,none,0,0.0,False,0.7,0.95,0.1,
X-n101-k25,acs_cl15,14,38119.611496989026,,0.43113370798528194,True,87a65c0,26,15,none,0,0.0,False,0.7,0.95,0.1,
X-n101-k25,acs_cl15,15,36767.15758137794,,0.4589613750576973,True,87a65c0,26,15,none,0,0.0,False,0.7,0.95,0.1,
X-n101-k25,acs_cl15,16,37618.82268404341,,0.4247789168730378,True,87a65c0,26,15,none,0,0.0,False,0.7,0.95,0.1,
X-n101-k25,acs_cl15,17,37677.65743211642,,0.4244029170367867,True,87a65c0,26,15,none,0,0.0,False,0.7,0.95,0.1,
X-n101-k25,acs_cl15,18,36814.19019208736,,0.4933031660038978,True,87a65c0,26,15,none,0,0.0,False,0.7,0.95,0.1,
X-n101-k25,acs_cl15,19,36229.18557988222,,0.4272863329388201,True,87a65c0,26,15,none,0,0.0,False,0.7,0.95,0.1,
X-n101-k25,acs_cl15,20,36976.8948203921,,0.42601187503896654,True,87a65c0,26,15,none,0,0.0,False,0.7,0.95,0.1,
X-n101-k25,acs_cl15,21,37558.21989203608,,0.4485575829166919,True,87a65c0,26,15,none,0,0.0,False,0.7,0.95,0.1,
X-n101-k25,acs_cl15,22,37804.693681927725,,0.4283031669910997,True,87a65c0,26,15,none,0,0.0,False,0.7,0.95,0.1,
X-n101-k25,acs_cl15,23,36965.23989369859,,0.42594683286733925,True,87a65c0,26,15,none,0,0.0,False,0.7,0.95,0.1,
X-n101-k25,acs_cl15,24,37599.42476861638,,0.4324627500027418,True,87a65c0,26,15,none,0,0.0,False,0.7,0.95,0.1,
X-n101-k25,acs_cl15,25,37128.29868693612,,0.4259607498534024,True,87a65c0,26,15,none,0,0.0,False,0.7,0.95,0.1,
X-n101-k25,acs_cl15,26,38031.01709133371,,0.4480607088189572,True,87a65c0,27,15,none,0,0.0,False,0.7,0.95,0.1,
X-n101-k25,acs_cl15,27,36015.610598332845,,0.4273515420500189,True,87a65c0,26,15,none,0,0.0,False,0.7,0.95,0.1,
X-n101-k25,acs_cl15,28,37600.063277346446,,0.42754012485966086,True,87a65c0,26,15,none,0,0.0,False,0.7,0.95,0.1,
X-n101-k25,acs_cl15,29,37657.51538570403,,0.42659254209138453,True,87a65c0,26,15,none,0,0.0,False,0.7,0.95,0.1,
X-n101-k25,acs_cl15_ls2opt_fixed,0,36400.88673015373,,0.4456203749869019,True,87a65c0,26,15,best,30,1.0,False,0.7,0.95,0.1,
X-n101-k25,acs_cl15_ls2opt_fixed,1,35719.22610370021,,0.44102808297611773,True,87a65c0,26,15,best,30,1.0,False,0.7,0.95,0.1,
X-n101-k25,acs_cl15_ls2opt_fixed,2,36479.81318850418,,0.46473008301109076,True,87a65c0,26,15,best,30,1.0,False,0.7,0.95,0.1,
X-n101-k25,acs_cl15_ls2opt_fixed,3,36118.29922100619,,0.4396909170318395,True,87a65c0,26,15,best,30,1.0,False,0.7,0.95,0.1,
X-n101-k25,acs_cl15_ls2opt_fixed,4,37570.50210839164,,0.437850666930899,True,87a65c0,27,15,best,30,1.0,False,0.7,0.95,0.1,
X-n101-k25,acs_cl15_ls2opt_fixed,5,36566.10176003202,,0.4381865421310067,True,87a65c0,27,15,best,30,1.0,False,0.7,0.95,0.1,
X-n101-k25,acs_cl15_ls2opt_fixed,6,36258.56006541706,,0.4407625829335302,True,87a65c0,26,15,best,30,1.0,False,0.7,0.95,0.1,
X-n101-k25,acs_cl15_ls2opt_fixed,7,37184.92995769429,,0.4758181250654161,True,87a65c0,26,15,best,30,1.0,False,0.7,0.95,0.1,
X-n101-k25,acs_cl15_ls2opt_fixed,8,34946.19693331234,,0.4387246670667082,True,87a65c0,26,15,best,30,1.0,False,0.7,0.95,0.1,
X-n101-k25,acs_cl15_ls2opt_fixed,9,36243.114977483754,,0.43980987509712577,True,87a65c0,26,15,best,30,1.0,False,0.7,0.95,0.1,
X-n101-k25,acs_cl15_ls2opt_fixed,10,36330.101782579615,,0.44074849993921816,True,87a65c0,27,15,best,30,1.0,False,0.7,0.95,0.1,
X-n101-k25,acs_cl15_ls2opt_fixed,11,37142.94874812139,,0.4395931661128998,True,87a65c0,26,15,best,30,1.0,False,0.7,0.95,0.1,
X-n101-k25,acs_cl15_ls2opt_fixed,12,36893.63094899638,,0.43956308299675584,True,87a65c0,26,15,best,30,1.0,False,0.7,0.95,0.1,
X-n101-k25,acs_cl15_ls2opt_fixed,13,35761.54333403745,,0.4681915419641882,True,87a65c0,26,15,best,30,1.0,False,0.7,0.95,0.1,
X-n101-k25,acs_cl15_ls2opt_fixed,14,37087.238445661176,,0.43835945799946785,True,87a65c0,26,15,best,30,1.0,False,0.7,0.95,0.1,
X-n101-k25,acs_cl15_ls2opt_fixed,15,36355.64815135849,,0.4402441249694675,True,87a65c0,26,15,best,30,1.0,False,0.7,0.95,0.1,
X-n101-k25,acs_cl15_ls2opt_fixed,16,36731.2699428247,,0.4384179578628391,True,87a65c0,26,15,best,30,1.0,False,0.7,0.95,0.1,
X-n101-k25,acs_cl15_ls2opt_fixed,17,35825.40845949803,,0.4366715408395976,True,87a65c0,26,15,best,30,1.0,False,0.7,0.95,0.1,
X-n101-k25,acs_cl15_ls2opt_fixed,18,36138.32973398061,,0.46510033402591944,True,87a65c0,26,15,best,30,1.0,False,0.7,0.95,0.1,
X-n101-k25,acs_cl15_ls2opt_fixed,19,35016.78505295104,,0.4452282499987632,True,87a65c0,26,15,best,30,1.0,False,0.7,0.95,0.1,
X-n101-k25,acs_cl15_ls2opt_fixed,20,36156.49756027195,,0.4403059168253094,True,87a65c0,26,15,best,30,1.0,False,0.7,0.95,0.1,
X-n101-k25,acs_cl15_ls2opt_fixed,21,36832.46452423265,,0.44051120802760124,True,87a65c0,26,15,best,30,1.0,False,0.7,0.95,0.1,
X-n101-k25,acs_cl15_ls2opt_fixed,22,36736.77129294991,,0.44009075011126697,True,87a65c0,27,15,best,30,1.0,False,0.7,0.95,0.1,
X-n101-k25,acs_cl15_ls2opt_fixed,23,36362.2919292536,,0.4390482089947909,True,87a65c0,26,15,best,30,1.0,False,0.7,0.95,0.1,
X-n101-k25,acs_cl15_ls2opt_fixed,24,36695.30748945756,,0.4634514588396996,True,87a65c0,26,15,best,30,1.0,False,0.7,0.95,0.1,
X-n101-k25,acs_cl15_ls2opt_fixed,25,36036.52653270573,,0.4454092080704868,True,87a65c0,26,15,best,30,1.0,False,0.7,0.95,0.1,
X-n101-k25,acs_cl15_ls2opt_fixed,26,37240.56697629065,,0.43924762518145144,True,87a65c0,27,15,best,30,1.0,False,0.7,0.95,0.1,
X-n101-k25,acs_cl15_ls2opt_fixed,27,35582.25642398003,,0.4398435829207301,True,87a65c0,26,15,best,30,1.0,False,0.7,0.95,0.1,
X-n101-k25,acs_cl15_ls2opt_fixed,28,36357.60277716409,,0.43840783392079175,True,87a65c0,26,15,best,30,1.0,False,0.7,0.95,0.1,
X-n101-k25,acs_cl15_ls2opt_fixed,29,35987.92687006133,,0.4447377501055598,True,87a65c0,26,15,best,30,1.0,False,0.7,0.95,0.1,
X-n101-k25,acs_cl15_ls2opt_fixed_q0sched,0,34731.35509426867,,0.49042754201218486,True,87a65c0,26,15,best,30,1.0,True,0.7,0.95,0.1,
X-n101-k25,acs_cl15_ls2opt_fixed_q0sched,1,35116.81219280117,,0.4622459579259157,True,87a65c0,26,15,best,30,1.0,True,0.7,0.95,0.1,
X-n101-k25,acs_cl15_ls2opt_fixed_q0sched,2,35717.38504932818,,0.4557508749421686,True,87a65c0,26,15,best,30,1.0,True,0.7,0.95,0.1,
X-n101-k25,acs_cl15_ls2opt_fixed_q0sched,3,36982.77821335756,,0.4600852499715984,True,87a65c0,27,15,best,30,1.0,True,0.7,0.95,0.1,
X-n101-k25,acs_cl15_ls2opt_fixed_q0sched,4,35294.14925074497,,0.45430629211477935,True,87a65c0,26,15,best,30,1.0,True,0.7,0.95,0.1,
X-n101-k25,acs_cl15_ls2opt_fixed_q0sched,5,36299.19430189947,,0.47313825017772615,True,87a65c0,26,15,best,30,1.0,True,0.7,0.95,0.1,
X-n101-k25,acs_cl15_ls2opt_fixed_q0sched,6,35636.02971760239,,0.4567941671703011,True,87a65c0,26,15,best,30,1.0,True,0.7,0.95,0.1,
X-n101-k25,acs_cl15_ls2opt_fixed_q0sched,7,36391.690957338666,,0.4605427091009915,True,87a65c0,26,15,best,30,1.0,True,0.7,0.95,0.1,
X-n101-k25,acs_cl15_ls2opt_fixed_q0sched,8,36049.68024158383,,0.4564189580269158,True,87a65c0,26,15,best,30,1.0,True,0.7,0.95,0.1,
X-n101-k25,acs_cl15_ls2opt_fixed_q0sched,9,34771.396325097085,,0.4535590000450611,True,87a65c0,26,15,best,30,1.0,True,0.7,0.95,0.1,
X-n101-k25,acs_cl15_ls2opt_fixed_q0sched,10,36249.41198517059,,0.4541194580961019,True,87a65c0,26,15,best,30,1.0,True,0.7,0.95,0.1,
X-n101-k25,acs_cl15_ls2opt_fixed_q0sched,11,36484.765221667934,,0.4832518750336021,True,87a65c0,26,15,best,30,1.0,True,0.7,0.95,0.1,
X-n101-k25,acs_cl15_ls2opt_fixed_q0sched,12,36166.93096537457,,0.4582852909807116,True,87a65c0,26,15,best,30,1.0,True,0.7,0.95,0.1,
X-n101-k25,acs_cl15_ls2opt_fixed_q0sched,13,35254.90584796577,,0.4557054159231484,True,87a65c0,26,15,best,30,1.0,True,0.7,0.95,0.1,
X-n101-k25,acs_cl15_ls2opt_fixed_q0sched,14,35741.6863273018,,0.45314445812255144,True,87a65c0,26,15,best,30,1.0,True,0.7,0.95,0.1,
X-n101-k25,acs_cl15_ls2opt_fixed_q0sched,15,35439.65148211271,,0.45396141707897186,True,87a65c0,26,15,best,30,1.0,True,0.7,0.95,0.1,
X-n101-k25,acs_cl15_ls2opt_fixed_q0sched,16,35385.0544277817,,0.456239250022918,True,87a65c0,26,15,best,30,1.0,True,0.7,0.95,0.1,
X-n101-k25,acs_cl15_ls2opt_fixed_q0sched,17,35048.368730075796,,0.4831145000644028,True,87a65c0,26,15,best,30,1.0,True,0.7,0.95,0.1,
X-n101-k25,acs_cl15_ls2opt_fixed_q0sched,18,34936.82782205494,,0.5201578338164836,True,87a65c0,26,15,best,30,1.0,True,0.7,0.95,0.1,
X-n101-k25,acs_cl15_ls2opt_fixed_q0sched,19,36412.123245539486,,0.4545608339831233,True,87a65c0,26,15,best,30,1.0,True,0.7,0.95,0.1,
X-n101-k25,acs_cl15_ls2opt_fixed_q0sched,20,35847.810585515115,,0.4563119171652943,True,87a65c0,26,15,best,30,1.0,True,0.7,0.95,0.1,
X-n101-k25,acs_cl15_ls2opt_fixed_q0sched,21,35912.382564820546,,0.46139299985952675,True,87a65c0,26,15,best,30,1.0,True,0.7,0.95,0.1,
X-n101-k25,acs_cl15_ls2opt_fixed_q0sched,22,35311.648564003306,,0.474629791919142,True,87a65c0,26,15,best,30,1.0,True,0.7,0.95,0.1,
X-n101-k25,acs_cl15_ls2opt_fixed_q0sched,23,35774.361054289155,,0.4597748750820756,True,87a65c0,26,15,best,30,1.0,True,0.7,0.95,0.1,
X-n101-k25,acs_cl15_ls2opt_fixed_q0sched,24,35624.45278564278,,0.46099108294583857,True,87a65c0,26,15,best,30,1.0,True,0.7,0.95,0.1,
X-n101-k25,acs_cl15_ls2opt_fixed_q0sched,25,35322.9988245054,,0.45460124989040196,True,87a65c0,27,15,best,30,1.0,True,0.7,0.95,0.1,
X-n101-k25,acs_cl15_ls2opt_fixed_q0sched,26,35360.96213895724,,0.45596629194915295,True,87a65c0,26,15,best,30,1.0,True,0.7,0.95,0.1,
X-n101-k25,acs_cl15_ls2opt_fixed_q0sched,27,35750.129653345524,,0.4554727920331061,True,87a65c0,26,15,best,30,1.0,True,0.7,0.95,0.1,
X-n101-k25,acs_cl15_ls2opt_fixed_q0sched,28,35967.958278659775,,0.48143983306363225,True,87a65c0,26,15,best,30,1.0,True,0.7,0.95,0.1,
X-n101-k25,acs_cl15_ls2opt_fixed_q0sched,29,36542.18908336172,,0.4545179158449173,True,87a65c0,26,15,best,30,1.0,True,0.7,0.95,0.1,
X-n101-k25,acs_clsqrtn_2opt_q0sched,0,35052.43171278349,,0.48728095809929073,True,87a65c0,26,15,best,30,1.0,True,0.7,0.95,0.1,
X-n101-k25,acs_clsqrtn_2opt_q0sched,1,35617.03944320281,,0.4609580000396818,True,87a65c0,26,15,best,30,1.0,True,0.7,0.95,0.1,
X-n101-k25,acs_clsqrtn_2opt_q0sched,2,36003.647978660054,,0.4604150839149952,True,87a65c0,26,15,best,30,1.0,True,0.7,0.95,0.1,
X-n101-k25,acs_clsqrtn_2opt_q0sched,3,34895.43143466267,,0.4679885839577764,True,87a65c0,26,15,best,30,1.0,True,0.7,0.95,0.1,
X-n101-k25,acs_clsqrtn_2opt_q0sched,4,35039.4547629829,,0.4599279169924557,True,87a65c0,26,15,best,30,1.0,True,0.7,0.95,0.1,
X-n101-k25,acs_clsqrtn_2opt_q0sched,5,35948.07654860736,,0.4605773340445012,True,87a65c0,26,15,best,30,1.0,True,0.7,0.95,0.1,
X-n101-k25,acs_clsqrtn_2opt_q0sched,6,35182.59341840562,,0.48734150012023747,True,87a65c0,26,15,best,30,1.0,True,0.7,0.95,0.1,
X-n101-k25,acs_clsqrtn_2opt_q0sched,7,36773.73510290374,,0.4684269579593092,True,87a65c0,26,15,best,30,1.0,True,0.7,0.95,0.1,
X-n101-k25,acs_clsqrtn_2opt_q0sched,8,36439.18393959781,,0.471454415936023,True,87a65c0,27,15,best,30,1.0,True,0.7,0.95,0.1,
X-n101-k25,acs_clsqrtn_2opt_q0sched,9,35531.183035261805,,0.46414983412250876,True,87a65c0,26,15,best,30,1.0,True,0.7,0.95,0.1,
X-n101-k25,acs_clsqrtn_2opt_q0sched,10,35352.76674335402,,0.458060665987432,True,87a65c0,26,15,best,30,1.0,True,0.7,0.95,0.1,
X-n101-k25,acs_clsqrtn_2opt_q0sched,11,36304.61406693233,,0.4838570421561599,True,87a65c0,26,15,best,30,1.0,True,0.7,0.95,0.1,
X-n101-k25,acs_clsqrtn_2opt_q0sched,12,35266.73419209507,,0.4595002920832485,True,87a65c0,27,15,best,30,1.0,True,0.7,0.95,0.1,
X-n101-k25,acs_clsqrtn_2opt_q0sched,13,34911.23853189383,,0.4603140838444233,True,87a65c0,26,15,best,30,1.0,True,0.7,0.95,0.1,
X-n101-k25,acs_clsqrtn_2opt_q0sched,14,35795.42442751093,,0.46799445804208517,True,87a65c0,26,15,best,30,1.0,True,0.7,0.95,0.1,
X-n101-k25,acs_clsqrtn_2opt_q0sched,15,35303.031720909836,,0.4603636250831187,True,87a65c0,26,15,best,30,1.0,True,0.7,0.95,0.1,
X-n101-k25,acs_clsqrtn_2opt_q0sched,16,36103.062562699975,,0.46171462489292026,True,87a65c0,27,15,best,30,1.0,True,0.7,0.95,0.1,
X-n101-k25,acs_clsqrtn_2opt_q0sched,17,35475.74225233857,,0.4842310829553753,True,87a65c0,26,15,best,30,1.0,True,0.7,0.95,0.1,
X-n101-k25,acs_clsqrtn_2opt_q0sched,18,35250.12090503574,,0.460418791975826,True,87a65c0,26,15,best,30,1.0,True,0.7,0.95,0.1,
X-n101-k25,acs_clsqrtn_2opt_q0sched,19,35172.413239843176,,0.4646386669483036,True,87a65c0,26,15,best,30,1.0,True,0.7,0.95,0.1,
X-n101-k25,acs_clsqrtn_2opt_q0sched,20,35641.03727905776,,0.47212770814076066,True,87a65c0,26,15,best,30,1.0,True,0.7,0.95,0.1,
X-n101-k25,acs_clsqrtn_2opt_q0sched,21,35473.76509341887,,0.46184987504966557,True,87a65c0,26,15,best,30,1.0,True,0.7,0.95,0.1,
X-n101-k25,acs_clsqrtn_2opt_q0sched,22,35906.44312535477,,0.4598428749013692,True,87a65c0,26,15,best,30,1.0,True,0.7,0.95,0.1,
X-n101-k25,acs_clsqrtn_2opt_q0sched,23,36262.90605103682,,0.483427207916975,True,87a65c0,27,15,best,30,1.0,True,0.7,0.95,0.1,
X-n101-k25,acs_clsqrtn_2opt_q0sched,24,35560.51960653042,,0.45885558309964836,True,87a65c0,27,15,best,30,1.0,True,0.7,0.95,0.1,
X-n101-k25,acs_clsqrtn_2opt_q0sched,25,35557.978099304535,,0.45930712507106364,True,87a65c0,26,15,best,30,1.0,True,0.7,0.95,0.1,
X-n101-k25,acs_clsqrtn_2opt_q0sched,26,36076.57678250109,,0.46825745911337435,True,87a65c0,27,15,best,30,1.0,True,0.7,0.95,0.1,
X-n101-k25,acs_clsqrtn_2opt_q0sched,27,36496.82002646249,,0.462233749916777,True,87a65c0,26,15,best,30,1.0,True,0.7,0.95,0.1,
X-n101-k25,acs_clsqrtn_2opt_q0sched,28,34860.33187332782,,0.49992550001479685,True,87a65c0,26,15,best,30,1.0,True,0.7,0.95,0.1,
X-n101-k25,acs_clsqrtn_2opt_q0sched,29,35988.96917486754,,0.458456541178748,True,87a65c0,26,15,best,30,1.0,True,0.7,0.95,0.1,
X-n101-k25,acs_nocl_2opt_q0sched,0,36199.90144772771,,0.6291694170795381,True,87a65c0,26,0,best,30,1.0,True,0.7,0.95,0.1,
X-n101-k25,acs_nocl_2opt_q0sched,1,36861.02446439018,,0.6559586250223219,True,87a65c0,26,0,best,30,1.0,True,0.7,0.95,0.1,
X-n101-k25,acs_nocl_2opt_q0sched,2,35511.417652576405,,0.6348224580287933,True,87a65c0,27,0,best,30,1.0,True,0.7,0.95,0.1,
X-n101-k25,acs_nocl_2opt_q0sched,3,35475.15321184765,,0.627357125049457,True,87a65c0,27,0,best,30,1.0,True,0.7,0.95,0.1,
X-n101-k25,acs_nocl_2opt_q0sched,4,36171.80109067738,,0.634027416119352,True,87a65c0,26,0,best,30,1.0,True,0.7,0.95,0.1,
X-n101-k25,acs_nocl_2opt_q0sched,5,35195.70779271807,,0.6297952500171959,True,87a65c0,27,0,best,30,1.0,True,0.7,0.95,0.1,
X-n101-k25,acs_nocl_2opt_q0sched,6,35553.1211249922,,0.6352916657924652,True,87a65c0,26,0,best,30,1.0,True,0.7,0.95,0.1,
X-n101-k25,acs_nocl_2opt_q0sched,7,34930.43730285661,,0.6573860829230398,True,87a65c0,26,0,best,30,1.0,True,0.7,0.95,0.1,
X-n101-k25,acs_nocl_2opt_q0sched,8,36244.110719383374,,0.6268367089796811,True,87a65c0,26,0,best,30,1.0,True,0.7,0.95,0.1,
X-n101-k25,acs_nocl_2opt_q0sched,9,36342.161439838754,,0.6299795410595834,True,87a65c0,27,0,best,30,1.0,True,0.7,0.95,0.1,
X-n101-k25,acs_nocl_2opt_q0sched,10,36153.41907478346,,0.6293430831283331,True,87a65c0,27,0,best,30,1.0,True,0.7,0.95,0.1,
X-n101-k25,acs_nocl_2opt_q0sched,11,35358.31892880364,,0.6306968748103827,True,87a65c0,26,0,best,30,1.0,True,0.7,0.95,0.1,
X-n101-k25,acs_nocl_2opt_q0sched,12,35859.313345390685,,0.6284435831476003,True,87a65c0,26,0,best,30,1.0,True,0.7,0.95,0.1,
X-n101-k25,acs_nocl_2opt_q0sched,13,34765.34839617776,,0.6532537918537855,True,87a65c0,26,0,best,30,1.0,True,0.7,0.95,0.1,
X-n101-k25,acs_nocl_2opt_q0sched,14,36152.76270133315,,0.6279109169263393,True,87a65c0,26,0,best,30,1.0,True,0.7,0.95,0.1,
X-n101-k25,acs_nocl_2opt_q0sched,15,36325.18345179209,,0.6356054591014981,True,87a65c0,26,0,best,30,1.0,True,0.7,0.95,0.1,
X-n101-k25,acs_nocl_2opt_q0sched,16,36461.70118171674,,0.6293765420559794,True,87a65c0,26,0,best,30,1.0,True,0.7,0.95,0.1,
X-n101-k25,acs_nocl_2opt_q0sched,17,34934.56772281,,0.6273381249047816,True,87a65c0,26,0,best,30,1.0,True,0.7,0.95,0.1,
X-n101-k25,acs_nocl_2opt_q0sched,18,34970.11691505975,,0.6291299168951809,True,87a65c0,27,0,best,30,1.0,True,0.7,0.95,0.1,
X-n101-k25,acs_nocl_2opt_q0sched,19,34991.44164612542,,0.6630563328508288,True,87a65c0,26,0,best,30,1.0,True,0.7,0.95,0.1,
X-n101-k25,acs_nocl_2opt_q0sched,20,34791.335225202965,,0.6913227920886129,True,87a65c0,26,0,best,30,1.0,True,0.7,0.95,0.1,
X-n101-k25,acs_nocl_2opt_q0sched,21,36619.720593943064,,0.628226333996281,True,87a65c0,27,0,best,30,1.0,True,0.7,0.95,0.1,
X-n101-k25,acs_nocl_2opt_q0sched,22,36040.539799735816,,0.6283234169241041,True,87a65c0,26,0,best,30,1.0,True,0.7,0.95,0.1,
X-n101-k25,acs_nocl_2opt_q0sched,23,35997.10197373645,,0.6881691669113934,True,87a65c0,26,0,best,30,1.0,True,0.7,0.95,0.1,
X-n101-k25,acs_nocl_2opt_q0sched,24,34814.26319311888,,0.6577054159715772,True,87a65c0,26,0,best,30,1.0,True,0.7,0.95,0.1,
X-n101-k25,acs_nocl_2opt_q0sched,25,33791.6988799958,,0.6283030000049621,True,87a65c0,26,0,best,30,1.0,True,0.7,0.95,0.1,
X-n101-k25,acs_nocl_2opt_q0sched,26,36136.909588400296,,0.6267573749646544,True,87a65c0,26,0,best,30,1.0,True,0.7,0.95,0.1,
X-n101-k25,acs_nocl_2opt_q0sched,27,35665.3129138568,,0.6321390829980373,True,87a65c0,26,0,best,30,1.0,True,0.7,0.95,0.1,
X-n101-k25,acs_nocl_2opt_q0sched,28,35595.344500928775,,0.6317657500039786,True,87a65c0,27,0,best,30,1.0,True,0.7,0.95,0.1,
X-n101-k25,acs_nocl_2opt_q0sched,29,36251.76361431638,,0.6271053329110146,True,87a65c0,26,0,best,30,1.0,True,0.7,0.95,0.1,
X-n101-k25,acs_nocl_none,0,36484.45393182726,,0.6705542500130832,True,87a65c0,26,0,none,0,0.0,False,0.7,0.95,0.1,
X-n101-k25,acs_nocl_none,1,36962.95432003741,,0.6108694160357118,True,87a65c0,27,0,none,0,0.0,False,0.7,0.95,0.1,
X-n101-k25,acs_nocl_none,2,37439.60967722269,,0.5969200420659035,True,87a65c0,27,0,none,0,0.0,False,0.7,0.95,0.1,
X-n101-k25,acs_nocl_none,3,37591.4275808074,,0.618973458185792,True,87a65c0,26,0,none,0,0.0,False,0.7,0.95,0.1,
X-n101-k25,acs_nocl_none,4,36751.28298455154,,0.5947657499928027,True,87a65c0,27,0,none,0,0.0,False,0.7,0.95,0.1,
X-n101-k25,acs_nocl_none,5,36516.16422670689,,0.6019905421417207,True,87a65c0,26,0,none,0,0.0,False,0.7,0.95,0.1,
X-n101-k25,acs_nocl_none,6,36095.640902651525,,0.5951136250514537,True,87a65c0,26,0,none,0,0.0,False,0.7,0.95,0.1,
X-n101-k25,acs_nocl_none,7,36971.033334285385,,0.5967596671544015,True,87a65c0,26,0,none,0,0.0,False,0.7,0.95,0.1,
X-n101-k25,acs_nocl_none,8,36930.18436306893,,0.6210043330211192,True,87a65c0,27,0,none,0,0.0,False,0.7,0.95,0.1,
X-n101-k25,acs_nocl_none,9,34775.984572991,,0.6282342909835279,True,87a65c0,26,0,none,0,0.0,False,0.7,0.95,0.1,
X-n101-k25,acs_nocl_none,10,35715.66499160294,,0.6705683330073953,True,87a65c0,27,0,none,0,0.0,False,0.7,0.95,0.1,
X-n101-k25,acs_nocl_none,11,36061.097240943796,,0.6022518330719322,True,87a65c0,26,0,none,0,0.0,False,0.7,0.95,0.1,
X-n101-k25,acs_nocl_none,12,36993.41059300804,,0.5943575410638005,True,87a65c0,26,0,none,0,0.0,False,0.7,0.95,0.1,
X-n101-k25,acs_nocl_none,13,36344.28944693443,,0.5960975829511881,True,87a65c0,26,0,none,0,0.0,False,0.7,0.95,0.1,
X-n101-k25,acs_nocl_none,14,34679.989486611186,,0.6235331669449806,True,87a65c0,26,0,none,0,0.0,False,0.7,0.95,0.1,
X-n101-k25,acs_nocl_none,15,36873.749937225744,,0.5966820418834686,True,87a65c0,26,0,none,0,0.0,False,0.7,0.95,0.1,
X-n101-k25,acs_nocl_none,16,37102.609415554696,,0.5952452500350773,True,87a65c0,26,0,none,0,0.0,False,0.7,0.95,0.1,
X-n101-k25,acs_nocl_none,17,35517.587674539485,,0.5936501249670982,True,87a65c0,26,0,none,0,0.0,False,0.7,0.95,0.1,
X-n101-k25,acs_nocl_none,18,35708.759743251634,,0.607168415794149,True,87a65c0,27,0,none,0,0.0,False,0.7,0.95,0.1,
X-n101-k25,acs_nocl_none,19,36088.16134111604,,0.6024925410747528,True,87a65c0,27,0,none,0,0.0,False,0.7,0.95,0.1,
X-n101-k25,acs_nocl_none,20,35898.31313045054,,0.6236130830366164,True,87a65c0,26,0,none,0,0.0,False,0.7,0.95,0.1,
X-n101-k25,acs_nocl_none,21,37032.36361357424,,0.5964080831035972,True,87a65c0,27,0,none,0,0.0,False,0.7,0.95,0.1,
X-n101-k25,acs_nocl_none,22,36944.86176382468,,0.6075006250757724,True,87a65c0,26,0,none,0,0.0,False,0.7,0.95,0.1,
X-n101-k25,acs_nocl_none,23,36516.9654540022,,0.6016626660712063,True,87a65c0,26,0,none,0,0.0,False,0.7,0.95,0.1,
X-n101-k25,acs_nocl_none,24,35310.40783661733,,0.5942650409415364,True,87a65c0,26,0,none,0,0.0,False,0.7,0.95,0.1,
X-n101-k25,acs_nocl_none,25,36360.554845199484,,0.6177092499565333,True,87a65c0,26,0,none,0,0.0,False,0.7,0.95,0.1,
X-n101-k25,acs_nocl_none,26,35415.75112592496,,0.632711875019595,True,87a65c0,27,0,none,0,0.0,False,0.7,0.95,0.1,
X-n101-k25,acs_nocl_none,27,37542.061094430785,,0.6001877090893686,True,87a65c0,27,0,none,0,0.0,False,0.7,0.95,0.1,
X-n101-k25,acs_nocl_none,28,36586.49665300612,,0.6015797920990735,True,87a65c0,26,0,none,0,0.0,False,0.7,0.95,0.1,
X-n101-k25,acs_nocl_none,29,37453.20903520356,,0.595815832959488,True,87a65c0,26,0,none,0,0.0,False,0.7,0.95,0.1,
X-n106-k14,acs_baseline,0,28244.973357565155,,0.7773391669616103,True,87a65c0,14,0,none,0,0.0,False,0.7,0.95,0.1,
X-n106-k14,acs_baseline,1,28387.141994445425,,0.7751835838425905,True,87a65c0,14,0,none,0,0.0,False,0.7,0.95,0.1,
X-n106-k14,acs_baseline,2,28205.19716824977,,0.7846059170551598,True,87a65c0,14,0,none,0,0.0,False,0.7,0.95,0.1,
X-n106-k14,acs_baseline,3,28206.896483220207,,0.8741585419047624,True,87a65c0,14,0,none,0,0.0,False,0.7,0.95,0.1,
X-n106-k14,acs_baseline,4,28164.286739345647,,0.7975094171706587,True,87a65c0,14,0,none,0,0.0,False,0.7,0.95,0.1,
X-n106-k14,acs_baseline,5,28304.29035986759,,0.7973159169778228,True,87a65c0,14,0,none,0,0.0,False,0.7,0.95,0.1,
X-n106-k14,acs_baseline,6,28371.324244310294,,0.7742329158354551,True,87a65c0,14,0,none,0,0.0,False,0.7,0.95,0.1,
X-n106-k14,acs_baseline,7,28226.44204717293,,0.7835279169958085,True,87a65c0,14,0,none,0,0.0,False,0.7,0.95,0.1,
X-n106-k14,acs_baseline,8,28325.320772572835,,0.7727705840952694,True,87a65c0,14,0,none,0,0.0,False,0.7,0.95,0.1,
X-n106-k14,acs_baseline,9,28325.95438639459,,0.7970350829418749,True,87a65c0,14,0,none,0,0.0,False,0.7,0.95,0.1,
X-n106-k14,acs_baseline,10,28442.548224328017,,0.7764075831510127,True,87a65c0,14,0,none,0,0.0,False,0.7,0.95,0.1,
X-n106-k14,acs_baseline,11,28489.515960550187,,0.7726351669989526,True,87a65c0,14,0,none,0,0.0,False,0.7,0.95,0.1,
X-n106-k14,acs_baseline,12,28478.335763685798,,0.7714937499258667,True,87a65c0,14,0,none,0,0.0,False,0.7,0.95,0.1,
X-n106-k14,acs_baseline,13,28331.424992095373,,0.7729771661106497,True,87a65c0,14,0,none,0,0.0,False,0.7,0.95,0.1,
X-n106-k14,acs_baseline,14,28411.235694509476,,0.777252750005573,True,87a65c0,14,0,none,0,0.0,False,0.7,0.95,0.1,
X-n106-k14,acs_baseline,15,28237.750381672253,,0.7979850829578936,True,87a65c0,14,0,none,0,0.0,False,0.7,0.95,0.1,
X-n106-k14,acs_baseline,16,28041.2407522424,,0.7711749998852611,True,87a65c0,14,0,none,0,0.0,False,0.7,0.95,0.1,
X-n106-k14,acs_baseline,17,27942.55593126973,,0.7755267501343042,True,87a65c0,14,0,none,0,0.0,False,0.7,0.95,0.1,
X-n106-k14,acs_baseline,18,28283.300798935685,,0.774169750045985,True,87a65c0,14,0,none,0,0.0,False,0.7,0.95,0.1,
X-n106-k14,acs_baseline,19,28313.698685227337,,0.7725773749407381,True,87a65c0,14,0,none,0,0.0,False,0.7,0.95,0.1,
X-n106-k14,acs_baseline,20,27867.066859032806,,0.8003257920499891,True,87a65c0,14,0,none,0,0.0,False,0.7,0.95,0.1,
X-n106-k14,acs_baseline,21,28361.29141721937,,0.7760660001076758,True,87a65c0,14,0,none,0,0.0,False,0.7,0.95,0.1,
X-n106-k14,acs_baseline,22,28104.470328295352,,0.7721957499161363,True,87a65c0,14,0,none,0,0.0,False,0.7,0.95,0.1,
X-n106-k14,acs_baseline,23,28259.782950010278,,0.7739662500098348,True,87a65c0,14,0,none,0,0.0,False,0.7,0.95,0.1,
X-n106-k14,acs_baseline,24,28202.4990831459,,0.7790454169735312,True,87a65c0,14,0,none,0,0.0,False,0.7,0.95,0.1,
X-n106-k14,acs_baseline,25,28469.85617251861,,0.8037795000709593,True,87a65c0,14,0,none,0,0.0,False,0.7,0.95,0.1,
X-n106-k14,acs_baseline,26,28239.570488222595,,0.8595108750741929,True,87a65c0,14,0,none,0,0.0,False,0.7,0.95,0.1,
X-n106-k14,acs_baseline,27,28392.269164344263,,0.8320989171043038,True,87a65c0,14,0,none,0,0.0,False,0.7,0.95,0.1,
X-n106-k14,acs_baseline,28,28386.669336731073,,0.7973171251360327,True,87a65c0,14,0,none,0,0.0,False,0.7,0.95,0.1,
X-n106-k14,acs_baseline,29,28423.474856171015,,0.7730122092179954,True,87a65c0,14,0,none,0,0.0,False,0.7,0.95,0.1,
X-n106-k14,acs_cl15,0,28190.768496303335,,0.4546334589831531,True,87a65c0,14,15,none,0,0.0,False,0.7,0.95,0.1,
X-n106-k14,acs_cl15,1,28018.314188521217,,0.4787992089986801,True,87a65c0,14,15,none,0,0.0,False,0.7,0.95,0.1,
X-n106-k14,acs_cl15,2,28128.886579080805,,0.4643935419153422,True,87a65c0,14,15,none,0,0.0,False,0.7,0.95,0.1,
X-n106-k14,acs_cl15,3,28205.721289980203,,0.45475858310237527,True,87a65c0,14,15,none,0,0.0,False,0.7,0.95,0.1,
X-n106-k14,acs_cl15,4,28013.93268663832,,0.4606843749061227,True,87a65c0,14,15,none,0,0.0,False,0.7,0.95,0.1,
X-n106-k14,acs_cl15,5,27984.17983783684,,0.45880316593684256,True,87a65c0,14,15,none,0,0.0,False,0.7,0.95,0.1,
X-n106-k14,acs_cl15,6,28036.165573077968,,0.4536820419598371,True,87a65c0,14,15,none,0,0.0,False,0.7,0.95,0.1,
X-n106-k14,acs_cl15,7,28267.36392235106,,0.4826969171408564,True,87a65c0,14,15,none,0,0.0,False,0.7,0.95,0.1,
X-n106-k14,acs_cl15,8,28080.383083613488,,0.45853954181075096,True,87a65c0,14,15,none,0,0.0,False,0.7,0.95,0.1,
X-n106-k14,acs_cl15,9,27794.310716284897,,0.4546954589895904,True,87a65c0,14,15,none,0,0.0,False,0.7,0.95,0.1,
X-n106-k14,acs_cl15,10,28055.6493839758,,0.45343495812267065,True,87a65c0,14,15,none,0,0.0,False,0.7,0.95,0.1,
X-n106-k14,acs_cl15,11,27993.293701313894,,0.4638037499971688,True,87a65c0,14,15,none,0,0.0,False,0.7,0.95,0.1,
X-n106-k14,acs_cl15,12,28008.817698142266,,0.45413170801475644,True,87a65c0,14,15,none,0,0.0,False,0.7,0.95,0.1,
X-n106-k14,acs_cl15,13,28132.277554876833,,0.48211808293126523,True,87a65c0,14,15,none,0,0.0,False,0.7,0.95,0.1,
X-n106-k14,acs_cl15,14,27969.71257435141,,0.45509929209947586,True,87a65c0,14,15,none,0,0.0,False,0.7,0.95,0.1,
X-n106-k14,acs_cl15,15,27928.158606618366,,0.454781916923821,True,87a65c0,14,15,none,0,0.0,False,0.7,0.95,0.1,
X-n106-k14,acs_cl15,16,27892.950348892446,,0.45557266706600785,True,87a65c0,14,15,none,0,0.0,False,0.7,0.95,0.1,
X-n106-k14,acs_cl15,17,28309.354767523037,,0.4531964580528438,True,87a65c0,14,15,none,0,0.0,False,0.7,0.95,0.1,
X-n106-k14,acs_cl15,18,28081.30042948741,,0.481099541997537,True,87a65c0,14,15,none,0,0.0,False,0.7,0.95,0.1,
X-n106-k14,acs_cl15,19,28241.40857480545,,0.4614744579885155,True,87a65c0,14,15,none,0,0.0,False,0.7,0.95,0.1,
X-n106-k14,acs_cl15,20,28114.35439317679,,0.45444716699421406,True,87a65c0,14,15,none,0,0.0,False,0.7,0.95,0.1,
X-n106-k14,acs_cl15,21,27935.054588201914,,0.45440808311104774,True,87a65c0,14,15,none,0,0.0,False,0.7,0.95,0.1,
X-n106-k14,acs_cl15,22,27837.181349853843,,0.4558776249177754,True,87a65c0,14,15,none,0,0.0,False,0.7,0.95,0.1,
X-n106-k14,acs_cl15,23,28175.031501494217,,0.4544908329844475,True,87a65c0,14,15,none,0,0.0,False,0.7,0.95,0.1,
X-n106-k14,acs_cl15,24,28141.429260752608,,0.4771249999757856,True,87a65c0,14,15,none,0,0.0,False,0.7,0.95,0.1,
X-n106-k14,acs_cl15,25,27959.822949746023,,0.462501083035022,True,87a65c0,14,15,none,0,0.0,False,0.7,0.95,0.1,
X-n106-k14,acs_cl15,26,28180.255113849886,,0.4609834998846054,True,87a65c0,14,15,none,0,0.0,False,0.7,0.95,0.1,
X-n106-k14,acs_cl15,27,28089.548368919015,,0.4555290408898145,True,87a65c0,14,15,none,0,0.0,False,0.7,0.95,0.1,
X-n106-k14,acs_cl15,28,27838.77981163339,,0.4540386670269072,True,87a65c0,14,15,none,0,0.0,False,0.7,0.95,0.1,
X-n106-k14,acs_cl15,29,28320.86427091412,,0.4848713339306414,True,87a65c0,14,15,none,0,0.0,False,0.7,0.95,0.1,
X-n106-k14,acs_cl15_ls2opt_fixed,0,27568.5011251413,,0.49136587511748075,True,87a65c0,14,15,best,30,1.0,False,0.7,0.95,0.1,
X-n106-k14,acs_cl15_ls2opt_fixed,1,27475.650470831497,,0.4993737081531435,True,87a65c0,14,15,best,30,1.0,False,0.7,0.95,0.1,
X-n106-k14,acs_cl15_ls2opt_fixed,2,27885.71790692197,,0.491799334064126,True,87a65c0,14,15,best,30,1.0,False,0.7,0.95,0.1,
X-n106-k14,acs_cl15_ls2opt_fixed,3,27806.396047138765,,0.4945791671052575,True,87a65c0,14,15,best,30,1.0,False,0.7,0.95,0.1,
X-n106-k14,acs_cl15_ls2opt_fixed,4,27459.538533713494,,0.49137483281083405,True,87a65c0,14,15,best,30,1.0,False,0.7,0.95,0.1,
X-n106-k14,acs_cl15_ls2opt_fixed,5,27556.977854321667,,0.5164271250832826,True,87a65c0,14,15,best,30,1.0,False,0.7,0.95,0.1,
X-n106-k14,acs_cl15_ls2opt_fixed,6,27482.03684978102,,0.49590762495063245,True,87a65c0,14,15,best,30,1.0,False,0.7,0.95,0.1,
X-n106-k14,acs_cl15_ls2opt_fixed,7,27777.56658547892,,0.4927036250010133,True,87a65c0,14,15,best,30,1.0,False,0.7,0.95,0.1,
X-n106-k14,acs_cl15_ls2opt_fixed,8,27669.85153185655,,0.49132829206064343,True,87a65c0,14,15,best,30,1.0,False,0.7,0.95,0.1,
X-n106-k14,acs_cl15_ls2opt_fixed,9,27456.201733894995,,0.49086041701957583,True,87a65c0,14,15,best,30,1.0,False,0.7,0.95,0.1,
X-n106-k14,acs_cl15_ls2opt_fixed,10,27287.937090408544,,0.4895779590588063,True,87a65c0,14,15,best,30,1.0,False,0.7,0.95,0.1,
X-n106-k14,acs_cl15_ls2opt_fixed,11,27400.09423722401,,0.5165440000128001,True,87a65c0,14,15,best,30,1.0,False,0.7,0.95,0.1,
X-n106-k14,acs_cl15_ls2opt_fixed,12,27512.99092832325,,0.49751037498936057,True,87a65c0,14,15,best,30,1.0,False,0.7,0.95,0.1,
X-n106-k14,acs_cl15_ls2opt_fixed,13,27737.39703426852,,0.49322583293542266,True,87a65c0,14,15,best,30,1.0,False,0.7,0.95,0.1,
X-n106-k14,acs_cl15_ls2opt_fixed,14,27596.38972758985,,0.49110212503001094,True,87a65c0,14,15,best,30,1.0,False,0.7,0.95,0.1,
X-n106-k14,acs_cl15_ls2opt_fixed,15,27585.935287739252,,0.48989824997261167,True,87a65c0,14,15,best,30,1.0,False,0.7,0.95,0.1,
X-n106-k14,acs_cl15_ls2opt_fixed,16,27451.39153366278,,0.5253402090165764,True,87a65c0,14,15,best,30,1.0,False,0.7,0.95,0.1,
X-n106-k14,acs_cl15_ls2opt_fixed,17,27734.16576773826,,0.4961176251526922,True,87a65c0,14,15,best,30,1.0,False,0.7,0.95,0.1,
X-n106-k14,acs_cl15_ls2opt_fixed,18,27795.02678378316,,0.4937517500948161,True,87a65c0,14,15,best,30,1.0,False,0.7,0.95,0.1,
X-n106-k14,acs_cl15_ls2opt_fixed,19,27383.477653348946,,0.4940360840409994,True,87a65c0,14,15,best,30,1.0,False,0.7,0.95,0.1,
X-n106-k14,acs_cl15_ls2opt_fixed,20,27680.866705661196,,0.4923117079306394,True,87a65c0,14,15,best,30,1.0,False,0.7,0.95,0.1,
X-n106-k14,acs_cl15_ls2opt_fixed,21,27570.726056097858,,0.4919996669050306,True,87a65c0,14,15,best,30,1.0,False,0.7,0.95,0.1,
X-n106-k14,acs_cl15_ls2opt_fixed,22,27671.12098840488,,0.5135885828640312,True,87a65c0,14,15,best,30,1.0,False,0.7,0.95,0.1,
X-n106-k14,acs_cl15_ls2opt_fixed,23,27727.764742639258,,0.558906540973112,True,87a65c0,14,15,best,30,1.0,False,0.7,0.95,0.1,
X-n106-k14,acs_cl15_ls2opt_fixed,24,27689.099970666215,,0.48974700015969574,True,87a65c0,14,15,best,30,1.0,False,0.7,0.95,0.1,
X-n106-k14,acs_cl15_ls2opt_fixed,25,27455.414378584635,,0.49154425016604364,True,87a65c0,14,15,best,30,1.0,False,0.7,0.95,0.1,
X-n106-k14,acs_cl15_ls2opt_fixed,26,27761.079365645644,,0.4906174591742456,True,87a65c0,14,15,best,30,1.0,False,0.7,0.95,0.1,
X-n106-k14,acs_cl15_ls2opt_fixed,27,27420.033297280228,,0.4922910409513861,True,87a65c0,14,15,best,30,1.0,False,0.7,0.95,0.1,
X-n106-k14,acs_cl15_ls2opt_fixed,28,27349.55784059617,,0.520949374884367,True,87a65c0,14,15,best,30,1.0,False,0.7,0.95,0.1,
X-n106-k14,acs_cl15_ls2opt_fixed,29,27473.2560868876,,0.4913487499579787,True,87a65c0,14,15,best,30,1.0,False,0.7,0.95,0.1,
X-n106-k14,acs_cl15_ls2opt_fixed_q0sched,0,27646.954773405538,,0.5044570830650628,True,87a65c0,14,15,best,30,1.0,True,0.7,0.95,0.1,
X-n106-k14,acs_cl15_ls2opt_fixed_q0sched,1,27834.772464584817,,0.5087434581946582,True,87a65c0,14,15,best,30,1.0,True,0.7,0.95,0.1,
X-n106-k14,acs_cl15_ls2opt_fixed_q0sched,2,27783.860316738286,,0.5068279579281807,True,87a65c0,14,15,best,30,1.0,True,0.7,0.95,0.1,
X-n106-k14,acs_cl15_ls2opt_fixed_q0sched,3,27649.509196772357,,0.5435949158854783,True,87a65c0,14,15,best,30,1.0,True,0.7,0.95,0.1,
X-n106-k14,acs_cl15_ls2opt_fixed_q0sched,4,27770.502106962955,,0.5054098330438137,True,87a65c0,14,15,best,30,1.0,True,0.7,0.95,0.1,
X-n106-k14,acs_cl15_ls2opt_fixed_q0sched,5,27833.330170185447,,0.504088083980605,True,87a65c0,14,15,best,30,1.0,True,0.7,0.95,0.1,
X-n106-k14,acs_cl15_ls2opt_fixed_q0sched,6,27639.529931556663,,0.5207297911401838,True,87a65c0,14,15,best,30,1.0,True,0.7,0.95,0.1,
X-n106-k14,acs_cl15_ls2opt_fixed_q0sched,7,27519.6920571128,,0.5116611670237035,True,87a65c0,14,15,best,30,1.0,True,0.7,0.95,0.1,
X-n106-k14,acs_cl15_ls2opt_fixed_q0sched,8,27610.950341051528,,0.5096133328042924,True,87a65c0,14,15,best,30,1.0,True,0.7,0.95,0.1,
X-n106-k14,acs_cl15_ls2opt_fixed_q0sched,9,27806.441419013434,,0.5423039579764009,True,87a65c0,14,15,best,30,1.0,True,0.7,0.95,0.1,
X-n106-k14,acs_cl15_ls2opt_fixed_q0sched,10,27797.233614440847,,0.50900087505579,True,87a65c0,14,15,best,30,1.0,True,0.7,0.95,0.1,
X-n106-k14,acs_cl15_ls2opt_fixed_q0sched,11,27721.890201281683,,0.506872541969642,True,87a65c0,14,15,best,30,1.0,True,0.7,0.95,0.1,
X-n106-k14,acs_cl15_ls2opt_fixed_q0sched,12,27679.28704267999,,0.5127444169484079,True,87a65c0,14,15,best,30,1.0,True,0.7,0.95,0.1,
X-n106-k14,acs_cl15_ls2opt_fixed_q0sched,13,27582.215839162323,,0.507748750038445,True,87a65c0,14,15,best,30,1.0,True,0.7,0.95,0.1,
X-n106-k14,acs_cl15_ls2opt_fixed_q0sched,14,27512.156057448203,,0.5137948330957443,True,87a65c0,14,15,best,30,1.0,True,0.7,0.95,0.1,
X-n106-k14,acs_cl15_ls2opt_fixed_q0sched,15,27836.19370651149,,0.5396764578763396,True,87a65c0,14,15,best,30,1.0,True,0.7,0.95,0.1,
X-n106-k14,acs_cl15_ls2opt_fixed_q0sched,16,27770.782436090896,,0.5095676251221448,True,87a65c0,14,15,best,30,1.0,True,0.7,0.95,0.1,
X-n106-k14,acs_cl15_ls2opt_fixed_q0sched,17,27682.03243251049,,0.5108111251611263,True,87a65c0,14,15,best,30,1.0,True,0.7,0.95,0.1,
X-n106-k14,acs_cl15_ls2opt_fixed_q0sched,18,27978.01712842284,,0.5425515419337898,True,87a65c0,14,15,best,30,1.0,True,0.7,0.95,0.1,
X-n106-k14,acs_cl15_ls2opt_fixed_q0sched,19,27781.339176255173,,0.5913597920443863,True,87a65c0,14,15,best,30,1.0,True,0.7,0.95,0.1,
X-n106-k14,acs_cl15_ls2opt_fixed_q0sched,20,27558.486578685217,,0.5455856660846621,True,87a65c0,14,15,best,30,1.0,True,0.7,0.95,0.1,
X-n106-k14,acs_cl15_ls2opt_fixed_q0sched,21,27745.463346650336,,0.5149681658949703,True,87a65c0,14,15,best,30,1.0,True,0.7,0.95,0.1,
X-n106-k14,acs_cl15_ls2opt_fixed_q0sched,22,27689.659690286135,,0.5317566671874374,True,87a65c0,14,15,best,30,1.0,True,0.7,0.95,0.1,
X-n106-k14,acs_cl15_ls2opt_fixed_q0sched,23,27679.52817390512,,0.5118030000012368,True,87a65c0,14,15,best,30,1.0,True,0.7,0.95,0.1,
X-n106-k14,acs_cl15_ls2opt_fixed_q0sched,24,27849.458002501186,,0.5178084170911461,True,87a65c0,14,15,best,30,1.0,True,0.7,0.95,0.1,
X-n106-k14,acs_cl15_ls2opt_fixed_q0sched,25,27766.68887432549,,0.5395865829195827,True,87a65c0,14,15,best,30,1.0,True,0.7,0.95,0.1,
X-n106-k14,acs_cl15_ls2opt_fixed_q0sched,26,27711.363441682734,,0.507911958033219,True,87a65c0,14,15,best,30,1.0,True,0.7,0.95,0.1,
X-n106-k14,acs_cl15_ls2opt_fixed_q0sched,27,27760.85019545519,,0.5126658747904003,True,87a65c0,14,15,best,30,1.0,True,0.7,0.95,0.1,
X-n106-k14,acs_cl15_ls2opt_fixed_q0sched,28,27866.46915760306,,0.5075502081308514,True,87a65c0,14,15,best,30,1.0,True,0.7,0.95,0.1,
X-n106-k14,acs_cl15_ls2opt_fixed_q0sched,29,27929.041642067146,,0.5174996668938547,True,87a65c0,14,15,best,30,1.0,True,0.7,0.95,0.1,
X-n106-k14,acs_clsqrtn_2opt_q0sched,0,27318.575572666912,,0.5236794170923531,True,87a65c0,14,15,best,30,1.0,True,0.7,0.95,0.1,
X-n106-k14,acs_clsqrtn_2opt_q0sched,1,27667.57601064588,,0.5311777908354998,True,87a65c0,14,15,best,30,1.0,True,0.7,0.95,0.1,
X-n106-k14,acs_clsqrtn_2opt_q0sched,2,27430.66268783135,,0.5813886248506606,True,87a65c0,14,15,best,30,1.0,True,0.7,0.95,0.1,
X-n106-k14,acs_clsqrtn_2opt_q0sched,3,27804.61590764727,,0.5273092919960618,True,87a65c0,14,15,best,30,1.0,True,0.7,0.95,0.1,
X-n106-k14,acs_clsqrtn_2opt_q0sched,4,27713.9916936575,,0.49966433411464095,True,87a65c0,14,15,best,30,1.0,True,0.7,0.95,0.1,
X-n106-k14,acs_clsqrtn_2opt_q0sched,5,27467.08668097833,,0.4989371669944376,True,87a65c0,14,15,best,30,1.0,True,0.7,0.95,0.1,
X-n106-k14,acs_clsqrtn_2opt_q0sched,6,27704.01666090438,,0.5645262498874217,True,87a65c0,14,15,best,30,1.0,True,0.7,0.95,0.1,
X-n106-k14,acs_clsqrtn_2opt_q0sched,7,27733.707658222123,,0.5063515000510961,True,87a65c0,14,15,best,30,1.0,True,0.7,0.95,0.1,
X-n106-k14,acs_clsqrtn_2opt_q0sched,8,27542.522740667246,,0.5079143340699375,True,87a65c0,14,15,best,30,1.0,True,0.7,0.95,0.1,
X-n106-k14,acs_clsqrtn_2opt_q0sched,9,27703.121210678484,,0.5017827500123531,True,87a65c0,14,15,best,30,1.0,True,0.7,0.95,0.1,
X-n106-k14,acs_clsqrtn_2opt_q0sched,10,27652.437884628467,,0.504540084162727,True,87a65c0,14,15,best,30,1.0,True,0.7,0.95,0.1,
X-n106-k14,acs_clsqrtn_2opt_q0sched,11,27792.42471991375,,0.500787208089605,True,87a65c0,14,15,best,30,1.0,True,0.7,0.95,0.1,
X-n106-k14,acs_clsqrtn_2opt_q0sched,12,27623.173701888096,,0.5300531249959022,True,87a65c0,14,15,best,30,1.0,True,0.7,0.95,0.1,
X-n106-k14,acs_clsqrtn_2opt_q0sched,13,27739.09646376328,,0.5136522499378771,True,87a65c0,14,15,best,30,1.0,True,0.7,0.95,0.1,
X-n106-k14,acs_clsqrtn_2opt_q0sched,14,27313.657234631202,,0.5017448330763727,True,87a65c0,14,15,best,30,1.0,True,0.7,0.95,0.1,
X-n106-k14,acs_clsqrtn_2opt_q0sched,15,27648.14222155008,,0.4997976669110358,True,87a65c0,14,15,best,30,1.0,True,0.7,0.95,0.1,
X-n106-k14,acs_clsqrtn_2opt_q0sched,16,27856.444536242663,,0.5029334158170968,True,87a65c0,14,15,best,30,1.0,True,0.7,0.95,0.1,
X-n106-k14,acs_clsqrtn_2opt_q0sched,17,27802.80178726311,,0.5244187079370022,True,87a65c0,14,15,best,30,1.0,True,0.7,0.95,0.1,
X-n106-k14,acs_clsqrtn_2opt_q0sched,18,27725.46224664957,,0.5069382910151035,True,87a65c0,14,15,best,30,1.0,True,0.7,0.95,0.1,
X-n106-k14,acs_clsqrtn_2opt_q0sched,19,27599.911772509015,,0.501495333854109,True,87a65c0,14,15,best,30,1.0,True,0.7,0.95,0.1,
X-n106-k14,acs_clsqrtn_2opt_q0sched,20,27523.984643308788,,0.5076340830419213,True,87a65c0,14,15,best,30,1.0,True,0.7,0.95,0.1,
X-n106-k14,acs_clsqrtn_2opt_q0sched,21,27748.77723686429,,0.5020347908139229,True,87a65c0,14,15,best,30,1.0,True,0.7,0.95,0.1,
X-n106-k14,acs_clsqrtn_2opt_q0sched,22,27618.456557354937,,0.5028587081469595,True,87a65c0,14,15,best,30,1.0,True,0.7,0.95,0.1,
X-n106-k14,acs_clsqrtn_2opt_q0sched,23,27946.696569054955,,0.5325562919024378,True,87a65c0,14,15,best,30,1.0,True,0.7,0.95,0.1,
X-n106-k14,acs_clsqrtn_2opt_q0sched,24,27750.096188973017,,0.5035549169406295,True,87a65c0,14,15,best,30,1.0,True,0.7,0.95,0.1,
X-n106-k14,acs_clsqrtn_2opt_q0sched,25,27732.427073638763,,0.5049384168814868,True,87a65c0,14,15,best,30,1.0,True,0.7,0.95,0.1,
X-n106-k14,acs_clsqrtn_2opt_q0sched,26,27549.17342603238,,0.5034418338909745,True,87a65c0,14,15,best,30,1.0,True,0.7,0.95,0.1,
X-n106-k14,acs_clsqrtn_2opt_q0sched,27,27571.327542109913,,0.5024512498639524,True,87a65c0,14,15,best,30,1.0,True,0.7,0.95,0.1,
X-n106-k14,acs_clsqrtn_2opt_q0sched,28,27444.38555156725,,0.49971195915713906,True,87a65c0,14,15,best,30,1.0,True,0.7,0.95,0.1,
X-n106-k14,acs_clsqrtn_2opt_q0sched,29,27754.927475215387,,0.6034940830431879,True,87a65c0,14,15,best,30,1.0,True,0.7,0.95,0.1,
X-n106-k14,acs_nocl_2opt_q0sched,0,27655.678853305613,,0.8274938340764493,True,87a65c0,14,0,best,30,1.0,True,0.7,0.95,0.1,
X-n106-k14,acs_nocl_2opt_q0sched,1,27895.548461231712,,0.8274008329026401,True,87a65c0,14,0,best,30,1.0,True,0.7,0.95,0.1,
X-n106-k14,acs_nocl_2opt_q0sched,2,27929.38043151762,,0.8701647091656923,True,87a65c0,14,0,best,30,1.0,True,0.7,0.95,0.1,
X-n106-k14,acs_nocl_2opt_q0sched,3,27772.437301287693,,0.8276645420119166,True,87a65c0,14,0,best,30,1.0,True,0.7,0.95,0.1,
X-n106-k14,acs_nocl_2opt_q0sched,4,27835.7304032036,,0.8279532499145716,True,87a65c0,14,0,best,30,1.0,True,0.7,0.95,0.1,
X-n106-k14,acs_nocl_2opt_q0sched,5,27439.29562092403,,0.8336159579921514,True,87a65c0,14,0,best,30,1.0,True,0.7,0.95,0.1,
X-n106-k14,acs_nocl_2opt_q0sched,6,27841.336135871767,,0.8307783750351518,True,87a65c0,14,0,best,30,1.0,True,0.7,0.95,0.1,
X-n106-k14,acs_nocl_2opt_q0sched,7,27621.19253703205,,0.8313525828998536,True,87a65c0,14,0,best,30,1.0,True,0.7,0.95,0.1,
X-n106-k14,acs_nocl_2opt_q0sched,8,27461.68840482982,,0.8562779580242932,True,87a65c0,14,0,best,30,1.0,True,0.7,0.95,0.1,
X-n106-k14,acs_nocl_2opt_q0sched,9,27574.848158416615,,0.8309847919736058,True,87a65c0,14,0,best,30,1.0,True,0.7,0.95,0.1,
X-n106-k14,acs_nocl_2opt_q0sched,10,27732.090555570772,,0.8278444169554859,True,87a65c0,14,0,best,30,1.0,True,0.7,0.95,0.1,
X-n106-k14,acs_nocl_2opt_q0sched,11,27677.437564897835,,0.8274892088957131,True,87a65c0,14,0,best,30,1.0,True,0.7,0.95,0.1,
X-n106-k14,acs_nocl_2opt_q0sched,12,27990.545289032812,,0.8316131660249084,True,87a65c0,14,0,best,30,1.0,True,0.7,0.95,0.1,
X-n106-k14,acs_nocl_2opt_q0sched,13,27796.905505467443,,0.8256791669409722,True,87a65c0,14,0,best,30,1.0,True,0.7,0.95,0.1,
X-n106-k14,acs_nocl_2opt_q0sched,14,27775.800175773653,,0.8567870419938117,True,87a65c0,14,0,best,30,1.0,True,0.7,0.95,0.1,
X-n106-k14,acs_nocl_2opt_q0sched,15,27659.266654643667,,0.8930391250178218,True,87a65c0,14,0,best,30,1.0,True,0.7,0.95,0.1,
X-n106-k14,acs_nocl_2opt_q0sched,16,27786.8052416773,,0.8336270418949425,True,87a65c0,14,0,best,30,1.0,True,0.7,0.95,0.1,
X-n106-k14,acs_nocl_2opt_q0sched,17,27467.22446105103,,0.8281555001158267,True,87a65c0,14,0,best,30,1.0,True,0.7,0.95,0.1,
X-n106-k14,acs_nocl_2opt_q0sched,18,27532.099883531242,,0.8405190000776201,True,87a65c0,14,0,best,30,1.0,True,0.7,0.95,0.1,
X-n106-k14,acs_nocl_2opt_q0sched,19,27833.728929689165,,0.8602886248845607,True,87a65c0,14,0,best,30,1.0,True,0.7,0.95,0.1,
X-n106-k14,acs_nocl_2opt_q0sched,20,27773.29547376729,,0.8275240829680115,True,87a65c0,14,0,best,30,1.0,True,0.7,0.95,0.1,
X-n106-k14,acs_nocl_2opt_q0sched,21,27756.164469616655,,0.8312876250129193,True,87a65c0,14,0,best,30,1.0,True,0.7,0.95,0.1,
X-n106-k14,acs_nocl_2opt_q0sched,22,27741.89768607944,,0.8310967909637839,True,87a65c0,14,0,best,30,1.0,True,0.7,0.95,0.1,
X-n106-k14,acs_nocl_2opt_q0sched,23,27626.801622621813,,0.8272449998185039,True,87a65c0,14,0,best,30,1.0,True,0.7,0.95,0.1,
X-n106-k14,acs_nocl_2opt_q0sched,24,27782.32375618053,,0.8508917081635445,True,87a65c0,14,0,best,30,1.0,True,0.7,0.95,0.1,
X-n106-k14,acs_nocl_2opt_q0sched,25,27929.086837324507,,0.8346760829444975,True,87a65c0,14,0,best,30,1.0,True,0.7,0.95,0.1,
X-n106-k14,acs_nocl_2opt_q0sched,26,28021.618982505486,,0.8284085828345269,True,87a65c0,14,0,best,30,1.0,True,0.7,0.95,0.1,
X-n106-k14,acs_nocl_2opt_q0sched,27,28057.0681784789,,0.8269977499730885,True,87a65c0,14,0,best,30,1.0,True,0.7,0.95,0.1,
X-n106-k14,acs_nocl_2opt_q0sched,28,27924.36245587069,,0.8350758331362158,True,87a65c0,14,0,best,30,1.0,True,0.7,0.95,0.1,
X-n106-k14,acs_nocl_2opt_q0sched,29,27934.144333710137,,0.8277776250615716,True,87a65c0,14,0,best,30,1.0,True,0.7,0.95,0.1,
X-n106-k14,acs_nocl_none,0,28244.973357565155,,0.7754955841228366,True,87a65c0,14,0,none,0,0.0,False,0.7,0.95,0.1,
X-n106-k14,acs_nocl_none,1,28387.141994445425,,0.7809230419807136,True,87a65c0,14,0,none,0,0.0,False,0.7,0.95,0.1,
X-n106-k14,acs_nocl_none,2,28205.19716824977,,0.7754551249090582,True,87a65c0,14,0,none,0,0.0,False,0.7,0.95,0.1,
X-n106-k14,acs_nocl_none,3,28206.896483220207,,0.7743480419740081,True,87a65c0,14,0,none,0,0.0,False,0.7,0.95,0.1,
X-n106-k14,acs_nocl_none,4,28164.286739345647,,0.8093347079120576,True,87a65c0,14,0,none,0,0.0,False,0.7,0.95,0.1,
X-n106-k14,acs_nocl_none,5,28304.29035986759,,0.7745079160667956,True,87a65c0,14,0,none,0,0.0,False,0.7,0.95,0.1,
X-n106-k14,acs_nocl_none,6,28371.324244310294,,0.7735581248998642,True,87a65c0,14,0,none,0,0.0,False,0.7,0.95,0.1,
X-n106-k14,acs_nocl_none,7,28226.44204717293,,0.7741819168440998,True,87a65c0,14,0,none,0,0.0,False,0.7,0.95,0.1,
X-n106-k14,acs_nocl_none,8,28325.320772572835,,0.7820959170348942,True,87a65c0,14,0,none,0,0.0,False,0.7,0.95,0.1,
X-n106-k14,acs_nocl_none,9,28325.95438639459,,0.773203750140965,True,87a65c0,14,0,none,0,0.0,False,0.7,0.95,0.1,
X-n106-k14,acs_nocl_none,10,28442.548224328017,,0.7990073750261217,True,87a65c0,14,0,none,0,0.0,False,0.7,0.95,0.1,
X-n106-k14,acs_nocl_none,11,28489.515960550187,,0.8505533752031624,True,87a65c0,14,0,none,0,0.0,False,0.7,0.95,0.1,
X-n106-k14,acs_nocl_none,12,28478.335763685798,,0.7785491249524057,True,87a65c0,14,0,none,0,0.0,False,0.7,0.95,0.1,
X-n106-k14,acs_nocl_none,13,28331.424992095373,,0.775562958791852,True,87a65c0,14,0,none,0,0.0,False,0.7,0.95,0.1,
X-n106-k14,acs_nocl_none,14,28411.235694509476,,0.7746087920386344,True,87a65c0,14,0,none,0,0.0,False,0.7,0.95,0.1,
X-n106-k14,acs_nocl_none,15,28237.750381672253,,0.8034181671682745,True,87a65c0,14,0,none,0,0.0,False,0.7,0.95,0.1,
X-n106-k14,acs_nocl_none,16,28041.2407522424,,0.7741842088289559,True,87a65c0,14,0,none,0,0.0,False,0.7,0.95,0.1,
X-n106-k14,acs_nocl_none,17,27942.55593126973,,0.7729582081083208,True,87a65c0,14,0,none,0,0.0,False,0.7,0.95,0.1,
X-n106-k14,acs_nocl_none,18,28283.300798935685,,0.7794955000281334,True,87a65c0,14,0,none,0,0.0,False,0.7,0.95,0.1,
X-n106-k14,acs_nocl_none,19,28313.698685227337,,0.775184249971062,True,87a65c0,14,0,none,0,0.0,False,0.7,0.95,0.1,
X-n106-k14,acs_nocl_none,20,27867.066859032806,,0.7758282499853522,True,87a65c0,14,0,none,0,0.0,False,0.7,0.95,0.1,
X-n106-k14,acs_nocl_none,21,28361.29141721937,,0.8016131250187755,True,87a65c0,14,0,none,0,0.0,False,0.7,0.95,0.1,
X-n106-k14,acs_nocl_none,22,28104.470328295352,,0.7805956250522286,True,87a65c0,14,0,none,0,0.0,False,0.7,0.95,0.1,
X-n106-k14,acs_nocl_none,23,28259.782950010278,,0.7742208340205252,True,87a65c0,14,0,none,0,0.0,False,0.7,0.95,0.1,
X-n106-k14,acs_nocl_none,24,28202.4990831459,,0.7802925838623196,True,87a65c0,14,0,none,0,0.0,False,0.7,0.95,0.1,
X-n106-k14,acs_nocl_none,25,28469.85617251861,,0.785515874857083,True,87a65c0,14,0,none,0,0.0,False,0.7,0.95,0.1,
X-n106-k14,acs_nocl_none,26,28239.570488222595,,0.7735527090262622,True,87a65c0,14,0,none,0,0.0,False,0.7,0.95,0.1,
X-n106-k14,acs_nocl_none,27,28392.269164344263,,0.7952522088307887,True,87a65c0,14,0,none,0,0.0,False,0.7,0.95,0.1,
X-n106-k14,acs_nocl_none,28,28386.669336731073,,0.7723646669182926,True,87a65c0,14,0,none,0,0.0,False,0.7,0.95,0.1,
X-n106-k14,acs_nocl_none,29,28423.474856171015,,0.7803988750092685,True,87a65c0,14,0,none,0,0.0,False,0.7,0.95,0.1,
X-n110-k13,acs_baseline,0,17849.211833521393,,0.8070997500326484,True,87a65c0,13,0,none,0,0.0,False,0.7,0.95,0.1,
X-n110-k13,acs_baseline,1,17381.226193449445,,0.8350467081181705,True,87a65c0,13,0,none,0,0.0,False,0.7,0.95,0.1,
X-n110-k13,acs_baseline,2,17363.14558243413,,0.8102390409912914,True,87a65c0,13,0,none,0,0.0,False,0.7,0.95,0.1,
X-n110-k13,acs_baseline,3,17559.518060608927,,0.8143649999983609,True,87a65c0,13,0,none,0,0.0,False,0.7,0.95,0.1,
X-n110-k13,acs_baseline,4,17217.327779627907,,0.8094079580623657,True,87a65c0,13,0,none,0,0.0,False,0.7,0.95,0.1,
X-n110-k13,acs_baseline,5,17402.919077333532,,0.8088187500834465,True,87a65c0,13,0,none,0,0.0,False,0.7,0.95,0.1,
X-n110-k13,acs_baseline,6,16966.315359167096,,0.8126744998153299,True,87a65c0,13,0,none,0,0.0,False,0.7,0.95,0.1,
X-n110-k13,acs_baseline,7,17119.759628428343,,0.8322519999928772,True,87a65c0,13,0,none,0,0.0,False,0.7,0.95,0.1,
X-n110-k13,acs_baseline,8,17057.077483738845,,0.8082339169923216,True,87a65c0,13,0,none,0,0.0,False,0.7,0.95,0.1,
X-n110-k13,acs_baseline,9,17390.145967497832,,0.8757111250888556,True,87a65c0,13,0,none,0,0.0,False,0.7,0.95,0.1,
X-n110-k13,acs_baseline,10,17594.107590660704,,0.8087592499796301,True,87a65c0,13,0,none,0,0.0,False,0.7,0.95,0.1,
X-n110-k13,acs_baseline,11,17539.34128219383,,0.8080895838793367,True,87a65c0,13,0,none,0,0.0,False,0.7,0.95,0.1,
X-n110-k13,acs_baseline,12,17295.628319774158,,0.8342224999796599,True,87a65c0,13,0,none,0,0.0,False,0.7,0.95,0.1,
X-n110-k13,acs_baseline,13,17543.405083049653,,0.8171748749446124,True,87a65c0,13,0,none,0,0.0,False,0.7,0.95,0.1,
X-n110-k13,acs_baseline,14,17614.399477405732,,0.8076171670109034,True,87a65c0,13,0,none,0,0.0,False,0.7,0.95,0.1,
X-n110-k13,acs_baseline,15,17618.332955859194,,0.8107392909005284,True,87a65c0,13,0,none,0,0.0,False,0.7,0.95,0.1,
X-n110-k13,acs_baseline,16,17422.935390271494,,0.8141652080230415,True,87a65c0,13,0,none,0,0.0,False,0.7,0.95,0.1,
X-n110-k13,acs_baseline,17,17673.232550558205,,0.8066904579754919,True,87a65c0,13,0,none,0,0.0,False,0.7,0.95,0.1,
X-n110-k13,acs_baseline,18,17143.082231255565,,0.8329614168033004,True,87a65c0,13,0,none,0,0.0,False,0.7,0.95,0.1,
X-n110-k13,acs_baseline,19,17744.327496859663,,0.8151325839571655,True,87a65c0,13,0,none,0,0.0,False,0.7,0.95,0.1,
X-n110-k13,acs_baseline,20,17344.50973566515,,0.8092864998616278,True,87a65c0,13,0,none,0,0.0,False,0.7,0.95,0.1,
X-n110-k13,acs_baseline,21,17487.83515100486,,0.8165980419144034,True,87a65c0,13,0,none,0,0.0,False,0.7,0.95,0.1,
X-n110-k13,acs_baseline,22,17166.995774875697,,0.8075984588358551,True,87a65c0,13,0,none,0,0.0,False,0.7,0.95,0.1,
X-n110-k13,acs_baseline,23,17359.393781593426,,0.8401960001792759,True,87a65c0,13,0,none,0,0.0,False,0.7,0.95,0.1,
X-n110-k13,acs_baseline,24,17525.06212434376,,0.8092527501285076,True,87a65c0,13,0,none,0,0.0,False,0.7,0.95,0.1,
X-n110-k13,acs_baseline,25,17415.558624402332,,0.809372709132731,True,87a65c0,13,0,none,0,0.0,False,0.7,0.95,0.1,
X-n110-k13,acs_baseline,26,17720.548247056773,,0.8133151670917869,True,87a65c0,13,0,none,0,0.0,False,0.7,0.95,0.1,
X-n110-k13,acs_baseline,27,17608.168099100378,,0.807733166962862,True,87a65c0,13,0,none,0,0.0,False,0.7,0.95,0.1,
X-n110-k13,acs_baseline,28,17482.12644518399,,0.8087410829029977,True,87a65c0,13,0,none,0,0.0,False,0.7,0.95,0.1,
X-n110-k13,acs_baseline,29,17223.07836745098,,0.9346133330836892,True,87a65c0,13,0,none,0,0.0,False,0.7,0.95,0.1,
X-n110-k13,acs_cl15,0,17507.35828126202,,0.45342270797118545,True,87a65c0,13,15,none,0,0.0,False,0.7,0.95,0.1,
X-n110-k13,acs_cl15,1,17375.31802394535,,0.45121229090727866,True,87a65c0,13,15,none,0,0.0,False,0.7,0.95,0.1,
X-n110-k13,acs_cl15,2,17033.256297832395,,0.45482762483879924,True,87a65c0,13,15,none,0,0.0,False,0.7,0.95,0.1,
X-n110-k13,acs_cl15,3,17571.122241457066,,0.47877066605724394,True,87a65c0,13,15,none,0,0.0,False,0.7,0.95,0.1,
X-n110-k13,acs_cl15,4,17331.546369204523,,0.4515015829820186,True,87a65c0,13,15,none,0,0.0,False,0.7,0.95,0.1,
X-n110-k13,acs_cl15,5,17234.503254552717,,0.4930679169483483,True,87a65c0,13,15,none,0,0.0,False,0.7,0.95,0.1,
X-n110-k13,acs_cl15,6,17446.21698233074,,0.4546450418420136,True,87a65c0,13,15,none,0,0.0,False,0.7,0.95,0.1,
X-n110-k13,acs_cl15,7,17453.676035839395,,0.4521776249166578,True,87a65c0,13,15,none,0,0.0,False,0.7,0.95,0.1,
X-n110-k13,acs_cl15,8,17601.460506363383,,0.45227816700935364,True,87a65c0,13,15,none,0,0.0,False,0.7,0.95,0.1,
X-n110-k13,acs_cl15,9,17404.296713416596,,0.4507709168829024,True,87a65c0,13,15,none,0,0.0,False,0.7,0.95,0.1,
X-n110-k13,acs_cl15,10,17377.594794865363,,0.45121033303439617,True,87a65c0,13,15,none,0,0.0,False,0.7,0.95,0.1,
X-n110-k13,acs_cl15,11,17110.4981359167,,0.4916206661146134,True,87a65c0,13,15,none,0,0.0,False,0.7,0.95,0.1,
X-n110-k13,acs_cl15,12,17125.940896945624,,0.4512897909153253,True,87a65c0,13,15,none,0,0.0,False,0.7,0.95,0.1,
X-n110-k13,acs_cl15,13,17289.94151520785,,0.4541505831293762,True,87a65c0,13,15,none,0,0.0,False,0.7,0.95,0.1,
X-n110-k13,acs_cl15,14,16884.39466193109,,0.45087691699154675,True,87a65c0,13,15,none,0,0.0,False,0.7,0.95,0.1,
X-n110-k13,acs_cl15,15,17159.251258782035,,0.4519692501053214,True,87a65c0,13,15,none,0,0.0,False,0.7,0.95,0.1,
X-n110-k13,acs_cl15,16,17403.661124262613,,0.45273079187609255,True,87a65c0,13,15,none,0,0.0,False,0.7,0.95,0.1,
X-n110-k13,acs_cl15,17,17353.692340992697,,0.4921918751206249,True,87a65c0,13,15,none,0,0.0,False,0.7,0.95,0.1,
X-n110-k13,acs_cl15,18,17439.467497824593,,0.4516000838484615,True,87a65c0,13,15,none,0,0.0,False,0.7,0.95,0.1,
X-n110-k13,acs_cl15,19,17128.500379266025,,0.45153237506747246,True,87a65c0,13,15,none,0,0.0,False,0.7,0.95,0.1,
X-n110-k13,acs_cl15,20,17312.6400133013,,0.4520469580311328,True,87a65c0,13,15,none,0,0.0,False,0.7,0.95,0.1,
X-n110-k13,acs_cl15,21,17445.140894199874,,0.45222195889800787,True,87a65c0,13,15,none,0,0.0,False,0.7,0.95,0.1,
X-n110-k13,acs_cl15,22,17236.13769188472,,0.4741413330193609,True,87a65c0,13,15,none,0,0.0,False,0.7,0.95,0.1,
X-n110-k13,acs_cl15,23,17344.53974996771,,0.5147424160968512,True,87a65c0,13,15,none,0,0.0,False,0.7,0.95,0.1,
X-n110-k13,acs_cl15,24,17124.899783224275,,0.4530652919784188,True,87a65c0,13,15,none,0,0.0,False,0.7,0.95,0.1,
X-n110-k13,acs_cl15,25,16997.0516961223,,0.4510862501338124,True,87a65c0,13,15,none,0,0.0,False,0.7,0.95,0.1,
X-n110-k13,acs_cl15,26,17178.33344728872,,0.4508406249806285,True,87a65c0,13,15,none,0,0.0,False,0.7,0.95,0.1,
X-n110-k13,acs_cl15,27,17018.415213247943,,0.45631662500090897,True,87a65c0,13,15,none,0,0.0,False,0.7,0.95,0.1,
X-n110-k13,acs_cl15,28,17443.69572637972,,0.47445691702887416,True,87a65c0,13,15,none,0,0.0,False,0.7,0.95,0.1,
X-n110-k13,acs_cl15,29,17272.7347683808,,0.4543361661490053,True,87a65c0,13,15,none,0,0.0,False,0.7,0.95,0.1,
X-n110-k13,acs_cl15_ls2opt_fixed,0,16900.49709137392,,0.49127212492749095,True,87a65c0,13,15,best,30,1.0,False,0.7,0.95,0.1,
X-n110-k13,acs_cl15_ls2opt_fixed,1,16510.978864337987,,0.48952058400027454,True,87a65c0,13,15,best,30,1.0,False,0.7,0.95,0.1,
X-n110-k13,acs_cl15_ls2opt_fixed,2,16593.307492371616,,0.4905714998021722,True,87a65c0,13,15,best,30,1.0,False,0.7,0.95,0.1,
X-n110-k13,acs_cl15_ls2opt_fixed,3,16779.95651834866,,0.48981445911340415,True,87a65c0,13,15,best,30,1.0,False,0.7,0.95,0.1,
X-n110-k13,acs_cl15_ls2opt_fixed,4,16591.180295612718,,0.5262964579742402,True,87a65c0,13,15,best,30,1.0,False,0.7,0.95,0.1,
X-n110-k13,acs_cl15_ls2opt_fixed,5,16597.476290645205,,0.49109099991619587,True,87a65c0,13,15,best,30,1.0,False,0.7,0.95,0.1,
X-n110-k13,acs_cl15_ls2opt_fixed,6,16847.23490891251,,0.48751833313144743,True,87a65c0,13,15,best,30,1.0,False,0.7,0.95,0.1,
X-n110-k13,acs_cl15_ls2opt_fixed,7,16713.390509499608,,0.4910600420553237,True,87a65c0,13,15,best,30,1.0,False,0.7,0.95,0.1,
X-n110-k13,acs_cl15_ls2opt_fixed,8,16614.825037780778,,0.49060783395543694,True,87a65c0,13,15,best,30,1.0,False,0.7,0.95,0.1,
X-n110-k13,acs_cl15_ls2opt_fixed,9,16809.258105583252,,0.49080541590228677,True,87a65c0,13,15,best,30,1.0,False,0.7,0.95,0.1,
X-n110-k13,acs_cl15_ls2opt_fixed,10,16709.043278886995,,0.5184170410502702,True,87a65c0,13,15,best,30,1.0,False,0.7,0.95,0.1,
X-n110-k13,acs_cl15_ls2opt_fixed,11,16530.800505230563,,0.48864979203790426,True,87a65c0,13,15,best,30,1.0,False,0.7,0.95,0.1,
X-n110-k13,acs_cl15_ls2opt_fixed,12,16181.509175480942,,0.4891946669667959,True,87a65c0,13,15,best,30,1.0,False,0.7,0.95,0.1,
X-n110-k13,acs_cl15_ls2opt_fixed,13,16691.336585355493,,0.4920442090369761,True,87a65c0,13,15,best,30,1.0,False,0.7,0.95,0.1,
X-n110-k13,acs_cl15_ls2opt_fixed,14,16742.194254237802,,0.486659332877025,True,87a65c0,13,15,best,30,1.0,False,0.7,0.95,0.1,
X-n110-k13,acs_cl15_ls2opt_fixed,15,16621.834414200504,,0.49787120916880667,True,87a65c0,13,15,best,30,1.0,False,0.7,0.95,0.1,
X-n110-k13,acs_cl15_ls2opt_fixed,16,16818.21492989121,,0.5168607078958303,True,87a65c0,13,15,best,30,1.0,False,0.7,0.95,0.1,
X-n110-k13,acs_cl15_ls2opt_fixed,17,16817.23314707151,,0.4936836250126362,True,87a65c0,13,15,best,30,1.0,False,0.7,0.95,0.1,
X-n110-k13,acs_cl15_ls2opt_fixed,18,16945.385856319746,,0.4938253329601139,True,87a65c0,13,15,best,30,1.0,False,0.7,0.95,0.1,
X-n110-k13,acs_cl15_ls2opt_fixed,19,16520.09490084079,,0.4913704169448465,True,87a65c0,13,15,best,30,1.0,False,0.7,0.95,0.1,
X-n110-k13,acs_cl15_ls2opt_fixed,20,16235.60059628333,,0.4953011670149863,True,87a65c0,13,15,best,30,1.0,False,0.7,0.95,0.1,
X-n110-k13,acs_cl15_ls2opt_fixed,21,16762.721653135988,,0.5155219580046833,True,87a65c0,13,15,best,30,1.0,False,0.7,0.95,0.1,
X-n110-k13,acs_cl15_ls2opt_fixed,22,16533.540539037505,,0.4878069998230785,True,87a65c0,13,15,best,30,1.0,False,0.7,0.95,0.1,
X-n110-k13,acs_cl15_ls2opt_fixed,23,16460.396577600823,,0.48944595898501575,True,87a65c0,13,15,best,30,1.0,False,0.7,0.95,0.1,
X-n110-k13,acs_cl15_ls2opt_fixed,24,16567.347365029098,,0.49243291607126594,True,87a65c0,13,15,best,30,1.0,False,0.7,0.95,0.1,
X-n110-k13,acs_cl15_ls2opt_fixed,25,16648.37654420654,,0.4904260828625411,True,87a65c0,13,15,best,30,1.0,False,0.7,0.95,0.1,
X-n110-k13,acs_cl15_ls2opt_fixed,26,16629.527565463508,,0.4990765410475433,True,87a65c0,13,15,best,30,1.0,False,0.7,0.95,0.1,
X-n110-k13,acs_cl15_ls2opt_fixed,27,16537.04701420909,,0.5153722909744829,True,87a65c0,13,15,best,30,1.0,False,0.7,0.95,0.1,
X-n110-k13,acs_cl15_ls2opt_fixed,28,16731.367087790604,,0.48911004210822284,True,87a65c0,13,15,best,30,1.0,False,0.7,0.95,0.1,
X-n110-k13,acs_cl15_ls2opt_fixed,29,16728.20011011712,,0.49454845883883536,True,87a65c0,13,15,best,30,1.0,False,0.7,0.95,0.1,
X-n110-k13,acs_cl15_ls2opt_fixed_q0sched,0,16951.589129197586,,0.5272876659873873,True,87a65c0,13,15,best,30,1.0,True,0.7,0.95,0.1,
X-n110-k13,acs_cl15_ls2opt_fixed_q0sched,1,16600.00477716715,,0.5825322500895709,True,87a65c0,13,15,best,30,1.0,True,0.7,0.95,0.1,
X-n110-k13,acs_cl15_ls2opt_fixed_q0sched,2,16899.8354580163,,0.5579655000474304,True,87a65c0,13,15,best,30,1.0,True,0.7,0.95,0.1,
X-n110-k13,acs_cl15_ls2opt_fixed_q0sched,3,16757.250199048554,,0.5082416248042136,True,87a65c0,13,15,best,30,1.0,True,0.7,0.95,0.1,
X-n110-k13,acs_cl15_ls2opt_fixed_q0sched,4,16714.11608600046,,0.5100952920038253,True,87a65c0,13,15,best,30,1.0,True,0.7,0.95,0.1,
X-n110-k13,acs_cl15_ls2opt_fixed_q0sched,5,16818.511854071072,,0.5328189579304308,True,87a65c0,13,15,best,30,1.0,True,0.7,0.95,0.1,
X-n110-k13,acs_cl15_ls2opt_fixed_q0sched,6,16934.676087548705,,0.5162685001268983,True,87a65c0,13,15,best,30,1.0,True,0.7,0.95,0.1,
X-n110-k13,acs_cl15_ls2opt_fixed_q0sched,7,16834.291852915692,,0.5213979580439627,True,87a65c0,13,15,best,30,1.0,True,0.7,0.95,0.1,
X-n110-k13,acs_cl15_ls2opt_fixed_q0sched,8,16481.33145663541,,0.5362010409589857,True,87a65c0,13,15,best,30,1.0,True,0.7,0.95,0.1,
X-n110-k13,acs_cl15_ls2opt_fixed_q0sched,9,16993.95359600921,,0.5097522919531912,True,87a65c0,13,15,best,30,1.0,True,0.7,0.95,0.1,
X-n110-k13,acs_cl15_ls2opt_fixed_q0sched,10,16718.70993365315,,0.5096567091532052,True,87a65c0,13,15,best,30,1.0,True,0.7,0.95,0.1,
X-n110-k13,acs_cl15_ls2opt_fixed_q0sched,11,16569.376406446616,,0.5198029160965234,True,87a65c0,13,15,best,30,1.0,True,0.7,0.95,0.1,
X-n110-k13,acs_cl15_ls2opt_fixed_q0sched,12,16577.12801194024,,0.5134451659396291,True,87a65c0,13,15,best,30,1.0,True,0.7,0.95,0.1,
X-n110-k13,acs_cl15_ls2opt_fixed_q0sched,13,16886.369981335643,,0.5356232500635087,True,87a65c0,13,15,best,30,1.0,True,0.7,0.95,0.1,
X-n110-k13,acs_cl15_ls2opt_fixed_q0sched,14,16324.371280896305,,0.5064419999253005,True,87a65c0,13,15,best,30,1.0,True,0.7,0.95,0.1,
X-n110-k13,acs_cl15_ls2opt_fixed_q0sched,15,16763.655525604547,,0.5114060421474278,True,87a65c0,13,15,best,30,1.0,True,0.7,0.95,0.1,
X-n110-k13,acs_cl15_ls2opt_fixed_q0sched,16,16650.58317815153,,0.5111017501913011,True,87a65c0,13,15,best,30,1.0,True,0.7,0.95,0.1,
X-n110-k13,acs_cl15_ls2opt_fixed_q0sched,17,16726.8915922607,,0.5757977908942848,True,87a65c0,13,15,best,30,1.0,True,0.7,0.95,0.1,
X-n110-k13,acs_cl15_ls2opt_fixed_q0sched,18,16767.443201753173,,0.5102352921385318,True,87a65c0,13,15,best,30,1.0,True,0.7,0.95,0.1,
X-n110-k13,acs_cl15_ls2opt_fixed_q0sched,19,16839.78635849533,,0.5392753749620169,True,87a65c0,13,15,best,30,1.0,True,0.7,0.95,0.1,
X-n110-k13,acs_cl15_ls2opt_fixed_q0sched,20,16739.966166444123,,0.5099312081001699,True,87a65c0,13,15,best,30,1.0,True,0.7,0.95,0.1,
X-n110-k13,acs_cl15_ls2opt_fixed_q0sched,21,16373.506555669906,,0.5130793750286102,True,87a65c0,13,15,best,30,1.0,True,0.7,0.95,0.1,
X-n110-k13,acs_cl15_ls2opt_fixed_q0sched,22,16793.144484117656,,0.5163824579212815,True,87a65c0,13,15,best,30,1.0,True,0.7,0.95,0.1,
X-n110-k13,acs_cl15_ls2opt_fixed_q0sched,23,16696.747943985087,,0.5091754170134664,True,87a65c0,13,15,best,30,1.0,True,0.7,0.95,0.1,
X-n110-k13,acs_cl15_ls2opt_fixed_q0sched,24,16857.352793958624,,0.5344420420005918,True,87a65c0,13,15,best,30,1.0,True,0.7,0.95,0.1,
X-n110-k13,acs_cl15_ls2opt_fixed_q0sched,25,16539.307038354167,,0.5077883338090032,True,87a65c0,13,15,best,30,1.0,True,0.7,0.95,0.1,
X-n110-k13,acs_cl15_ls2opt_fixed_q0sched,26,16864.57170277832,,0.5133409171830863,True,87a65c0,13,15,best,30,1.0,True,0.7,0.95,0.1,
X-n110-k13,acs_cl15_ls2opt_fixed_q0sched,27,16566.602311230134,,0.518193667056039,True,87a65c0,13,15,best,30,1.0,True,0.7,0.95,0.1,
X-n110-k13,acs_cl15_ls2opt_fixed_q0sched,28,16729.008144738098,,0.5077432079706341,True,87a65c0,13,15,best,30,1.0,True,0.7,0.95,0.1,
X-n110-k13,acs_cl15_ls2opt_fixed_q0sched,29,16902.08369601699,,0.5073544168844819,True,87a65c0,13,15,best,30,1.0,True,0.7,0.95,0.1,
X-n110-k13,acs_clsqrtn_2opt_q0sched,0,16690.106413111895,,0.5486833329778165,True,87a65c0,13,15,best,30,1.0,True,0.7,0.95,0.1,
X-n110-k13,acs_clsqrtn_2opt_q0sched,1,16674.75789942367,,0.5618669160176069,True,87a65c0,13,15,best,30,1.0,True,0.7,0.95,0.1,
X-n110-k13,acs_clsqrtn_2opt_q0sched,2,16789.727818443633,,0.5568959999363869,True,87a65c0,13,15,best,30,1.0,True,0.7,0.95,0.1,
X-n110-k13,acs_clsqrtn_2opt_q0sched,3,17094.19699775982,,0.4991271661128849,True,87a65c0,13,15,best,30,1.0,True,0.7,0.95,0.1,
X-n110-k13,acs_clsqrtn_2opt_q0sched,4,16887.70356852421,,0.49935120809823275,True,87a65c0,13,15,best,30,1.0,True,0.7,0.95,0.1,
X-n110-k13,acs_clsqrtn_2opt_q0sched,5,16941.283866725025,,0.5199417499825358,True,87a65c0,13,15,best,30,1.0,True,0.7,0.95,0.1,
X-n110-k13,acs_clsqrtn_2opt_q0sched,6,16359.08491346153,,0.5551996668800712,True,87a65c0,13,15,best,30,1.0,True,0.7,0.95,0.1,
X-n110-k13,acs_clsqrtn_2opt_q0sched,7,16842.60121817253,,0.5049174998421222,True,87a65c0,13,15,best,30,1.0,True,0.7,0.95,0.1,
X-n110-k13,acs_clsqrtn_2opt_q0sched,8,16773.13634894844,,0.5253559160046279,True,87a65c0,13,15,best,30,1.0,True,0.7,0.95,0.1,
X-n110-k13,acs_clsqrtn_2opt_q0sched,9,16667.827700692327,,0.5021187500096858,True,87a65c0,13,15,best,30,1.0,True,0.7,0.95,0.1,
X-n110-k13,acs_clsqrtn_2opt_q0sched,10,16798.32682925259,,0.49977037496864796,True,87a65c0,13,15,best,30,1.0,True,0.7,0.95,0.1,
X-n110-k13,acs_clsqrtn_2opt_q0sched,11,16666.722828908027,,0.5053210419137031,True,87a65c0,13,15,best,30,1.0,True,0.7,0.95,0.1,
X-n110-k13,acs_clsqrtn_2opt_q0sched,12,16697.33794031137,,0.49743733392097056,True,87a65c0,13,15,best,30,1.0,True,0.7,0.95,0.1,
X-n110-k13,acs_clsqrtn_2opt_q0sched,13,16622.18894448861,,0.5227814591489732,True,87a65c0,13,15,best,30,1.0,True,0.7,0.95,0.1,
X-n110-k13,acs_clsqrtn_2opt_q0sched,14,16722.025236152906,,0.5011586670298129,True,87a65c0,13,15,best,30,1.0,True,0.7,0.95,0.1,
X-n110-k13,acs_clsqrtn_2opt_q0sched,15,16704.85711381992,,0.49934287485666573,True,87a65c0,13,15,best,30,1.0,True,0.7,0.95,0.1,
X-n110-k13,acs_clsqrtn_2opt_q0sched,16,16865.068298844293,,0.5071728751063347,True,87a65c0,13,15,best,30,1.0,True,0.7,0.95,0.1,
X-n110-k13,acs_clsqrtn_2opt_q0sched,17,16834.457954493228,,0.49751766701228917,True,87a65c0,13,15,best,30,1.0,True,0.7,0.95,0.1,
X-n110-k13,acs_clsqrtn_2opt_q0sched,18,16876.51275279941,,0.4991486659273505,True,87a65c0,13,15,best,30,1.0,True,0.7,0.95,0.1,
X-n110-k13,acs_clsqrtn_2opt_q0sched,19,16955.400820501327,,0.5302023750264198,True,87a65c0,13,15,best,30,1.0,True,0.7,0.95,0.1,
X-n110-k13,acs_clsqrtn_2opt_q0sched,20,16789.663218129797,,0.49930566595867276,True,87a65c0,13,15,best,30,1.0,True,0.7,0.95,0.1,
X-n110-k13,acs_clsqrtn_2opt_q0sched,21,16199.913741217131,,0.5049916671123356,True,87a65c0,13,15,best,30,1.0,True,0.7,0.95,0.1,
X-n110-k13,acs_clsqrtn_2opt_q0sched,22,16813.315306637876,,0.5023977500386536,True,87a65c0,13,15,best,30,1.0,True,0.7,0.95,0.1,
X-n110-k13,acs_clsqrtn_2opt_q0sched,23,16758.702344089448,,0.4992597079835832,True,87a65c0,13,15,best,30,1.0,True,0.7,0.95,0.1,
X-n110-k13,acs_clsqrtn_2opt_q0sched,24,16749.27250872782,,0.4986707498319447,True,87a65c0,13,15,best,30,1.0,True,0.7,0.95,0.1,
X-n110-k13,acs_clsqrtn_2opt_q0sched,25,16802.445521995673,,0.5250054998323321,True,87a65c0,13,15,best,30,1.0,True,0.7,0.95,0.1,
X-n110-k13,acs_clsqrtn_2opt_q0sched,26,16458.57585590436,,0.4989807920064777,True,87a65c0,13,15,best,30,1.0,True,0.7,0.95,0.1,
X-n110-k13,acs_clsqrtn_2opt_q0sched,27,16650.002567738054,,0.5191165830474347,True,87a65c0,13,15,best,30,1.0,True,0.7,0.95,0.1,
X-n110-k13,acs_clsqrtn_2opt_q0sched,28,16730.653721360133,,0.4961399578023702,True,87a65c0,13,15,best,30,1.0,True,0.7,0.95,0.1,
X-n110-k13,acs_clsqrtn_2opt_q0sched,29,16636.120024704287,,0.5005308329127729,True,87a65c0,13,15,best,30,1.0,True,0.7,0.95,0.1,
X-n110-k13,acs_nocl_2opt_q0sched,0,16879.358736306367,,0.8796697910875082,True,87a65c0,13,0,best,30,1.0,True,0.7,0.95,0.1,
X-n110-k13,acs_nocl_2opt_q0sched,1,16658.092431340603,,0.8725094590336084,True,87a65c0,13,0,best,30,1.0,True,0.7,0.95,0.1,
X-n110-k13,acs_nocl_2opt_q0sched,2,16953.64014864531,,0.934933666838333,True,87a65c0,13,0,best,30,1.0,True,0.7,0.95,0.1,
X-n110-k13,acs_nocl_2opt_q0sched,3,16625.409954557745,,0.8928531249985099,True,87a65c0,13,0,best,30,1.0,True,0.7,0.95,0.1,
X-n110-k13,acs_nocl_2opt_q0sched,4,16695.040357495633,,0.871215291088447,True,87a65c0,13,0,best,30,1.0,True,0.7,0.95,0.1,
X-n110-k13,acs_nocl_2opt_q0sched,5,17267.587846241364,,0.8763781660236418,True,87a65c0,13,0,best,30,1.0,True,0.7,0.95,0.1,
X-n110-k13,acs_nocl_2opt_q0sched,6,16790.146806636792,,0.8711317921988666,True,87a65c0,13,0,best,30,1.0,True,0.7,0.95,0.1,
X-n110-k13,acs_nocl_2opt_q0sched,7,17083.024762164172,,0.871316707925871,True,87a65c0,13,0,best,30,1.0,True,0.7,0.95,0.1,
X-n110-k13,acs_nocl_2opt_q0sched,8,16922.12471004737,,0.8753875829279423,True,87a65c0,13,0,best,30,1.0,True,0.7,0.95,0.1,
X-n110-k13,acs_nocl_2opt_q0sched,9,17047.201970940554,,0.895100292051211,True,87a65c0,13,0,best,30,1.0,True,0.7,0.95,0.1,
X-n110-k13,acs_nocl_2opt_q0sched,10,16629.65083436268,,0.8683949161786586,True,87a65c0,13,0,best,30,1.0,True,0.7,0.95,0.1,
X-n110-k13,acs_nocl_2opt_q0sched,11,16575.61185789759,,0.8858726669568568,True,87a65c0,13,0,best,30,1.0,True,0.7,0.95,0.1,
X-n110-k13,acs_nocl_2opt_q0sched,12,16617.379935760066,,0.8720180420204997,True,87a65c0,13,0,best,30,1.0,True,0.7,0.95,0.1,
X-n110-k13,acs_nocl_2opt_q0sched,13,17046.435812417287,,0.8724587501492351,True,87a65c0,13,0,best,30,1.0,True,0.7,0.95,0.1,
X-n110-k13,acs_nocl_2opt_q0sched,14,16814.751116599327,,0.8767445420380682,True,87a65c0,13,0,best,30,1.0,True,0.7,0.95,0.1,
X-n110-k13,acs_nocl_2opt_q0sched,15,17149.66585536815,,0.8973021251149476,True,87a65c0,13,0,best,30,1.0,True,0.7,0.95,0.1,
X-n110-k13,acs_nocl_2opt_q0sched,16,16835.26969224788,,0.8729980420321226,True,87a65c0,13,0,best,30,1.0,True,0.7,0.95,0.1,
X-n110-k13,acs_nocl_2opt_q0sched,17,16890.595725837633,,0.8696252498775721,True,87a65c0,13,0,best,30,1.0,True,0.7,0.95,0.1,
X-n110-k13,acs_nocl_2opt_q0sched,18,16268.661179409473,,0.877001415938139,True,87a65c0,13,0,best,30,1.0,True,0.7,0.95,0.1,
X-n110-k13,acs_nocl_2opt_q0sched,19,16684.857354158736,,0.8731807498261333,True,87a65c0,13,0,best,30,1.0,True,0.7,0.95,0.1,
X-n110-k13,acs_nocl_2opt_q0sched,20,16907.3230636436,,0.8705687909387052,True,87a65c0,13,0,best,30,1.0,True,0.7,0.95,0.1,
X-n110-k13,acs_nocl_2opt_q0sched,21,16759.1216833209,,0.9077853751368821,True,87a65c0,13,0,best,30,1.0,True,0.7,0.95,0.1,
X-n110-k13,acs_nocl_2opt_q0sched,22,16808.07264419887,,0.8697232909034938,True,87a65c0,13,0,best,30,1.0,True,0.7,0.95,0.1,
X-n110-k13,acs_nocl_2opt_q0sched,23,17066.12182420439,,0.8777117079589516,True,87a65c0,13,0,best,30,1.0,True,0.7,0.95,0.1,
X-n110-k13,acs_nocl_2opt_q0sched,24,16783.852764705887,,0.8774107920471579,True,87a65c0,13,0,best,30,1.0,True,0.7,0.95,0.1,
X-n110-k13,acs_nocl_2opt_q0sched,25,16801.575313335696,,0.8681888750288635,True,87a65c0,13,0,best,30,1.0,True,0.7,0.95,0.1,
X-n110-k13,acs_nocl_2opt_q0sched,26,16646.319761448973,,0.8917965420987457,True,87a65c0,13,0,best,30,1.0,True,0.7,0.95,0.1,
X-n110-k13,acs_nocl_2opt_q0sched,27,16807.60210781128,,0.8776364580262452,True,87a65c0,13,0,best,30,1.0,True,0.7,0.95,0.1,
X-n110-k13,acs_nocl_2opt_q0sched,28,16907.05925318347,,0.869297708850354,True,87a65c0,13,0,best,30,1.0,True,0.7,0.95,0.1,
X-n110-k13,acs_nocl_2opt_q0sched,29,16926.95510787857,,0.8703537920955569,True,87a65c0,13,0,best,30,1.0,True,0.7,0.95,0.1,
X-n110-k13,acs_nocl_none,0,17849.211833521393,,0.8085321250837296,True,87a65c0,13,0,none,0,0.0,False,0.7,0.95,0.1,
X-n110-k13,acs_nocl_none,1,17381.226193449445,,0.8136413749307394,True,87a65c0,13,0,none,0,0.0,False,0.7,0.95,0.1,
X-n110-k13,acs_nocl_none,2,17363.14558243413,,0.8157451669685543,True,87a65c0,13,0,none,0,0.0,False,0.7,0.95,0.1,
X-n110-k13,acs_nocl_none,3,17559.518060608927,,0.8136489999014884,True,87a65c0,13,0,none,0,0.0,False,0.7,0.95,0.1,
X-n110-k13,acs_nocl_none,4,17217.327779627907,,0.8104121249634773,True,87a65c0,13,0,none,0,0.0,False,0.7,0.95,0.1,
X-n110-k13,acs_nocl_none,5,17402.919077333532,,0.8310266248881817,True,87a65c0,13,0,none,0,0.0,False,0.7,0.95,0.1,
X-n110-k13,acs_nocl_none,6,16966.315359167096,,0.8236865832004696,True,87a65c0,13,0,none,0,0.0,False,0.7,0.95,0.1,
X-n110-k13,acs_nocl_none,7,17119.759628428343,,0.8131165420636535,True,87a65c0,13,0,none,0,0.0,False,0.7,0.95,0.1,
X-n110-k13,acs_nocl_none,8,17057.077483738845,,0.810291042085737,True,87a65c0,13,0,none,0,0.0,False,0.7,0.95,0.1,
X-n110-k13,acs_nocl_none,9,17390.145967497832,,0.816272874828428,True,87a65c0,13,0,none,0,0.0,False,0.7,0.95,0.1,
X-n110-k13,acs_nocl_none,10,17594.107590660704,,0.8084555410314351,True,87a65c0,13,0,none,0,0.0,False,0.7,0.95,0.1,
X-n110-k13,acs_nocl_none,11,17539.34128219383,,0.8315076248254627,True,87a65c0,13,0,none,0,0.0,False,0.7,0.95,0.1,
X-n110-k13,acs_nocl_none,12,17295.628319774158,,0.8137939579319209,True,87a65c0,13,0,none,0,0.0,False,0.7,0.95,0.1,
X-n110-k13,acs_nocl_none,13,17543.405083049653,,0.8124151250813156,True,87a65c0,13,0,none,0,0.0,False,0.7,0.95,0.1,
X-n110-k13,acs_nocl_none,14,17614.399477405732,,0.8106670829001814,True,87a65c0,13,0,none,0,0.0,False,0.7,0.95,0.1,
X-n110-k13,acs_nocl_none,15,17618.332955859194,,0.8119451669044793,True,87a65c0,13,0,none,0,0.0,False,0.7,0.95,0.1,
X-n110-k13,acs_nocl_none,16,17422.935390271494,,0.8448467080015689,True,87a65c0,13,0,none,0,0.0,False,0.7,0.95,0.1,
X-n110-k13,acs_nocl_none,17,17673.232550558205,,0.809158000163734,True,87a65c0,13,0,none,0,0.0,False,0.7,0.95,0.1,
X-n110-k13,acs_nocl_none,18,17143.082231255565,,0.8161670409608632,True,87a65c0,13,0,none,0,0.0,False,0.7,0.95,0.1,
X-n110-k13,acs_nocl_none,19,17744.327496859663,,0.82152762520127,True,87a65c0,13,0,none,0,0.0,False,0.7,0.95,0.1,
X-n110-k13,acs_nocl_none,20,17344.50973566515,,0.8121400407981128,True,87a65c0,13,0,none,0,0.0,False,0.7,0.95,0.1,
X-n110-k13,acs_nocl_none,21,17487.83515100486,,0.8102090831380337,True,87a65c0,13,0,none,0,0.0,False,0.7,0.95,0.1,
X-n110-k13,acs_nocl_none,22,17166.995774875697,,0.8385044590104371,True,87a65c0,13,0,none,0,0.0,False,0.7,0.95,0.1,
X-n110-k13,acs_nocl_none,23,17359.393781593426,,0.8121165409684181,True,87a65c0,13,0,none,0,0.0,False,0.7,0.95,0.1,
X-n110-k13,acs_nocl_none,24,17525.06212434376,,0.8112545418553054,True,87a65c0,13,0,none,0,0.0,False,0.7,0.95,0.1,
X-n110-k13,acs_nocl_none,25,17415.558624402332,,0.8123942080419511,True,87a65c0,13,0,none,0,0.0,False,0.7,0.95,0.1,
X-n110-k13,acs_nocl_none,26,17720.548247056773,,0.8665040840860456,True,87a65c0,13,0,none,0,0.0,False,0.7,0.95,0.1,
X-n110-k13,acs_nocl_none,27,17608.168099100378,,0.8657394589390606,True,87a65c0,13,0,none,0,0.0,False,0.7,0.95,0.1,
X-n110-k13,acs_nocl_none,28,17482.12644518399,,0.8354550420772284,True,87a65c0,13,0,none,0,0.0,False,0.7,0.95,0.1,
X-n110-k13,acs_nocl_none,29,17223.07836745098,,0.8475148750003427,True,87a65c0,13,0,none,0,0.0,False,0.7,0.95,0.1,
X-n115-k10,acs_baseline,0,16833.787658942205,,0.8401989168487489,True,87a65c0,10,0,none,0,0.0,False,0.7,0.95,0.1,
X-n115-k10,acs_baseline,1,17294.598881330712,,0.8264765420462936,True,87a65c0,10,0,none,0,0.0,False,0.7,0.95,0.1,
X-n115-k10,acs_baseline,2,17013.36907462325,,0.8172219998668879,True,87a65c0,10,0,none,0,0.0,False,0.7,0.95,0.1,
X-n115-k10,acs_baseline,3,17042.603051466736,,0.8124790000729263,True,87a65c0,10,0,none,0,0.0,False,0.7,0.95,0.1,
X-n115-k10,acs_baseline,4,17041.39769317384,,0.8133083330467343,True,87a65c0,10,0,none,0,0.0,False,0.7,0.95,0.1,
X-n115-k10,acs_baseline,5,16985.25738248058,,0.8225318752229214,True,87a65c0,10,0,none,0,0.0,False,0.7,0.95,0.1,
X-n115-k10,acs_baseline,6,16925.369029306574,,0.8372116249520332,True,87a65c0,10,0,none,0,0.0,False,0.7,0.95,0.1,
X-n115-k10,acs_baseline,7,17305.56037373821,,0.814945416059345,True,87a65c0,10,0,none,0,0.0,False,0.7,0.95,0.1,
X-n115-k10,acs_baseline,8,16603.480836611725,,0.8218337500002235,True,87a65c0,10,0,none,0,0.0,False,0.7,0.95,0.1,
X-n115-k10,acs_baseline,9,17135.316686672068,,0.8182985410094261,True,87a65c0,10,0,none,0,0.0,False,0.7,0.95,0.1,
X-n115-k10,acs_baseline,10,17016.90883188935,,0.8201820419635624,True,87a65c0,10,0,none,0,0.0,False,0.7,0.95,0.1,
X-n115-k10,acs_baseline,11,17459.872432156917,,0.8503986250143498,True,87a65c0,10,0,none,0,0.0,False,0.7,0.95,0.1,
X-n115-k10,acs_baseline,12,17456.367008961577,,0.8153233749326319,True,87a65c0,10,0,none,0,0.0,False,0.7,0.95,0.1,
X-n115-k10,acs_baseline,13,17104.862431292335,,0.820508416974917,True,87a65c0,10,0,none,0,0.0,False,0.7,0.95,0.1,
X-n115-k10,acs_baseline,14,17181.043639800962,,0.8162461251486093,True,87a65c0,10,0,none,0,0.0,False,0.7,0.95,0.1,
X-n115-k10,acs_baseline,15,17531.618253513014,,0.8214284160640091,True,87a65c0,10,0,none,0,0.0,False,0.7,0.95,0.1,
X-n115-k10,acs_baseline,16,17332.39956776975,,0.8434788340236992,True,87a65c0,10,0,none,0,0.0,False,0.7,0.95,0.1,
X-n115-k10,acs_baseline,17,17361.808030807115,,0.8585832498501986,True,87a65c0,10,0,none,0,0.0,False,0.7,0.95,0.1,
X-n115-k10,acs_baseline,18,16897.947101444814,,0.8915117499418557,True,87a65c0,10,0,none,0,0.0,False,0.7,0.95,0.1,
X-n115-k10,acs_baseline,19,17310.18321862946,,0.8164165830239654,True,87a65c0,10,0,none,0,0.0,False,0.7,0.95,0.1,
X-n115-k10,acs_baseline,20,17653.16345643324,,0.8323185411281884,True,87a65c0,10,0,none,0,0.0,False,0.7,0.95,0.1,
X-n115-k10,acs_baseline,21,17581.00871327098,,0.8248122078366578,True,87a65c0,10,0,none,0,0.0,False,0.7,0.95,0.1,
X-n115-k10,acs_baseline,22,16991.717802158153,,0.8442493749316782,True,87a65c0,10,0,none,0,0.0,False,0.7,0.95,0.1,
X-n115-k10,acs_baseline,23,17160.31299859099,,0.8152088329661638,True,87a65c0,10,0,none,0,0.0,False,0.7,0.95,0.1,
X-n115-k10,acs_baseline,24,16830.374209391663,,0.8759687501005828,True,87a65c0,10,0,none,0,0.0,False,0.7,0.95,0.1,
X-n115-k10,acs_baseline,25,16698.86604469628,,0.8180564579088241,True,87a65c0,10,0,none,0,0.0,False,0.7,0.95,0.1,
X-n115-k10,acs_baseline,26,17289.479535070263,,0.8125012500677258,True,87a65c0,10,0,none,0,0.0,False,0.7,0.95,0.1,
X-n115-k10,acs_baseline,27,16998.8250119634,,0.8204167501535267,True,87a65c0,10,0,none,0,0.0,False,0.7,0.95,0.1,
X-n115-k10,acs_baseline,28,17337.8993180567,,0.84802604210563,True,87a65c0,10,0,none,0,0.0,False,0.7,0.95,0.1,
X-n115-k10,acs_baseline,29,17001.0892007873,,0.8183690418954939,True,87a65c0,10,0,none,0,0.0,False,0.7,0.95,0.1,
X-n115-k10,acs_cl15,0,16850.69365056816,,0.4543324999976903,True,87a65c0,10,15,none,0,0.0,False,0.7,0.95,0.1,
X-n115-k10,acs_cl15,1,17348.123881741547,,0.4559259999077767,True,87a65c0,10,15,none,0,0.0,False,0.7,0.95,0.1,
X-n115-k10,acs_cl15,2,17026.49011193369,,0.4622435001656413,True,87a65c0,10,15,none,0,0.0,False,0.7,0.95,0.1,
X-n115-k10,acs_cl15,3,17368.220883375434,,0.48192595900036395,True,87a65c0,10,15,none,0,0.0,False,0.7,0.95,0.1,
X-n115-k10,acs_cl15,4,16754.87624206262,,0.4566730000078678,True,87a65c0,10,15,none,0,0.0,False,0.7,0.95,0.1,
X-n115-k10,acs_cl15,5,16845.063399507857,,0.4548634581733495,True,87a65c0,10,15,none,0,0.0,False,0.7,0.95,0.1,
X-n115-k10,acs_cl15,6,17314.247509713918,,0.45589487510733306,True,87a65c0,10,15,none,0,0.0,False,0.7,0.95,0.1,
X-n115-k10,acs_cl15,7,16742.474109535167,,0.4607641671318561,True,87a65c0,10,15,none,0,0.0,False,0.7,0.95,0.1,
X-n115-k10,acs_cl15,8,16788.84218758886,,0.46266283304430544,True,87a65c0,10,15,none,0,0.0,False,0.7,0.95,0.1,
X-n115-k10,acs_cl15,9,17259.69720172627,,0.47858641599304974,True,87a65c0,10,15,none,0,0.0,False,0.7,0.95,0.1,
X-n115-k10,acs_cl15,10,16537.184981029146,,0.4539380418136716,True,87a65c0,10,15,none,0,0.0,False,0.7,0.95,0.1,
X-n115-k10,acs_cl15,11,16732.2069252866,,0.454969875048846,True,87a65c0,10,15,none,0,0.0,False,0.7,0.95,0.1,
X-n115-k10,acs_cl15,12,16896.44212923167,,0.4553906249348074,True,87a65c0,10,15,none,0,0.0,False,0.7,0.95,0.1,
X-n115-k10,acs_cl15,13,16950.563479460172,,0.4560209158807993,True,87a65c0,10,15,none,0,0.0,False,0.7,0.95,0.1,
X-n115-k10,acs_cl15,14,16301.211919539119,,0.48466312512755394,True,87a65c0,10,15,none,0,0.0,False,0.7,0.95,0.1,
X-n115-k10,acs_cl15,15,16862.51499445606,,0.4564403749536723,True,87a65c0,10,15,none,0,0.0,False,0.7,0.95,0.1,
X-n115-k10,acs_cl15,16,17240.366391388852,,0.45398716698400676,True,87a65c0,10,15,none,0,0.0,False,0.7,0.95,0.1,
X-n115-k10,acs_cl15,17,17023.467570062418,,0.4540132919792086,True,87a65c0,10,15,none,0,0.0,False,0.7,0.95,0.1,
X-n115-k10,acs_cl15,18,16648.256806437395,,0.4554050420410931,True,87a65c0,11,15,none,0,0.0,False,0.7,0.95,0.1,
X-n115-k10,acs_cl15,19,16591.282028611255,,0.4589875000528991,True,87a65c0,10,15,none,0,0.0,False,0.7,0.95,0.1,
X-n115-k10,acs_cl15,20,17334.684375687903,,0.4812309998087585,True,87a65c0,10,15,none,0,0.0,False,0.7,0.95,0.1,
X-n115-k10,acs_cl15,21,16744.4650826094,,0.4564462921116501,True,87a65c0,10,15,none,0,0.0,False,0.7,0.95,0.1,
X-n115-k10,acs_cl15,22,16840.486943114873,,0.455215249909088,True,87a65c0,10,15,none,0,0.0,False,0.7,0.95,0.1,
X-n115-k10,acs_cl15,23,16554.995510602454,,0.45532387495040894,True,87a65c0,10,15,none,0,0.0,False,0.7,0.95,0.1,
X-n115-k10,acs_cl15,24,17347.48769266827,,0.4540101659949869,True,87a65c0,10,15,none,0,0.0,False,0.7,0.95,0.1,
X-n115-k10,acs_cl15,25,16923.71360595718,,0.46169066592119634,True,87a65c0,10,15,none,0,0.0,False,0.7,0.95,0.1,
X-n115-k10,acs_cl15,26,16743.32284441714,,0.48085145908407867,True,87a65c0,10,15,none,0,0.0,False,0.7,0.95,0.1,
X-n115-k10,acs_cl15,27,16220.06032954567,,0.45555750001221895,True,87a65c0,10,15,none,0,0.0,False,0.7,0.95,0.1,
X-n115-k10,acs_cl15,28,16940.96290136547,,0.4593627080321312,True,87a65c0,10,15,none,0,0.0,False,0.7,0.95,0.1,
X-n115-k10,acs_cl15,29,17218.333636850384,,0.4601244160439819,True,87a65c0,10,15,none,0,0.0,False,0.7,0.95,0.1,
X-n115-k10,acs_cl15_ls2opt_fixed,0,16151.631819184362,,0.689033875009045,True,87a65c0,10,15,best,30,1.0,False,0.7,0.95,0.1,
X-n115-k10,acs_cl15_ls2opt_fixed,1,16017.883174552133,,0.7209920829627663,True,87a65c0,10,15,best,30,1.0,False,0.7,0.95,0.1,
X-n115-k10,acs_cl15_ls2opt_fixed,2,16298.547214102971,,0.6919353329576552,True,87a65c0,10,15,best,30,1.0,False,0.7,0.95,0.1,
X-n115-k10,acs_cl15_ls2opt_fixed,3,16587.214306919857,,0.6641994591336697,True,87a65c0,10,15,best,30,1.0,False,0.7,0.95,0.1,
X-n115-k10,acs_cl15_ls2opt_fixed,4,16259.256141912098,,0.6728446669876575,True,87a65c0,10,15,best,30,1.0,False,0.7,0.95,0.1,
X-n115-k10,acs_cl15_ls2opt_fixed,5,16024.037599413023,,0.6683784578926861,True,87a65c0,10,15,best,30,1.0,False,0.7,0.95,0.1,
X-n115-k10,acs_cl15_ls2opt_fixed,6,16365.703054194546,,0.68009491590783,True,87a65c0,10,15,best,30,1.0,False,0.7,0.95,0.1,
X-n115-k10,acs_cl15_ls2opt_fixed,7,15824.788092369497,,0.7007277091033757,True,87a65c0,10,15,best,30,1.0,False,0.7,0.95,0.1,
X-n115-k10,acs_cl15_ls2opt_fixed,8,16131.511442455641,,0.688580707879737,True,87a65c0,10,15,best,30,1.0,False,0.7,0.95,0.1,
X-n115-k10,acs_cl15_ls2opt_fixed,9,16527.206680874817,,0.6854867080692202,True,87a65c0,10,15,best,30,1.0,False,0.7,0.95,0.1,
X-n115-k10,acs_cl15_ls2opt_fixed,10,15869.730398569796,,0.674390124855563,True,87a65c0,10,15,best,30,1.0,False,0.7,0.95,0.1,
X-n115-k10,acs_cl15_ls2opt_fixed,11,15751.835469629961,,0.6722182088997215,True,87a65c0,10,15,best,30,1.0,False,0.7,0.95,0.1,
X-n115-k10,acs_cl15_ls2opt_fixed,12,15885.466280614986,,0.6965697500854731,True,87a65c0,10,15,best,30,1.0,False,0.7,0.95,0.1,
X-n115-k10,acs_cl15_ls2opt_fixed,13,16220.53852760245,,0.7405347500462085,True,87a65c0,10,15,best,30,1.0,False,0.7,0.95,0.1,
X-n115-k10,acs_cl15_ls2opt_fixed,14,15496.634136801254,,0.683425874914974,True,87a65c0,10,15,best,30,1.0,False,0.7,0.95,0.1,
X-n115-k10,acs_cl15_ls2opt_fixed,15,16108.80520050415,,0.672106625046581,True,87a65c0,10,15,best,30,1.0,False,0.7,0.95,0.1,
X-n115-k10,acs_cl15_ls2opt_fixed,16,16512.487097123863,,0.6745241661556065,True,87a65c0,10,15,best,30,1.0,False,0.7,0.95,0.1,
X-n115-k10,acs_cl15_ls2opt_fixed,17,16130.961786463591,,0.6637920418288559,True,87a65c0,10,15,best,30,1.0,False,0.7,0.95,0.1,
X-n115-k10,acs_cl15_ls2opt_fixed,18,16106.483129142785,,0.7078662910498679,True,87a65c0,11,15,best,30,1.0,False,0.7,0.95,0.1,
X-n115-k10,acs_cl15_ls2opt_fixed,19,15649.787005377118,,0.6734887498896569,True,87a65c0,10,15,best,30,1.0,False,0.7,0.95,0.1,
X-n115-k10,acs_cl15_ls2opt_fixed,20,16178.560381396339,,0.6800403748638928,True,87a65c0,10,15,best,30,1.0,False,0.7,0.95,0.1,
X-n115-k10,acs_cl15_ls2opt_fixed,21,15751.835469629961,,0.6758011670317501,True,87a65c0,10,15,best,30,1.0,False,0.7,0.95,0.1,
X-n115-k10,acs_cl15_ls2opt_fixed,22,15910.17781280117,,0.6690642919857055,True,87a65c0,10,15,best,30,1.0,False,0.7,0.95,0.1,
X-n115-k10,acs_cl15_ls2opt_fixed,23,15649.787005377118,,0.68639099993743,True,87a65c0,10,15,best,30,1.0,False,0.7,0.95,0.1,
X-n115-k10,acs_cl15_ls2opt_fixed,24,16136.969885934139,,0.7319254998583347,True,87a65c0,10,15,best,30,1.0,False,0.7,0.95,0.1,
X-n115-k10,acs_cl15_ls2opt_fixed,25,16146.365551893696,,0.7017324159387499,True,87a65c0,10,15,best,30,1.0,False,0.7,0.95,0.1,
X-n115-k10,acs_cl15_ls2opt_fixed,26,15892.679212374089,,0.6763742920011282,True,87a65c0,10,15,best,30,1.0,False,0.7,0.95,0.1,
X-n115-k10,acs_cl15_ls2opt_fixed,27,15794.867492121743,,0.6766855830792338,True,87a65c0,10,15,best,30,1.0,False,0.7,0.95,0.1,
X-n115-k10,acs_cl15_ls2opt_fixed,28,16095.65422612901,,0.6897798329591751,True,87a65c0,10,15,best,30,1.0,False,0.7,0.95,0.1,
X-n115-k10,acs_cl15_ls2opt_fixed,29,16049.938396737663,,0.6826489160303026,True,87a65c0,10,15,best,30,1.0,False,0.7,0.95,0.1,
X-n115-k10,acs_cl15_ls2opt_fixed_q0sched,0,15629.474801547789,,0.7225910420529544,True,87a65c0,10,15,best,30,1.0,True,0.7,0.95,0.1,
X-n115-k10,acs_cl15_ls2opt_fixed_q0sched,1,16131.024591578025,,0.7261901670135558,True,87a65c0,10,15,best,30,1.0,True,0.7,0.95,0.1,
X-n115-k10,acs_cl15_ls2opt_fixed_q0sched,2,15775.539193500703,,0.7493879999965429,True,87a65c0,10,15,best,30,1.0,True,0.7,0.95,0.1,
X-n115-k10,acs_cl15_ls2opt_fixed_q0sched,3,16104.320039424738,,0.7236438340041786,True,87a65c0,10,15,best,30,1.0,True,0.7,0.95,0.1,
X-n115-k10,acs_cl15_ls2opt_fixed_q0sched,4,16969.776608112174,,0.7298523751087487,True,87a65c0,10,15,best,30,1.0,True,0.7,0.95,0.1,
X-n115-k10,acs_cl15_ls2opt_fixed_q0sched,5,16207.715025994346,,0.7158677920233458,True,87a65c0,10,15,best,30,1.0,True,0.7,0.95,0.1,
X-n115-k10,acs_cl15_ls2opt_fixed_q0sched,6,16402.20732068303,,0.7385109169408679,True,87a65c0,10,15,best,30,1.0,True,0.7,0.95,0.1,
X-n115-k10,acs_cl15_ls2opt_fixed_q0sched,7,16643.07071904668,,0.722759542055428,True,87a65c0,10,15,best,30,1.0,True,0.7,0.95,0.1,
X-n115-k10,acs_cl15_ls2opt_fixed_q0sched,8,16249.349714223707,,0.7392459579277784,True,87a65c0,10,15,best,30,1.0,True,0.7,0.95,0.1,
X-n115-k10,acs_cl15_ls2opt_fixed_q0sched,9,16165.333211615218,,0.7686498749535531,True,87a65c0,10,15,best,30,1.0,True,0.7,0.95,0.1,
X-n115-k10,acs_cl15_ls2opt_fixed_q0sched,10,16416.050803315356,,0.71837079199031,True,87a65c0,10,15,best,30,1.0,True,0.7,0.95,0.1,
X-n115-k10,acs_cl15_ls2opt_fixed_q0sched,11,16439.29045550184,,0.7760682918597013,True,87a65c0,10,15,best,30,1.0,True,0.7,0.95,0.1,
X-n115-k10,acs_cl15_ls2opt_fixed_q0sched,12,15856.977706108888,,0.7270247091073543,True,87a65c0,10,15,best,30,1.0,True,0.7,0.95,0.1,
X-n115-k10,acs_cl15_ls2opt_fixed_q0sched,13,16270.224154182684,,0.7156528749037534,True,87a65c0,10,15,best,30,1.0,True,0.7,0.95,0.1,
X-n115-k10,acs_cl15_ls2opt_fixed_q0sched,14,16094.219926916752,,0.7877702079713345,True,87a65c0,10,15,best,30,1.0,True,0.7,0.95,0.1,
X-n115-k10,acs_cl15_ls2opt_fixed_q0sched,15,16302.329460423389,,0.706757916836068,True,87a65c0,10,15,best,30,1.0,True,0.7,0.95,0.1,
X-n115-k10,acs_cl15_ls2opt_fixed_q0sched,16,15355.859928919781,,0.7365623330697417,True,87a65c0,10,15,best,30,1.0,True,0.7,0.95,0.1,
X-n115-k10,acs_cl15_ls2opt_fixed_q0sched,17,16574.400904059046,,0.7362359168473631,True,87a65c0,10,15,best,30,1.0,True,0.7,0.95,0.1,
X-n115-k10,acs_cl15_ls2opt_fixed_q0sched,18,16292.246392081337,,0.7413745829835534,True,87a65c0,10,15,best,30,1.0,True,0.7,0.95,0.1,
X-n115-k10,acs_cl15_ls2opt_fixed_q0sched,19,16322.994982087414,,0.7090930831618607,True,87a65c0,10,15,best,30,1.0,True,0.7,0.95,0.1,
X-n115-k10,acs_cl15_ls2opt_fixed_q0sched,20,16277.624690497072,,0.7244035839103162,True,87a65c0,10,15,best,30,1.0,True,0.7,0.95,0.1,
X-n115-k10,acs_cl15_ls2opt_fixed_q0sched,21,16750.328983382984,,0.7783756249118596,True,87a65c0,10,15,best,30,1.0,True,0.7,0.95,0.1,
X-n115-k10,acs_cl15_ls2opt_fixed_q0sched,22,16798.479218263892,,0.7520749159157276,True,87a65c0,10,15,best,30,1.0,True,0.7,0.95,0.1,
X-n115-k10,acs_cl15_ls2opt_fixed_q0sched,23,16347.076599513413,,0.7252563750371337,True,87a65c0,10,15,best,30,1.0,True,0.7,0.95,0.1,
X-n115-k10,acs_cl15_ls2opt_fixed_q0sched,24,16623.177002100878,,0.7304729579482228,True,87a65c0,10,15,best,30,1.0,True,0.7,0.95,0.1,
X-n115-k10,acs_cl15_ls2opt_fixed_q0sched,25,15976.66638824011,,0.7603699171449989,True,87a65c0,10,15,best,30,1.0,True,0.7,0.95,0.1,
X-n115-k10,acs_cl15_ls2opt_fixed_q0sched,26,16082.059494564135,,0.7349624170456082,True,87a65c0,10,15,best,30,1.0,True,0.7,0.95,0.1,
X-n115-k10,acs_cl15_ls2opt_fixed_q0sched,27,16032.067897791394,,0.7706756249535829,True,87a65c0,10,15,best,30,1.0,True,0.7,0.95,0.1,
X-n115-k10,acs_cl15_ls2opt_fixed_q0sched,28,16465.421998313002,,0.7161744169425219,True,87a65c0,10,15,best,30,1.0,True,0.7,0.95,0.1,
X-n115-k10,acs_cl15_ls2opt_fixed_q0sched,29,16756.435607284868,,0.7418662910349667,True,87a65c0,10,15,best,30,1.0,True,0.7,0.95,0.1,
X-n115-k10,acs_clsqrtn_2opt_q0sched,0,16152.245711363297,,0.6860271659679711,True,87a65c0,10,15,best,30,1.0,True,0.7,0.95,0.1,
X-n115-k10,acs_clsqrtn_2opt_q0sched,1,16033.63522389988,,0.7004999169148505,True,87a65c0,10,15,best,30,1.0,True,0.7,0.95,0.1,
X-n115-k10,acs_clsqrtn_2opt_q0sched,2,15930.429865010226,,0.7469000839628279,True,87a65c0,10,15,best,30,1.0,True,0.7,0.95,0.1,
X-n115-k10,acs_clsqrtn_2opt_q0sched,3,16338.178330207642,,0.6943257499951869,True,87a65c0,10,15,best,30,1.0,True,0.7,0.95,0.1,
X-n115-k10,acs_clsqrtn_2opt_q0sched,4,16611.81752401666,,0.6915457909926772,True,87a65c0,10,15,best,30,1.0,True,0.7,0.95,0.1,
X-n115-k10,acs_clsqrtn_2opt_q0sched,5,16163.117398930292,,0.7029945000540465,True,87a65c0,10,15,best,30,1.0,True,0.7,0.95,0.1,
X-n115-k10,acs_clsqrtn_2opt_q0sched,6,16603.976492851718,,0.6663796659559011,True,87a65c0,10,15,best,30,1.0,True,0.7,0.95,0.1,
X-n115-k10,acs_clsqrtn_2opt_q0sched,7,16413.882447818625,,0.7110989158973098,True,87a65c0,10,15,best,30,1.0,True,0.7,0.95,0.1,
X-n115-k10,acs_clsqrtn_2opt_q0sched,8,15634.12613387011,,0.6990224590990692,True,87a65c0,10,15,best,30,1.0,True,0.7,0.95,0.1,
X-n115-k10,acs_clsqrtn_2opt_q0sched,9,15939.63283499947,,0.7233037911355495,True,87a65c0,10,15,best,30,1.0,True,0.7,0.95,0.1,
X-n115-k10,acs_clsqrtn_2opt_q0sched,10,16390.309779191553,,0.6692427501548082,True,87a65c0,10,15,best,30,1.0,True,0.7,0.95,0.1,
X-n115-k10,acs_clsqrtn_2opt_q0sched,11,15751.835469629961,,0.7017338338773698,True,87a65c0,10,15,best,30,1.0,True,0.7,0.95,0.1,
X-n115-k10,acs_clsqrtn_2opt_q0sched,12,16260.450341629858,,0.7354047500994056,True,87a65c0,10,15,best,30,1.0,True,0.7,0.95,0.1,
X-n115-k10,acs_clsqrtn_2opt_q0sched,13,16290.896742503404,,0.7956707500852644,True,87a65c0,10,15,best,30,1.0,True,0.7,0.95,0.1,
X-n115-k10,acs_clsqrtn_2opt_q0sched,14,16429.370181981965,,0.7047033340204507,True,87a65c0,10,15,best,30,1.0,True,0.7,0.95,0.1,
X-n115-k10,acs_clsqrtn_2opt_q0sched,15,16774.643702649817,,0.7105260838288814,True,87a65c0,10,15,best,30,1.0,True,0.7,0.95,0.1,
X-n115-k10,acs_clsqrtn_2opt_q0sched,16,16161.613937039701,,0.7481927080079913,True,87a65c0,10,15,best,30,1.0,True,0.7,0.95,0.1,
X-n115-k10,acs_clsqrtn_2opt_q0sched,17,16376.23573637382,,0.7228102500084788,True,87a65c0,10,15,best,30,1.0,True,0.7,0.95,0.1,
X-n115-k10,acs_clsqrtn_2opt_q0sched,18,16237.968899012427,,0.7067098750267178,True,87a65c0,10,15,best,30,1.0,True,0.7,0.95,0.1,
X-n115-k10,acs_clsqrtn_2opt_q0sched,19,14565.055228837284,,0.7232240419834852,True,87a65c0,10,15,best,30,1.0,True,0.7,0.95,0.1,
X-n115-k10,acs_clsqrtn_2opt_q0sched,20,15757.722639635918,,0.7047204999253154,True,87a65c0,10,15,best,30,1.0,True,0.7,0.95,0.1,
X-n115-k10,acs_clsqrtn_2opt_q0sched,21,16188.168022128832,,0.7870987500064075,True,87a65c0,10,15,best,30,1.0,True,0.7,0.95,0.1,
X-n115-k10,acs_clsqrtn_2opt_q0sched,22,16413.17013890148,,0.7161142500117421,True,87a65c0,10,15,best,30,1.0,True,0.7,0.95,0.1,
X-n115-k10,acs_clsqrtn_2opt_q0sched,23,16541.783217621283,,0.7860542919952422,True,87a65c0,10,15,best,30,1.0,True,0.7,0.95,0.1,
X-n115-k10,acs_clsqrtn_2opt_q0sched,24,16344.799088886191,,0.7973538329824805,True,87a65c0,10,15,best,30,1.0,True,0.7,0.95,0.1,
X-n115-k10,acs_clsqrtn_2opt_q0sched,25,16664.520707943364,,0.7213073340244591,True,87a65c0,10,15,best,30,1.0,True,0.7,0.95,0.1,
X-n115-k10,acs_clsqrtn_2opt_q0sched,26,15566.65467159605,,0.7139631249010563,True,87a65c0,10,15,best,30,1.0,True,0.7,0.95,0.1,
X-n115-k10,acs_clsqrtn_2opt_q0sched,27,16467.818909716352,,0.7163565000519156,True,87a65c0,10,15,best,30,1.0,True,0.7,0.95,0.1,
X-n115-k10,acs_clsqrtn_2opt_q0sched,28,16110.888932980182,,0.6837580830324441,True,87a65c0,10,15,best,30,1.0,True,0.7,0.95,0.1,
X-n115-k10,acs_clsqrtn_2opt_q0sched,29,16664.436872487804,,0.7071191668510437,True,87a65c0,10,15,best,30,1.0,True,0.7,0.95,0.1,
X-n115-k10,acs_nocl_2opt_q0sched,0,16753.512438592064,,1.1377376669552177,True,87a65c0,10,0,best,30,1.0,True,0.7,0.95,0.1,
X-n115-k10,acs_nocl_2opt_q0sched,1,16924.809456576488,,1.1744291670620441,True,87a65c0,10,0,best,30,1.0,True,0.7,0.95,0.1,
X-n115-k10,acs_nocl_2opt_q0sched,2,15401.97149751684,,1.1186618339270353,True,87a65c0,10,0,best,30,1.0,True,0.7,0.95,0.1,
X-n115-k10,acs_nocl_2opt_q0sched,3,16317.315300389797,,1.1304924581199884,True,87a65c0,10,0,best,30,1.0,True,0.7,0.95,0.1,
X-n115-k10,acs_nocl_2opt_q0sched,4,16500.271944440214,,1.1565175829455256,True,87a65c0,10,0,best,30,1.0,True,0.7,0.95,0.1,
X-n115-k10,acs_nocl_2opt_q0sched,5,17049.36509285068,,1.2292892499826849,True,87a65c0,10,0,best,30,1.0,True,0.7,0.95,0.1,
X-n115-k10,acs_nocl_2opt_q0sched,6,16809.293153788018,,1.1960570828523487,True,87a65c0,10,0,best,30,1.0,True,0.7,0.95,0.1,
X-n115-k10,acs_nocl_2opt_q0sched,7,16196.754937617434,,1.2151949170511216,True,87a65c0,10,0,best,30,1.0,True,0.7,0.95,0.1,
X-n115-k10,acs_nocl_2opt_q0sched,8,16688.343714226346,,1.1311458752024919,True,87a65c0,10,0,best,30,1.0,True,0.7,0.95,0.1,
X-n115-k10,acs_nocl_2opt_q0sched,9,17072.811154549894,,1.1553441670257598,True,87a65c0,10,0,best,30,1.0,True,0.7,0.95,0.1,
X-n115-k10,acs_nocl_2opt_q0sched,10,16573.655713363092,,1.222535917069763,True,87a65c0,10,0,best,30,1.0,True,0.7,0.95,0.1,
X-n115-k10,acs_nocl_2opt_q0sched,11,16385.359084275056,,1.11995470803231,True,87a65c0,10,0,best,30,1.0,True,0.7,0.95,0.1,
X-n115-k10,acs_nocl_2opt_q0sched,12,16714.7803115835,,1.1540877090301365,True,87a65c0,10,0,best,30,1.0,True,0.7,0.95,0.1,
X-n115-k10,acs_nocl_2opt_q0sched,13,16667.15818463909,,1.1720584579743445,True,87a65c0,10,0,best,30,1.0,True,0.7,0.95,0.1,
X-n115-k10,acs_nocl_2opt_q0sched,14,15797.490188051841,,1.2053619159851223,True,87a65c0,10,0,best,30,1.0,True,0.7,0.95,0.1,
X-n115-k10,acs_nocl_2opt_q0sched,15,16562.284169269555,,1.1156072090379894,True,87a65c0,10,0,best,30,1.0,True,0.7,0.95,0.1,
X-n115-k10,acs_nocl_2opt_q0sched,16,17131.551544714788,,1.1650680829770863,True,87a65c0,10,0,best,30,1.0,True,0.7,0.95,0.1,
X-n115-k10,acs_nocl_2opt_q0sched,17,16973.422021606875,,1.2243399578146636,True,87a65c0,10,0,best,30,1.0,True,0.7,0.95,0.1,
X-n115-k10,acs_nocl_2opt_q0sched,18,16547.685791314474,,1.1108474999200553,True,87a65c0,10,0,best,30,1.0,True,0.7,0.95,0.1,
X-n115-k10,acs_nocl_2opt_q0sched,19,16290.67029574187,,1.186894292011857,True,87a65c0,10,0,best,30,1.0,True,0.7,0.95,0.1,
X-n115-k10,acs_nocl_2opt_q0sched,20,16098.184343224702,,1.130450916942209,True,87a65c0,10,0,best,30,1.0,True,0.7,0.95,0.1,
X-n115-k10,acs_nocl_2opt_q0sched,21,16292.343798013631,,1.1133538340218365,True,87a65c0,10,0,best,30,1.0,True,0.7,0.95,0.1,
X-n115-k10,acs_nocl_2opt_q0sched,22,16880.29084596078,,1.1591204591095448,True,87a65c0,10,0,best,30,1.0,True,0.7,0.95,0.1,
X-n115-k10,acs_nocl_2opt_q0sched,23,16675.29418415514,,1.1415110419038683,True,87a65c0,10,0,best,30,1.0,True,0.7,0.95,0.1,
X-n115-k10,acs_nocl_2opt_q0sched,24,16418.44522896424,,1.2032069999258965,True,87a65c0,10,0,best,30,1.0,True,0.7,0.95,0.1,
X-n115-k10,acs_nocl_2opt_q0sched,25,16426.902107215174,,1.101906833006069,True,87a65c0,10,0,best,30,1.0,True,0.7,0.95,0.1,
X-n115-k10,acs_nocl_2opt_q0sched,26,17013.31027566315,,1.1689779160078615,True,87a65c0,10,0,best,30,1.0,True,0.7,0.95,0.1,
X-n115-k10,acs_nocl_2opt_q0sched,27,16205.93580829125,,1.252125000115484,True,87a65c0,10,0,best,30,1.0,True,0.7,0.95,0.1,
X-n115-k10,acs_nocl_2opt_q0sched,28,16265.344598212974,,1.2043474160600454,True,87a65c0,10,0,best,30,1.0,True,0.7,0.95,0.1,
X-n115-k10,acs_nocl_2opt_q0sched,29,16903.552388391112,,1.0985906249843538,True,87a65c0,10,0,best,30,1.0,True,0.7,0.95,0.1,
X-n115-k10,acs_nocl_none,0,16833.787658942205,,0.8202785418834537,True,87a65c0,10,0,none,0,0.0,False,0.7,0.95,0.1,
X-n115-k10,acs_nocl_none,1,17294.598881330712,,0.8519381249789149,True,87a65c0,10,0,none,0,0.0,False,0.7,0.95,0.1,
X-n115-k10,acs_nocl_none,2,17013.36907462325,,0.8199879999738187,True,87a65c0,10,0,none,0,0.0,False,0.7,0.95,0.1,
X-n115-k10,acs_nocl_none,3,17042.603051466736,,0.8145564999431372,True,87a65c0,10,0,none,0,0.0,False,0.7,0.95,0.1,
X-n115-k10,acs_nocl_none,4,17041.39769317384,,0.8190969158895314,True,87a65c0,10,0,none,0,0.0,False,0.7,0.95,0.1,
X-n115-k10,acs_nocl_none,5,16985.25738248058,,0.8231104579754174,True,87a65c0,10,0,none,0,0.0,False,0.7,0.95,0.1,
X-n115-k10,acs_nocl_none,6,16925.369029306574,,0.8177716659847647,True,87a65c0,10,0,none,0,0.0,False,0.7,0.95,0.1,
X-n115-k10,acs_nocl_none,7,17305.56037373821,,0.8385410839691758,True,87a65c0,10,0,none,0,0.0,False,0.7,0.95,0.1,
X-n115-k10,acs_nocl_none,8,16603.480836611725,,0.825789709109813,True,87a65c0,10,0,none,0,0.0,False,0.7,0.95,0.1,
X-n115-k10,acs_nocl_none,9,17135.316686672068,,0.8182373750023544,True,87a65c0,10,0,none,0,0.0,False,0.7,0.95,0.1,
X-n115-k10,acs_nocl_none,10,17016.90883188935,,0.8246804580558091,True,87a65c0,10,0,none,0,0.0,False,0.7,0.95,0.1,
X-n115-k10,acs_nocl_none,11,17459.872432156917,,0.8280293748248369,True,87a65c0,10,0,none,0,0.0,False,0.7,0.95,0.1,
X-n115-k10,acs_nocl_none,12,17456.367008961577,,0.8178829171229154,True,87a65c0,10,0,none,0,0.0,False,0.7,0.95,0.1,
X-n115-k10,acs_nocl_none,13,17104.862431292335,,0.8465507500804961,True,87a65c0,10,0,none,0,0.0,False,0.7,0.95,0.1,
X-n115-k10,acs_nocl_none,14,17181.043639800962,,0.8214829170610756,True,87a65c0,10,0,none,0,0.0,False,0.7,0.95,0.1,
X-n115-k10,acs_nocl_none,15,17531.618253513014,,0.8219111249782145,True,87a65c0,10,0,none,0,0.0,False,0.7,0.95,0.1,
X-n115-k10,acs_nocl_none,16,17332.39956776975,,0.8836592920124531,True,87a65c0,10,0,none,0,0.0,False,0.7,0.95,0.1,
X-n115-k10,acs_nocl_none,17,17361.808030807115,,0.8335132920183241,True,87a65c0,10,0,none,0,0.0,False,0.7,0.95,0.1,
X-n115-k10,acs_nocl_none,18,16897.947101444814,,1.0067027499899268,True,87a65c0,10,0,none,0,0.0,False,0.7,0.95,0.1,
X-n115-k10,acs_nocl_none,19,17310.18321862946,,0.8492457501124591,True,87a65c0,10,0,none,0,0.0,False,0.7,0.95,0.1,
X-n115-k10,acs_nocl_none,20,17653.16345643324,,0.8429024578072131,True,87a65c0,10,0,none,0,0.0,False,0.7,0.95,0.1,
X-n115-k10,acs_nocl_none,21,17581.00871327098,,0.8279665829613805,True,87a65c0,10,0,none,0,0.0,False,0.7,0.95,0.1,
X-n115-k10,acs_nocl_none,22,16991.717802158153,,0.8326816249173135,True,87a65c0,10,0,none,0,0.0,False,0.7,0.95,0.1,
X-n115-k10,acs_nocl_none,23,17160.31299859099,,0.8225270002149045,True,87a65c0,10,0,none,0,0.0,False,0.7,0.95,0.1,
X-n115-k10,acs_nocl_none,24,16830.374209391663,,0.850710375001654,True,87a65c0,10,0,none,0,0.0,False,0.7,0.95,0.1,
X-n115-k10,acs_nocl_none,25,16698.86604469628,,0.8201501248404384,True,87a65c0,10,0,none,0,0.0,False,0.7,0.95,0.1,
X-n115-k10,acs_nocl_none,26,17289.479535070263,,0.8138809998054057,True,87a65c0,10,0,none,0,0.0,False,0.7,0.95,0.1,
X-n115-k10,acs_nocl_none,27,16998.8250119634,,0.8289036247879267,True,87a65c0,10,0,none,0,0.0,False,0.7,0.95,0.1,
X-n115-k10,acs_nocl_none,28,17337.8993180567,,0.8143872078508139,True,87a65c0,10,0,none,0,0.0,False,0.7,0.95,0.1,
X-n115-k10,acs_nocl_none,29,17001.0892007873,,0.8402929578442127,True,87a65c0,10,0,none,0,0.0,False,0.7,0.95,0.1,
X-n120-k6,acs_baseline,0,15505.455850728284,,0.9563319580629468,True,87a65c0,6,0,none,0,0.0,False,0.7,0.95,0.1,
X-n120-k6,acs_baseline,1,15570.346852325305,,0.9617948750965297,True,87a65c0,6,0,none,0,0.0,False,0.7,0.95,0.1,
X-n120-k6,acs_baseline,2,15543.876315475742,,0.95682058413513,True,87a65c0,6,0,none,0,0.0,False,0.7,0.95,0.1,
X-n120-k6,acs_baseline,3,15426.678241780068,,0.9804959578905255,True,87a65c0,6,0,none,0,0.0,False,0.7,0.95,0.1,
X-n120-k6,acs_baseline,4,15501.473793141338,,0.9596328330226243,True,87a65c0,6,0,none,0,0.0,False,0.7,0.95,0.1,
X-n120-k6,acs_baseline,5,15339.324819290441,,0.9573722910135984,True,87a65c0,6,0,none,0,0.0,False,0.7,0.95,0.1,
X-n120-k6,acs_baseline,6,15479.875853288531,,0.9602192090824246,True,87a65c0,6,0,none,0,0.0,False,0.7,0.95,0.1,
X-n120-k6,acs_baseline,7,15365.8089667896,,0.9610334581229836,True,87a65c0,6,0,none,0,0.0,False,0.7,0.95,0.1,
X-n120-k6,acs_baseline,8,15464.176951304364,,0.976080333115533,True,87a65c0,6,0,none,0,0.0,False,0.7,0.95,0.1,
X-n120-k6,acs_baseline,9,15333.2733094456,,0.9602017919532955,True,87a65c0,6,0,none,0,0.0,False,0.7,0.95,0.1,
X-n120-k6,acs_baseline,10,15496.845154063269,,0.9578387499786913,True,87a65c0,6,0,none,0,0.0,False,0.7,0.95,0.1,
X-n120-k6,acs_baseline,11,15563.88478494784,,0.9554067079443485,True,87a65c0,6,0,none,0,0.0,False,0.7,0.95,0.1,
X-n120-k6,acs_baseline,12,15366.201059468842,,0.9589092079550028,True,87a65c0,6,0,none,0,0.0,False,0.7,0.95,0.1,
X-n120-k6,acs_baseline,13,15456.369536543401,,0.95730358408764,True,87a65c0,6,0,none,0,0.0,False,0.7,0.95,0.1,
X-n120-k6,acs_baseline,14,15487.049838849443,,0.9826249999459833,True,87a65c0,6,0,none,0,0.0,False,0.7,0.95,0.1,
X-n120-k6,acs_baseline,15,15420.911229756843,,0.9630222499836236,True,87a65c0,6,0,none,0,0.0,False,0.7,0.95,0.1,
X-n120-k6,acs_baseline,16,15346.547259393152,,0.9568413749802858,True,87a65c0,6,0,none,0,0.0,False,0.7,0.95,0.1,
X-n120-k6,acs_baseline,17,15321.093622956387,,0.9646078750956804,True,87a65c0,6,0,none,0,0.0,False,0.7,0.95,0.1,
X-n120-k6,acs_baseline,18,15221.68472685975,,0.9618916250765324,True,87a65c0,6,0,none,0,0.0,False,0.7,0.95,0.1,
X-n120-k6,acs_baseline,19,15502.357881048607,,0.9570184578187764,True,87a65c0,6,0,none,0,0.0,False,0.7,0.95,0.1,
X-n120-k6,acs_baseline,20,15567.564178839593,,0.9792097499594092,True,87a65c0,6,0,none,0,0.0,False,0.7,0.95,0.1,
X-n120-k6,acs_baseline,21,15210.881145144875,,1.012487375177443,True,87a65c0,6,0,none,0,0.0,False,0.7,0.95,0.1,
X-n120-k6,acs_baseline,22,15362.60224563708,,0.9666722500696778,True,87a65c0,6,0,none,0,0.0,False,0.7,0.95,0.1,
X-n120-k6,acs_baseline,23,15387.13961172571,,0.9578452920541167,True,87a65c0,6,0,none,0,0.0,False,0.7,0.95,0.1,
X-n120-k6,acs_baseline,24,15312.33641289073,,0.9593355420511216,True,87a65c0,6,0,none,0,0.0,False,0.7,0.95,0.1,
X-n120-k6,acs_baseline,25,15597.183745565992,,0.9824837078340352,True,87a65c0,6,0,none,0,0.0,False,0.7,0.95,0.1,
X-n120-k6,acs_baseline,26,15523.782645121639,,0.9640960411634296,True,87a65c0,6,0,none,0,0.0,False,0.7,0.95,0.1,
X-n120-k6,acs_baseline,27,15328.312764507831,,0.9637489579617977,True,87a65c0,6,0,none,0,0.0,False,0.7,0.95,0.1,
X-n120-k6,acs_baseline,28,15218.277224722251,,0.9546572498511523,True,87a65c0,6,0,none,0,0.0,False,0.7,0.95,0.1,
X-n120-k6,acs_baseline,29,15172.931601954697,,0.9627445410005748,True,87a65c0,6,0,none,0,0.0,False,0.7,0.95,0.1,
X-n120-k6,acs_cl15,0,15297.615707279618,,0.5227942080236971,True,87a65c0,6,15,none,0,0.0,False,0.7,0.95,0.1,
X-n120-k6,acs_cl15,1,14983.380879871958,,0.5008498749230057,True,87a65c0,6,15,none,0,0.0,False,0.7,0.95,0.1,
X-n120-k6,acs_cl15,2,15446.420947348932,,0.49989208299666643,True,87a65c0,6,15,none,0,0.0,False,0.7,0.95,0.1,
X-n120-k6,acs_cl15,3,15070.971195712953,,0.5001853329595178,True,87a65c0,6,15,none,0,0.0,False,0.7,0.95,0.1,
X-n120-k6,acs_cl15,4,15408.439896773849,,0.5068081670906395,True,87a65c0,6,15,none,0,0.0,False,0.7,0.95,0.1,
X-n120-k6,acs_cl15,5,15142.934469987535,,0.5251514578703791,True,87a65c0,6,15,none,0,0.0,False,0.7,0.95,0.1,
X-n120-k6,acs_cl15,6,15167.949918236334,,0.49937912495806813,True,87a65c0,6,15,none,0,0.0,False,0.7,0.95,0.1,
X-n120-k6,acs_cl15,7,15168.769019770169,,0.49976999987848103,True,87a65c0,6,15,none,0,0.0,False,0.7,0.95,0.1,
X-n120-k6,acs_cl15,8,15243.951051165504,,0.4998573330231011,True,87a65c0,6,15,none,0,0.0,False,0.7,0.95,0.1,
X-n120-k6,acs_cl15,9,15161.969114166768,,0.5004562090616673,True,87a65c0,6,15,none,0,0.0,False,0.7,0.95,0.1,
X-n120-k6,acs_cl15,10,15031.72505606627,,0.5038126660510898,True,87a65c0,6,15,none,0,0.0,False,0.7,0.95,0.1,
X-n120-k6,acs_cl15,11,15327.851941306955,,0.5240084589459002,True,87a65c0,6,15,none,0,0.0,False,0.7,0.95,0.1,
X-n120-k6,acs_cl15,12,15222.239158325483,,0.4979139578063041,True,87a65c0,6,15,none,0,0.0,False,0.7,0.95,0.1,
X-n120-k6,acs_cl15,13,15278.429458777,,0.4986686250194907,True,87a65c0,6,15,none,0,0.0,False,0.7,0.95,0.1,
X-n120-k6,acs_cl15,14,15177.482489479158,,0.49893991695716977,True,87a65c0,6,15,none,0,0.0,False,0.7,0.95,0.1,
X-n120-k6,acs_cl15,15,15121.975258186223,,0.5130737079307437,True,87a65c0,6,15,none,0,0.0,False,0.7,0.95,0.1,
X-n120-k6,acs_cl15,16,15287.484924870774,,0.4995421669445932,True,87a65c0,6,15,none,0,0.0,False,0.7,0.95,0.1,
X-n120-k6,acs_cl15,17,15167.949918236334,,0.5260327088180929,True,87a65c0,6,15,none,0,0.0,False,0.7,0.95,0.1,
X-n120-k6,acs_cl15,18,15308.835148792019,,0.49911654205061495,True,87a65c0,6,15,none,0,0.0,False,0.7,0.95,0.1,
X-n120-k6,acs_cl15,19,15155.368842312177,,0.4979128330014646,True,87a65c0,6,15,none,0,0.0,False,0.7,0.95,0.1,
X-n120-k6,acs_cl15,20,15566.91814589843,,0.5074102499056607,True,87a65c0,6,15,none,0,0.0,False,0.7,0.95,0.1,
X-n120-k6,acs_cl15,21,15034.570312074087,,0.501137875020504,True,87a65c0,6,15,none,0,0.0,False,0.7,0.95,0.1,
X-n120-k6,acs_cl15,22,15089.406476982374,,0.5267125000245869,True,87a65c0,6,15,none,0,0.0,False,0.7,0.95,0.1,
X-n120-k6,acs_cl15,23,15262.215401566957,,0.49903912493027747,True,87a65c0,6,15,none,0,0.0,False,0.7,0.95,0.1,
X-n120-k6,acs_cl15,24,15289.746147412454,,0.49918616679497063,True,87a65c0,6,15,none,0,0.0,False,0.7,0.95,0.1,
X-n120-k6,acs_cl15,25,15170.427210623639,,0.49921745900064707,True,87a65c0,6,15,none,0,0.0,False,0.7,0.95,0.1,
X-n120-k6,acs_cl15,26,15155.033052823437,,0.5047188748139888,True,87a65c0,6,15,none,0,0.0,False,0.7,0.95,0.1,
X-n120-k6,acs_cl15,27,15208.482851705332,,0.49921325012110174,True,87a65c0,6,15,none,0,0.0,False,0.7,0.95,0.1,
X-n120-k6,acs_cl15,28,15208.482851705332,,0.5196077078580856,True,87a65c0,6,15,none,0,0.0,False,0.7,0.95,0.1,
X-n120-k6,acs_cl15,29,15488.456785168377,,0.4986826670356095,True,87a65c0,6,15,none,0,0.0,False,0.7,0.95,0.1,
X-n120-k6,acs_cl15_ls2opt_fixed,0,14811.779591419427,,0.8344027078710496,True,87a65c0,6,15,best,30,1.0,False,0.7,0.95,0.1,
X-n120-k6,acs_cl15_ls2opt_fixed,1,14648.616545625015,,0.8141375831328332,True,87a65c0,6,15,best,30,1.0,False,0.7,0.95,0.1,
X-n120-k6,acs_cl15_ls2opt_fixed,2,14706.432456293365,,0.8430793329607695,True,87a65c0,6,15,best,30,1.0,False,0.7,0.95,0.1,
X-n120-k6,acs_cl15_ls2opt_fixed,3,14600.285952492046,,0.9113263329491019,True,87a65c0,6,15,best,30,1.0,False,0.7,0.95,0.1,
X-n120-k6,acs_cl15_ls2opt_fixed,4,14573.442620897353,,0.9120711251161993,True,87a65c0,6,15,best,30,1.0,False,0.7,0.95,0.1,
X-n120-k6,acs_cl15_ls2opt_fixed,5,14706.432456293365,,0.8408055000472814,True,87a65c0,6,15,best,30,1.0,False,0.7,0.95,0.1,
X-n120-k6,acs_cl15_ls2opt_fixed,6,14677.967760240557,,0.8336901250295341,True,87a65c0,6,15,best,30,1.0,False,0.7,0.95,0.1,
X-n120-k6,acs_cl15_ls2opt_fixed,7,14680.662628581527,,0.8308169590309262,True,87a65c0,6,15,best,30,1.0,False,0.7,0.95,0.1,
X-n120-k6,acs_cl15_ls2opt_fixed,8,14599.362169864187,,0.8232170830015093,True,87a65c0,6,15,best,30,1.0,False,0.7,0.95,0.1,
X-n120-k6,acs_cl15_ls2opt_fixed,9,14645.000966886477,,0.8374010829720646,True,87a65c0,6,15,best,30,1.0,False,0.7,0.95,0.1,
X-n120-k6,acs_cl15_ls2opt_fixed,10,14538.004916660095,,0.8873627078719437,True,87a65c0,6,15,best,30,1.0,False,0.7,0.95,0.1,
X-n120-k6,acs_cl15_ls2opt_fixed,11,14603.613903873214,,0.841378667159006,True,87a65c0,6,15,best,30,1.0,False,0.7,0.95,0.1,
X-n120-k6,acs_cl15_ls2opt_fixed,12,14656.588671188232,,0.8455095419194549,True,87a65c0,6,15,best,30,1.0,False,0.7,0.95,0.1,
X-n120-k6,acs_cl15_ls2opt_fixed,13,14607.960905495887,,0.8373808339238167,True,87a65c0,6,15,best,30,1.0,False,0.7,0.95,0.1,
X-n120-k6,acs_cl15_ls2opt_fixed,14,14639.524753069274,,0.8200176251120865,True,87a65c0,6,15,best,30,1.0,False,0.7,0.95,0.1,
X-n120-k6,acs_cl15_ls2opt_fixed,15,14576.871746548577,,0.8465254160109907,True,87a65c0,6,15,best,30,1.0,False,0.7,0.95,0.1,
X-n120-k6,acs_cl15_ls2opt_fixed,16,14645.000966886477,,0.8334775839466602,True,87a65c0,6,15,best,30,1.0,False,0.7,0.95,0.1,
X-n120-k6,acs_cl15_ls2opt_fixed,17,14517.746687915755,,0.8092002908233553,True,87a65c0,6,15,best,30,1.0,False,0.7,0.95,0.1,
X-n120-k6,acs_cl15_ls2opt_fixed,18,14686.457153850613,,0.8124926250893623,True,87a65c0,6,15,best,30,1.0,False,0.7,0.95,0.1,
X-n120-k6,acs_cl15_ls2opt_fixed,19,14543.915637303917,,0.8228363748639822,True,87a65c0,6,15,best,30,1.0,False,0.7,0.95,0.1,
X-n120-k6,acs_cl15_ls2opt_fixed,20,14706.432456293365,,0.8865092908963561,True,87a65c0,6,15,best,30,1.0,False,0.7,0.95,0.1,
X-n120-k6,acs_cl15_ls2opt_fixed,21,14650.004610425294,,0.806114292005077,True,87a65c0,6,15,best,30,1.0,False,0.7,0.95,0.1,
X-n120-k6,acs_cl15_ls2opt_fixed,22,14494.030641132707,,0.8114935418125242,True,87a65c0,6,15,best,30,1.0,False,0.7,0.95,0.1,
X-n120-k6,acs_cl15_ls2opt_fixed,23,14584.968915048194,,0.8273518751375377,True,87a65c0,6,15,best,30,1.0,False,0.7,0.95,0.1,
X-n120-k6,acs_cl15_ls2opt_fixed,24,14573.85782536781,,0.8174736660439521,True,87a65c0,6,15,best,30,1.0,False,0.7,0.95,0.1,
X-n120-k6,acs_cl15_ls2opt_fixed,25,14627.602302247018,,0.8145582920406014,True,87a65c0,6,15,best,30,1.0,False,0.7,0.95,0.1,
X-n120-k6,acs_cl15_ls2opt_fixed,26,14625.41484357287,,0.8576790411025286,True,87a65c0,6,15,best,30,1.0,False,0.7,0.95,0.1,
X-n120-k6,acs_cl15_ls2opt_fixed,27,14599.362169864187,,0.820928500033915,True,87a65c0,6,15,best,30,1.0,False,0.7,0.95,0.1,
X-n120-k6,acs_cl15_ls2opt_fixed,28,14706.432456293365,,0.8150960840284824,True,87a65c0,6,15,best,30,1.0,False,0.7,0.95,0.1,
X-n120-k6,acs_cl15_ls2opt_fixed,29,14660.621960266482,,0.8294157912023365,True,87a65c0,6,15,best,30,1.0,False,0.7,0.95,0.1,
X-n120-k6,acs_cl15_ls2opt_fixed_q0sched,0,14446.899039783299,,0.8655541660264134,True,87a65c0,6,15,best,30,1.0,True,0.7,0.95,0.1,
X-n120-k6,acs_cl15_ls2opt_fixed_q0sched,1,14625.950073471256,,0.882761999964714,True,87a65c0,6,15,best,30,1.0,True,0.7,0.95,0.1,
X-n120-k6,acs_cl15_ls2opt_fixed_q0sched,2,14605.359008387466,,0.8829250840935856,True,87a65c0,6,15,best,30,1.0,True,0.7,0.95,0.1,
X-n120-k6,acs_cl15_ls2opt_fixed_q0sched,3,14642.582957848781,,0.8303543331567198,True,87a65c0,6,15,best,30,1.0,True,0.7,0.95,0.1,
X-n120-k6,acs_cl15_ls2opt_fixed_q0sched,4,14735.420870703243,,0.8778887919615954,True,87a65c0,6,15,best,30,1.0,True,0.7,0.95,0.1,
X-n120-k6,acs_cl15_ls2opt_fixed_q0sched,5,14718.089361949704,,0.8541585828643292,True,87a65c0,6,15,best,30,1.0,True,0.7,0.95,0.1,
X-n120-k6,acs_cl15_ls2opt_fixed_q0sched,6,14700.512653693973,,0.9874527079518884,True,87a65c0,6,15,best,30,1.0,True,0.7,0.95,0.1,
X-n120-k6,acs_cl15_ls2opt_fixed_q0sched,7,14625.950073471256,,0.8789137080311775,True,87a65c0,6,15,best,30,1.0,True,0.7,0.95,0.1,
X-n120-k6,acs_cl15_ls2opt_fixed_q0sched,8,14739.698323677452,,0.867161582922563,True,87a65c0,6,15,best,30,1.0,True,0.7,0.95,0.1,
X-n120-k6,acs_cl15_ls2opt_fixed_q0sched,9,14594.391983553796,,0.8668327499181032,True,87a65c0,6,15,best,30,1.0,True,0.7,0.95,0.1,
X-n120-k6,acs_cl15_ls2opt_fixed_q0sched,10,14664.72628611609,,0.8850244998466223,True,87a65c0,6,15,best,30,1.0,True,0.7,0.95,0.1,
X-n120-k6,acs_cl15_ls2opt_fixed_q0sched,11,14634.754374441673,,0.8410655001644045,True,87a65c0,6,15,best,30,1.0,True,0.7,0.95,0.1,
X-n120-k6,acs_cl15_ls2opt_fixed_q0sched,12,14595.725727313467,,0.8842791668139398,True,87a65c0,6,15,best,30,1.0,True,0.7,0.95,0.1,
X-n120-k6,acs_cl15_ls2opt_fixed_q0sched,13,14642.779786590265,,0.8709759169723839,True,87a65c0,6,15,best,30,1.0,True,0.7,0.95,0.1,
X-n120-k6,acs_cl15_ls2opt_fixed_q0sched,14,14469.541599195933,,0.8804939591791481,True,87a65c0,6,15,best,30,1.0,True,0.7,0.95,0.1,
X-n120-k6,acs_cl15_ls2opt_fixed_q0sched,15,14636.79185043451,,0.8680378338322043,True,87a65c0,6,15,best,30,1.0,True,0.7,0.95,0.1,
X-n120-k6,acs_cl15_ls2opt_fixed_q0sched,16,14641.593782923715,,0.8538489998318255,True,87a65c0,6,15,best,30,1.0,True,0.7,0.95,0.1,
X-n120-k6,acs_cl15_ls2opt_fixed_q0sched,17,14681.660894710838,,0.8765903341118246,True,87a65c0,6,15,best,30,1.0,True,0.7,0.95,0.1,
X-n120-k6,acs_cl15_ls2opt_fixed_q0sched,18,14674.28795063973,,0.8419372078496963,True,87a65c0,6,15,best,30,1.0,True,0.7,0.95,0.1,
X-n120-k6,acs_cl15_ls2opt_fixed_q0sched,19,14659.295771160963,,0.8594698330853134,True,87a65c0,6,15,best,30,1.0,True,0.7,0.95,0.1,
X-n120-k6,acs_cl15_ls2opt_fixed_q0sched,20,14730.77169000007,,0.8709463749546558,True,87a65c0,6,15,best,30,1.0,True,0.7,0.95,0.1,
X-n120-k6,acs_cl15_ls2opt_fixed_q0sched,21,14708.878622347727,,0.8980886249337345,True,87a65c0,6,15,best,30,1.0,True,0.7,0.95,0.1,
X-n120-k6,acs_cl15_ls2opt_fixed_q0sched,22,14571.462902498342,,0.8514758751261979,True,87a65c0,6,15,best,30,1.0,True,0.7,0.95,0.1,
X-n120-k6,acs_cl15_ls2opt_fixed_q0sched,23,14724.364589044591,,0.8843426671810448,True,87a65c0,6,15,best,30,1.0,True,0.7,0.95,0.1,
X-n120-k6,acs_cl15_ls2opt_fixed_q0sched,24,14569.77699125627,,0.8775801667943597,True,87a65c0,6,15,best,30,1.0,True,0.7,0.95,0.1,
X-n120-k6,acs_cl15_ls2opt_fixed_q0sched,25,14693.141467435857,,0.8395464168861508,True,87a65c0,6,15,best,30,1.0,True,0.7,0.95,0.1,
X-n120-k6,acs_cl15_ls2opt_fixed_q0sched,26,14675.651912796333,,0.8817850828636438,True,87a65c0,6,15,best,30,1.0,True,0.7,0.95,0.1,
X-n120-k6,acs_cl15_ls2opt_fixed_q0sched,27,14649.793993362642,,0.8562811671290547,True,87a65c0,6,15,best,30,1.0,True,0.7,0.95,0.1,
X-n120-k6,acs_cl15_ls2opt_fixed_q0sched,28,14749.711894088483,,0.9073892079759389,True,87a65c0,6,15,best,30,1.0,True,0.7,0.95,0.1,
X-n120-k6,acs_cl15_ls2opt_fixed_q0sched,29,14663.936437539865,,0.8663175839465111,True,87a65c0,6,15,best,30,1.0,True,0.7,0.95,0.1,
X-n120-k6,acs_clsqrtn_2opt_q0sched,0,14683.385648110168,,0.8397837078664452,True,87a65c0,6,15,best,30,1.0,True,0.7,0.95,0.1,
X-n120-k6,acs_clsqrtn_2opt_q0sched,1,14668.27397417573,,0.876625666860491,True,87a65c0,6,15,best,30,1.0,True,0.7,0.95,0.1,
X-n120-k6,acs_clsqrtn_2opt_q0sched,2,14695.863507033115,,0.8694970409851521,True,87a65c0,6,15,best,30,1.0,True,0.7,0.95,0.1,
X-n120-k6,acs_clsqrtn_2opt_q0sched,3,14584.315666810813,,0.8433210419025272,True,87a65c0,6,15,best,30,1.0,True,0.7,0.95,0.1,
X-n120-k6,acs_clsqrtn_2opt_q0sched,4,14571.409258252681,,0.860861541936174,True,87a65c0,6,15,best,30,1.0,True,0.7,0.95,0.1,
X-n120-k6,acs_clsqrtn_2opt_q0sched,5,14771.916669645467,,0.8804809579160064,True,87a65c0,6,15,best,30,1.0,True,0.7,0.95,0.1,
X-n120-k6,acs_clsqrtn_2opt_q0sched,6,14719.658858103032,,0.8360114169772714,True,87a65c0,6,15,best,30,1.0,True,0.7,0.95,0.1,
X-n120-k6,acs_clsqrtn_2opt_q0sched,7,14490.722427979523,,0.8567729161586612,True,87a65c0,6,15,best,30,1.0,True,0.7,0.95,0.1,
X-n120-k6,acs_clsqrtn_2opt_q0sched,8,14714.978925855532,,0.897147708106786,True,87a65c0,6,15,best,30,1.0,True,0.7,0.95,0.1,
X-n120-k6,acs_clsqrtn_2opt_q0sched,9,14674.458230708116,,0.8606672079768032,True,87a65c0,6,15,best,30,1.0,True,0.7,0.95,0.1,
X-n120-k6,acs_clsqrtn_2opt_q0sched,10,14595.474210224644,,0.9016748340800405,True,87a65c0,6,15,best,30,1.0,True,0.7,0.95,0.1,
X-n120-k6,acs_clsqrtn_2opt_q0sched,11,14613.962693052386,,0.8209709578659385,True,87a65c0,6,15,best,30,1.0,True,0.7,0.95,0.1,
X-n120-k6,acs_clsqrtn_2opt_q0sched,12,14598.49306860215,,0.839538041036576,True,87a65c0,6,15,best,30,1.0,True,0.7,0.95,0.1,
X-n120-k6,acs_clsqrtn_2opt_q0sched,13,14735.145897956527,,0.8139335841406137,True,87a65c0,6,15,best,30,1.0,True,0.7,0.95,0.1,
X-n120-k6,acs_clsqrtn_2opt_q0sched,14,14776.015889124808,,0.8549302502069622,True,87a65c0,6,15,best,30,1.0,True,0.7,0.95,0.1,
X-n120-k6,acs_clsqrtn_2opt_q0sched,15,14685.244083230813,,0.8708585419226438,True,87a65c0,6,15,best,30,1.0,True,0.7,0.95,0.1,
X-n120-k6,acs_clsqrtn_2opt_q0sched,16,14645.578011634256,,0.8544969579670578,True,87a65c0,6,15,best,30,1.0,True,0.7,0.95,0.1,
X-n120-k6,acs_clsqrtn_2opt_q0sched,17,14649.793993362642,,0.8425769580062479,True,87a65c0,6,15,best,30,1.0,True,0.7,0.95,0.1,
X-n120-k6,acs_clsqrtn_2opt_q0sched,18,14814.717203661936,,0.8657928330358118,True,87a65c0,6,15,best,30,1.0,True,0.7,0.95,0.1,
X-n120-k6,acs_clsqrtn_2opt_q0sched,19,14700.399858488054,,0.8863634581211954,True,87a65c0,6,15,best,30,1.0,True,0.7,0.95,0.1,
X-n120-k6,acs_clsqrtn_2opt_q0sched,20,14790.84068156069,,0.867944624973461,True,87a65c0,6,15,best,30,1.0,True,0.7,0.95,0.1,
X-n120-k6,acs_clsqrtn_2opt_q0sched,21,14411.804318905477,,0.8547583748586476,True,87a65c0,6,15,best,30,1.0,True,0.7,0.95,0.1,
X-n120-k6,acs_clsqrtn_2opt_q0sched,22,14816.81561232029,,0.8222789170686156,True,87a65c0,6,15,best,30,1.0,True,0.7,0.95,0.1,
X-n120-k6,acs_clsqrtn_2opt_q0sched,23,14560.13576678421,,0.8671567081473768,True,87a65c0,6,15,best,30,1.0,True,0.7,0.95,0.1,
X-n120-k6,acs_clsqrtn_2opt_q0sched,24,14620.136805997441,,0.8568765830714256,True,87a65c0,6,15,best,30,1.0,True,0.7,0.95,0.1,
X-n120-k6,acs_clsqrtn_2opt_q0sched,25,14526.432063681224,,0.8989390411879867,True,87a65c0,6,15,best,30,1.0,True,0.7,0.95,0.1,
X-n120-k6,acs_clsqrtn_2opt_q0sched,26,14612.453376139934,,0.851245875004679,True,87a65c0,6,15,best,30,1.0,True,0.7,0.95,0.1,
X-n120-k6,acs_clsqrtn_2opt_q0sched,27,14746.022603419533,,0.8417565410491079,True,87a65c0,6,15,best,30,1.0,True,0.7,0.95,0.1,
X-n120-k6,acs_clsqrtn_2opt_q0sched,28,14659.287558420043,,0.847283957991749,True,87a65c0,6,15,best,30,1.0,True,0.7,0.95,0.1,
X-n120-k6,acs_clsqrtn_2opt_q0sched,29,14594.662376619097,,0.8542624160181731,True,87a65c0,6,15,best,30,1.0,True,0.7,0.95,0.1,
X-n120-k6,acs_nocl_2opt_q0sched,0,14840.720025192273,,1.3574632499366999,True,87a65c0,6,0,best,30,1.0,True,0.7,0.95,0.1,
X-n120-k6,acs_nocl_2opt_q0sched,1,14603.218550534675,,1.345215667039156,True,87a65c0,6,0,best,30,1.0,True,0.7,0.95,0.1,
X-n120-k6,acs_nocl_2opt_q0sched,2,14797.911847154082,,1.3372615829575807,True,87a65c0,6,0,best,30,1.0,True,0.7,0.95,0.1,
X-n120-k6,acs_nocl_2opt_q0sched,3,14615.555157208673,,1.3610079591162503,True,87a65c0,6,0,best,30,1.0,True,0.7,0.95,0.1,
X-n120-k6,acs_nocl_2opt_q0sched,4,14905.336078325032,,1.354691208107397,True,87a65c0,6,0,best,30,1.0,True,0.7,0.95,0.1,
X-n120-k6,acs_nocl_2opt_q0sched,5,14739.698323677452,,1.369059625081718,True,87a65c0,6,0,best,30,1.0,True,0.7,0.95,0.1,
X-n120-k6,acs_nocl_2opt_q0sched,6,14802.105450390263,,1.3495871669147164,True,87a65c0,6,0,best,30,1.0,True,0.7,0.95,0.1,
X-n120-k6,acs_nocl_2opt_q0sched,7,14719.658858103032,,1.371002292027697,True,87a65c0,6,0,best,30,1.0,True,0.7,0.95,0.1,
X-n120-k6,acs_nocl_2opt_q0sched,8,14542.181586473573,,1.3267332080285996,True,87a65c0,6,0,best,30,1.0,True,0.7,0.95,0.1,
X-n120-k6,acs_nocl_2opt_q0sched,9,14649.731131537977,,1.4122678749263287,True,87a65c0,6,0,best,30,1.0,True,0.7,0.95,0.1,
X-n120-k6,acs_nocl_2opt_q0sched,10,14627.402436188007,,1.34549808409065,True,87a65c0,6,0,best,30,1.0,True,0.7,0.95,0.1,
X-n120-k6,acs_nocl_2opt_q0sched,11,14639.534560212242,,1.3381747498642653,True,87a65c0,6,0,best,30,1.0,True,0.7,0.95,0.1,
X-n120-k6,acs_nocl_2opt_q0sched,12,14719.658858103032,,1.3603860000148416,True,87a65c0,6,0,best,30,1.0,True,0.7,0.95,0.1,
X-n120-k6,acs_nocl_2opt_q0sched,13,14851.642674495257,,1.3208847919013351,True,87a65c0,6,0,best,30,1.0,True,0.7,0.95,0.1,
X-n120-k6,acs_nocl_2opt_q0sched,14,15080.035875786809,,1.3481687498278916,True,87a65c0,6,0,best,30,1.0,True,0.7,0.95,0.1,
X-n120-k6,acs_nocl_2opt_q0sched,15,14784.119849406696,,1.4161246251314878,True,87a65c0,6,0,best,30,1.0,True,0.7,0.95,0.1,
X-n120-k6,acs_nocl_2opt_q0sched,16,14797.07729751122,,1.356900000013411,True,87a65c0,6,0,best,30,1.0,True,0.7,0.95,0.1,
X-n120-k6,acs_nocl_2opt_q0sched,17,14763.19582223014,,1.333505833055824,True,87a65c0,6,0,best,30,1.0,True,0.7,0.95,0.1,
X-n120-k6,acs_nocl_2opt_q0sched,18,14844.038841249574,,1.349180000135675,True,87a65c0,6,0,best,30,1.0,True,0.7,0.95,0.1,
X-n120-k6,acs_nocl_2opt_q0sched,19,14705.780010349892,,1.3364077920559794,True,87a65c0,6,0,best,30,1.0,True,0.7,0.95,0.1,
X-n120-k6,acs_nocl_2opt_q0sched,20,14713.597355936787,,1.373379291035235,True,87a65c0,6,0,best,30,1.0,True,0.7,0.95,0.1,
X-n120-k6,acs_nocl_2opt_q0sched,21,14552.339318172757,,1.3796148339752108,True,87a65c0,6,0,best,30,1.0,True,0.7,0.95,0.1,
X-n120-k6,acs_nocl_2opt_q0sched,22,14866.027814690624,,1.3439626249019057,True,87a65c0,6,0,best,30,1.0,True,0.7,0.95,0.1,
X-n120-k6,acs_nocl_2opt_q0sched,23,14713.598425462264,,1.3364039999432862,True,87a65c0,6,0,best,30,1.0,True,0.7,0.95,0.1,
X-n120-k6,acs_nocl_2opt_q0sched,24,14858.006194393038,,1.3782115411013365,True,87a65c0,6,0,best,30,1.0,True,0.7,0.95,0.1,
X-n120-k6,acs_nocl_2opt_q0sched,25,14667.558488002258,,1.3353725001215935,True,87a65c0,6,0,best,30,1.0,True,0.7,0.95,0.1,
X-n120-k6,acs_nocl_2opt_q0sched,26,14714.655857169437,,1.3632134159561247,True,87a65c0,6,0,best,30,1.0,True,0.7,0.95,0.1,
X-n120-k6,acs_nocl_2opt_q0sched,27,14862.49475384084,,1.3610369998496026,True,87a65c0,6,0,best,30,1.0,True,0.7,0.95,0.1,
X-n120-k6,acs_nocl_2opt_q0sched,28,14877.03651157263,,1.3428946670610458,True,87a65c0,6,0,best,30,1.0,True,0.7,0.95,0.1,
X-n120-k6,acs_nocl_2opt_q0sched,29,14783.680182582253,,1.450622749980539,True,87a65c0,6,0,best,30,1.0,True,0.7,0.95,0.1,
X-n120-k6,acs_nocl_none,0,15505.455850728284,,0.9801411668304354,True,87a65c0,6,0,none,0,0.0,False,0.7,0.95,0.1,
X-n120-k6,acs_nocl_none,1,15570.346852325305,,0.966625084169209,True,87a65c0,6,0,none,0,0.0,False,0.7,0.95,0.1,
X-n120-k6,acs_nocl_none,2,15543.876315475742,,0.9620584158692509,True,87a65c0,6,0,none,0,0.0,False,0.7,0.95,0.1,
X-n120-k6,acs_nocl_none,3,15426.678241780068,,0.9599072921555489,True,87a65c0,6,0,none,0,0.0,False,0.7,0.95,0.1,
X-n120-k6,acs_nocl_none,4,15501.473793141338,,0.9892070828936994,True,87a65c0,6,0,none,0,0.0,False,0.7,0.95,0.1,
X-n120-k6,acs_nocl_none,5,15339.324819290441,,0.9590708331670612,True,87a65c0,6,0,none,0,0.0,False,0.7,0.95,0.1,
X-n120-k6,acs_nocl_none,6,15479.875853288531,,0.9584808340296149,True,87a65c0,6,0,none,0,0.0,False,0.7,0.95,0.1,
X-n120-k6,acs_nocl_none,7,15365.8089667896,,0.9789232921320945,True,87a65c0,6,0,none,0,0.0,False,0.7,0.95,0.1,
X-n120-k6,acs_nocl_none,8,15464.176951304364,,0.9591424169484526,True,87a65c0,6,0,none,0,0.0,False,0.7,0.95,0.1,
X-n120-k6,acs_nocl_none,9,15333.2733094456,,0.9581174589693546,True,87a65c0,6,0,none,0,0.0,False,0.7,0.95,0.1,
X-n120-k6,acs_nocl_none,10,15496.845154063269,,0.9821468340232968,True,87a65c0,6,0,none,0,0.0,False,0.7,0.95,0.1,
X-n120-k6,acs_nocl_none,11,15563.88478494784,,0.9590274589136243,True,87a65c0,6,0,none,0,0.0,False,0.7,0.95,0.1,
X-n120-k6,acs_nocl_none,12,15366.201059468842,,0.964385500177741,True,87a65c0,6,0,none,0,0.0,False,0.7,0.95,0.1,
X-n120-k6,acs_nocl_none,13,15456.369536543401,,0.9624109580181539,True,87a65c0,6,0,none,0,0.0,False,0.7,0.95,0.1,
X-n120-k6,acs_nocl_none,14,15487.049838849443,,0.9899114579893649,True,87a65c0,6,0,none,0,0.0,False,0.7,0.95,0.1,
X-n120-k6,acs_nocl_none,15,15420.911229756843,,1.1269348340574652,True,87a65c0,6,0,none,0,0.0,False,0.7,0.95,0.1,
X-n120-k6,acs_nocl_none,16,15346.547259393152,,0.9610169581137598,True,87a65c0,6,0,none,0,0.0,False,0.7,0.95,0.1,
X-n120-k6,acs_nocl_none,17,15321.093622956387,,0.9870775828603655,True,87a65c0,6,0,none,0,0.0,False,0.7,0.95,0.1,
X-n120-k6,acs_nocl_none,18,15221.68472685975,,0.96979770809412,True,87a65c0,6,0,none,0,0.0,False,0.7,0.95,0.1,
X-n120-k6,acs_nocl_none,19,15502.357881048607,,0.9594452090095729,True,87a65c0,6,0,none,0,0.0,False,0.7,0.95,0.1,
X-n120-k6,acs_nocl_none,20,15567.564178839593,,0.9841252090409398,True,87a65c0,6,0,none,0,0.0,False,0.7,0.95,0.1,
X-n120-k6,acs_nocl_none,21,15210.881145144875,,0.9670135828200728,True,87a65c0,6,0,none,0,0.0,False,0.7,0.95,0.1,
X-n120-k6,acs_nocl_none,22,15362.60224563708,,0.959645583992824,True,87a65c0,6,0,none,0,0.0,False,0.7,0.95,0.1,
X-n120-k6,acs_nocl_none,23,15387.13961172571,,0.9686993330251426,True,87a65c0,6,0,none,0,0.0,False,0.7,0.95,0.1,
X-n120-k6,acs_nocl_none,24,15312.33641289073,,0.9628046669531614,True,87a65c0,6,0,none,0,0.0,False,0.7,0.95,0.1,
X-n120-k6,acs_nocl_none,25,15597.183745565992,,0.9880172919947654,True,87a65c0,6,0,none,0,0.0,False,0.7,0.95,0.1,
X-n120-k6,acs_nocl_none,26,15523.782645121639,,0.9636744160670787,True,87a65c0,6,0,none,0,0.0,False,0.7,0.95,0.1,
X-n120-k6,acs_nocl_none,27,15328.312764507831,,0.9657234589103609,True,87a65c0,6,0,none,0,0.0,False,0.7,0.95,0.1,
X-n120-k6,acs_nocl_none,28,15218.277224722251,,0.9592356248758733,True,87a65c0,6,0,none,0,0.0,False,0.7,0.95,0.1,
X-n120-k6,acs_nocl_none,29,15172.931601954697,,0.9674167078919709,True,87a65c0,6,0,none,0,0.0,False,0.7,0.95,0.1,
