instance,variant,seed,best_cost,gap_percent,elapsed_seconds,feasible,git_commit,n_routes,candidate_list_size,ls_mode,total_ls_applications,ls_per_iter,use_q0_schedule,q0_min,q0_max,rho,best_known
A-n32-k5,acs_baseline,0,1021.4545306827588,30.2875676891274,0.09536487492732704,True,87a65c0,5,0,none,0,0.0,False,0.7,0.95,0.1,784.0
A-n32-k5,acs_baseline,1,1020.6587889206501,30.18607001538904,0.09322291589342058,True,87a65c0,5,0,none,0,0.0,False,0.7,0.95,0.1,784.0
A-n32-k5,acs_baseline,2,1022.9251914518902,30.475151970904363,0.12641200004145503,True,87a65c0,5,0,none,0,0.0,False,0.7,0.95,0.1,784.0
A-n32-k5,acs_baseline,3,1032.7733530025896,31.73129502584051,0.09251899993978441,True,87a65c0,5,0,none,0,0.0,False,0.7,0.95,0.1,784.0
A-n32-k5,acs_baseline,4,1084.7876837118238,38.36577598365099,0.09685395797714591,True,87a65c0,5,0,none,0,0.0,False,0.7,0.95,0.1,784.0
A-n32-k5,acs_baseline,5,1032.0737712788891,31.642062663123617,0.09482100000604987,True,87a65c0,5,0,none,0,0.0,False,0.7,0.95,0.1,784.0
A-n32-k5,acs_baseline,6,1030.400927913344,31.42868978486531,0.09220187505707145,True,87a65c0,5,0,none,0,0.0,False,0.7,0.95,0.1,784.0
A-n32-k5,acs_baseline,7,1033.8123437813836,31.863819359870355,0.09596808394417167,True,87a65c0,5,0,none,0,0.0,False,0.7,0.95,0.1,784.0
A-n32-k5,acs_baseline,8,970.2243309310913,23.753103435088182,0.09175245906226337,True,87a65c0,5,0,none,0,0.0,False,0.7,0.95,0.1,784.0
A-n32-k5,acs_baseline,9,991.8035780440003,26.505558423979636,0.12090670899488032,True,87a65c0,5,0,none,0,0.0,False,0.7,0.95,0.1,784.0
A-n32-k5,acs_baseline,10,1041.0459901096053,32.7864783303068,0.09157783281989396,True,87a65c0,5,0,none,0,0.0,False,0.7,0.95,0.1,784.0
A-n32-k5,acs_baseline,11,964.0645453022096,22.96741649262877,0.09156383411027491,True,87a65c0,5,0,none,0,0.0,False,0.7,0.95,0.1,784.0
A-n32-k5,acs_baseline,12,1021.4545306827588,30.2875676891274,0.09162899991497397,True,87a65c0,5,0,none,0,0.0,False,0.7,0.95,0.1,784.0
A-n32-k5,acs_baseline,13,1048.0674055515256,33.68206703463336,0.09461725014261901,True,87a65c0,5,0,none,0,0.0,False,0.7,0.95,0.1,784.0
A-n32-k5,acs_baseline,14,973.0765050386095,24.11690115288387,0.09279316710308194,True,87a65c0,5,0,none,0,0.0,False,0.7,0.95,0.1,784.0
A-n32-k5,acs_baseline,15,1021.4545306827588,30.2875676891274,0.09412508411332965,True,87a65c0,5,0,none,0,0.0,False,0.7,0.95,0.1,784.0
A-n32-k5,acs_baseline,16,973.2239945719767,24.13571359336438,0.0944127500988543,True,87a65c0,5,0,none,0,0.0,False,0.7,0.95,0.1,784.0
A-n32-k5,acs_baseline,17,1022.0604074334292,30.36484788691699,0.0927672500256449,True,87a65c0,5,0,none,0,0.0,False,0.7,0.95,0.1,784.0
A-n32-k5,acs_baseline,18,1063.9621695184835,35.70946039776575,0.09182083304040134,True,87a65c0,5,0,none,0,0.0,False,0.7,0.95,0.1,784.0
A-n32-k5,acs_baseline,19,994.7788790535802,26.88506110377299,0.09465300012379885,True,87a65c0,5,0,none,0,0.0,False,0.7,0.95,0.1,784.0
A-n32-k5,acs_baseline,20,964.771512861483,23.057590926209564,0.13031949987635016,True,87a65c0,5,0,none,0,0.0,False,0.7,0.95,0.1,784.0
A-n32-k5,acs_baseline,21,1016.3133919796253,29.631810201482818,0.09228312503546476,True,87a65c0,5,0,none,0,0.0,False,0.7,0.95,0.1,784.0
A-n32-k5,acs_baseline,22,1030.6804055094128,31.464337437425105,0.09144520806148648,True,87a65c0,5,0,none,0,0.0,False,0.7,0.95,0.1,784.0
A-n32-k5,acs_baseline,23,920.2707441050712,17.381472462381534,0.09390274994075298,True,87a65c0,5,0,none,0,0.0,False,0.7,0.95,0.1,784.0
A-n32-k5,acs_baseline,24,1029.0079287409035,31.251011318992788,0.1542677499819547,True,87a65c0,5,0,none,0,0.0,False,0.7,0.95,0.1,784.0
A-n32-k5,acs_baseline,25,1028.6536083121046,31.20581738674803,0.09172050002962351,True,87a65c0,5,0,none,0,0.0,False,0.7,0.95,0.1,784.0
A-n32-k5,acs_baseline,26,1021.5305462562487,30.29726355309295,0.09130912506952882,True,87a65c0,5,0,none,0,0.0,False,0.7,0.95,0.1,784.0
A-n32-k5,acs_baseline,27,1015.6102501338145,29.54212374155797,0.11836670804768801,True,87a65c0,5,0,none,0,0.0,False,0.7,0.95,0.1,784.0
A-n32-k5,acs_baseline,28,988.359239492193,26.066229527065428,0.0906013329513371,True,87a65c0,5,0,none,0,0.0,False,0.7,0.95,0.1,784.0
A-n32-k5,acs_baseline,29,1035.0083267413838,32.01636820680916,0.09363174997270107,True,87a65c0,5,0,none,0,0.0,False,0.7,0.95,0.1,784.0
A-n32-k5,acs_cl15,0,1021.4545306827588,30.2875676891274,0.07692212495021522,True,87a65c0,5,15,none,0,0.0,False,0.7,0.95,0.1,784.0
A-n32-k5,acs_cl15,1,1016.3133919796253,29.631810201482818,0.07752020889893174,True,87a65c0,5,15,none,0,0.0,False,0.7,0.95,0.1,784.0
A-n32-k5,acs_cl15,2,1015.8638606564039,29.57447202250049,0.07857062481343746,True,87a65c0,5,15,none,0,0.0,False,0.7,0.95,0.1,784.0
A-n32-k5,acs_cl15,3,1057.2570959234283,34.854221418804634,0.08136283280327916,True,87a65c0,5,15,none,0,0.0,False,0.7,0.95,0.1,784.0
A-n32-k5,acs_cl15,4,1061.6566714207079,35.415391762845395,0.07946762489154935,True,87a65c0,5,15,none,0,0.0,False,0.7,0.95,0.1,784.0
A-n32-k5,acs_cl15,5,1015.7075152289549,29.554530003693223,0.08053254196420312,True,87a65c0,5,15,none,0,0.0,False,0.7,0.95,0.1,784.0
A-n32-k5,acs_cl15,6,1058.8874275584963,35.06217188246126,0.08053520787507296,True,87a65c0,5,15,none,0,0.0,False,0.7,0.95,0.1,784.0
A-n32-k5,acs_cl15,7,1033.497661686405,31.82368133755167,0.08229591697454453,True,87a65c0,5,15,none,0,0.0,False,0.7,0.95,0.1,784.0
A-n32-k5,acs_cl15,8,1067.7166707854576,36.18835086549204,0.08071362506598234,True,87a65c0,5,15,none,0,0.0,False,0.7,0.95,0.1,784.0
A-n32-k5,acs_cl15,9,966.7667966521149,23.31209140970853,0.07690620794892311,True,87a65c0,5,15,none,0,0.0,False,0.7,0.95,0.1,784.0
A-n32-k5,acs_cl15,10,1028.5445453952661,31.1919063004166,0.11109858308918774,True,87a65c0,5,15,none,0,0.0,False,0.7,0.95,0.1,784.0
A-n32-k5,acs_cl15,11,1045.7225688502604,33.38298072069647,0.08012620802037418,True,87a65c0,5,15,none,0,0.0,False,0.7,0.95,0.1,784.0
A-n32-k5,acs_cl15,12,1029.1504221459363,31.269186498206164,0.07736354204826057,True,87a65c0,5,15,none,0,0.0,False,0.7,0.95,0.1,784.0
A-n32-k5,acs_cl15,13,1022.0604074334292,30.36484788691699,0.07666787505149841,True,87a65c0,5,15,none,0,0.0,False,0.7,0.95,0.1,784.0
A-n32-k5,acs_cl15,14,1022.0604074334292,30.36484788691699,0.07630095817148685,True,87a65c0,5,15,none,0,0.0,False,0.7,0.95,0.1,784.0
A-n32-k5,acs_cl15,15,923.450573726018,17.787062975257395,0.07649233308620751,True,87a65c0,5,15,none,0,0.0,False,0.7,0.95,0.1,784.0
A-n32-k5,acs_cl15,16,1021.4545306827588,30.2875676891274,0.07713216682896018,True,87a65c0,5,15,none,0,0.0,False,0.7,0.95,0.1,784.0
A-n32-k5,acs_cl15,17,1016.3133919796253,29.631810201482818,0.07836720813065767,True,87a65c0,5,15,none,0,0.0,False,0.7,0.95,0.1,784.0
A-n32-k5,acs_cl15,18,1043.884420980362,33.14852308422984,0.07787604094482958,True,87a65c0,5,15,none,0,0.0,False,0.7,0.95,0.1,784.0
A-n32-k5,acs_cl15,19,1022.0604074334292,30.36484788691699,0.0798217081464827,True,87a65c0,5,15,none,0,0.0,False,0.7,0.95,0.1,784.0
A-n32-k5,acs_cl15,20,1030.2583621641852,31.410505378084846,0.07946233288384974,True,87a65c0,5,15,none,0,0.0,False,0.7,0.95,0.1,784.0
A-n32-k5,acs_cl15,21,1029.803670503012,31.35250899273112,0.07867995905689895,True,87a65c0,5,15,none,0,0.0,False,0.7,0.95,0.1,784.0
A-n32-k5,acs_cl15,22,1030.6804055094126,31.464337437425076,0.07715195813216269,True,87a65c0,5,15,none,0,0.0,False,0.7,0.95,0.1,784.0
A-n32-k5,acs_cl15,23,1054.7515169091416,34.53463225881909,0.0767587919253856,True,87a65c0,5,15,none,0,0.0,False,0.7,0.95,0.1,784.0
A-n32-k5,acs_cl15,24,1056.3859152835596,34.74310143922954,0.07768054096959531,True,87a65c0,5,15,none,0,0.0,False,0.7,0.95,0.1,784.0
A-n32-k5,acs_cl15,25,946.9780390949206,20.788015190678653,0.08100991602987051,True,87a65c0,5,15,none,0,0.0,False,0.7,0.95,0.1,784.0
A-n32-k5,acs_cl15,26,1042.3299549352437,32.950249353985164,0.07791833416558802,True,87a65c0,5,15,none,0,0.0,False,0.7,0.95,0.1,784.0
A-n32-k5,acs_cl15,27,1007.6561241887077,28.52756686080456,0.07774191698990762,True,87a65c0,5,15,none,0,0.0,False,0.7,0.95,0.1,784.0
A-n32-k5,acs_cl15,28,1038.7174182792887,32.48946661725621,0.07668374991044402,True,87a65c0,5,15,none,0,0.0,False,0.7,0.95,0.1,784.0
A-n32-k5,acs_cl15,29,1030.020869080202,31.3802128928829,0.11143058398738503,True,87a65c0,5,15,none,0,0.0,False,0.7,0.95,0.1,784.0
A-n32-k5,acs_cl15_ls2opt_fixed,0,976.0521784292864,24.496451330266126,0.08597274986095726,True,87a65c0,5,15,best,30,1.0,False,0.7,0.95,0.1,784.0
A-n32-k5,acs_cl15_ls2opt_fixed,1,992.1155296137681,26.545348165021444,0.08876574994064867,True,87a65c0,5,15,best,30,1.0,False,0.7,0.95,0.1,784.0
A-n32-k5,acs_cl15_ls2opt_fixed,2,1000.4159827791643,27.6040794361179,0.0907570831477642,True,87a65c0,5,15,best,30,1.0,False,0.7,0.95,0.1,784.0
A-n32-k5,acs_cl15_ls2opt_fixed,3,1012.555335203032,29.152466224876527,0.08770858310163021,True,87a65c0,5,15,best,30,1.0,False,0.7,0.95,0.1,784.0
A-n32-k5,acs_cl15_ls2opt_fixed,4,1000.4159827791643,27.6040794361179,0.08663454209454358,True,87a65c0,5,15,best,30,1.0,False,0.7,0.95,0.1,784.0
A-n32-k5,acs_cl15_ls2opt_fixed,5,989.7554738271676,26.24432064122036,0.08594216709025204,True,87a65c0,5,15,best,30,1.0,False,0.7,0.95,0.1,784.0
A-n32-k5,acs_cl15_ls2opt_fixed,6,1009.87959583167,28.811172937713014,0.0860122088342905,True,87a65c0,5,15,best,30,1.0,False,0.7,0.95,0.1,784.0
A-n32-k5,acs_cl15_ls2opt_fixed,7,1003.2654651684851,27.967533822510855,0.09127116692252457,True,87a65c0,5,15,best,30,1.0,False,0.7,0.95,0.1,784.0
A-n32-k5,acs_cl15_ls2opt_fixed,8,976.0521784292864,24.496451330266126,0.09023750014603138,True,87a65c0,5,15,best,30,1.0,False,0.7,0.95,0.1,784.0
A-n32-k5,acs_cl15_ls2opt_fixed,9,918.805363611347,17.194561685120796,0.11979758320376277,True,87a65c0,5,15,best,30,1.0,False,0.7,0.95,0.1,784.0
A-n32-k5,acs_cl15_ls2opt_fixed,10,976.0521784292864,24.496451330266126,0.08634391706436872,True,87a65c0,5,15,best,30,1.0,False,0.7,0.95,0.1,784.0
A-n32-k5,acs_cl15_ls2opt_fixed,11,998.1469550100471,27.314662628832544,0.08735245792195201,True,87a65c0,5,15,best,30,1.0,False,0.7,0.95,0.1,784.0
A-n32-k5,acs_cl15_ls2opt_fixed,12,1009.87959583167,28.811172937713014,0.08721358282491565,True,87a65c0,5,15,best,30,1.0,False,0.7,0.95,0.1,784.0
A-n32-k5,acs_cl15_ls2opt_fixed,13,992.1155296137681,26.545348165021444,0.08778200019150972,True,87a65c0,5,15,best,30,1.0,False,0.7,0.95,0.1,784.0
A-n32-k5,acs_cl15_ls2opt_fixed,14,1000.4159827791643,27.6040794361179,0.08711562491953373,True,87a65c0,5,15,best,30,1.0,False,0.7,0.95,0.1,784.0
A-n32-k5,acs_cl15_ls2opt_fixed,15,976.0521784292864,24.496451330266126,0.08675608411431313,True,87a65c0,5,15,best,30,1.0,False,0.7,0.95,0.1,784.0
A-n32-k5,acs_cl15_ls2opt_fixed,16,992.2674570220022,26.56472666096967,0.08666399982757866,True,87a65c0,5,15,best,30,1.0,False,0.7,0.95,0.1,784.0
A-n32-k5,acs_cl15_ls2opt_fixed,17,992.1155296137681,26.545348165021444,0.08612520899623632,True,87a65c0,5,15,best,30,1.0,False,0.7,0.95,0.1,784.0
A-n32-k5,acs_cl15_ls2opt_fixed,18,1012.5553352030322,29.152466224876555,0.0865868751425296,True,87a65c0,5,15,best,30,1.0,False,0.7,0.95,0.1,784.0
A-n32-k5,acs_cl15_ls2opt_fixed,19,1009.87959583167,28.811172937713014,0.08813083404675126,True,87a65c0,5,15,best,30,1.0,False,0.7,0.95,0.1,784.0
A-n32-k5,acs_cl15_ls2opt_fixed,20,931.1415053053668,18.7680491460927,0.0889710420742631,True,87a65c0,5,15,best,30,1.0,False,0.7,0.95,0.1,784.0
A-n32-k5,acs_cl15_ls2opt_fixed,21,916.2650697244251,16.87054460770728,0.08851804095320404,True,87a65c0,5,15,best,30,1.0,False,0.7,0.95,0.1,784.0
A-n32-k5,acs_cl15_ls2opt_fixed,22,974.410519650583,24.28705607788048,0.12188895884901285,True,87a65c0,5,15,best,30,1.0,False,0.7,0.95,0.1,784.0
A-n32-k5,acs_cl15_ls2opt_fixed,23,1003.2654651684851,27.967533822510855,0.08644383400678635,True,87a65c0,5,15,best,30,1.0,False,0.7,0.95,0.1,784.0
A-n32-k5,acs_cl15_ls2opt_fixed,24,984.6673284201007,25.595322502563867,0.09035649988800287,True,87a65c0,5,15,best,30,1.0,False,0.7,0.95,0.1,784.0
A-n32-k5,acs_cl15_ls2opt_fixed,25,917.2742906979636,16.999271772699437,0.09067716705612838,True,87a65c0,5,15,best,30,1.0,False,0.7,0.95,0.1,784.0
A-n32-k5,acs_cl15_ls2opt_fixed,26,1015.60803098312,29.541840686622443,0.0880856248550117,True,87a65c0,5,15,best,30,1.0,False,0.7,0.95,0.1,784.0
A-n32-k5,acs_cl15_ls2opt_fixed,27,999.0578463158499,27.430847744368613,0.08610908314585686,True,87a65c0,5,15,best,30,1.0,False,0.7,0.95,0.1,784.0
A-n32-k5,acs_cl15_ls2opt_fixed,28,971.7447533344981,23.947034864094146,0.08551599993370473,True,87a65c0,5,15,best,30,1.0,False,0.7,0.95,0.1,784.0
A-n32-k5,acs_cl15_ls2opt_fixed,29,1000.4159827791643,27.6040794361179,0.08643866702914238,True,87a65c0,5,15,best,30,1.0,False,0.7,0.95,0.1,784.0
A-n32-k5,acs_cl15_ls2opt_fixed_q0sched,0,912.242962170079,16.357520684959052,0.09164933301508427,True,87a65c0,5,15,best,30,1.0,True,0.7,0.95,0.1,784.0
A-n32-k5,acs_cl15_ls2opt_fixed_q0sched,1,991.6240412083353,26.482658317389703,0.09384854091331363,True,87a65c0,5,15,best,30,1.0,True,0.7,0.95,0.1,784.0
A-n32-k5,acs_cl15_ls2opt_fixed_q0sched,2,992.1155296137681,26.545348165021444,0.09564108401536942,True,87a65c0,5,15,best,30,1.0,True,0.7,0.95,0.1,784.0
A-n32-k5,acs_cl15_ls2opt_fixed_q0sched,3,916.2650697244251,16.87054460770728,0.12096925009973347,True,87a65c0,5,15,best,30,1.0,True,0.7,0.95,0.1,784.0
A-n32-k5,acs_cl15_ls2opt_fixed_q0sched,4,916.1445578935411,16.855173200706773,0.09432033286429942,True,87a65c0,5,15,best,30,1.0,True,0.7,0.95,0.1,784.0
A-n32-k5,acs_cl15_ls2opt_fixed_q0sched,5,992.1155296137681,26.545348165021444,0.0933350829873234,True,87a65c0,5,15,best,30,1.0,True,0.7,0.95,0.1,784.0
A-n32-k5,acs_cl15_ls2opt_fixed_q0sched,6,1007.1520593081407,28.46327287093631,0.09251295798458159,True,87a65c0,5,15,best,30,1.0,True,0.7,0.95,0.1,784.0
A-n32-k5,acs_cl15_ls2opt_fixed_q0sched,7,976.0521784292864,24.496451330266126,0.09534595790319145,True,87a65c0,5,15,best,30,1.0,True,0.7,0.95,0.1,784.0
A-n32-k5,acs_cl15_ls2opt_fixed_q0sched,8,950.5822667825962,21.247738110025026,0.09205787512473762,True,87a65c0,5,15,best,30,1.0,True,0.7,0.95,0.1,784.0
A-n32-k5,acs_cl15_ls2opt_fixed_q0sched,9,981.8523164987347,25.236264859532486,0.09153354214504361,True,87a65c0,5,15,best,30,1.0,True,0.7,0.95,0.1,784.0
A-n32-k5,acs_cl15_ls2opt_fixed_q0sched,10,992.1155296137681,26.545348165021444,0.09297037497162819,True,87a65c0,5,15,best,30,1.0,True,0.7,0.95,0.1,784.0
A-n32-k5,acs_cl15_ls2opt_fixed_q0sched,11,1009.87959583167,28.811172937713014,0.09488737490028143,True,87a65c0,5,15,best,30,1.0,True,0.7,0.95,0.1,784.0
A-n32-k5,acs_cl15_ls2opt_fixed_q0sched,12,990.5844567003846,26.350058252600085,0.09531566593796015,True,87a65c0,5,15,best,30,1.0,True,0.7,0.95,0.1,784.0
A-n32-k5,acs_cl15_ls2opt_fixed_q0sched,13,992.1155296137681,26.545348165021444,0.0946735420729965,True,87a65c0,5,15,best,30,1.0,True,0.7,0.95,0.1,784.0
A-n32-k5,acs_cl15_ls2opt_fixed_q0sched,14,942.3674254684029,20.19992671790853,0.09264020901173353,True,87a65c0,5,15,best,30,1.0,True,0.7,0.95,0.1,784.0
A-n32-k5,acs_cl15_ls2opt_fixed_q0sched,15,942.3674254684029,20.19992671790853,0.09379045804962516,True,87a65c0,5,15,best,30,1.0,True,0.7,0.95,0.1,784.0
A-n32-k5,acs_cl15_ls2opt_fixed_q0sched,16,1009.87959583167,28.811172937713014,0.12298220884986222,True,87a65c0,5,15,best,30,1.0,True,0.7,0.95,0.1,784.0
A-n32-k5,acs_cl15_ls2opt_fixed_q0sched,17,976.0521784292864,24.496451330266126,0.09299866599030793,True,87a65c0,5,15,best,30,1.0,True,0.7,0.95,0.1,784.0
A-n32-k5,acs_cl15_ls2opt_fixed_q0sched,18,996.4548382074768,27.098831404014895,0.0964636669959873,True,87a65c0,5,15,best,30,1.0,True,0.7,0.95,0.1,784.0
A-n32-k5,acs_cl15_ls2opt_fixed_q0sched,19,998.7038016036031,27.385688980051416,0.09481966705061495,True,87a65c0,5,15,best,30,1.0,True,0.7,0.95,0.1,784.0
A-n32-k5,acs_cl15_ls2opt_fixed_q0sched,20,1009.6168656416521,28.777661433884198,0.09396658302284777,True,87a65c0,5,15,best,30,1.0,True,0.7,0.95,0.1,784.0
A-n32-k5,acs_cl15_ls2opt_fixed_q0sched,21,976.8353837814352,24.59634997212184,0.09508070792071521,True,87a65c0,5,15,best,30,1.0,True,0.7,0.95,0.1,784.0
A-n32-k5,acs_cl15_ls2opt_fixed_q0sched,22,1000.4159827791643,27.6040794361179,0.09235570812597871,True,87a65c0,5,15,best,30,1.0,True,0.7,0.95,0.1,784.0
A-n32-k5,acs_cl15_ls2opt_fixed_q0sched,23,921.4540172952618,17.532400165211964,0.141922292066738,True,87a65c0,5,15,best,30,1.0,True,0.7,0.95,0.1,784.0
A-n32-k5,acs_cl15_ls2opt_fixed_q0sched,24,974.8081902327076,24.337779366416786,0.09441075008362532,True,87a65c0,5,15,best,30,1.0,True,0.7,0.95,0.1,784.0
A-n32-k5,acs_cl15_ls2opt_fixed_q0sched,25,972.4666558258019,24.039114263495144,0.09443179098889232,True,87a65c0,5,15,best,30,1.0,True,0.7,0.95,0.1,784.0
A-n32-k5,acs_cl15_ls2opt_fixed_q0sched,26,992.2674570220022,26.56472666096967,0.09321391605772078,True,87a65c0,5,15,best,30,1.0,True,0.7,0.95,0.1,784.0
A-n32-k5,acs_cl15_ls2opt_fixed_q0sched,27,921.4540172952618,17.532400165211964,0.09145199996419251,True,87a65c0,5,15,best,30,1.0,True,0.7,0.95,0.1,784.0
A-n32-k5,acs_cl15_ls2opt_fixed_q0sched,28,995.9459941064224,27.033927819696736,0.12759762513451278,True,87a65c0,5,15,best,30,1.0,True,0.7,0.95,0.1,784.0
A-n32-k5,acs_cl15_ls2opt_fixed_q0sched,29,1000.4159827791643,27.6040794361179,0.09210545802488923,True,87a65c0,5,15,best,30,1.0,True,0.7,0.95,0.1,784.0
A-n32-k5,acs_clsqrtn_2opt_q0sched,0,916.2650697244251,16.87054460770728,0.08617095788940787,True,87a65c0,5,15,best,30,1.0,True,0.7,0.95,0.1,784.0
A-n32-k5,acs_clsqrtn_2opt_q0sched,1,992.2674570220022,26.56472666096967,0.08407224994152784,True,87a65c0,5,15,best,30,1.0,True,0.7,0.95,0.1,784.0
A-n32-k5,acs_clsqrtn_2opt_q0sched,2,824.5581156959953,5.173229042856543,0.08395949983969331,True,87a65c0,5,15,best,30,1.0,True,0.7,0.95,0.1,784.0
A-n32-k5,acs_clsqrtn_2opt_q0sched,3,916.1445578935411,16.855173200706773,0.08354212483391166,True,87a65c0,5,15,best,30,1.0,True,0.7,0.95,0.1,784.0
A-n32-k5,acs_clsqrtn_2opt_q0sched,4,1005.2067418613813,28.215145645584343,0.08306324994191527,True,87a65c0,5,15,best,30,1.0,True,0.7,0.95,0.1,784.0
A-n32-k5,acs_clsqrtn_2opt_q0sched,5,916.1445578935411,16.855173200706773,0.08217854099348187,True,87a65c0,5,15,best,30,1.0,True,0.7,0.95,0.1,784.0
A-n32-k5,acs_clsqrtn_2opt_q0sched,6,938.5353244170174,19.711138318497113,0.08260791609063745,True,87a65c0,5,15,best,30,1.0,True,0.7,0.95,0.1,784.0
A-n32-k5,acs_clsqrtn_2opt_q0sched,7,1009.87959583167,28.811172937713014,0.08453329210169613,True,87a65c0,5,15,best,30,1.0,True,0.7,0.95,0.1,784.0
A-n32-k5,acs_clsqrtn_2opt_q0sched,8,1009.6168656416521,28.777661433884198,0.08298987499438226,True,87a65c0,5,15,best,30,1.0,True,0.7,0.95,0.1,784.0
A-n32-k5,acs_clsqrtn_2opt_q0sched,9,846.5656401985697,7.980311249817559,0.0850922919344157,True,87a65c0,5,15,best,30,1.0,True,0.7,0.95,0.1,784.0
A-n32-k5,acs_clsqrtn_2opt_q0sched,10,1008.3485229182866,28.615883025291655,0.11921850009821355,True,87a65c0,5,15,best,30,1.0,True,0.7,0.95,0.1,784.0
A-n32-k5,acs_clsqrtn_2opt_q0sched,11,1009.87959583167,28.811172937713014,0.08354266709648073,True,87a65c0,5,15,best,30,1.0,True,0.7,0.95,0.1,784.0
A-n32-k5,acs_clsqrtn_2opt_q0sched,12,917.5425664749464,17.033490621804386,0.08515037503093481,True,87a65c0,5,15,best,30,1.0,True,0.7,0.95,0.1,784.0
A-n32-k5,acs_clsqrtn_2opt_q0sched,13,916.2650697244251,16.87054460770728,0.08731491700746119,True,87a65c0,5,15,best,30,1.0,True,0.7,0.95,0.1,784.0
A-n32-k5,acs_clsqrtn_2opt_q0sched,14,1000.4159827791643,27.6040794361179,0.08371633384376764,True,87a65c0,5,15,best,30,1.0,True,0.7,0.95,0.1,784.0
A-n32-k5,acs_clsqrtn_2opt_q0sched,15,1000.4159827791643,27.6040794361179,0.08462725020945072,True,87a65c0,5,15,best,30,1.0,True,0.7,0.95,0.1,784.0
A-n32-k5,acs_clsqrtn_2opt_q0sched,16,1000.4159827791643,27.6040794361179,0.08342304197140038,True,87a65c0,5,15,best,30,1.0,True,0.7,0.95,0.1,784.0
A-n32-k5,acs_clsqrtn_2opt_q0sched,17,916.2650697244251,16.87054460770728,0.0836572500411421,True,87a65c0,5,15,best,30,1.0,True,0.7,0.95,0.1,784.0
A-n32-k5,acs_clsqrtn_2opt_q0sched,18,993.1474919665606,26.676976016142927,0.08269129088148475,True,87a65c0,5,15,best,30,1.0,True,0.7,0.95,0.1,784.0
A-n32-k5,acs_clsqrtn_2opt_q0sched,19,914.7339968110416,16.67525469528592,0.08551766606979072,True,87a65c0,5,15,best,30,1.0,True,0.7,0.95,0.1,784.0
A-n32-k5,acs_clsqrtn_2opt_q0sched,20,916.1445578935411,16.855173200706773,0.08382624993100762,True,87a65c0,5,15,best,30,1.0,True,0.7,0.95,0.1,784.0
A-n32-k5,acs_clsqrtn_2opt_q0sched,21,983.0317069840711,25.386697319396824,0.08591137500479817,True,87a65c0,5,15,best,30,1.0,True,0.7,0.95,0.1,784.0
A-n32-k5,acs_clsqrtn_2opt_q0sched,22,914.6134849801576,16.659883288285414,0.08921920787543058,True,87a65c0,5,15,best,30,1.0,True,0.7,0.95,0.1,784.0
A-n32-k5,acs_clsqrtn_2opt_q0sched,23,1009.87959583167,28.811172937713014,0.11250945809297264,True,87a65c0,5,15,best,30,1.0,True,0.7,0.95,0.1,784.0
A-n32-k5,acs_clsqrtn_2opt_q0sched,24,1000.4159827791643,27.6040794361179,0.08287987508811057,True,87a65c0,5,15,best,30,1.0,True,0.7,0.95,0.1,784.0
A-n32-k5,acs_clsqrtn_2opt_q0sched,25,965.8854943720862,23.199680404602834,0.08698212495073676,True,87a65c0,5,15,best,30,1.0,True,0.7,0.95,0.1,784.0
A-n32-k5,acs_clsqrtn_2opt_q0sched,26,916.2650697244251,16.87054460770728,0.08418904105201364,True,87a65c0,5,15,best,30,1.0,True,0.7,0.95,0.1,784.0
A-n32-k5,acs_clsqrtn_2opt_q0sched,27,1008.3485229182866,28.615883025291655,0.08331616595387459,True,87a65c0,5,15,best,30,1.0,True,0.7,0.95,0.1,784.0
A-n32-k5,acs_clsqrtn_2opt_q0sched,28,1000.4159827791643,27.6040794361179,0.08789637498557568,True,87a65c0,5,15,best,30,1.0,True,0.7,0.95,0.1,784.0
A-n32-k5,acs_clsqrtn_2opt_q0sched,29,1000.4159827791643,27.6040794361179,0.08852241700515151,True,87a65c0,5,15,best,30,1.0,True,0.7,0.95,0.1,784.0
A-n32-k5,acs_nocl_2opt_q0sched,0,960.1218512167459,22.46452183887065,0.11043866700492799,True,87a65c0,5,0,best,30,1.0,True,0.7,0.95,0.1,784.0
A-n32-k5,acs_nocl_2opt_q0sched,1,994.2102296960304,26.81252929796306,0.10779837495647371,True,87a65c0,5,0,best,30,1.0,True,0.7,0.95,0.1,784.0
A-n32-k5,acs_nocl_2opt_q0sched,2,999.0578463158499,27.430847744368613,0.10634970781393349,True,87a65c0,5,0,best,30,1.0,True,0.7,0.95,0.1,784.0
A-n32-k5,acs_nocl_2opt_q0sched,3,930.2048930643898,18.648583299029312,0.10683783399872482,True,87a65c0,5,0,best,30,1.0,True,0.7,0.95,0.1,784.0
A-n32-k5,acs_nocl_2opt_q0sched,4,1023.1527591090039,30.504178457781112,0.10563145787455142,True,87a65c0,5,0,best,30,1.0,True,0.7,0.95,0.1,784.0
A-n32-k5,acs_nocl_2opt_q0sched,5,1009.6168656416521,28.777661433884198,0.14097545808181167,True,87a65c0,5,0,best,30,1.0,True,0.7,0.95,0.1,784.0
A-n32-k5,acs_nocl_2opt_q0sched,6,1004.7962013280586,28.16278078164013,0.10712054185569286,True,87a65c0,5,0,best,30,1.0,True,0.7,0.95,0.1,784.0
A-n32-k5,acs_nocl_2opt_q0sched,7,963.0573528539737,22.838948068108895,0.11031450005248189,True,87a65c0,5,0,best,30,1.0,True,0.7,0.95,0.1,784.0
A-n32-k5,acs_nocl_2opt_q0sched,8,948.3671332545736,20.9651955681854,0.10717658302746713,True,87a65c0,5,0,best,30,1.0,True,0.7,0.95,0.1,784.0
A-n32-k5,acs_nocl_2opt_q0sched,9,859.2804246396544,9.60209497954775,0.10696025006473064,True,87a65c0,5,0,best,30,1.0,True,0.7,0.95,0.1,784.0
A-n32-k5,acs_nocl_2opt_q0sched,10,984.0882119870515,25.521455610593307,0.10736016579903662,True,87a65c0,5,0,best,30,1.0,True,0.7,0.95,0.1,784.0
A-n32-k5,acs_nocl_2opt_q0sched,11,956.5671444309824,22.01111536109469,0.10731312516145408,True,87a65c0,5,0,best,30,1.0,True,0.7,0.95,0.1,784.0
A-n32-k5,acs_nocl_2opt_q0sched,12,930.9600493989963,18.744904260076055,0.10622054198756814,True,87a65c0,5,0,best,30,1.0,True,0.7,0.95,0.1,784.0
A-n32-k5,acs_nocl_2opt_q0sched,13,993.109953706296,26.672187972741835,0.10624899994581938,True,87a65c0,5,0,best,30,1.0,True,0.7,0.95,0.1,784.0
A-n32-k5,acs_nocl_2opt_q0sched,14,1005.2067418613811,28.21514564558433,0.1059492090716958,True,87a65c0,5,0,best,30,1.0,True,0.7,0.95,0.1,784.0
A-n32-k5,acs_nocl_2opt_q0sched,15,990.5844567003846,26.350058252600085,0.10583704197779298,True,87a65c0,5,0,best,30,1.0,True,0.7,0.95,0.1,784.0
A-n32-k5,acs_nocl_2opt_q0sched,16,1008.0857927282686,28.582371521462836,0.10823550005443394,True,87a65c0,5,0,best,30,1.0,True,0.7,0.95,0.1,784.0
A-n32-k5,acs_nocl_2opt_q0sched,17,992.1155296137681,26.545348165021444,0.10465008299797773,True,87a65c0,5,0,best,30,1.0,True,0.7,0.95,0.1,784.0
A-n32-k5,acs_nocl_2opt_q0sched,18,929.5570836027564,18.565954541167905,0.14790050010196865,True,87a65c0,5,0,best,30,1.0,True,0.7,0.95,0.1,784.0
A-n32-k5,acs_nocl_2opt_q0sched,19,907.8719810842118,15.799997587271916,0.10670000012032688,True,87a65c0,5,0,best,30,1.0,True,0.7,0.95,0.1,784.0
A-n32-k5,acs_nocl_2opt_q0sched,20,968.9715760880848,23.59331327654143,0.10829708399251103,True,87a65c0,5,0,best,30,1.0,True,0.7,0.95,0.1,784.0
A-n32-k5,acs_nocl_2opt_q0sched,21,926.3032973409277,18.150930783281588,0.10547537519596517,True,87a65c0,5,0,best,30,1.0,True,0.7,0.95,0.1,784.0
A-n32-k5,acs_nocl_2opt_q0sched,22,908.4594936801632,15.874935418388162,0.10586037510074675,True,87a65c0,5,0,best,30,1.0,True,0.7,0.95,0.1,784.0
A-n32-k5,acs_nocl_2opt_q0sched,23,955.4836164563997,21.872910262295875,0.10547862504608929,True,87a65c0,5,0,best,30,1.0,True,0.7,0.95,0.1,784.0
A-n32-k5,acs_nocl_2opt_q0sched,24,846.8283703885876,8.013822753646375,0.1067776249255985,True,87a65c0,5,0,best,30,1.0,True,0.7,0.95,0.1,784.0
A-n32-k5,acs_nocl_2opt_q0sched,25,1008.7007966144536,28.660815894700708,0.10627108300104737,True,87a65c0,5,0,best,30,1.0,True,0.7,0.95,0.1,784.0
A-n32-k5,acs_nocl_2opt_q0sched,26,973.1320835628512,24.123990250363676,0.10669662500731647,True,87a65c0,5,0,best,30,1.0,True,0.7,0.95,0.1,784.0
A-n32-k5,acs_nocl_2opt_q0sched,27,1005.1538553115515,28.208399912187694,0.10638245800510049,True,87a65c0,5,0,best,30,1.0,True,0.7,0.95,0.1,784.0
A-n32-k5,acs_nocl_2opt_q0sched,28,916.2650697244251,16.87054460770728,0.10624358290806413,True,87a65c0,5,0,best,30,1.0,True,0.7,0.95,0.1,784.0
A-n32-k5,acs_nocl_2opt_q0sched,29,1008.3485229182866,28.615883025291655,0.10639883298426867,True,87a65c0,5,0,best,30,1.0,True,0.7,0.95,0.1,784.0
A-n34-k5,acs_baseline,0,870.9092579318069,11.942064001517597,0.1414072911720723,True,87a65c0,5,0,none,0,0.0,False,0.7,0.95,0.1,778.0
A-n34-k5,acs_baseline,1,882.7271948928995,13.461079035077061,0.1047684580553323,True,87a65c0,5,0,none,0,0.0,False,0.7,0.95,0.1,778.0
A-n34-k5,acs_baseline,2,886.6552438980714,13.965969652708404,0.10392262483946979,True,87a65c0,5,0,none,0,0.0,False,0.7,0.95,0.1,778.0
A-n34-k5,acs_baseline,3,886.6552438980714,13.965969652708404,0.10443512490019202,True,87a65c0,5,0,none,0,0.0,False,0.7,0.95,0.1,778.0
A-n34-k5,acs_baseline,4,886.6552438980714,13.965969652708404,0.10651920805685222,True,87a65c0,5,0,none,0,0.0,False,0.7,0.95,0.1,778.0
A-n34-k5,acs_baseline,5,886.6552438980714,13.965969652708404,0.10688370792195201,True,87a65c0,5,0,none,0,0.0,False,0.7,0.95,0.1,778.0
A-n34-k5,acs_baseline,6,875.3322254723083,12.510568826774849,0.10519241681322455,True,87a65c0,5,0,none,0,0.0,False,0.7,0.95,0.1,778.0
A-n34-k5,acs_baseline,7,874.4882905595938,12.402093902261413,0.10589066706597805,True,87a65c0,5,0,none,0,0.0,False,0.7,0.95,0.1,778.0
A-n34-k5,acs_baseline,8,882.032043223362,13.371727920740623,0.10497137485072017,True,87a65c0,5,0,none,0,0.0,False,0.7,0.95,0.1,778.0
A-n34-k5,acs_baseline,9,877.3909218527311,12.775182757420456,0.10597870801575482,True,87a65c0,5,0,none,0,0.0,False,0.7,0.95,0.1,778.0
A-n34-k5,acs_baseline,10,874.4882905595938,12.402093902261413,0.10585149982944131,True,87a65c0,5,0,none,0,0.0,False,0.7,0.95,0.1,778.0
A-n34-k5,acs_baseline,11,871.7061367691886,12.0444905872993,0.10569295799359679,True,87a65c0,5,0,none,0,0.0,False,0.7,0.95,0.1,778.0
A-n34-k5,acs_baseline,12,875.3322254723082,12.510568826774835,0.14279095781967044,True,87a65c0,5,0,none,0,0.0,False,0.7,0.95,0.1,778.0
A-n34-k5,acs_baseline,13,879.3460679216146,13.026486879384908,0.1496257500257343,True,87a65c0,5,0,none,0,0.0,False,0.7,0.95,0.1,778.0
A-n34-k5,acs_baseline,14,875.3322254723082,12.510568826774835,0.10504429182037711,True,87a65c0,5,0,none,0,0.0,False,0.7,0.95,0.1,778.0
A-n34-k5,acs_baseline,15,879.3460679216147,13.02648687938492,0.10530487494543195,True,87a65c0,5,0,none,0,0.0,False,0.7,0.95,0.1,778.0
A-n34-k5,acs_baseline,16,870.0231987118328,11.828174641623757,0.10582341579720378,True,87a65c0,5,0,none,0,0.0,False,0.7,0.95,0.1,778.0
A-n34-k5,acs_baseline,17,876.6022857102323,12.673815643988728,0.1071712498087436,True,87a65c0,5,0,none,0,0.0,False,0.7,0.95,0.1,778.0
A-n34-k5,acs_baseline,18,888.3770569623348,14.187282385904215,0.10649704188108444,True,87a65c0,5,0,none,0,0.0,False,0.7,0.95,0.1,778.0
A-n34-k5,acs_baseline,19,869.8650898848844,11.807852170293618,0.10655499994754791,True,87a65c0,5,0,none,0,0.0,False,0.7,0.95,0.1,778.0
A-n34-k5,acs_baseline,20,881.9812926464957,13.365204710346493,0.10532929119654,True,87a65c0,5,0,none,0,0.0,False,0.7,0.95,0.1,778.0
A-n34-k5,acs_baseline,21,879.6996992006913,13.071940771297077,0.10588016593828797,True,87a65c0,5,0,none,0,0.0,False,0.7,0.95,0.1,778.0
A-n34-k5,acs_baseline,22,882.7271948928995,13.461079035077061,0.10749645787291229,True,87a65c0,5,0,none,0,0.0,False,0.7,0.95,0.1,778.0
A-n34-k5,acs_baseline,23,887.6516833880387,14.094046707974126,0.10575879109092057,True,87a65c0,5,0,none,0,0.0,False,0.7,0.95,0.1,778.0
A-n34-k5,acs_baseline,24,887.9006510427425,14.12604769186922,0.10519220912829041,True,87a65c0,5,0,none,0,0.0,False,0.7,0.95,0.1,778.0
A-n34-k5,acs_baseline,25,882.4114374950997,13.42049325129816,0.1362843750976026,True,87a65c0,5,0,none,0,0.0,False,0.7,0.95,0.1,778.0
A-n34-k5,acs_baseline,26,872.2810888973813,12.118391889123563,0.10448008286766708,True,87a65c0,5,0,none,0,0.0,False,0.7,0.95,0.1,778.0
A-n34-k5,acs_baseline,27,886.6552438980714,13.965969652708404,0.10472150007262826,True,87a65c0,5,0,none,0,0.0,False,0.7,0.95,0.1,778.0
A-n34-k5,acs_baseline,28,874.4882905595938,12.402093902261413,0.10358345811255276,True,87a65c0,5,0,none,0,0.0,False,0.7,0.95,0.1,778.0
A-n34-k5,acs_baseline,29,870.9092579318069,11.942064001517597,0.10544483386911452,True,87a65c0,5,0,none,0,0.0,False,0.7,0.95,0.1,778.0
A-n34-k5,acs_cl15,0,875.6592919295624,12.552608217167405,0.0887828751001507,True,87a65c0,5,15,none,0,0.0,False,0.7,0.95,0.1,778.0
A-n34-k5,acs_cl15,1,884.8639065650515,13.735720638181423,0.08921404206193984,True,87a65c0,5,15,none,0,0.0,False,0.7,0.95,0.1,778.0
A-n34-k5,acs_cl15,2,879.3425671453672,13.026036908144883,0.08867025002837181,True,87a65c0,5,15,none,0,0.0,False,0.7,0.95,0.1,778.0
A-n34-k5,acs_cl15,3,886.6552438980714,13.965969652708404,0.08901966596022248,True,87a65c0,5,15,none,0,0.0,False,0.7,0.95,0.1,778.0
A-n34-k5,acs_cl15,4,874.4882905595938,12.402093902261413,0.08825991698540747,True,87a65c0,5,15,none,0,0.0,False,0.7,0.95,0.1,778.0
A-n34-k5,acs_cl15,5,874.4882905595938,12.402093902261413,0.08888420811854303,True,87a65c0,5,15,none,0,0.0,False,0.7,0.95,0.1,778.0
A-n34-k5,acs_cl15,6,883.0291578221982,13.499891750925213,0.09016650007106364,True,87a65c0,5,15,none,0,0.0,False,0.7,0.95,0.1,778.0
A-n34-k5,acs_cl15,7,869.728552632838,11.79030239496633,0.12228274997323751,True,87a65c0,5,15,none,0,0.0,False,0.7,0.95,0.1,778.0
A-n34-k5,acs_cl15,8,874.4882905595938,12.402093902261413,0.0944111249409616,True,87a65c0,5,15,none,0,0.0,False,0.7,0.95,0.1,778.0
A-n34-k5,acs_cl15,9,887.9006510427425,14.12604769186922,0.08786787488497794,True,87a65c0,5,15,none,0,0.0,False,0.7,0.95,0.1,778.0
A-n34-k5,acs_cl15,10,886.6552438980714,13.965969652708404,0.08766454202122986,True,87a65c0,5,15,none,0,0.0,False,0.7,0.95,0.1,778.0
A-n34-k5,acs_cl15,11,886.6552438980714,13.965969652708404,0.08806129195727408,True,87a65c0,5,15,none,0,0.0,False,0.7,0.95,0.1,778.0
A-n34-k5,acs_cl15,12,886.6552438980714,13.965969652708404,0.08729887497611344,True,87a65c0,5,15,none,0,0.0,False,0.7,0.95,0.1,778.0
A-n34-k5,acs_cl15,13,880.1861759049038,13.134469910656021,0.08773154206573963,True,87a65c0,5,15,none,0,0.0,False,0.7,0.95,0.1,778.0
A-n34-k5,acs_cl15,14,887.9006510427425,14.12604769186922,0.089468790916726,True,87a65c0,5,15,none,0,0.0,False,0.7,0.95,0.1,778.0
A-n34-k5,acs_cl15,15,874.4882905595938,12.402093902261413,0.08957024989649653,True,87a65c0,5,15,none,0,0.0,False,0.7,0.95,0.1,778.0
A-n34-k5,acs_cl15,16,874.4882905595938,12.402093902261413,0.08863166696392,True,87a65c0,5,15,none,0,0.0,False,0.7,0.95,0.1,778.0
A-n34-k5,acs_cl15,17,874.4882905595938,12.402093902261413,0.08781120902858675,True,87a65c0,5,15,none,0,0.0,False,0.7,0.95,0.1,778.0
A-n34-k5,acs_cl15,18,874.4882905595938,12.402093902261413,0.08796016708947718,True,87a65c0,5,15,none,0,0.0,False,0.7,0.95,0.1,778.0
A-n34-k5,acs_cl15,19,875.6592919295624,12.552608217167405,0.08929766714572906,True,87a65c0,5,15,none,0,0.0,False,0.7,0.95,0.1,778.0
A-n34-k5,acs_cl15,20,882.7271948928994,13.461079035077047,0.12146408413536847,True,87a65c0,5,15,none,0,0.0,False,0.7,0.95,0.1,778.0
A-n34-k5,acs_cl15,21,886.6552438980714,13.965969652708404,0.08853062498383224,True,87a65c0,5,15,none,0,0.0,False,0.7,0.95,0.1,778.0
A-n34-k5,acs_cl15,22,886.6552438980714,13.965969652708404,0.0874606252182275,True,87a65c0,5,15,none,0,0.0,False,0.7,0.95,0.1,778.0
A-n34-k5,acs_cl15,23,879.6996992006913,13.071940771297077,0.08684891695156693,True,87a65c0,5,15,none,0,0.0,False,0.7,0.95,0.1,778.0
A-n34-k5,acs_cl15,24,872.2810888973813,12.118391889123563,0.08762912498787045,True,87a65c0,5,15,none,0,0.0,False,0.7,0.95,0.1,778.0
A-n34-k5,acs_cl15,25,874.4882905595938,12.402093902261413,0.0876705409027636,True,87a65c0,5,15,none,0,0.0,False,0.7,0.95,0.1,778.0
A-n34-k5,acs_cl15,26,887.9006510427425,14.12604769186922,0.08756199991330504,True,87a65c0,5,15,none,0,0.0,False,0.7,0.95,0.1,778.0
A-n34-k5,acs_cl15,27,874.4882905595938,12.402093902261413,0.08785258303396404,True,87a65c0,5,15,none,0,0.0,False,0.7,0.95,0.1,778.0
A-n34-k5,acs_cl15,28,884.1098558930286,13.638798957972822,0.08746412512846291,True,87a65c0,5,15,none,0,0.0,False,0.7,0.95,0.1,778.0
A-n34-k5,acs_cl15,29,887.9006510427425,14.12604769186922,0.08781745797023177,True,87a65c0,5,15,none,0,0.0,False,0.7,0.95,0.1,778.0
A-n34-k5,acs_cl15_ls2opt_fixed,0,830.4315927075738,6.739279268325685,0.0972502080257982,True,87a65c0,5,15,best,30,1.0,False,0.7,0.95,0.1,778.0
A-n34-k5,acs_cl15_ls2opt_fixed,1,838.1097451701912,7.72618832521738,0.09832179197110236,True,87a65c0,5,15,best,30,1.0,False,0.7,0.95,0.1,778.0
A-n34-k5,acs_cl15_ls2opt_fixed,2,841.4165037912867,8.15122156700343,0.09799275011755526,True,87a65c0,5,15,best,30,1.0,False,0.7,0.95,0.1,778.0
A-n34-k5,acs_cl15_ls2opt_fixed,3,841.3410312876506,8.141520731060488,0.13394962484017015,True,87a65c0,5,15,best,30,1.0,False,0.7,0.95,0.1,778.0
A-n34-k5,acs_cl15_ls2opt_fixed,4,838.1097451701912,7.72618832521738,0.10791337490081787,True,87a65c0,5,15,best,30,1.0,False,0.7,0.95,0.1,778.0
A-n34-k5,acs_cl15_ls2opt_fixed,5,841.4165037912867,8.15122156700343,0.10353516601026058,True,87a65c0,5,15,best,30,1.0,False,0.7,0.95,0.1,778.0
A-n34-k5,acs_cl15_ls2opt_fixed,6,841.4165037912867,8.15122156700343,0.10041304188780487,True,87a65c0,5,15,best,30,1.0,False,0.7,0.95,0.1,778.0
A-n34-k5,acs_cl15_ls2opt_fixed,7,841.4165037912867,8.15122156700343,0.09884787513874471,True,87a65c0,5,15,best,30,1.0,False,0.7,0.95,0.1,778.0
A-n34-k5,acs_cl15_ls2opt_fixed,8,841.4165037912867,8.15122156700343,0.09784633293747902,True,87a65c0,5,15,best,30,1.0,False,0.7,0.95,0.1,778.0
A-n34-k5,acs_cl15_ls2opt_fixed,9,841.4165037912867,8.15122156700343,0.09773970791138709,True,87a65c0,5,15,best,30,1.0,False,0.7,0.95,0.1,778.0
A-n34-k5,acs_cl15_ls2opt_fixed,10,841.4165037912867,8.15122156700343,0.09699004096910357,True,87a65c0,5,15,best,30,1.0,False,0.7,0.95,0.1,778.0
A-n34-k5,acs_cl15_ls2opt_fixed,11,841.4165037912867,8.15122156700343,0.09768683300353587,True,87a65c0,5,15,best,30,1.0,False,0.7,0.95,0.1,778.0
A-n34-k5,acs_cl15_ls2opt_fixed,12,837.4884547861147,7.646330949372075,0.09735108399763703,True,87a65c0,5,15,best,30,1.0,False,0.7,0.95,0.1,778.0
A-n34-k5,acs_cl15_ls2opt_fixed,13,841.4165037912867,8.15122156700343,0.09816087502986193,True,87a65c0,5,15,best,30,1.0,False,0.7,0.95,0.1,778.0
A-n34-k5,acs_cl15_ls2opt_fixed,14,843.415450664183,8.408155612362856,0.09967054193839431,True,87a65c0,5,15,best,30,1.0,False,0.7,0.95,0.1,778.0
A-n34-k5,acs_cl15_ls2opt_fixed,15,841.4165037912867,8.15122156700343,0.13168754195794463,True,87a65c0,5,15,best,30,1.0,False,0.7,0.95,0.1,778.0
A-n34-k5,acs_cl15_ls2opt_fixed,16,830.4315927075738,6.739279268325685,0.09796070796437562,True,87a65c0,5,15,best,30,1.0,False,0.7,0.95,0.1,778.0
A-n34-k5,acs_cl15_ls2opt_fixed,17,832.3561230132254,6.9866482022140675,0.09818487497977912,True,87a65c0,5,15,best,30,1.0,False,0.7,0.95,0.1,778.0
A-n34-k5,acs_cl15_ls2opt_fixed,18,837.4884547861145,7.646330949372046,0.09823037497699261,True,87a65c0,5,15,best,30,1.0,False,0.7,0.95,0.1,778.0
A-n34-k5,acs_cl15_ls2opt_fixed,19,838.1097451701912,7.72618832521738,0.09812679188326001,True,87a65c0,5,15,best,30,1.0,False,0.7,0.95,0.1,778.0
A-n34-k5,acs_cl15_ls2opt_fixed,20,837.4884547861147,7.646330949372075,0.09948866604827344,True,87a65c0,5,15,best,30,1.0,False,0.7,0.95,0.1,778.0
A-n34-k5,acs_cl15_ls2opt_fixed,21,837.4884547861145,7.646330949372046,0.09738916717469692,True,87a65c0,5,15,best,30,1.0,False,0.7,0.95,0.1,778.0
A-n34-k5,acs_cl15_ls2opt_fixed,22,841.4165037912867,8.15122156700343,0.09814370889216661,True,87a65c0,5,15,best,30,1.0,False,0.7,0.95,0.1,778.0
A-n34-k5,acs_cl15_ls2opt_fixed,23,832.3561230132254,6.9866482022140675,0.09855704195797443,True,87a65c0,5,15,best,30,1.0,False,0.7,0.95,0.1,778.0
A-n34-k5,acs_cl15_ls2opt_fixed,24,832.3561230132254,6.9866482022140675,0.09746395796537399,True,87a65c0,5,15,best,30,1.0,False,0.7,0.95,0.1,778.0
A-n34-k5,acs_cl15_ls2opt_fixed,25,841.3410312876506,8.141520731060488,0.09944899985566735,True,87a65c0,5,15,best,30,1.0,False,0.7,0.95,0.1,778.0
A-n34-k5,acs_cl15_ls2opt_fixed,26,843.415450664183,8.408155612362856,0.09806383401155472,True,87a65c0,5,15,best,30,1.0,False,0.7,0.95,0.1,778.0
A-n34-k5,acs_cl15_ls2opt_fixed,27,841.4165037912867,8.15122156700343,0.09646129189059138,True,87a65c0,5,15,best,30,1.0,False,0.7,0.95,0.1,778.0
A-n34-k5,acs_cl15_ls2opt_fixed,28,842.2534791366677,8.258801945587107,0.09800604195334017,True,87a65c0,5,15,best,30,1.0,False,0.7,0.95,0.1,778.0
A-n34-k5,acs_cl15_ls2opt_fixed,29,842.2534791366677,8.258801945587107,0.12830491713248193,True,87a65c0,5,15,best,30,1.0,False,0.7,0.95,0.1,778.0
A-n34-k5,acs_cl15_ls2opt_fixed_q0sched,0,841.3410312876506,8.141520731060488,0.10327795892953873,True,87a65c0,5,15,best,30,1.0,True,0.7,0.95,0.1,778.0
A-n34-k5,acs_cl15_ls2opt_fixed_q0sched,1,841.4165037912867,8.15122156700343,0.10269020916894078,True,87a65c0,5,15,best,30,1.0,True,0.7,0.95,0.1,778.0
A-n34-k5,acs_cl15_ls2opt_fixed_q0sched,2,841.4165037912867,8.15122156700343,0.10501233395189047,True,87a65c0,5,15,best,30,1.0,True,0.7,0.95,0.1,778.0
A-n34-k5,acs_cl15_ls2opt_fixed_q0sched,3,841.4165037912867,8.15122156700343,0.1490835000295192,True,87a65c0,5,15,best,30,1.0,True,0.7,0.95,0.1,778.0
A-n34-k5,acs_cl15_ls2opt_fixed_q0sched,4,841.4165037912867,8.15122156700343,0.10134620894677937,True,87a65c0,5,15,best,30,1.0,True,0.7,0.95,0.1,778.0
A-n34-k5,acs_cl15_ls2opt_fixed_q0sched,5,841.4165037912867,8.15122156700343,0.10135120805352926,True,87a65c0,5,15,best,30,1.0,True,0.7,0.95,0.1,778.0
A-n34-k5,acs_cl15_ls2opt_fixed_q0sched,6,843.415450664183,8.408155612362856,0.10369954188354313,True,87a65c0,5,15,best,30,1.0,True,0.7,0.95,0.1,778.0
A-n34-k5,acs_cl15_ls2opt_fixed_q0sched,7,845.7202580349212,8.704403346390906,0.10186225012876093,True,87a65c0,5,15,best,30,1.0,True,0.7,0.95,0.1,778.0
A-n34-k5,acs_cl15_ls2opt_fixed_q0sched,8,837.4884547861147,7.646330949372075,0.10176641610451043,True,87a65c0,5,15,best,30,1.0,True,0.7,0.95,0.1,778.0
A-n34-k5,acs_cl15_ls2opt_fixed_q0sched,9,836.5009566239723,7.519403165035006,0.1024935410823673,True,87a65c0,5,15,best,30,1.0,True,0.7,0.95,0.1,778.0
A-n34-k5,acs_cl15_ls2opt_fixed_q0sched,10,838.1097451701912,7.72618832521738,0.1353220420423895,True,87a65c0,5,15,best,30,1.0,True,0.7,0.95,0.1,778.0
A-n34-k5,acs_cl15_ls2opt_fixed_q0sched,11,832.3561230132254,6.9866482022140675,0.10394962481223047,True,87a65c0,5,15,best,30,1.0,True,0.7,0.95,0.1,778.0
A-n34-k5,acs_cl15_ls2opt_fixed_q0sched,12,837.4884547861145,7.646330949372046,0.10410720808431506,True,87a65c0,5,15,best,30,1.0,True,0.7,0.95,0.1,778.0
A-n34-k5,acs_cl15_ls2opt_fixed_q0sched,13,836.5009566239723,7.519403165035006,0.10258945892564952,True,87a65c0,5,15,best,30,1.0,True,0.7,0.95,0.1,778.0
A-n34-k5,acs_cl15_ls2opt_fixed_q0sched,14,845.7202580349212,8.704403346390906,0.10188450012356043,True,87a65c0,5,15,best,30,1.0,True,0.7,0.95,0.1,778.0
A-n34-k5,acs_cl15_ls2opt_fixed_q0sched,15,841.4165037912867,8.15122156700343,0.10295512480661273,True,87a65c0,5,15,best,30,1.0,True,0.7,0.95,0.1,778.0
A-n34-k5,acs_cl15_ls2opt_fixed_q0sched,16,841.3410312876506,8.141520731060488,0.10310308309271932,True,87a65c0,5,15,best,30,1.0,True,0.7,0.95,0.1,778.0
A-n34-k5,acs_cl15_ls2opt_fixed_q0sched,17,841.4165037912867,8.15122156700343,0.10400495817884803,True,87a65c0,5,15,best,30,1.0,True,0.7,0.95,0.1,778.0
A-n34-k5,acs_cl15_ls2opt_fixed_q0sched,18,832.4380617946013,6.99718017925466,0.10380979208275676,True,87a65c0,5,15,best,30,1.0,True,0.7,0.95,0.1,778.0
A-n34-k5,acs_cl15_ls2opt_fixed_q0sched,19,832.3561230132254,6.9866482022140675,0.10351008409634233,True,87a65c0,5,15,best,30,1.0,True,0.7,0.95,0.1,778.0
A-n34-k5,acs_cl15_ls2opt_fixed_q0sched,20,841.4165037912867,8.15122156700343,0.10346499993465841,True,87a65c0,5,15,best,30,1.0,True,0.7,0.95,0.1,778.0
A-n34-k5,acs_cl15_ls2opt_fixed_q0sched,21,837.4884547861147,7.646330949372075,0.1024167079012841,True,87a65c0,5,15,best,30,1.0,True,0.7,0.95,0.1,778.0
A-n34-k5,acs_cl15_ls2opt_fixed_q0sched,22,841.4165037912867,8.15122156700343,0.13355879206210375,True,87a65c0,5,15,best,30,1.0,True,0.7,0.95,0.1,778.0
A-n34-k5,acs_cl15_ls2opt_fixed_q0sched,23,830.4315927075738,6.739279268325685,0.10109512507915497,True,87a65c0,5,15,best,30,1.0,True,0.7,0.95,0.1,778.0
A-n34-k5,acs_cl15_ls2opt_fixed_q0sched,24,841.4165037912867,8.15122156700343,0.10216941614635289,True,87a65c0,5,15,best,30,1.0,True,0.7,0.95,0.1,778.0
A-n34-k5,acs_cl15_ls2opt_fixed_q0sched,25,841.4165037912867,8.15122156700343,0.10159737500362098,True,87a65c0,5,15,best,30,1.0,True,0.7,0.95,0.1,778.0
A-n34-k5,acs_cl15_ls2opt_fixed_q0sched,26,841.4165037912867,8.15122156700343,0.10115958307869732,True,87a65c0,5,15,best,30,1.0,True,0.7,0.95,0.1,778.0
A-n34-k5,acs_cl15_ls2opt_fixed_q0sched,27,841.3410312876506,8.141520731060488,0.10290266596712172,True,87a65c0,5,15,best,30,1.0,True,0.7,0.95,0.1,778.0
A-n34-k5,acs_cl15_ls2opt_fixed_q0sched,28,830.2220598127839,6.712347019638029,0.10411274991929531,True,87a65c0,5,15,best,30,1.0,True,0.7,0.95,0.1,778.0
A-n34-k5,acs_cl15_ls2opt_fixed_q0sched,29,841.4165037912867,8.15122156700343,0.1020365827716887,True,87a65c0,5,15,best,30,1.0,True,0.7,0.95,0.1,778.0
A-n34-k5,acs_clsqrtn_2opt_q0sched,0,842.2534791366677,8.258801945587107,0.0930479581002146,True,87a65c0,5,15,best,30,1.0,True,0.7,0.95,0.1,778.0
A-n34-k5,acs_clsqrtn_2opt_q0sched,1,839.4445379507308,7.897755520659489,0.09223041590303183,True,87a65c0,5,15,best,30,1.0,True,0.7,0.95,0.1,778.0
A-n34-k5,acs_clsqrtn_2opt_q0sched,2,841.4165037912867,8.15122156700343,0.09071104205213487,True,87a65c0,5,15,best,30,1.0,True,0.7,0.95,0.1,778.0
A-n34-k5,acs_clsqrtn_2opt_q0sched,3,841.4165037912867,8.15122156700343,0.0894544159527868,True,87a65c0,5,15,best,30,1.0,True,0.7,0.95,0.1,778.0
A-n34-k5,acs_clsqrtn_2opt_q0sched,4,841.4165037912867,8.15122156700343,0.11945141712203622,True,87a65c0,5,15,best,30,1.0,True,0.7,0.95,0.1,778.0
A-n34-k5,acs_clsqrtn_2opt_q0sched,5,841.4165037912867,8.15122156700343,0.09152191691100597,True,87a65c0,5,15,best,30,1.0,True,0.7,0.95,0.1,778.0
A-n34-k5,acs_clsqrtn_2opt_q0sched,6,841.4165037912867,8.15122156700343,0.09059849986806512,True,87a65c0,5,15,best,30,1.0,True,0.7,0.95,0.1,778.0
A-n34-k5,acs_clsqrtn_2opt_q0sched,7,841.4165037912867,8.15122156700343,0.09301095898263156,True,87a65c0,5,15,best,30,1.0,True,0.7,0.95,0.1,778.0
A-n34-k5,acs_clsqrtn_2opt_q0sched,8,841.4165037912867,8.15122156700343,0.09143137512728572,True,87a65c0,5,15,best,30,1.0,True,0.7,0.95,0.1,778.0
A-n34-k5,acs_clsqrtn_2opt_q0sched,9,841.4165037912867,8.15122156700343,0.09070724993944168,True,87a65c0,5,15,best,30,1.0,True,0.7,0.95,0.1,778.0
A-n34-k5,acs_clsqrtn_2opt_q0sched,10,842.2534791366677,8.258801945587107,0.09187412518076599,True,87a65c0,5,15,best,30,1.0,True,0.7,0.95,0.1,778.0
A-n34-k5,acs_clsqrtn_2opt_q0sched,11,841.4165037912867,8.15122156700343,0.08908541616983712,True,87a65c0,5,15,best,30,1.0,True,0.7,0.95,0.1,778.0
A-n34-k5,acs_clsqrtn_2opt_q0sched,12,841.4165037912867,8.15122156700343,0.0900765829719603,True,87a65c0,5,15,best,30,1.0,True,0.7,0.95,0.1,778.0
A-n34-k5,acs_clsqrtn_2opt_q0sched,13,841.4165037912867,8.15122156700343,0.08933379198424518,True,87a65c0,5,15,best,30,1.0,True,0.7,0.95,0.1,778.0
A-n34-k5,acs_clsqrtn_2opt_q0sched,14,837.4884547861147,7.646330949372075,0.08961904118768871,True,87a65c0,5,15,best,30,1.0,True,0.7,0.95,0.1,778.0
A-n34-k5,acs_clsqrtn_2opt_q0sched,15,841.4165037912867,8.15122156700343,0.08978120796382427,True,87a65c0,5,15,best,30,1.0,True,0.7,0.95,0.1,778.0
A-n34-k5,acs_clsqrtn_2opt_q0sched,16,841.4165037912867,8.15122156700343,0.1201199172064662,True,87a65c0,5,15,best,30,1.0,True,0.7,0.95,0.1,778.0
A-n34-k5,acs_clsqrtn_2opt_q0sched,17,841.4165037912867,8.15122156700343,0.09418191690929234,True,87a65c0,5,15,best,30,1.0,True,0.7,0.95,0.1,778.0
A-n34-k5,acs_clsqrtn_2opt_q0sched,18,841.4165037912867,8.15122156700343,0.09260204108431935,True,87a65c0,5,15,best,30,1.0,True,0.7,0.95,0.1,778.0
A-n34-k5,acs_clsqrtn_2opt_q0sched,19,837.4884547861147,7.646330949372075,0.09118504193611443,True,87a65c0,5,15,best,30,1.0,True,0.7,0.95,0.1,778.0
A-n34-k5,acs_clsqrtn_2opt_q0sched,20,841.4165037912867,8.15122156700343,0.09075341583229601,True,87a65c0,5,15,best,30,1.0,True,0.7,0.95,0.1,778.0
A-n34-k5,acs_clsqrtn_2opt_q0sched,21,841.4165037912867,8.15122156700343,0.09130424982868135,True,87a65c0,5,15,best,30,1.0,True,0.7,0.95,0.1,778.0
A-n34-k5,acs_clsqrtn_2opt_q0sched,22,841.4165037912867,8.15122156700343,0.09190837503410876,True,87a65c0,5,15,best,30,1.0,True,0.7,0.95,0.1,778.0
A-n34-k5,acs_clsqrtn_2opt_q0sched,23,841.4165037912867,8.15122156700343,0.09576450008898973,True,87a65c0,5,15,best,30,1.0,True,0.7,0.95,0.1,778.0
A-n34-k5,acs_clsqrtn_2opt_q0sched,24,841.4165037912867,8.15122156700343,0.09489270788617432,True,87a65c0,5,15,best,30,1.0,True,0.7,0.95,0.1,778.0
A-n34-k5,acs_clsqrtn_2opt_q0sched,25,841.4165037912867,8.15122156700343,0.13055104110389948,True,87a65c0,5,15,best,30,1.0,True,0.7,0.95,0.1,778.0
A-n34-k5,acs_clsqrtn_2opt_q0sched,26,841.4165037912867,8.15122156700343,0.09688204200938344,True,87a65c0,5,15,best,30,1.0,True,0.7,0.95,0.1,778.0
A-n34-k5,acs_clsqrtn_2opt_q0sched,27,841.4165037912867,8.15122156700343,0.08760008309036493,True,87a65c0,5,15,best,30,1.0,True,0.7,0.95,0.1,778.0
A-n34-k5,acs_clsqrtn_2opt_q0sched,28,841.4165037912867,8.15122156700343,0.08774079103022814,True,87a65c0,5,15,best,30,1.0,True,0.7,0.95,0.1,778.0
A-n34-k5,acs_clsqrtn_2opt_q0sched,29,837.4884547861147,7.646330949372075,0.10845595807768404,True,87a65c0,5,15,best,30,1.0,True,0.7,0.95,0.1,778.0
A-n34-k5,acs_nocl_2opt_q0sched,0,832.1300001923657,6.957583572283514,0.11633358313702047,True,87a65c0,5,0,best,30,1.0,True,0.7,0.95,0.1,778.0
A-n34-k5,acs_nocl_2opt_q0sched,1,841.4165037912867,8.15122156700343,0.1608376249205321,True,87a65c0,5,0,best,30,1.0,True,0.7,0.95,0.1,778.0
A-n34-k5,acs_nocl_2opt_q0sched,2,841.4165037912867,8.15122156700343,0.12023391691036522,True,87a65c0,5,0,best,30,1.0,True,0.7,0.95,0.1,778.0
A-n34-k5,acs_nocl_2opt_q0sched,3,837.4884547861147,7.646330949372075,0.11865229182876647,True,87a65c0,5,0,best,30,1.0,True,0.7,0.95,0.1,778.0
A-n34-k5,acs_nocl_2opt_q0sched,4,839.9415335529302,7.9616367034614655,0.11969733308069408,True,87a65c0,5,0,best,30,1.0,True,0.7,0.95,0.1,778.0
A-n34-k5,acs_nocl_2opt_q0sched,5,842.2534791366677,8.258801945587107,0.11711400002241135,True,87a65c0,5,0,best,30,1.0,True,0.7,0.95,0.1,778.0
A-n34-k5,acs_nocl_2opt_q0sched,6,828.6276750285356,6.507413242742362,0.11988908308558166,True,87a65c0,5,0,best,30,1.0,True,0.7,0.95,0.1,778.0
A-n34-k5,acs_nocl_2opt_q0sched,7,841.4165037912867,8.15122156700343,0.1189758749678731,True,87a65c0,5,0,best,30,1.0,True,0.7,0.95,0.1,778.0
A-n34-k5,acs_nocl_2opt_q0sched,8,830.1512443199133,6.703244771197083,0.17074274993501604,True,87a65c0,5,0,best,30,1.0,True,0.7,0.95,0.1,778.0
A-n34-k5,acs_nocl_2opt_q0sched,9,841.4165037912867,8.15122156700343,0.1720404999796301,True,87a65c0,5,0,best,30,1.0,True,0.7,0.95,0.1,778.0
A-n34-k5,acs_nocl_2opt_q0sched,10,841.4165037912867,8.15122156700343,0.18542316602542996,True,87a65c0,5,0,best,30,1.0,True,0.7,0.95,0.1,778.0
A-n34-k5,acs_nocl_2opt_q0sched,11,841.4165037912867,8.15122156700343,0.1692990001756698,True,87a65c0,5,0,best,30,1.0,True,0.7,0.95,0.1,778.0
A-n34-k5,acs_nocl_2opt_q0sched,12,841.4165037912867,8.15122156700343,0.15351174981333315,True,87a65c0,5,0,best,30,1.0,True,0.7,0.95,0.1,778.0
A-n34-k5,acs_nocl_2opt_q0sched,13,843.3677221705683,8.402020844546055,0.15186941716820002,True,87a65c0,5,0,best,30,1.0,True,0.7,0.95,0.1,778.0
A-n34-k5,acs_nocl_2opt_q0sched,14,830.4315927075738,6.739279268325685,0.15779750002548099,True,87a65c0,5,0,best,30,1.0,True,0.7,0.95,0.1,778.0
A-n34-k5,acs_nocl_2opt_q0sched,15,841.4165037912867,8.15122156700343,0.14283899986185133,True,87a65c0,5,0,best,30,1.0,True,0.7,0.95,0.1,778.0
A-n34-k5,acs_nocl_2opt_q0sched,16,841.4165037912867,8.15122156700343,0.16734483395703137,True,87a65c0,5,0,best,30,1.0,True,0.7,0.95,0.1,778.0
A-n34-k5,acs_nocl_2opt_q0sched,17,841.4165037912867,8.15122156700343,0.11729258298873901,True,87a65c0,5,0,best,30,1.0,True,0.7,0.95,0.1,778.0
A-n34-k5,acs_nocl_2opt_q0sched,18,832.3561230132254,6.9866482022140675,0.11647670902311802,True,87a65c0,5,0,best,30,1.0,True,0.7,0.95,0.1,778.0
A-n34-k5,acs_nocl_2opt_q0sched,19,841.4165037912867,8.15122156700343,0.11603858298622072,True,87a65c0,5,0,best,30,1.0,True,0.7,0.95,0.1,778.0
A-n34-k5,acs_nocl_2opt_q0sched,20,830.4315927075739,6.7392792683257,0.11565454211086035,True,87a65c0,5,0,best,30,1.0,True,0.7,0.95,0.1,778.0
A-n34-k5,acs_nocl_2opt_q0sched,21,823.9187063415677,5.902147344674513,0.11626741709187627,True,87a65c0,5,0,best,30,1.0,True,0.7,0.95,0.1,778.0
A-n34-k5,acs_nocl_2opt_q0sched,22,841.4165037912867,8.15122156700343,0.11522895912639797,True,87a65c0,5,0,best,30,1.0,True,0.7,0.95,0.1,778.0
A-n34-k5,acs_nocl_2opt_q0sched,23,830.4315927075738,6.739279268325685,0.11456166603602469,True,87a65c0,5,0,best,30,1.0,True,0.7,0.95,0.1,778.0
A-n34-k5,acs_nocl_2opt_q0sched,24,845.7202580349212,8.704403346390906,0.11671316693536937,True,87a65c0,5,0,best,30,1.0,True,0.7,0.95,0.1,778.0
A-n34-k5,acs_nocl_2opt_q0sched,25,823.9187063415677,5.902147344674513,0.11474120803177357,True,87a65c0,5,0,best,30,1.0,True,0.7,0.95,0.1,778.0
A-n34-k5,acs_nocl_2opt_q0sched,26,830.4315927075738,6.739279268325685,0.12199070793576539,True,87a65c0,5,0,best,30,1.0,True,0.7,0.95,0.1,778.0
A-n34-k5,acs_nocl_2opt_q0sched,27,830.4315927075738,6.739279268325685,0.13666675006970763,True,87a65c0,5,0,best,30,1.0,True,0.7,0.95,0.1,778.0
A-n34-k5,acs_nocl_2opt_q0sched,28,830.4315927075739,6.7392792683257,0.14966241689398885,True,87a65c0,5,0,best,30,1.0,True,0.7,0.95,0.1,778.0
A-n34-k5,acs_nocl_2opt_q0sched,29,837.4884547861147,7.646330949372075,0.1213648330885917,True,87a65c0,5,0,best,30,1.0,True,0.7,0.95,0.1,778.0
A-n36-k5,acs_baseline,0,1041.0720099527507,30.296872334511978,0.11166387493722141,True,87a65c0,5,0,none,0,0.0,False,0.7,0.95,0.1,799.0
A-n36-k5,acs_baseline,1,1044.5293494520597,30.729580657329127,0.11226800014264882,True,87a65c0,5,0,none,0,0.0,False,0.7,0.95,0.1,799.0
A-n36-k5,acs_baseline,2,1031.8425660252153,29.14174793807451,0.11044887499883771,True,87a65c0,5,0,none,0,0.0,False,0.7,0.95,0.1,799.0
A-n36-k5,acs_baseline,3,1037.5997288538638,29.86229397420072,0.11107612494379282,True,87a65c0,5,0,none,0,0.0,False,0.7,0.95,0.1,799.0
A-n36-k5,acs_baseline,4,1040.3849145992274,30.210877922306306,0.11016562511213124,True,87a65c0,5,0,none,0,0.0,False,0.7,0.95,0.1,799.0
A-n36-k5,acs_baseline,5,1055.9884372564122,32.163759356246835,0.1094639590010047,True,87a65c0,5,0,none,0,0.0,False,0.7,0.95,0.1,799.0
A-n36-k5,acs_baseline,6,994.9175669275671,24.520346298819415,0.1089106670115143,True,87a65c0,5,0,none,0,0.0,False,0.7,0.95,0.1,799.0
A-n36-k5,acs_baseline,7,1016.0317422972603,27.16292143895623,0.11073029204271734,True,87a65c0,5,0,none,0,0.0,False,0.7,0.95,0.1,799.0
A-n36-k5,acs_baseline,8,1043.1239235434077,30.5536825461086,0.1141684171743691,True,87a65c0,5,0,none,0,0.0,False,0.7,0.95,0.1,799.0
A-n36-k5,acs_baseline,9,1046.0374340400592,30.918327163962356,0.11284566600807011,True,87a65c0,5,0,none,0,0.0,False,0.7,0.95,0.1,799.0
A-n36-k5,acs_baseline,10,1038.7024118023662,30.000301852611543,0.11053891596384346,True,87a65c0,5,0,none,0,0.0,False,0.7,0.95,0.1,799.0
A-n36-k5,acs_baseline,11,1040.6322920339428,30.241838802746283,0.11032541585154831,True,87a65c0,5,0,none,0,0.0,False,0.7,0.95,0.1,799.0
A-n36-k5,acs_baseline,12,1040.9666789042858,30.28368947487932,0.10927883395925164,True,87a65c0,5,0,none,0,0.0,False,0.7,0.95,0.1,799.0
A-n36-k5,acs_baseline,13,1031.5259621872165,29.102122927060886,0.1096207918599248,True,87a65c0,5,0,none,0,0.0,False,0.7,0.95,0.1,799.0
A-n36-k5,acs_baseline,14,1054.1163830486923,31.929459705718692,0.10993291693739593,True,87a65c0,5,0,none,0,0.0,False,0.7,0.95,0.1,799.0
A-n36-k5,acs_baseline,15,1042.6398915483821,30.493102822075365,0.10977270803414285,True,87a65c0,5,0,none,0,0.0,False,0.7,0.95,0.1,799.0
A-n36-k5,acs_baseline,16,1035.7716914022585,29.633503304412827,0.12323445803485811,True,87a65c0,5,0,none,0,0.0,False,0.7,0.95,0.1,799.0
A-n36-k5,acs_baseline,17,1032.222894566908,29.189348506496625,0.11473358399234712,True,87a65c0,5,0,none,0,0.0,False,0.7,0.95,0.1,799.0
A-n36-k5,acs_baseline,18,1033.4581473376977,29.343948352653033,0.11020120792090893,True,87a65c0,5,0,none,0,0.0,False,0.7,0.95,0.1,799.0
A-n36-k5,acs_baseline,19,1043.1239235434077,30.5536825461086,0.11021400010213256,True,87a65c0,5,0,none,0,0.0,False,0.7,0.95,0.1,799.0
A-n36-k5,acs_baseline,20,1031.0620838329176,29.04406556106603,0.11007195804268122,True,87a65c0,5,0,none,0,0.0,False,0.7,0.95,0.1,799.0
A-n36-k5,acs_baseline,21,1005.7469608391868,25.875714748333774,0.110094458097592,True,87a65c0,5,0,none,0,0.0,False,0.7,0.95,0.1,799.0
A-n36-k5,acs_baseline,22,1044.1657227175142,30.68407042772393,0.11187495803460479,True,87a65c0,5,0,none,0,0.0,False,0.7,0.95,0.1,799.0
A-n36-k5,acs_baseline,23,1044.7051607862027,30.75158457899908,0.12303283298388124,True,87a65c0,5,0,none,0,0.0,False,0.7,0.95,0.1,799.0
A-n36-k5,acs_baseline,24,1052.7409965523836,31.757321220573676,0.1112490410450846,True,87a65c0,5,0,none,0,0.0,False,0.7,0.95,0.1,799.0
A-n36-k5,acs_baseline,25,1044.7051607862027,30.75158457899908,0.11076408298686147,True,87a65c0,5,0,none,0,0.0,False,0.7,0.95,0.1,799.0
A-n36-k5,acs_baseline,26,1042.6732921293685,30.497283120071156,0.109159791842103,True,87a65c0,5,0,none,0,0.0,False,0.7,0.95,0.1,799.0
A-n36-k5,acs_baseline,27,1024.433267248649,28.214426439130026,0.11000066692940891,True,87a65c0,5,0,none,0,0.0,False,0.7,0.95,0.1,799.0
A-n36-k5,acs_baseline,28,1015.6830692495353,27.11928275964146,0.11061358288861811,True,87a65c0,5,0,none,0,0.0,False,0.7,0.95,0.1,799.0
A-n36-k5,acs_baseline,29,1040.3849145992274,30.210877922306306,0.109687166986987,True,87a65c0,5,0,none,0,0.0,False,0.7,0.95,0.1,799.0
A-n36-k5,acs_cl15,0,1027.8714536827417,28.644737632383194,0.09263762505725026,True,87a65c0,5,15,none,0,0.0,False,0.7,0.95,0.1,799.0
A-n36-k5,acs_cl15,1,1019.4952249043616,27.596398611309343,0.08967574988491833,True,87a65c0,5,15,none,0,0.0,False,0.7,0.95,0.1,799.0
A-n36-k5,acs_cl15,2,1052.786615715462,31.76303075287383,0.09236458409577608,True,87a65c0,5,15,none,0,0.0,False,0.7,0.95,0.1,799.0
A-n36-k5,acs_cl15,3,1057.0994667396458,32.30281185727732,0.13890879112295806,True,87a65c0,5,15,none,0,0.0,False,0.7,0.95,0.1,799.0
A-n36-k5,acs_cl15,4,1063.8977474711687,33.153660509533005,0.09264550008811057,True,87a65c0,5,15,none,0,0.0,False,0.7,0.95,0.1,799.0
A-n36-k5,acs_cl15,5,1047.2539267268653,31.070579064689024,0.09260258311405778,True,87a65c0,5,15,none,0,0.0,False,0.7,0.95,0.1,799.0
A-n36-k5,acs_cl15,6,1018.47579660656,27.468810589056325,0.0908815001603216,True,87a65c0,5,15,none,0,0.0,False,0.7,0.95,0.1,799.0
A-n36-k5,acs_cl15,7,1060.0506664901197,32.672173528175186,0.13277837494388223,True,87a65c0,5,15,none,0,0.0,False,0.7,0.95,0.1,799.0
A-n36-k5,acs_cl15,8,1062.9372429038683,33.033447171948474,0.0909761250950396,True,87a65c0,5,15,none,0,0.0,False,0.7,0.95,0.1,799.0
A-n36-k5,acs_cl15,9,1033.798786231723,29.386581505847676,0.0890668339561671,True,87a65c0,5,15,none,0,0.0,False,0.7,0.95,0.1,799.0
A-n36-k5,acs_cl15,10,1070.3036370681186,33.95539888211748,0.09511962486431003,True,87a65c0,5,15,none,0,0.0,False,0.7,0.95,0.1,799.0
A-n36-k5,acs_cl15,11,1055.0142672431066,32.04183570001334,0.16675633285194635,True,87a65c0,5,15,none,0,0.0,False,0.7,0.95,0.1,799.0
A-n36-k5,acs_cl15,12,1045.4075956488143,30.83949882963884,0.09199324995279312,True,87a65c0,5,15,none,0,0.0,False,0.7,0.95,0.1,799.0
A-n36-k5,acs_cl15,13,1065.6583958667059,33.37401700459397,0.0910500839818269,True,87a65c0,5,15,none,0,0.0,False,0.7,0.95,0.1,799.0
A-n36-k5,acs_cl15,14,1059.1398819039334,32.55818296670006,0.08983237505890429,True,87a65c0,5,15,none,0,0.0,False,0.7,0.95,0.1,799.0
A-n36-k5,acs_cl15,15,1057.7829772793866,32.388357606932,0.09104162501171231,True,87a65c0,5,15,none,0,0.0,False,0.7,0.95,0.1,799.0
A-n36-k5,acs_cl15,16,1048.6437372241153,31.24452280652256,0.09066104190424085,True,87a65c0,5,15,none,0,0.0,False,0.7,0.95,0.1,799.0
A-n36-k5,acs_cl15,17,1039.3639773081145,30.083101039814082,0.09098704112693667,True,87a65c0,5,15,none,0,0.0,False,0.7,0.95,0.1,799.0
A-n36-k5,acs_cl15,18,1036.6662298044776,29.745460551248755,0.09055312513373792,True,87a65c0,5,15,none,0,0.0,False,0.7,0.95,0.1,799.0
A-n36-k5,acs_cl15,19,1058.771534670974,32.51208193629211,0.08987487480044365,True,87a65c0,5,15,none,0,0.0,False,0.7,0.95,0.1,799.0
A-n36-k5,acs_cl15,20,1068.630294524283,33.74596927713179,0.09009037492796779,True,87a65c0,5,15,none,0,0.0,False,0.7,0.95,0.1,799.0
A-n36-k5,acs_cl15,21,1028.981540635552,28.78367216965606,0.08990358305163682,True,87a65c0,5,15,none,0,0.0,False,0.7,0.95,0.1,799.0
A-n36-k5,acs_cl15,22,1022.454986331726,27.96683183125482,0.08932679216377437,True,87a65c0,5,15,none,0,0.0,False,0.7,0.95,0.1,799.0
A-n36-k5,acs_cl15,23,1056.2522477753168,32.196776943093475,0.09043204109184444,True,87a65c0,5,15,none,0,0.0,False,0.7,0.95,0.1,799.0
A-n36-k5,acs_cl15,24,1036.6662298044776,29.745460551248755,0.09018970909528434,True,87a65c0,5,15,none,0,0.0,False,0.7,0.95,0.1,799.0
A-n36-k5,acs_cl15,25,1038.8847155162823,30.02311833745711,0.0901635829359293,True,87a65c0,5,15,none,0,0.0,False,0.7,0.95,0.1,799.0
A-n36-k5,acs_cl15,26,1041.619940819897,30.365449414254947,0.08912229188717902,True,87a65c0,5,15,none,0,0.0,False,0.7,0.95,0.1,799.0
A-n36-k5,acs_cl15,27,1042.9081283037808,30.526674380948787,0.08961070794612169,True,87a65c0,5,15,none,0,0.0,False,0.7,0.95,0.1,799.0
A-n36-k5,acs_cl15,28,1036.6662298044776,29.745460551248755,0.08971166703850031,True,87a65c0,5,15,none,0,0.0,False,0.7,0.95,0.1,799.0
A-n36-k5,acs_cl15,29,1045.4075956488143,30.83949882963884,0.0893528750166297,True,87a65c0,5,15,none,0,0.0,False,0.7,0.95,0.1,799.0
A-n36-k5,acs_cl15_ls2opt_fixed,0,976.7335037234229,22.244493582405873,0.10589008312672377,True,87a65c0,5,15,best,30,1.0,False,0.7,0.95,0.1,799.0
A-n36-k5,acs_cl15_ls2opt_fixed,1,959.933715992593,20.141891863904,0.10265762498602271,True,87a65c0,5,15,best,30,1.0,False,0.7,0.95,0.1,799.0
A-n36-k5,acs_cl15_ls2opt_fixed,2,1002.1740181402096,25.428537939951134,0.10086904116906226,True,87a65c0,5,15,best,30,1.0,False,0.7,0.95,0.1,799.0
A-n36-k5,acs_cl15_ls2opt_fixed,3,1002.1740181402096,25.428537939951134,0.1010345839895308,True,87a65c0,5,15,best,30,1.0,False,0.7,0.95,0.1,799.0
A-n36-k5,acs_cl15_ls2opt_fixed,4,977.1558616335642,22.297354397192017,0.1011833748780191,True,87a65c0,5,15,best,30,1.0,False,0.7,0.95,0.1,799.0
A-n36-k5,acs_cl15_ls2opt_fixed,5,998.3293260957129,24.94734994940086,0.10081770783290267,True,87a65c0,5,15,best,30,1.0,False,0.7,0.95,0.1,799.0
A-n36-k5,acs_cl15_ls2opt_fixed,6,978.5607011059197,22.473179112130133,0.10022145789116621,True,87a65c0,5,15,best,30,1.0,False,0.7,0.95,0.1,799.0
A-n36-k5,acs_cl15_ls2opt_fixed,7,1002.1740181402096,25.428537939951134,0.10043308418244123,True,87a65c0,5,15,best,30,1.0,False,0.7,0.95,0.1,799.0
A-n36-k5,acs_cl15_ls2opt_fixed,8,1002.1740181402096,25.428537939951134,0.10514275007881224,True,87a65c0,5,15,best,30,1.0,False,0.7,0.95,0.1,799.0
A-n36-k5,acs_cl15_ls2opt_fixed,9,998.3293260957129,24.94734994940086,0.10634029214270413,True,87a65c0,5,15,best,30,1.0,False,0.7,0.95,0.1,799.0
A-n36-k5,acs_cl15_ls2opt_fixed,10,990.9003689244735,24.01756807565375,0.10048562497831881,True,87a65c0,5,15,best,30,1.0,False,0.7,0.95,0.1,799.0
A-n36-k5,acs_cl15_ls2opt_fixed,11,1000.1482897066601,25.17500496954444,0.10096825007349253,True,87a65c0,5,15,best,30,1.0,False,0.7,0.95,0.1,799.0
A-n36-k5,acs_cl15_ls2opt_fixed,12,1002.1740181402096,25.428537939951134,0.10196408303454518,True,87a65c0,5,15,best,30,1.0,False,0.7,0.95,0.1,799.0
A-n36-k5,acs_cl15_ls2opt_fixed,13,965.9227621308751,20.891459590847944,0.10069254110567272,True,87a65c0,5,15,best,30,1.0,False,0.7,0.95,0.1,799.0
A-n36-k5,acs_cl15_ls2opt_fixed,14,1002.1740181402096,25.428537939951134,0.10038345796056092,True,87a65c0,5,15,best,30,1.0,False,0.7,0.95,0.1,799.0
A-n36-k5,acs_cl15_ls2opt_fixed,15,986.6166323505131,23.48143083235458,0.10069875000044703,True,87a65c0,5,15,best,30,1.0,False,0.7,0.95,0.1,799.0
A-n36-k5,acs_cl15_ls2opt_fixed,16,1007.7978058823271,26.13239122432129,0.09968549991026521,True,87a65c0,5,15,best,30,1.0,False,0.7,0.95,0.1,799.0
A-n36-k5,acs_cl15_ls2opt_fixed,17,1002.1740181402096,25.428537939951134,0.10165262501686811,True,87a65c0,5,15,best,30,1.0,False,0.7,0.95,0.1,799.0
A-n36-k5,acs_cl15_ls2opt_fixed,18,978.5607011059197,22.473179112130133,0.10123808309435844,True,87a65c0,5,15,best,30,1.0,False,0.7,0.95,0.1,799.0
A-n36-k5,acs_cl15_ls2opt_fixed,19,1002.0984576315261,25.41908105525984,0.1018759161233902,True,87a65c0,5,15,best,30,1.0,False,0.7,0.95,0.1,799.0
A-n36-k5,acs_cl15_ls2opt_fixed,20,1002.1740181402096,25.428537939951134,0.10128549998626113,True,87a65c0,5,15,best,30,1.0,False,0.7,0.95,0.1,799.0
A-n36-k5,acs_cl15_ls2opt_fixed,21,976.7335037234229,22.244493582405873,0.10080170794390142,True,87a65c0,5,15,best,30,1.0,False,0.7,0.95,0.1,799.0
A-n36-k5,acs_cl15_ls2opt_fixed,22,1000.1482897066601,25.17500496954444,0.10010887519456446,True,87a65c0,5,15,best,30,1.0,False,0.7,0.95,0.1,799.0
A-n36-k5,acs_cl15_ls2opt_fixed,23,996.2852544777926,24.691521211238122,0.10070854192599654,True,87a65c0,5,15,best,30,1.0,False,0.7,0.95,0.1,799.0
A-n36-k5,acs_cl15_ls2opt_fixed,24,978.5607011059197,22.473179112130133,0.1000217089895159,True,87a65c0,5,15,best,30,1.0,False,0.7,0.95,0.1,799.0
A-n36-k5,acs_cl15_ls2opt_fixed,25,971.1517302437403,21.54589865378477,0.1008364581502974,True,87a65c0,5,15,best,30,1.0,False,0.7,0.95,0.1,799.0
A-n36-k5,acs_cl15_ls2opt_fixed,26,978.5607011059197,22.473179112130133,0.1041041249409318,True,87a65c0,5,15,best,30,1.0,False,0.7,0.95,0.1,799.0
A-n36-k5,acs_cl15_ls2opt_fixed,27,1002.1740181402096,25.428537939951134,0.10212254198268056,True,87a65c0,5,15,best,30,1.0,False,0.7,0.95,0.1,799.0
A-n36-k5,acs_cl15_ls2opt_fixed,28,978.5607011059197,22.473179112130133,0.10127979191020131,True,87a65c0,5,15,best,30,1.0,False,0.7,0.95,0.1,799.0
A-n36-k5,acs_cl15_ls2opt_fixed,29,1002.1740181402096,25.428537939951134,0.10080175008624792,True,87a65c0,5,15,best,30,1.0,False,0.7,0.95,0.1,799.0
A-n36-k5,acs_cl15_ls2opt_fixed_q0sched,0,984.763092161773,23.249448330634916,0.10686408285982907,True,87a65c0,5,15,best,30,1.0,True,0.7,0.95,0.1,799.0
A-n36-k5,acs_cl15_ls2opt_fixed_q0sched,1,976.7335037234229,22.244493582405873,0.10564895789138973,True,87a65c0,5,15,best,30,1.0,True,0.7,0.95,0.1,799.0
A-n36-k5,acs_cl15_ls2opt_fixed_q0sched,2,978.5607011059197,22.473179112130133,0.11139987502247095,True,87a65c0,5,15,best,30,1.0,True,0.7,0.95,0.1,799.0
A-n36-k5,acs_cl15_ls2opt_fixed_q0sched,3,996.1961642915935,24.68037100019944,0.10747299995273352,True,87a65c0,5,15,best,30,1.0,True,0.7,0.95,0.1,799.0
A-n36-k5,acs_cl15_ls2opt_fixed_q0sched,4,976.4743916340353,22.21206403429729,0.1089234589599073,True,87a65c0,5,15,best,30,1.0,True,0.7,0.95,0.1,799.0
A-n36-k5,acs_cl15_ls2opt_fixed_q0sched,5,978.5607011059197,22.473179112130133,0.1064982081297785,True,87a65c0,5,15,best,30,1.0,True,0.7,0.95,0.1,799.0
A-n36-k5,acs_cl15_ls2opt_fixed_q0sched,6,994.3750624706647,24.452448369294707,0.10583554184995592,True,87a65c0,5,15,best,30,1.0,True,0.7,0.95,0.1,799.0
A-n36-k5,acs_cl15_ls2opt_fixed_q0sched,7,997.0554678201963,24.78791837549391,0.10638220887631178,True,87a65c0,5,15,best,30,1.0,True,0.7,0.95,0.1,799.0
A-n36-k5,acs_cl15_ls2opt_fixed_q0sched,8,977.1558616335643,22.29735439719203,0.10671583306975663,True,87a65c0,5,15,best,30,1.0,True,0.7,0.95,0.1,799.0
A-n36-k5,acs_cl15_ls2opt_fixed_q0sched,9,981.8600511836072,22.886114040501525,0.10678770812228322,True,87a65c0,5,15,best,30,1.0,True,0.7,0.95,0.1,799.0
A-n36-k5,acs_cl15_ls2opt_fixed_q0sched,10,978.5607011059197,22.473179112130133,0.10802608309313655,True,87a65c0,5,15,best,30,1.0,True,0.7,0.95,0.1,799.0
A-n36-k5,acs_cl15_ls2opt_fixed_q0sched,11,970.2952771243584,21.438708025576776,0.11072429199703038,True,87a65c0,5,15,best,30,1.0,True,0.7,0.95,0.1,799.0
A-n36-k5,acs_cl15_ls2opt_fixed_q0sched,12,997.0554678201963,24.78791837549391,0.10613987501710653,True,87a65c0,5,15,best,30,1.0,True,0.7,0.95,0.1,799.0
A-n36-k5,acs_cl15_ls2opt_fixed_q0sched,13,978.5607011059197,22.473179112130133,0.10730637493543327,True,87a65c0,5,15,best,30,1.0,True,0.7,0.95,0.1,799.0
A-n36-k5,acs_cl15_ls2opt_fixed_q0sched,14,981.1432166339367,22.796397576212357,0.10777983302250504,True,87a65c0,5,15,best,30,1.0,True,0.7,0.95,0.1,799.0
A-n36-k5,acs_cl15_ls2opt_fixed_q0sched,15,1002.1740181402096,25.428537939951134,0.10583000001497567,True,87a65c0,5,15,best,30,1.0,True,0.7,0.95,0.1,799.0
A-n36-k5,acs_cl15_ls2opt_fixed_q0sched,16,1002.1740181402096,25.428537939951134,0.10593641689047217,True,87a65c0,5,15,best,30,1.0,True,0.7,0.95,0.1,799.0
A-n36-k5,acs_cl15_ls2opt_fixed_q0sched,17,977.9576462893384,22.397702914810814,0.10490383300930262,True,87a65c0,5,15,best,30,1.0,True,0.7,0.95,0.1,799.0
A-n36-k5,acs_cl15_ls2opt_fixed_q0sched,18,978.0239263994813,22.40599829780742,0.106348583009094,True,87a65c0,5,15,best,30,1.0,True,0.7,0.95,0.1,799.0
A-n36-k5,acs_cl15_ls2opt_fixed_q0sched,19,986.6166323505131,23.48143083235458,0.11052179196849465,True,87a65c0,5,15,best,30,1.0,True,0.7,0.95,0.1,799.0
A-n36-k5,acs_cl15_ls2opt_fixed_q0sched,20,983.5449609353194,23.096991356110063,0.10751250013709068,True,87a65c0,5,15,best,30,1.0,True,0.7,0.95,0.1,799.0
A-n36-k5,acs_cl15_ls2opt_fixed_q0sched,21,961.5373933653212,20.34260242369477,0.11037954105995595,True,87a65c0,5,15,best,30,1.0,True,0.7,0.95,0.1,799.0
A-n36-k5,acs_cl15_ls2opt_fixed_q0sched,22,975.4187951617947,22.0799493318892,0.11210141703486443,True,87a65c0,5,15,best,30,1.0,True,0.7,0.95,0.1,799.0
A-n36-k5,acs_cl15_ls2opt_fixed_q0sched,23,995.7367251634298,24.622869231968686,0.10922295902855694,True,87a65c0,5,15,best,30,1.0,True,0.7,0.95,0.1,799.0
A-n36-k5,acs_cl15_ls2opt_fixed_q0sched,24,968.1929006779366,21.175582062319968,0.10844200011342764,True,87a65c0,5,15,best,30,1.0,True,0.7,0.95,0.1,799.0
A-n36-k5,acs_cl15_ls2opt_fixed_q0sched,25,996.2852544777926,24.691521211238122,0.10651266691274941,True,87a65c0,5,15,best,30,1.0,True,0.7,0.95,0.1,799.0
A-n36-k5,acs_cl15_ls2opt_fixed_q0sched,26,1002.1740181402096,25.428537939951134,0.10707837482914329,True,87a65c0,5,15,best,30,1.0,True,0.7,0.95,0.1,799.0
A-n36-k5,acs_cl15_ls2opt_fixed_q0sched,27,969.1580970412463,21.2963826084163,0.10671341698616743,True,87a65c0,5,15,best,30,1.0,True,0.7,0.95,0.1,799.0
A-n36-k5,acs_cl15_ls2opt_fixed_q0sched,28,1002.1740181402096,25.428537939951134,0.10561670898459852,True,87a65c0,5,15,best,30,1.0,True,0.7,0.95,0.1,799.0
A-n36-k5,acs_cl15_ls2opt_fixed_q0sched,29,1002.1740181402096,25.428537939951134,0.10646958299912512,True,87a65c0,5,15,best,30,1.0,True,0.7,0.95,0.1,799.0
A-n36-k5,acs_clsqrtn_2opt_q0sched,0,977.4871423117186,22.33881630935151,0.09877475001849234,True,87a65c0,5,15,best,30,1.0,True,0.7,0.95,0.1,799.0
A-n36-k5,acs_clsqrtn_2opt_q0sched,1,977.1558616335643,22.29735439719203,0.09685583389364183,True,87a65c0,5,15,best,30,1.0,True,0.7,0.95,0.1,799.0
A-n36-k5,acs_clsqrtn_2opt_q0sched,2,972.2566858321893,21.68419096773333,0.09756429214030504,True,87a65c0,5,15,best,30,1.0,True,0.7,0.95,0.1,799.0
A-n36-k5,acs_clsqrtn_2opt_q0sched,3,977.1215212059983,22.29305647133896,0.09872800018638372,True,87a65c0,5,15,best,30,1.0,True,0.7,0.95,0.1,799.0
A-n36-k5,acs_clsqrtn_2opt_q0sched,4,1002.1740181402096,25.428537939951134,0.09769062511622906,True,87a65c0,5,15,best,30,1.0,True,0.7,0.95,0.1,799.0
A-n36-k5,acs_clsqrtn_2opt_q0sched,5,957.9728493158093,19.896476760426694,0.09743237495422363,True,87a65c0,5,15,best,30,1.0,True,0.7,0.95,0.1,799.0
A-n36-k5,acs_clsqrtn_2opt_q0sched,6,966.288400450327,20.937221583269963,0.09794783289544284,True,87a65c0,5,15,best,30,1.0,True,0.7,0.95,0.1,799.0
A-n36-k5,acs_clsqrtn_2opt_q0sched,7,1001.2040364476381,25.307138479053588,0.09788937494158745,True,87a65c0,5,15,best,30,1.0,True,0.7,0.95,0.1,799.0
A-n36-k5,acs_clsqrtn_2opt_q0sched,8,957.3545905862837,19.81909769540472,0.09947212506085634,True,87a65c0,5,15,best,30,1.0,True,0.7,0.95,0.1,799.0
A-n36-k5,acs_clsqrtn_2opt_q0sched,9,977.4871423117186,22.33881630935151,0.09739300003275275,True,87a65c0,5,15,best,30,1.0,True,0.7,0.95,0.1,799.0
A-n36-k5,acs_clsqrtn_2opt_q0sched,10,998.3293260957129,24.94734994940086,0.09848774992860854,True,87a65c0,5,15,best,30,1.0,True,0.7,0.95,0.1,799.0
A-n36-k5,acs_clsqrtn_2opt_q0sched,11,975.4702376917439,22.086387696088103,0.09548837505280972,True,87a65c0,5,15,best,30,1.0,True,0.7,0.95,0.1,799.0
A-n36-k5,acs_clsqrtn_2opt_q0sched,12,1002.1740181402096,25.428537939951134,0.09722908399999142,True,87a65c0,5,15,best,30,1.0,True,0.7,0.95,0.1,799.0
A-n36-k5,acs_clsqrtn_2opt_q0sched,13,978.5607011059197,22.473179112130133,0.09785483311861753,True,87a65c0,5,15,best,30,1.0,True,0.7,0.95,0.1,799.0
A-n36-k5,acs_clsqrtn_2opt_q0sched,14,976.1571442958567,22.172358485088452,0.0975240832194686,True,87a65c0,5,15,best,30,1.0,True,0.7,0.95,0.1,799.0
A-n36-k5,acs_clsqrtn_2opt_q0sched,15,977.8668930015281,22.386344555885866,0.09801995800808072,True,87a65c0,5,15,best,30,1.0,True,0.7,0.95,0.1,799.0
A-n36-k5,acs_clsqrtn_2opt_q0sched,16,1000.5300125781006,25.222780047321724,0.097720209043473,True,87a65c0,5,15,best,30,1.0,True,0.7,0.95,0.1,799.0
A-n36-k5,acs_clsqrtn_2opt_q0sched,17,1000.5300125781006,25.222780047321724,0.09825237491168082,True,87a65c0,5,15,best,30,1.0,True,0.7,0.95,0.1,799.0
A-n36-k5,acs_clsqrtn_2opt_q0sched,18,1007.7978058823271,26.13239122432129,0.14521837513893843,True,87a65c0,5,15,best,30,1.0,True,0.7,0.95,0.1,799.0
A-n36-k5,acs_clsqrtn_2opt_q0sched,19,1000.8985434152296,25.268904056974918,0.09937141602858901,True,87a65c0,5,15,best,30,1.0,True,0.7,0.95,0.1,799.0
A-n36-k5,acs_clsqrtn_2opt_q0sched,20,973.495155129737,21.83919338294581,0.09807683387771249,True,87a65c0,5,15,best,30,1.0,True,0.7,0.95,0.1,799.0
A-n36-k5,acs_clsqrtn_2opt_q0sched,21,1000.1482897066601,25.17500496954444,0.09780483320355415,True,87a65c0,5,15,best,30,1.0,True,0.7,0.95,0.1,799.0
A-n36-k5,acs_clsqrtn_2opt_q0sched,22,997.42582491201,24.83427095269211,0.09857670799829066,True,87a65c0,5,15,best,30,1.0,True,0.7,0.95,0.1,799.0
A-n36-k5,acs_clsqrtn_2opt_q0sched,23,994.3559533942437,24.450056745211974,0.09729979210533202,True,87a65c0,5,15,best,30,1.0,True,0.7,0.95,0.1,799.0
A-n36-k5,acs_clsqrtn_2opt_q0sched,24,976.7335037234229,22.244493582405873,0.09735904191620648,True,87a65c0,5,15,best,30,1.0,True,0.7,0.95,0.1,799.0
A-n36-k5,acs_clsqrtn_2opt_q0sched,25,976.7335037234229,22.244493582405873,0.09632395906373858,True,87a65c0,5,15,best,30,1.0,True,0.7,0.95,0.1,799.0
A-n36-k5,acs_clsqrtn_2opt_q0sched,26,984.5206359445158,23.21910337227982,0.09612966608256102,True,87a65c0,5,15,best,30,1.0,True,0.7,0.95,0.1,799.0
A-n36-k5,acs_clsqrtn_2opt_q0sched,27,918.8039167400639,14.994232382986716,0.09732187516056001,True,87a65c0,5,15,best,30,1.0,True,0.7,0.95,0.1,799.0
A-n36-k5,acs_clsqrtn_2opt_q0sched,28,972.2566858321893,21.68419096773333,0.09636383294127882,True,87a65c0,5,15,best,30,1.0,True,0.7,0.95,0.1,799.0
A-n36-k5,acs_clsqrtn_2opt_q0sched,29,976.7335037234229,22.244493582405873,0.09704525000415742,True,87a65c0,5,15,best,30,1.0,True,0.7,0.95,0.1,799.0
A-n36-k5,acs_nocl_2opt_q0sched,0,981.6386066198081,22.858398826008525,0.12724025011993945,True,87a65c0,5,0,best,30,1.0,True,0.7,0.95,0.1,799.0
A-n36-k5,acs_nocl_2opt_q0sched,1,995.2007401828788,24.555787256931012,0.12788312509655952,True,87a65c0,5,0,best,30,1.0,True,0.7,0.95,0.1,799.0
A-n36-k5,acs_nocl_2opt_q0sched,2,995.3059095904081,24.56894988615871,0.1270171250216663,True,87a65c0,5,0,best,30,1.0,True,0.7,0.95,0.1,799.0
A-n36-k5,acs_nocl_2opt_q0sched,3,977.1558616335643,22.29735439719203,0.1269507920369506,True,87a65c0,5,0,best,30,1.0,True,0.7,0.95,0.1,799.0
A-n36-k5,acs_nocl_2opt_q0sched,4,959.933715992593,20.141891863904,0.12926595890894532,True,87a65c0,5,0,best,30,1.0,True,0.7,0.95,0.1,799.0
A-n36-k5,acs_nocl_2opt_q0sched,5,973.6592794872519,21.859734604161684,0.12681370903737843,True,87a65c0,5,0,best,30,1.0,True,0.7,0.95,0.1,799.0
A-n36-k5,acs_nocl_2opt_q0sched,6,977.1558616335643,22.29735439719203,0.12747291708365083,True,87a65c0,5,0,best,30,1.0,True,0.7,0.95,0.1,799.0
A-n36-k5,acs_nocl_2opt_q0sched,7,986.6166323505131,23.48143083235458,0.12724095792509615,True,87a65c0,5,0,best,30,1.0,True,0.7,0.95,0.1,799.0
A-n36-k5,acs_nocl_2opt_q0sched,8,977.1558616335643,22.29735439719203,0.12643891689367592,True,87a65c0,5,0,best,30,1.0,True,0.7,0.95,0.1,799.0
A-n36-k5,acs_nocl_2opt_q0sched,9,959.933715992593,20.141891863904,0.12747716694138944,True,87a65c0,5,0,best,30,1.0,True,0.7,0.95,0.1,799.0
A-n36-k5,acs_nocl_2opt_q0sched,10,988.6078382783911,23.730643088659715,0.12608804181218147,True,87a65c0,5,0,best,30,1.0,True,0.7,0.95,0.1,799.0
A-n36-k5,acs_nocl_2opt_q0sched,11,971.5958784523439,21.601486664874077,0.13347454206086695,True,87a65c0,5,0,best,30,1.0,True,0.7,0.95,0.1,799.0
A-n36-k5,acs_nocl_2opt_q0sched,12,1008.5742414869162,26.229567144795517,0.13366133393719792,True,87a65c0,5,0,best,30,1.0,True,0.7,0.95,0.1,799.0
A-n36-k5,acs_nocl_2opt_q0sched,13,981.6027932124993,22.853916547246463,0.12743949983268976,True,87a65c0,5,0,best,30,1.0,True,0.7,0.95,0.1,799.0
A-n36-k5,acs_nocl_2opt_q0sched,14,929.9744636895869,16.392298334116003,0.1276565829757601,True,87a65c0,5,0,best,30,1.0,True,0.7,0.95,0.1,799.0
A-n36-k5,acs_nocl_2opt_q0sched,15,958.8200329706272,20.002507255397642,0.13111641607247293,True,87a65c0,5,0,best,30,1.0,True,0.7,0.95,0.1,799.0
A-n36-k5,acs_nocl_2opt_q0sched,16,1000.092565844309,25.16803076899987,0.12805683282203972,True,87a65c0,5,0,best,30,1.0,True,0.7,0.95,0.1,799.0
A-n36-k5,acs_nocl_2opt_q0sched,17,1000.092565844309,25.16803076899987,0.1266960829962045,True,87a65c0,5,0,best,30,1.0,True,0.7,0.95,0.1,799.0
A-n36-k5,acs_nocl_2opt_q0sched,18,977.1558616335643,22.29735439719203,0.12675129203125834,True,87a65c0,5,0,best,30,1.0,True,0.7,0.95,0.1,799.0
A-n36-k5,acs_nocl_2opt_q0sched,19,977.1558616335643,22.29735439719203,0.13101204205304384,True,87a65c0,5,0,best,30,1.0,True,0.7,0.95,0.1,799.0
A-n36-k5,acs_nocl_2opt_q0sched,20,955.1987218793078,19.54927683095216,0.12948687514290214,True,87a65c0,5,0,best,30,1.0,True,0.7,0.95,0.1,799.0
A-n36-k5,acs_nocl_2opt_q0sched,21,976.9868470962695,22.276201138456752,0.12835895782336593,True,87a65c0,5,0,best,30,1.0,True,0.7,0.95,0.1,799.0
A-n36-k5,acs_nocl_2opt_q0sched,22,983.5235960098136,23.094317397974162,0.12693808297626674,True,87a65c0,5,0,best,30,1.0,True,0.7,0.95,0.1,799.0
A-n36-k5,acs_nocl_2opt_q0sched,23,984.3506109419316,23.197823647300574,0.1261077499948442,True,87a65c0,5,0,best,30,1.0,True,0.7,0.95,0.1,799.0
A-n36-k5,acs_nocl_2opt_q0sched,24,998.0047153608579,24.90672282363678,0.12692637485451996,True,87a65c0,5,0,best,30,1.0,True,0.7,0.95,0.1,799.0
A-n36-k5,acs_nocl_2opt_q0sched,25,992.5777824483207,24.227507190027623,0.12656262493692338,True,87a65c0,5,0,best,30,1.0,True,0.7,0.95,0.1,799.0
A-n36-k5,acs_nocl_2opt_q0sched,26,1002.1740181402096,25.428537939951134,0.12685749982483685,True,87a65c0,5,0,best,30,1.0,True,0.7,0.95,0.1,799.0
A-n36-k5,acs_nocl_2opt_q0sched,27,1002.2330984822271,25.435932225560336,0.12685887492261827,True,87a65c0,5,0,best,30,1.0,True,0.7,0.95,0.1,799.0
A-n36-k5,acs_nocl_2opt_q0sched,28,1002.1740181402096,25.428537939951134,0.1260824161581695,True,87a65c0,5,0,best,30,1.0,True,0.7,0.95,0.1,799.0
A-n36-k5,acs_nocl_2opt_q0sched,29,977.1558616335643,22.29735439719203,0.12595370784401894,True,87a65c0,5,0,best,30,1.0,True,0.7,0.95,0.1,799.0
A-n37-k5,acs_baseline,0,908.5635857458612,35.80920564213172,0.11511462507769465,True,87a65c0,5,0,none,0,0.0,False,0.7,0.95,0.1,669.0
A-n37-k5,acs_baseline,1,867.4393497864403,29.662085169871492,0.11309087509289384,True,87a65c0,5,0,none,0,0.0,False,0.7,0.95,0.1,669.0
A-n37-k5,acs_baseline,2,872.488479732732,30.41681311401076,0.12054879101924598,True,87a65c0,5,0,none,0,0.0,False,0.7,0.95,0.1,669.0
A-n37-k5,acs_baseline,3,877.9064895167492,31.22668004734666,0.1185796670615673,True,87a65c0,5,0,none,0,0.0,False,0.7,0.95,0.1,669.0
A-n37-k5,acs_baseline,4,863.6788586365059,29.099978869432867,0.11785162496380508,True,87a65c0,5,0,none,0,0.0,False,0.7,0.95,0.1,669.0
A-n37-k5,acs_baseline,5,846.6384220524794,26.552828408442362,0.11475420882925391,True,87a65c0,5,0,none,0,0.0,False,0.7,0.95,0.1,669.0
A-n37-k5,acs_baseline,6,875.992598021378,30.94059761156621,0.11454283283092082,True,87a65c0,5,0,none,0,0.0,False,0.7,0.95,0.1,669.0
A-n37-k5,acs_baseline,7,909.5810950463459,35.96129970797398,0.11659575020894408,True,87a65c0,5,0,none,0,0.0,False,0.7,0.95,0.1,669.0
A-n37-k5,acs_baseline,8,896.8490248961574,34.058150208693185,0.11584479198791087,True,87a65c0,5,0,none,0,0.0,False,0.7,0.95,0.1,669.0
A-n37-k5,acs_baseline,9,893.0825349775812,33.49514723132753,0.11553366715088487,True,87a65c0,5,0,none,0,0.0,False,0.7,0.95,0.1,669.0
A-n37-k5,acs_baseline,10,846.8772061329922,26.588521096112437,0.11565570789389312,True,87a65c0,5,0,none,0,0.0,False,0.7,0.95,0.1,669.0
A-n37-k5,acs_baseline,11,892.2061730040766,33.36415142063925,0.11489037494175136,True,87a65c0,5,0,none,0,0.0,False,0.7,0.95,0.1,669.0
A-n37-k5,acs_baseline,12,918.8712832174507,37.34996759603149,0.11229270906187594,True,87a65c0,5,0,none,0,0.0,False,0.7,0.95,0.1,669.0
A-n37-k5,acs_baseline,13,872.626478135728,30.43744067798625,0.11516875005327165,True,87a65c0,5,0,none,0,0.0,False,0.7,0.95,0.1,669.0
A-n37-k5,acs_baseline,14,841.0485045101432,25.71726524815294,0.11595995910465717,True,87a65c0,5,0,none,0,0.0,False,0.7,0.95,0.1,669.0
A-n37-k5,acs_baseline,15,853.6653654719466,27.60319364304135,0.11550229205749929,True,87a65c0,5,0,none,0,0.0,False,0.7,0.95,0.1,669.0
A-n37-k5,acs_baseline,16,910.9188096207666,36.161257043462875,0.11534241610206664,True,87a65c0,5,0,none,0,0.0,False,0.7,0.95,0.1,669.0
A-n37-k5,acs_baseline,17,867.5841480220591,29.683729151279394,0.11563891591504216,True,87a65c0,5,0,none,0,0.0,False,0.7,0.95,0.1,669.0
A-n37-k5,acs_baseline,18,885.8927207499045,32.42043658444013,0.11568845808506012,True,87a65c0,5,0,none,0,0.0,False,0.7,0.95,0.1,669.0
A-n37-k5,acs_baseline,19,890.1888702265636,33.062611394105176,0.11582650011405349,True,87a65c0,5,0,none,0,0.0,False,0.7,0.95,0.1,669.0
A-n37-k5,acs_baseline,20,863.9966516329873,29.147481559489886,0.11562154092825949,True,87a65c0,5,0,none,0,0.0,False,0.7,0.95,0.1,669.0
A-n37-k5,acs_baseline,21,854.5468842347523,27.734960274252956,0.11590541596524417,True,87a65c0,5,0,none,0,0.0,False,0.7,0.95,0.1,669.0
A-n37-k5,acs_baseline,22,902.8468100788648,34.954680131369926,0.11504970816895366,True,87a65c0,5,0,none,0,0.0,False,0.7,0.95,0.1,669.0
A-n37-k5,acs_baseline,23,868.5935613913197,29.834613062977528,0.11519600008614361,True,87a65c0,5,0,none,0,0.0,False,0.7,0.95,0.1,669.0
A-n37-k5,acs_baseline,24,867.5841480220591,29.683729151279394,0.11556979105807841,True,87a65c0,5,0,none,0,0.0,False,0.7,0.95,0.1,669.0
A-n37-k5,acs_baseline,25,878.2495050275539,31.277952918916878,0.11751454207114875,True,87a65c0,5,0,none,0,0.0,False,0.7,0.95,0.1,669.0
A-n37-k5,acs_baseline,26,865.2289241471537,29.33167774994824,0.11770329205319285,True,87a65c0,5,0,none,0,0.0,False,0.7,0.95,0.1,669.0
A-n37-k5,acs_baseline,27,871.642961750521,30.290427765399247,0.11696183308959007,True,87a65c0,5,0,none,0,0.0,False,0.7,0.95,0.1,669.0
A-n37-k5,acs_baseline,28,876.4216832961898,31.004735918712978,0.11507504200562835,True,87a65c0,5,0,none,0,0.0,False,0.7,0.95,0.1,669.0
A-n37-k5,acs_baseline,29,895.0613090329359,33.7909281065674,0.11593675008043647,True,87a65c0,5,0,none,0,0.0,False,0.7,0.95,0.1,669.0
A-n37-k5,acs_cl15,0,851.9838988177296,27.351853335983495,0.09096212522126734,True,87a65c0,5,15,none,0,0.0,False,0.7,0.95,0.1,669.0
A-n37-k5,acs_cl15,1,904.841953609589,35.25290786391466,0.09135491703636944,True,87a65c0,5,15,none,0,0.0,False,0.7,0.95,0.1,669.0
A-n37-k5,acs_cl15,2,882.5700943511855,31.923780919459716,0.09227087488397956,True,87a65c0,5,15,none,0,0.0,False,0.7,0.95,0.1,669.0
A-n37-k5,acs_cl15,3,883.6208884382789,32.08085028972779,0.09111683280207217,True,87a65c0,5,15,none,0,0.0,False,0.7,0.95,0.1,669.0
A-n37-k5,acs_cl15,4,904.841953609589,35.25290786391466,0.09123645792715251,True,87a65c0,5,15,none,0,0.0,False,0.7,0.95,0.1,669.0
A-n37-k5,acs_cl15,5,905.5261841828985,35.35518448174866,0.09093404118902981,True,87a65c0,5,15,none,0,0.0,False,0.7,0.95,0.1,669.0
A-n37-k5,acs_cl15,6,850.2032553794007,27.085688397518794,0.09044695785269141,True,87a65c0,5,15,none,0,0.0,False,0.7,0.95,0.1,669.0
A-n37-k5,acs_cl15,7,904.841953609589,35.25290786391466,0.09262112504802644,True,87a65c0,5,15,none,0,0.0,False,0.7,0.95,0.1,669.0
A-n37-k5,acs_cl15,8,910.7931885856049,36.1424796092085,0.09243199997581542,True,87a65c0,5,15,none,0,0.0,False,0.7,0.95,0.1,669.0
A-n37-k5,acs_cl15,9,904.841953609589,35.25290786391466,0.09086329187266529,True,87a65c0,5,15,none,0,0.0,False,0.7,0.95,0.1,669.0
A-n37-k5,acs_cl15,10,877.7452219675071,31.202574285128108,0.09121379209682345,True,87a65c0,5,15,none,0,0.0,False,0.7,0.95,0.1,669.0
A-n37-k5,acs_cl15,11,899.8398299708853,34.50520627367493,0.09141562506556511,True,87a65c0,5,15,none,0,0.0,False,0.7,0.95,0.1,669.0
A-n37-k5,acs_cl15,12,844.141913948535,26.179658288271305,0.09266887488774955,True,87a65c0,5,15,none,0,0.0,False,0.7,0.95,0.1,669.0
A-n37-k5,acs_cl15,13,899.8096857712023,34.50070041423054,0.09172129211947322,True,87a65c0,5,15,none,0,0.0,False,0.7,0.95,0.1,669.0
A-n37-k5,acs_cl15,14,903.4535931972329,35.04538014906321,0.09063987503759563,True,87a65c0,5,15,none,0,0.0,False,0.7,0.95,0.1,669.0
A-n37-k5,acs_cl15,15,904.5293638337299,35.20618293478773,0.09105070913210511,True,87a65c0,5,15,none,0,0.0,False,0.7,0.95,0.1,669.0
A-n37-k5,acs_cl15,16,904.841953609589,35.25290786391466,0.09117166697978973,True,87a65c0,5,15,none,0,0.0,False,0.7,0.95,0.1,669.0
A-n37-k5,acs_cl15,17,899.8398299708853,34.50520627367493,0.09079375001601875,True,87a65c0,5,15,none,0,0.0,False,0.7,0.95,0.1,669.0
A-n37-k5,acs_cl15,18,922.51739908871,37.8949774422586,0.09050375013612211,True,87a65c0,5,15,none,0,0.0,False,0.7,0.95,0.1,669.0
A-n37-k5,acs_cl15,19,890.513962608659,33.11120517319267,0.0912792079616338,True,87a65c0,5,15,none,0,0.0,False,0.7,0.95,0.1,669.0
A-n37-k5,acs_cl15,20,878.4625053974625,31.30979153923206,0.09108283300884068,True,87a65c0,5,15,none,0,0.0,False,0.7,0.95,0.1,669.0
A-n37-k5,acs_cl15,21,902.0900734765726,34.841565542088574,0.09044720814563334,True,87a65c0,5,15,none,0,0.0,False,0.7,0.95,0.1,669.0
A-n37-k5,acs_cl15,22,902.0365234703416,34.83356105685226,0.09075254201889038,True,87a65c0,5,15,none,0,0.0,False,0.7,0.95,0.1,669.0
A-n37-k5,acs_cl15,23,882.9626702993593,31.98246192815535,0.09532745811156929,True,87a65c0,5,15,none,0,0.0,False,0.7,0.95,0.1,669.0
A-n37-k5,acs_cl15,24,883.0988914724182,32.00282383743173,0.13751220819540322,True,87a65c0,5,15,none,0,0.0,False,0.7,0.95,0.1,669.0
A-n37-k5,acs_cl15,25,865.2289241471537,29.33167774994824,0.09532841690815985,True,87a65c0,5,15,none,0,0.0,False,0.7,0.95,0.1,669.0
A-n37-k5,acs_cl15,26,884.3572276930616,32.190915948140756,0.09200916695408523,True,87a65c0,5,15,none,0,0.0,False,0.7,0.95,0.1,669.0
A-n37-k5,acs_cl15,27,899.8398299708853,34.50520627367493,0.09070454211905599,True,87a65c0,5,15,none,0,0.0,False,0.7,0.95,0.1,669.0
A-n37-k5,acs_cl15,28,881.0155848939224,31.69141777188676,0.09067600010894239,True,87a65c0,5,15,none,0,0.0,False,0.7,0.95,0.1,669.0
A-n37-k5,acs_cl15,29,910.9188096207666,36.161257043462875,0.09155595884658396,True,87a65c0,5,15,none,0,0.0,False,0.7,0.95,0.1,669.0
A-n37-k5,acs_cl15_ls2opt_fixed,0,839.5759142146128,25.497147117281433,0.10458674980327487,True,87a65c0,5,15,best,30,1.0,False,0.7,0.95,0.1,669.0
A-n37-k5,acs_cl15_ls2opt_fixed,1,864.8377353268655,29.273204084733262,0.1053855000063777,True,87a65c0,5,15,best,30,1.0,False,0.7,0.95,0.1,669.0
A-n37-k5,acs_cl15_ls2opt_fixed,2,862.3992631676917,28.908708993675898,0.10467495885677636,True,87a65c0,5,15,best,30,1.0,False,0.7,0.95,0.1,669.0
A-n37-k5,acs_cl15_ls2opt_fixed,3,800.3843172789839,19.63891140194079,0.10423066699877381,True,87a65c0,5,15,best,30,1.0,False,0.7,0.95,0.1,669.0
A-n37-k5,acs_cl15_ls2opt_fixed,4,850.3168094100884,27.10266209418361,0.10526445810683072,True,87a65c0,5,15,best,30,1.0,False,0.7,0.95,0.1,669.0
A-n37-k5,acs_cl15_ls2opt_fixed,5,864.8377353268655,29.273204084733262,0.10652041714638472,True,87a65c0,5,15,best,30,1.0,False,0.7,0.95,0.1,669.0
A-n37-k5,acs_cl15_ls2opt_fixed,6,808.6787554227025,20.87873773134566,0.10652541602030396,True,87a65c0,5,15,best,30,1.0,False,0.7,0.95,0.1,669.0
A-n37-k5,acs_cl15_ls2opt_fixed,7,841.9234643878978,25.848051478011623,0.10669558285735548,True,87a65c0,5,15,best,30,1.0,False,0.7,0.95,0.1,669.0
A-n37-k5,acs_cl15_ls2opt_fixed,8,837.1930614523054,25.140965837414857,0.10758183291181922,True,87a65c0,5,15,best,30,1.0,False,0.7,0.95,0.1,669.0
A-n37-k5,acs_cl15_ls2opt_fixed,9,816.4059883535359,22.03378002295006,0.10633912496268749,True,87a65c0,5,15,best,30,1.0,False,0.7,0.95,0.1,669.0
A-n37-k5,acs_cl15_ls2opt_fixed,10,841.62111444982,25.80285716738714,0.10483516589738429,True,87a65c0,5,15,best,30,1.0,False,0.7,0.95,0.1,669.0
A-n37-k5,acs_cl15_ls2opt_fixed,11,864.8377353268655,29.273204084733262,0.1068139171693474,True,87a65c0,5,15,best,30,1.0,False,0.7,0.95,0.1,669.0
A-n37-k5,acs_cl15_ls2opt_fixed,12,853.2327771249782,27.538531707769533,0.10772645799443126,True,87a65c0,5,15,best,30,1.0,False,0.7,0.95,0.1,669.0
A-n37-k5,acs_cl15_ls2opt_fixed,13,844.0584092697063,26.167176273498704,0.10830595786683261,True,87a65c0,5,15,best,30,1.0,False,0.7,0.95,0.1,669.0
A-n37-k5,acs_cl15_ls2opt_fixed,14,841.0634507988531,25.719499372025872,0.10502904187887907,True,87a65c0,5,15,best,30,1.0,False,0.7,0.95,0.1,669.0
A-n37-k5,acs_cl15_ls2opt_fixed,15,823.6381637721863,23.11482268642546,0.10482258396223187,True,87a65c0,5,15,best,30,1.0,False,0.7,0.95,0.1,669.0
A-n37-k5,acs_cl15_ls2opt_fixed,16,864.8377353268655,29.273204084733262,0.1065717909950763,True,87a65c0,5,15,best,30,1.0,False,0.7,0.95,0.1,669.0
A-n37-k5,acs_cl15_ls2opt_fixed,17,864.8377353268655,29.273204084733262,0.1043635830283165,True,87a65c0,5,15,best,30,1.0,False,0.7,0.95,0.1,669.0
A-n37-k5,acs_cl15_ls2opt_fixed,18,857.1377881636129,28.122240383200726,0.10486466600559652,True,87a65c0,5,15,best,30,1.0,False,0.7,0.95,0.1,669.0
A-n37-k5,acs_cl15_ls2opt_fixed,19,854.9673236653551,27.79780622800525,0.11062270915135741,True,87a65c0,5,15,best,30,1.0,False,0.7,0.95,0.1,669.0
A-n37-k5,acs_cl15_ls2opt_fixed,20,872.2908610481086,30.387273699268846,0.10724191693589091,True,87a65c0,5,15,best,30,1.0,False,0.7,0.95,0.1,669.0
A-n37-k5,acs_cl15_ls2opt_fixed,21,857.0103671519478,28.103193894162597,0.10668208380229771,True,87a65c0,5,15,best,30,1.0,False,0.7,0.95,0.1,669.0
A-n37-k5,acs_cl15_ls2opt_fixed,22,842.4666995698534,25.929252551547595,0.10615212516859174,True,87a65c0,5,15,best,30,1.0,False,0.7,0.95,0.1,669.0
A-n37-k5,acs_cl15_ls2opt_fixed,23,843.1938698969387,26.037947667703847,0.10627045901492238,True,87a65c0,5,15,best,30,1.0,False,0.7,0.95,0.1,669.0
A-n37-k5,acs_cl15_ls2opt_fixed,24,832.9169044816687,24.501779444195616,0.10491283307783306,True,87a65c0,5,15,best,30,1.0,False,0.7,0.95,0.1,669.0
A-n37-k5,acs_cl15_ls2opt_fixed,25,816.4059883535359,22.03378002295006,0.10716974991373718,True,87a65c0,5,15,best,30,1.0,False,0.7,0.95,0.1,669.0
A-n37-k5,acs_cl15_ls2opt_fixed,26,820.3425088172975,22.622198627398728,0.10506416717544198,True,87a65c0,5,15,best,30,1.0,False,0.7,0.95,0.1,669.0
A-n37-k5,acs_cl15_ls2opt_fixed,27,858.6286543084567,28.34509033011311,0.10322879208251834,True,87a65c0,5,15,best,30,1.0,False,0.7,0.95,0.1,669.0
A-n37-k5,acs_cl15_ls2opt_fixed,28,863.0010702388379,28.998665207599082,0.1041325000114739,True,87a65c0,5,15,best,30,1.0,False,0.7,0.95,0.1,669.0
A-n37-k5,acs_cl15_ls2opt_fixed,29,853.2327771249782,27.538531707769533,0.10518841701559722,True,87a65c0,5,15,best,30,1.0,False,0.7,0.95,0.1,669.0
A-n37-k5,acs_cl15_ls2opt_fixed_q0sched,0,836.6475651359337,25.05942677667171,0.11396229104138911,True,87a65c0,5,15,best,30,1.0,True,0.7,0.95,0.1,669.0
A-n37-k5,acs_cl15_ls2opt_fixed_q0sched,1,842.4666995698534,25.929252551547595,0.1114743750076741,True,87a65c0,5,15,best,30,1.0,True,0.7,0.95,0.1,669.0
A-n37-k5,acs_cl15_ls2opt_fixed_q0sched,2,810.5364770075083,21.156424066892125,0.11174333398230374,True,87a65c0,5,15,best,30,1.0,True,0.7,0.95,0.1,669.0
A-n37-k5,acs_cl15_ls2opt_fixed_q0sched,3,826.5603915410878,23.551628033047507,0.11303616594523191,True,87a65c0,5,15,best,30,1.0,True,0.7,0.95,0.1,669.0
A-n37-k5,acs_cl15_ls2opt_fixed_q0sched,4,816.4059883535359,22.03378002295006,0.11251262505538762,True,87a65c0,5,15,best,30,1.0,True,0.7,0.95,0.1,669.0
A-n37-k5,acs_cl15_ls2opt_fixed_q0sched,5,795.2812090429138,18.87611495409773,0.11066687502898276,True,87a65c0,5,15,best,30,1.0,True,0.7,0.95,0.1,669.0
A-n37-k5,acs_cl15_ls2opt_fixed_q0sched,6,865.4949055605189,29.371435808747215,0.1145220419857651,True,87a65c0,5,15,best,30,1.0,True,0.7,0.95,0.1,669.0
A-n37-k5,acs_cl15_ls2opt_fixed_q0sched,7,766.7434667627786,14.610383671566302,0.11234149988740683,True,87a65c0,5,15,best,30,1.0,True,0.7,0.95,0.1,669.0
A-n37-k5,acs_cl15_ls2opt_fixed_q0sched,8,853.2327771249782,27.538531707769533,0.11113766604103148,True,87a65c0,5,15,best,30,1.0,True,0.7,0.95,0.1,669.0
A-n37-k5,acs_cl15_ls2opt_fixed_q0sched,9,824.8910490741376,23.30210001108186,0.11052224994637072,True,87a65c0,5,15,best,30,1.0,True,0.7,0.95,0.1,669.0
A-n37-k5,acs_cl15_ls2opt_fixed_q0sched,10,790.2210467714888,18.119737932957964,0.10950979101471603,True,87a65c0,5,15,best,30,1.0,True,0.7,0.95,0.1,669.0
A-n37-k5,acs_cl15_ls2opt_fixed_q0sched,11,853.2327771249782,27.538531707769533,0.10939575009979308,True,87a65c0,5,15,best,30,1.0,True,0.7,0.95,0.1,669.0
A-n37-k5,acs_cl15_ls2opt_fixed_q0sched,12,832.9169044816687,24.501779444195616,0.11151070799678564,True,87a65c0,5,15,best,30,1.0,True,0.7,0.95,0.1,669.0
A-n37-k5,acs_cl15_ls2opt_fixed_q0sched,13,818.8811506442914,22.403759438608585,0.11565358308143914,True,87a65c0,5,15,best,30,1.0,True,0.7,0.95,0.1,669.0
A-n37-k5,acs_cl15_ls2opt_fixed_q0sched,14,824.8910490741376,23.30210001108186,0.11347754206508398,True,87a65c0,5,15,best,30,1.0,True,0.7,0.95,0.1,669.0
A-n37-k5,acs_cl15_ls2opt_fixed_q0sched,15,839.1069806745796,25.42705241772491,0.11245729099027812,True,87a65c0,5,15,best,30,1.0,True,0.7,0.95,0.1,669.0
A-n37-k5,acs_cl15_ls2opt_fixed_q0sched,16,792.8235789395577,18.508756194253767,0.1105172079987824,True,87a65c0,5,15,best,30,1.0,True,0.7,0.95,0.1,669.0
A-n37-k5,acs_cl15_ls2opt_fixed_q0sched,17,840.5459303946242,25.64214206197671,0.1113086249679327,True,87a65c0,5,15,best,30,1.0,True,0.7,0.95,0.1,669.0
A-n37-k5,acs_cl15_ls2opt_fixed_q0sched,18,816.4059883535359,22.03378002295006,0.1111686248332262,True,87a65c0,5,15,best,30,1.0,True,0.7,0.95,0.1,669.0
A-n37-k5,acs_cl15_ls2opt_fixed_q0sched,19,833.2905283607234,24.557627557656716,0.11143912491388619,True,87a65c0,5,15,best,30,1.0,True,0.7,0.95,0.1,669.0
A-n37-k5,acs_cl15_ls2opt_fixed_q0sched,20,822.1677212492774,22.89502559779931,0.10868799989111722,True,87a65c0,5,15,best,30,1.0,True,0.7,0.95,0.1,669.0
A-n37-k5,acs_cl15_ls2opt_fixed_q0sched,21,763.8212389938769,14.173578324944236,0.11337312497198582,True,87a65c0,5,15,best,30,1.0,True,0.7,0.95,0.1,669.0
A-n37-k5,acs_cl15_ls2opt_fixed_q0sched,22,842.4666995698534,25.929252551547595,0.11025650007650256,True,87a65c0,5,15,best,30,1.0,True,0.7,0.95,0.1,669.0
A-n37-k5,acs_cl15_ls2opt_fixed_q0sched,23,856.632333204497,28.046686577652757,0.11011962499469519,True,87a65c0,5,15,best,30,1.0,True,0.7,0.95,0.1,669.0
A-n37-k5,acs_cl15_ls2opt_fixed_q0sched,24,881.7512040892814,31.801375798098857,0.11101920809596777,True,87a65c0,5,15,best,30,1.0,True,0.7,0.95,0.1,669.0
A-n37-k5,acs_cl15_ls2opt_fixed_q0sched,25,827.066805740431,23.627325222784908,0.1117505831643939,True,87a65c0,5,15,best,30,1.0,True,0.7,0.95,0.1,669.0
A-n37-k5,acs_cl15_ls2opt_fixed_q0sched,26,828.1088804239993,23.783091244245032,0.10999770788475871,True,87a65c0,5,15,best,30,1.0,True,0.7,0.95,0.1,669.0
A-n37-k5,acs_cl15_ls2opt_fixed_q0sched,27,818.3748935766158,22.32808573641492,0.11198070785030723,True,87a65c0,5,15,best,30,1.0,True,0.7,0.95,0.1,669.0
A-n37-k5,acs_cl15_ls2opt_fixed_q0sched,28,818.3748935766158,22.32808573641492,0.111403499962762,True,87a65c0,5,15,best,30,1.0,True,0.7,0.95,0.1,669.0
A-n37-k5,acs_cl15_ls2opt_fixed_q0sched,29,842.4666995698534,25.929252551547595,0.11045199981890619,True,87a65c0,5,15,best,30,1.0,True,0.7,0.95,0.1,669.0
A-n37-k5,acs_clsqrtn_2opt_q0sched,0,813.0000124927612,21.524665544508405,0.10061283293180168,True,87a65c0,5,15,best,30,1.0,True,0.7,0.95,0.1,669.0
A-n37-k5,acs_clsqrtn_2opt_q0sched,1,842.4666995698534,25.929252551547595,0.10070520802401006,True,87a65c0,5,15,best,30,1.0,True,0.7,0.95,0.1,669.0
A-n37-k5,acs_clsqrtn_2opt_q0sched,2,827.8252809898091,23.740699699523038,0.10188495786860585,True,87a65c0,5,15,best,30,1.0,True,0.7,0.95,0.1,669.0
A-n37-k5,acs_clsqrtn_2opt_q0sched,3,819.3282161224375,22.47058536957213,0.10229691583663225,True,87a65c0,5,15,best,30,1.0,True,0.7,0.95,0.1,669.0
A-n37-k5,acs_clsqrtn_2opt_q0sched,4,819.3282161224375,22.47058536957213,0.10085708391852677,True,87a65c0,5,15,best,30,1.0,True,0.7,0.95,0.1,669.0
A-n37-k5,acs_clsqrtn_2opt_q0sched,5,857.3063250655474,28.147432745223828,0.10138829215429723,True,87a65c0,5,15,best,30,1.0,True,0.7,0.95,0.1,669.0
A-n37-k5,acs_clsqrtn_2opt_q0sched,6,835.3445128045661,24.8646506434329,0.10200654086656868,True,87a65c0,5,15,best,30,1.0,True,0.7,0.95,0.1,669.0
A-n37-k5,acs_clsqrtn_2opt_q0sched,7,833.5989352242744,24.60372723830709,0.10120616690255702,True,87a65c0,5,15,best,30,1.0,True,0.7,0.95,0.1,669.0
A-n37-k5,acs_clsqrtn_2opt_q0sched,8,832.9169044816687,24.501779444195616,0.10734520805999637,True,87a65c0,5,15,best,30,1.0,True,0.7,0.95,0.1,669.0
A-n37-k5,acs_clsqrtn_2opt_q0sched,9,835.3763200203147,24.86940508524883,0.10165799991227686,True,87a65c0,5,15,best,30,1.0,True,0.7,0.95,0.1,669.0
A-n37-k5,acs_clsqrtn_2opt_q0sched,10,849.2618464074745,26.94496956763446,0.10233912500552833,True,87a65c0,5,15,best,30,1.0,True,0.7,0.95,0.1,669.0
A-n37-k5,acs_clsqrtn_2opt_q0sched,11,816.4059883535359,22.03378002295006,0.10050058295018971,True,87a65c0,5,15,best,30,1.0,True,0.7,0.95,0.1,669.0
A-n37-k5,acs_clsqrtn_2opt_q0sched,12,827.8922277882004,23.750706694798275,0.10212412499822676,True,87a65c0,5,15,best,30,1.0,True,0.7,0.95,0.1,669.0
A-n37-k5,acs_clsqrtn_2opt_q0sched,13,857.2633844659659,28.141014120473233,0.10150212491862476,True,87a65c0,5,15,best,30,1.0,True,0.7,0.95,0.1,669.0
A-n37-k5,acs_clsqrtn_2opt_q0sched,14,823.6381637721862,23.11482268642544,0.10097725014202297,True,87a65c0,5,15,best,30,1.0,True,0.7,0.95,0.1,669.0
A-n37-k5,acs_clsqrtn_2opt_q0sched,15,819.0562193624913,22.429928155828303,0.10067504202015698,True,87a65c0,5,15,best,30,1.0,True,0.7,0.95,0.1,669.0
A-n37-k5,acs_clsqrtn_2opt_q0sched,16,857.3063250655474,28.147432745223828,0.10028091701678932,True,87a65c0,5,15,best,30,1.0,True,0.7,0.95,0.1,669.0
A-n37-k5,acs_clsqrtn_2opt_q0sched,17,820.3425088172975,22.622198627398728,0.10051466687582433,True,87a65c0,5,15,best,30,1.0,True,0.7,0.95,0.1,669.0
A-n37-k5,acs_clsqrtn_2opt_q0sched,18,854.7450768953626,27.76458548510651,0.10156254097819328,True,87a65c0,5,15,best,30,1.0,True,0.7,0.95,0.1,669.0
A-n37-k5,acs_clsqrtn_2opt_q0sched,19,841.0634507988531,25.719499372025872,0.10102279111742973,True,87a65c0,5,15,best,30,1.0,True,0.7,0.95,0.1,669.0
A-n37-k5,acs_clsqrtn_2opt_q0sched,20,839.6381265318072,25.506446417310492,0.10065112495794892,True,87a65c0,5,15,best,30,1.0,True,0.7,0.95,0.1,669.0
A-n37-k5,acs_clsqrtn_2opt_q0sched,21,818.7549556309367,22.38489620791281,0.10332079092040658,True,87a65c0,5,15,best,30,1.0,True,0.7,0.95,0.1,669.0
A-n37-k5,acs_clsqrtn_2opt_q0sched,22,841.9234643878978,25.848051478011623,0.09992620791308582,True,87a65c0,5,15,best,30,1.0,True,0.7,0.95,0.1,669.0
A-n37-k5,acs_clsqrtn_2opt_q0sched,23,790.8005942275121,18.20636685015128,0.10060941684059799,True,87a65c0,5,15,best,30,1.0,True,0.7,0.95,0.1,669.0
A-n37-k5,acs_clsqrtn_2opt_q0sched,24,870.0642118804668,30.05444123773794,0.10084383306093514,True,87a65c0,5,15,best,30,1.0,True,0.7,0.95,0.1,669.0
A-n37-k5,acs_clsqrtn_2opt_q0sched,25,841.9234643878978,25.848051478011623,0.10040833288803697,True,87a65c0,5,15,best,30,1.0,True,0.7,0.95,0.1,669.0
A-n37-k5,acs_clsqrtn_2opt_q0sched,26,857.1994862257374,28.131462814011567,0.09968274994753301,True,87a65c0,5,15,best,30,1.0,True,0.7,0.95,0.1,669.0
A-n37-k5,acs_clsqrtn_2opt_q0sched,27,864.0933833336524,29.161940707571354,0.10143770789727569,True,87a65c0,5,15,best,30,1.0,True,0.7,0.95,0.1,669.0
A-n37-k5,acs_clsqrtn_2opt_q0sched,28,837.7924372717604,25.23055863553967,0.10048583406023681,True,87a65c0,5,15,best,30,1.0,True,0.7,0.95,0.1,669.0
A-n37-k5,acs_clsqrtn_2opt_q0sched,29,841.0634507988531,25.719499372025872,0.10134058305993676,True,87a65c0,5,15,best,30,1.0,True,0.7,0.95,0.1,669.0
A-n37-k5,acs_nocl_2opt_q0sched,0,780.006409847693,16.592886374842006,0.1351707500871271,True,87a65c0,5,0,best,30,1.0,True,0.7,0.95,0.1,669.0
A-n37-k5,acs_nocl_2opt_q0sched,1,809.3585620159038,20.98035306665228,0.13574979198165238,True,87a65c0,5,0,best,30,1.0,True,0.7,0.95,0.1,669.0
A-n37-k5,acs_nocl_2opt_q0sched,2,843.9499152212353,26.150958926941005,0.1333025828935206,True,87a65c0,5,0,best,30,1.0,True,0.7,0.95,0.1,669.0
A-n37-k5,acs_nocl_2opt_q0sched,3,800.6480277653193,19.67833000976372,0.17541808309033513,True,87a65c0,5,0,best,30,1.0,True,0.7,0.95,0.1,669.0
A-n37-k5,acs_nocl_2opt_q0sched,4,857.3063250655474,28.147432745223828,0.13376841694116592,True,87a65c0,5,0,best,30,1.0,True,0.7,0.95,0.1,669.0
A-n37-k5,acs_nocl_2opt_q0sched,5,782.4551006812826,16.958908920968998,0.13390345801599324,True,87a65c0,5,0,best,30,1.0,True,0.7,0.95,0.1,669.0
A-n37-k5,acs_nocl_2opt_q0sched,6,824.1042145104971,23.184486473915854,0.1321207918226719,True,87a65c0,5,0,best,30,1.0,True,0.7,0.95,0.1,669.0
A-n37-k5,acs_nocl_2opt_q0sched,7,807.1387779999053,20.648546786233975,0.13615000015124679,True,87a65c0,5,0,best,30,1.0,True,0.7,0.95,0.1,669.0
A-n37-k5,acs_nocl_2opt_q0sched,8,791.9798487548571,18.382638079948748,0.13323462498374283,True,87a65c0,5,0,best,30,1.0,True,0.7,0.95,0.1,669.0
A-n37-k5,acs_nocl_2opt_q0sched,9,832.1314162715522,24.384367155687926,0.1341986251063645,True,87a65c0,5,0,best,30,1.0,True,0.7,0.95,0.1,669.0
A-n37-k5,acs_nocl_2opt_q0sched,10,793.3120570014996,18.581772347010407,0.13539158296771348,True,87a65c0,5,0,best,30,1.0,True,0.7,0.95,0.1,669.0
A-n37-k5,acs_nocl_2opt_q0sched,11,857.426739204001,28.165431869058448,0.13238783297128975,True,87a65c0,5,0,best,30,1.0,True,0.7,0.95,0.1,669.0
A-n37-k5,acs_nocl_2opt_q0sched,12,802.6975548884875,19.98468682937033,0.13505112496204674,True,87a65c0,5,0,best,30,1.0,True,0.7,0.95,0.1,669.0
A-n37-k5,acs_nocl_2opt_q0sched,13,844.8975732341048,26.2926118436629,0.1348914159461856,True,87a65c0,5,0,best,30,1.0,True,0.7,0.95,0.1,669.0
A-n37-k5,acs_nocl_2opt_q0sched,14,799.9329024160181,19.571435338717208,0.13736995798535645,True,87a65c0,5,0,best,30,1.0,True,0.7,0.95,0.1,669.0
A-n37-k5,acs_nocl_2opt_q0sched,15,824.8830918537712,23.300910590997198,0.1364222918637097,True,87a65c0,5,0,best,30,1.0,True,0.7,0.95,0.1,669.0
A-n37-k5,acs_nocl_2opt_q0sched,16,819.3282161224375,22.47058536957213,0.13620558404363692,True,87a65c0,5,0,best,30,1.0,True,0.7,0.95,0.1,669.0
A-n37-k5,acs_nocl_2opt_q0sched,17,816.4059883535359,22.03378002295006,0.13408408407121897,True,87a65c0,5,0,best,30,1.0,True,0.7,0.95,0.1,669.0
A-n37-k5,acs_nocl_2opt_q0sched,18,776.9550187670392,16.136774105685976,0.13455287483520806,True,87a65c0,5,0,best,30,1.0,True,0.7,0.95,0.1,669.0
A-n37-k5,acs_nocl_2opt_q0sched,19,853.2327771249782,27.538531707769533,0.13461329089477658,True,87a65c0,5,0,best,30,1.0,True,0.7,0.95,0.1,669.0
A-n37-k5,acs_nocl_2opt_q0sched,20,796.5713963292185,19.068968061168682,0.13562075002118945,True,87a65c0,5,0,best,30,1.0,True,0.7,0.95,0.1,669.0
A-n37-k5,acs_nocl_2opt_q0sched,21,802.0450488758007,19.887152298325965,0.1327573750168085,True,87a65c0,5,0,best,30,1.0,True,0.7,0.95,0.1,669.0
A-n37-k5,acs_nocl_2opt_q0sched,22,811.7546274198896,21.338509330327298,0.1347496248781681,True,87a65c0,5,0,best,30,1.0,True,0.7,0.95,0.1,669.0
A-n37-k5,acs_nocl_2opt_q0sched,23,832.1314162715522,24.384367155687926,0.13558574998751283,True,87a65c0,5,0,best,30,1.0,True,0.7,0.95,0.1,669.0
A-n37-k5,acs_nocl_2opt_q0sched,24,822.3018960884111,22.91508162756519,0.134337916970253,True,87a65c0,5,0,best,30,1.0,True,0.7,0.95,0.1,669.0
A-n37-k5,acs_nocl_2opt_q0sched,25,827.4693782975352,23.68750049290511,0.13432045793160796,True,87a65c0,5,0,best,30,1.0,True,0.7,0.95,0.1,669.0
A-n37-k5,acs_nocl_2opt_q0sched,26,770.959819905931,15.24063077816607,0.13464279216714203,True,87a65c0,5,0,best,30,1.0,True,0.7,0.95,0.1,669.0
A-n37-k5,acs_nocl_2opt_q0sched,27,853.2327771249783,27.538531707769547,0.13474483415484428,True,87a65c0,5,0,best,30,1.0,True,0.7,0.95,0.1,669.0
A-n37-k5,acs_nocl_2opt_q0sched,28,853.2327771249782,27.538531707769533,0.13401804119348526,True,87a65c0,5,0,best,30,1.0,True,0.7,0.95,0.1,669.0
A-n37-k5,acs_nocl_2opt_q0sched,29,827.5746842359478,23.703241290874104,0.13408374995924532,True,87a65c0,5,0,best,30,1.0,True,0.7,0.95,0.1,669.0
A-n37-k6,acs_baseline,0,1178.937004863625,24.229399880255524,0.1108924588188529,True,87a65c0,6,0,none,0,0.0,False,0.7,0.95,0.1,949.0
A-n37-k6,acs_baseline,1,1211.846361607237,27.697193003923815,0.11170608410611749,True,87a65c0,6,0,none,0,0.0,False,0.7,0.95,0.1,949.0
A-n37-k6,acs_baseline,2,1178.8476579185808,24.219985028301455,0.11178033403120935,True,87a65c0,6,0,none,0,0.0,False,0.7,0.95,0.1,949.0
A-n37-k6,acs_baseline,3,1204.4180267915033,26.91443907181278,0.11227408307604492,True,87a65c0,6,0,none,0,0.0,False,0.7,0.95,0.1,949.0
A-n37-k6,acs_baseline,4,1169.1512920264402,23.198239412691272,0.11213687504641712,True,87a65c0,6,0,none,0,0.0,False,0.7,0.95,0.1,949.0
A-n37-k6,acs_baseline,5,1164.4111478142122,22.6987510868506,0.11147208302281797,True,87a65c0,6,0,none,0,0.0,False,0.7,0.95,0.1,949.0
A-n37-k6,acs_baseline,6,1168.8892342456813,23.17062531566716,0.11123804212547839,True,87a65c0,6,0,none,0,0.0,False,0.7,0.95,0.1,949.0
A-n37-k6,acs_baseline,7,1183.1603898143799,24.674435175382495,0.11206595809198916,True,87a65c0,6,0,none,0,0.0,False,0.7,0.95,0.1,949.0
A-n37-k6,acs_baseline,8,1120.893958537619,18.11316739068694,0.11265287501737475,True,87a65c0,6,0,none,0,0.0,False,0.7,0.95,0.1,949.0
A-n37-k6,acs_baseline,9,1210.329347969498,27.537339090568814,0.11109095788560808,True,87a65c0,6,0,none,0,0.0,False,0.7,0.95,0.1,949.0
A-n37-k6,acs_baseline,10,1198.586124681924,26.29990776416481,0.11145029193721712,True,87a65c0,6,0,none,0,0.0,False,0.7,0.95,0.1,949.0
A-n37-k6,acs_baseline,11,1209.2364888475422,27.422180068234166,0.11135541694238782,True,87a65c0,6,0,none,0,0.0,False,0.7,0.95,0.1,949.0
A-n37-k6,acs_baseline,12,1188.8356457247423,25.272460034219424,0.11149699985980988,True,87a65c0,6,0,none,0,0.0,False,0.7,0.95,0.1,949.0
A-n37-k6,acs_baseline,13,1210.0723874206296,27.510262109655386,0.1113023750949651,True,87a65c0,6,0,none,0,0.0,False,0.7,0.95,0.1,949.0
A-n37-k6,acs_baseline,14,1189.6420610301047,25.35743530348838,0.11145066586323082,True,87a65c0,6,0,none,0,0.0,False,0.7,0.95,0.1,949.0
A-n37-k6,acs_baseline,15,1183.1603898143799,24.674435175382495,0.11472262511961162,True,87a65c0,6,0,none,0,0.0,False,0.7,0.95,0.1,949.0
A-n37-k6,acs_baseline,16,1199.5501699953656,26.401493150196593,0.11190912500023842,True,87a65c0,6,0,none,0,0.0,False,0.7,0.95,0.1,949.0
A-n37-k6,acs_baseline,17,1199.8461625376588,26.432683091428743,0.11157962516881526,True,87a65c0,6,0,none,0,0.0,False,0.7,0.95,0.1,949.0
A-n37-k6,acs_baseline,18,1182.1932448657021,24.57252316814564,0.11212062486447394,True,87a65c0,6,0,none,0,0.0,False,0.7,0.95,0.1,949.0
A-n37-k6,acs_baseline,19,1149.6411600852784,21.142377248185294,0.11229633400216699,True,87a65c0,6,0,none,0,0.0,False,0.7,0.95,0.1,949.0
A-n37-k6,acs_baseline,20,1200.9777894786105,26.551927236945254,0.11263320897705853,True,87a65c0,6,0,none,0,0.0,False,0.7,0.95,0.1,949.0
A-n37-k6,acs_baseline,21,1168.1836442024596,23.096274415433047,0.11197854205965996,True,87a65c0,6,0,none,0,0.0,False,0.7,0.95,0.1,949.0
A-n37-k6,acs_baseline,22,1205.2309884617002,27.00010415824028,0.11186512489803135,True,87a65c0,6,0,none,0,0.0,False,0.7,0.95,0.1,949.0
A-n37-k6,acs_baseline,23,1222.1201284006117,28.779781707124524,0.11120824981480837,True,87a65c0,6,0,none,0,0.0,False,0.7,0.95,0.1,949.0
A-n37-k6,acs_baseline,24,1185.291101638726,24.89895696930728,0.11255399999208748,True,87a65c0,6,0,none,0,0.0,False,0.7,0.95,0.1,949.0
A-n37-k6,acs_baseline,25,1178.8476579185808,24.219985028301455,0.11207362497225404,True,87a65c0,6,0,none,0,0.0,False,0.7,0.95,0.1,949.0
A-n37-k6,acs_baseline,26,1190.7459888951626,25.473760684421766,0.1123189169447869,True,87a65c0,6,0,none,0,0.0,False,0.7,0.95,0.1,949.0
A-n37-k6,acs_baseline,27,1166.7004599961633,22.939985247224794,0.11131720780394971,True,87a65c0,6,0,none,0,0.0,False,0.7,0.95,0.1,949.0
A-n37-k6,acs_baseline,28,1182.1932448657021,24.57252316814564,0.1112917079590261,True,87a65c0,6,0,none,0,0.0,False,0.7,0.95,0.1,949.0
A-n37-k6,acs_baseline,29,1224.62430123412,29.043656610550045,0.11158537515439093,True,87a65c0,6,0,none,0,0.0,False,0.7,0.95,0.1,949.0
A-n37-k6,acs_cl15,0,1167.137663614757,22.986055175422234,0.09113574982620776,True,87a65c0,6,15,none,0,0.0,False,0.7,0.95,0.1,949.0
A-n37-k6,acs_cl15,1,1199.1333243895315,26.357568428823125,0.09124654205515981,True,87a65c0,6,15,none,0,0.0,False,0.7,0.95,0.1,949.0
A-n37-k6,acs_cl15,2,1193.5114344582405,25.765166960826186,0.09124183305539191,True,87a65c0,6,15,none,0,0.0,False,0.7,0.95,0.1,949.0
A-n37-k6,acs_cl15,3,1199.6020302637198,26.406957878158043,0.09165258286520839,True,87a65c0,6,15,none,0,0.0,False,0.7,0.95,0.1,949.0
A-n37-k6,acs_cl15,4,1178.7065154439986,24.205112270178986,0.09121812507510185,True,87a65c0,6,15,none,0,0.0,False,0.7,0.95,0.1,949.0
A-n37-k6,acs_cl15,5,1185.291101638726,24.89895696930728,0.09174908301793039,True,87a65c0,6,15,none,0,0.0,False,0.7,0.95,0.1,949.0
A-n37-k6,acs_cl15,6,1182.1932448657021,24.57252316814564,0.09064220800064504,True,87a65c0,6,15,none,0,0.0,False,0.7,0.95,0.1,949.0
A-n37-k6,acs_cl15,7,1180.0005577319357,24.341470783133374,0.09130837512202561,True,87a65c0,6,15,none,0,0.0,False,0.7,0.95,0.1,949.0
A-n37-k6,acs_cl15,8,1211.5836632650607,27.669511408330955,0.09028804115951061,True,87a65c0,6,15,none,0,0.0,False,0.7,0.95,0.1,949.0
A-n37-k6,acs_cl15,9,1188.6784410643584,25.255894738077806,0.09015741688199341,True,87a65c0,6,15,none,0,0.0,False,0.7,0.95,0.1,949.0
A-n37-k6,acs_cl15,10,1172.4424273303484,23.54503976083756,0.09008708409965038,True,87a65c0,6,15,none,0,0.0,False,0.7,0.95,0.1,949.0
A-n37-k6,acs_cl15,11,1190.1743953462203,25.413529541224477,0.0932325420435518,True,87a65c0,6,15,none,0,0.0,False,0.7,0.95,0.1,949.0
A-n37-k6,acs_cl15,12,1215.66636029957,28.099721844001053,0.13488374999724329,True,87a65c0,6,15,none,0,0.0,False,0.7,0.95,0.1,949.0
A-n37-k6,acs_cl15,13,1165.0217386976556,22.763091538214493,0.09173874999396503,True,87a65c0,6,15,none,0,0.0,False,0.7,0.95,0.1,949.0
A-n37-k6,acs_cl15,14,1175.425525963486,23.85938102881834,0.09177695889957249,True,87a65c0,6,15,none,0,0.0,False,0.7,0.95,0.1,949.0
A-n37-k6,acs_cl15,15,1176.0650124363774,23.926766326277914,0.09173837513662875,True,87a65c0,6,15,none,0,0.0,False,0.7,0.95,0.1,949.0
A-n37-k6,acs_cl15,16,1198.6518164061217,26.306829969032847,0.0906307918485254,True,87a65c0,6,15,none,0,0.0,False,0.7,0.95,0.1,949.0
A-n37-k6,acs_cl15,17,1153.5949296315923,21.55900206866094,0.09080108301714063,True,87a65c0,6,15,none,0,0.0,False,0.7,0.95,0.1,949.0
A-n37-k6,acs_cl15,18,1182.0730752422535,24.559860404873916,0.090949583100155,True,87a65c0,6,15,none,0,0.0,False,0.7,0.95,0.1,949.0
A-n37-k6,acs_cl15,19,1216.6629661719592,28.204738268910347,0.09161100001074374,True,87a65c0,6,15,none,0,0.0,False,0.7,0.95,0.1,949.0
A-n37-k6,acs_cl15,20,1195.7281731571622,25.99875375734059,0.0907430830411613,True,87a65c0,6,15,none,0,0.0,False,0.7,0.95,0.1,949.0
A-n37-k6,acs_cl15,21,1202.6705882811768,26.730304349965945,0.09088229108601809,True,87a65c0,6,15,none,0,0.0,False,0.7,0.95,0.1,949.0
A-n37-k6,acs_cl15,22,1175.425525963486,23.85938102881834,0.09033887507393956,True,87a65c0,6,15,none,0,0.0,False,0.7,0.95,0.1,949.0
A-n37-k6,acs_cl15,23,1222.711629133345,28.842110551458905,0.09059837507084012,True,87a65c0,6,15,none,0,0.0,False,0.7,0.95,0.1,949.0
A-n37-k6,acs_cl15,24,1182.1932448657021,24.57252316814564,0.09068858297541738,True,87a65c0,6,15,none,0,0.0,False,0.7,0.95,0.1,949.0
A-n37-k6,acs_cl15,25,1152.8580068430715,21.481349509280452,0.09045504196546972,True,87a65c0,6,15,none,0,0.0,False,0.7,0.95,0.1,949.0
A-n37-k6,acs_cl15,26,1187.8688880407226,25.170588834638842,0.09064800012856722,True,87a65c0,6,15,none,0,0.0,False,0.7,0.95,0.1,949.0
A-n37-k6,acs_cl15,27,1202.2870541633959,26.689889795932125,0.09030420798808336,True,87a65c0,6,15,none,0,0.0,False,0.7,0.95,0.1,949.0
A-n37-k6,acs_cl15,28,1198.641165177752,26.30570760566408,0.0901167499832809,True,87a65c0,6,15,none,0,0.0,False,0.7,0.95,0.1,949.0
A-n37-k6,acs_cl15,29,1231.0213828696492,29.717743189636376,0.09087558393366635,True,87a65c0,6,15,none,0,0.0,False,0.7,0.95,0.1,949.0
A-n37-k6,acs_cl15_ls2opt_fixed,0,1128.9601478848758,18.96313465594055,0.09912712499499321,True,87a65c0,6,15,best,30,1.0,False,0.7,0.95,0.1,949.0
A-n37-k6,acs_cl15_ls2opt_fixed,1,1140.2587006251467,20.153709233419047,0.10009962506592274,True,87a65c0,6,15,best,30,1.0,False,0.7,0.95,0.1,949.0
A-n37-k6,acs_cl15_ls2opt_fixed,2,1124.179166430366,18.459343143347308,0.09874124987982213,True,87a65c0,6,15,best,30,1.0,False,0.7,0.95,0.1,949.0
A-n37-k6,acs_cl15_ls2opt_fixed,3,1131.6908597401034,19.250880899905525,0.09904616721905768,True,87a65c0,6,15,best,30,1.0,False,0.7,0.95,0.1,949.0
A-n37-k6,acs_cl15_ls2opt_fixed,4,1139.3642089483992,20.059452997723838,0.10113200009800494,True,87a65c0,6,15,best,30,1.0,False,0.7,0.95,0.1,949.0
A-n37-k6,acs_cl15_ls2opt_fixed,5,1139.3642089483992,20.059452997723838,0.09896637499332428,True,87a65c0,6,15,best,30,1.0,False,0.7,0.95,0.1,949.0
A-n37-k6,acs_cl15_ls2opt_fixed,6,1139.3642089483992,20.059452997723838,0.09908974985592067,True,87a65c0,6,15,best,30,1.0,False,0.7,0.95,0.1,949.0
A-n37-k6,acs_cl15_ls2opt_fixed,7,1139.3642089483992,20.059452997723838,0.10068691684864461,True,87a65c0,6,15,best,30,1.0,False,0.7,0.95,0.1,949.0
A-n37-k6,acs_cl15_ls2opt_fixed,8,1115.8307519923826,17.57963666937646,0.09985362482257187,True,87a65c0,6,15,best,30,1.0,False,0.7,0.95,0.1,949.0
A-n37-k6,acs_cl15_ls2opt_fixed,9,1145.7130636494358,20.728457708054346,0.10086674988269806,True,87a65c0,6,15,best,30,1.0,False,0.7,0.95,0.1,949.0
A-n37-k6,acs_cl15_ls2opt_fixed,10,1135.9304910366748,19.69762813874339,0.09975104103796184,True,87a65c0,6,15,best,30,1.0,False,0.7,0.95,0.1,949.0
A-n37-k6,acs_cl15_ls2opt_fixed,11,1096.193100638718,15.510337264353854,0.10058920900337398,True,87a65c0,6,15,best,30,1.0,False,0.7,0.95,0.1,949.0
A-n37-k6,acs_cl15_ls2opt_fixed,12,1139.3642089483992,20.059452997723838,0.0988775419536978,True,87a65c0,6,15,best,30,1.0,False,0.7,0.95,0.1,949.0
A-n37-k6,acs_cl15_ls2opt_fixed,13,1116.8607274750213,17.688169386198247,0.09944662498310208,True,87a65c0,6,15,best,30,1.0,False,0.7,0.95,0.1,949.0
A-n37-k6,acs_cl15_ls2opt_fixed,14,1137.9403454857434,19.9094146981816,0.10184558294713497,True,87a65c0,6,15,best,30,1.0,False,0.7,0.95,0.1,949.0
A-n37-k6,acs_cl15_ls2opt_fixed,15,1139.3642089483992,20.059452997723838,0.10345358401536942,True,87a65c0,6,15,best,30,1.0,False,0.7,0.95,0.1,949.0
A-n37-k6,acs_cl15_ls2opt_fixed,16,1145.7130636494358,20.728457708054346,0.09919291594997048,True,87a65c0,6,15,best,30,1.0,False,0.7,0.95,0.1,949.0
A-n37-k6,acs_cl15_ls2opt_fixed,17,1129.4132176499159,19.010876464690817,0.09941829205490649,True,87a65c0,6,15,best,30,1.0,False,0.7,0.95,0.1,949.0
A-n37-k6,acs_cl15_ls2opt_fixed,18,1141.8848671322794,20.32506502974493,0.09940620791167021,True,87a65c0,6,15,best,30,1.0,False,0.7,0.95,0.1,949.0
A-n37-k6,acs_cl15_ls2opt_fixed,19,1113.1319223356095,17.2952499826775,0.10013220901601017,True,87a65c0,6,15,best,30,1.0,False,0.7,0.95,0.1,949.0
A-n37-k6,acs_cl15_ls2opt_fixed,20,1113.1319223356095,17.2952499826775,0.09911937499418855,True,87a65c0,6,15,best,30,1.0,False,0.7,0.95,0.1,949.0
A-n37-k6,acs_cl15_ls2opt_fixed,21,1149.4418687888476,21.12137711157509,0.09879641700536013,True,87a65c0,6,15,best,30,1.0,False,0.7,0.95,0.1,949.0
A-n37-k6,acs_cl15_ls2opt_fixed,22,1146.2419020657462,20.78418356857178,0.09915379201993346,True,87a65c0,6,15,best,30,1.0,False,0.7,0.95,0.1,949.0
A-n37-k6,acs_cl15_ls2opt_fixed,23,1145.626458929134,20.719331815504116,0.09877854189835489,True,87a65c0,6,15,best,30,1.0,False,0.7,0.95,0.1,949.0
A-n37-k6,acs_cl15_ls2opt_fixed,24,1139.3642089483992,20.059452997723838,0.10078050009906292,True,87a65c0,6,15,best,30,1.0,False,0.7,0.95,0.1,949.0
A-n37-k6,acs_cl15_ls2opt_fixed,25,1128.8655284228892,18.953164217375043,0.10156333399936557,True,87a65c0,6,15,best,30,1.0,False,0.7,0.95,0.1,949.0
A-n37-k6,acs_cl15_ls2opt_fixed,26,1139.3642089483992,20.059452997723838,0.0993064590729773,True,87a65c0,6,15,best,30,1.0,False,0.7,0.95,0.1,949.0
A-n37-k6,acs_cl15_ls2opt_fixed,27,1140.2587006251467,20.153709233419047,0.09880591696128249,True,87a65c0,6,15,best,30,1.0,False,0.7,0.95,0.1,949.0
A-n37-k6,acs_cl15_ls2opt_fixed,28,1113.1319223356095,17.2952499826775,0.0979521251283586,True,87a65c0,6,15,best,30,1.0,False,0.7,0.95,0.1,949.0
A-n37-k6,acs_cl15_ls2opt_fixed,29,1140.1907199742739,20.14654583501305,0.10006766696460545,True,87a65c0,6,15,best,30,1.0,False,0.7,0.95,0.1,949.0
A-n37-k6,acs_cl15_ls2opt_fixed_q0sched,0,1139.9362699126932,20.11973339438285,0.10609424998983741,True,87a65c0,6,15,best,30,1.0,True,0.7,0.95,0.1,949.0
A-n37-k6,acs_cl15_ls2opt_fixed_q0sched,1,1139.3642089483992,20.059452997723838,0.10552050010301173,True,87a65c0,6,15,best,30,1.0,True,0.7,0.95,0.1,949.0
A-n37-k6,acs_cl15_ls2opt_fixed_q0sched,2,1139.3642089483992,20.059452997723838,0.10563216707669199,True,87a65c0,6,15,best,30,1.0,True,0.7,0.95,0.1,949.0
A-n37-k6,acs_cl15_ls2opt_fixed_q0sched,3,1129.4132176499159,19.010876464690817,0.10460908291861415,True,87a65c0,6,15,best,30,1.0,True,0.7,0.95,0.1,949.0
A-n37-k6,acs_cl15_ls2opt_fixed_q0sched,4,1133.2835454132387,19.41870868421904,0.10670000012032688,True,87a65c0,6,15,best,30,1.0,True,0.7,0.95,0.1,949.0
A-n37-k6,acs_cl15_ls2opt_fixed_q0sched,5,1136.6239674615824,19.770702577616696,0.10591983306221664,True,87a65c0,6,15,best,30,1.0,True,0.7,0.95,0.1,949.0
A-n37-k6,acs_cl15_ls2opt_fixed_q0sched,6,1084.3289036915135,14.260158450106792,0.10751904104836285,True,87a65c0,6,15,best,30,1.0,True,0.7,0.95,0.1,949.0
A-n37-k6,acs_cl15_ls2opt_fixed_q0sched,7,1127.242151901838,18.78210241326007,0.1061174999922514,True,87a65c0,6,15,best,30,1.0,True,0.7,0.95,0.1,949.0
A-n37-k6,acs_cl15_ls2opt_fixed_q0sched,8,1091.3752653175152,15.002662309537953,0.10572824999690056,True,87a65c0,6,15,best,30,1.0,True,0.7,0.95,0.1,949.0
A-n37-k6,acs_cl15_ls2opt_fixed_q0sched,9,1107.736598366291,16.72672269402434,0.10438095894642174,True,87a65c0,6,15,best,30,1.0,True,0.7,0.95,0.1,949.0
A-n37-k6,acs_cl15_ls2opt_fixed_q0sched,10,1129.0076767145015,18.968142962539673,0.10492941690608859,True,87a65c0,6,15,best,30,1.0,True,0.7,0.95,0.1,949.0
A-n37-k6,acs_cl15_ls2opt_fixed_q0sched,11,1092.9466307074947,15.16824348867173,0.104792624944821,True,87a65c0,6,15,best,30,1.0,True,0.7,0.95,0.1,949.0
A-n37-k6,acs_cl15_ls2opt_fixed_q0sched,12,1134.2623306322466,19.52184727420934,0.10458529205061495,True,87a65c0,6,15,best,30,1.0,True,0.7,0.95,0.1,949.0
A-n37-k6,acs_cl15_ls2opt_fixed_q0sched,13,1118.7905651071892,17.891524247332896,0.10500887501984835,True,87a65c0,6,15,best,30,1.0,True,0.7,0.95,0.1,949.0
A-n37-k6,acs_cl15_ls2opt_fixed_q0sched,14,1113.1319223356095,17.2952499826775,0.10590191697701812,True,87a65c0,6,15,best,30,1.0,True,0.7,0.95,0.1,949.0
A-n37-k6,acs_cl15_ls2opt_fixed_q0sched,15,1116.8607274750213,17.688169386198247,0.10556033300235868,True,87a65c0,6,15,best,30,1.0,True,0.7,0.95,0.1,949.0
A-n37-k6,acs_cl15_ls2opt_fixed_q0sched,16,1106.783067634573,16.62624527234699,0.10606937506236136,True,87a65c0,6,15,best,30,1.0,True,0.7,0.95,0.1,949.0
A-n37-k6,acs_cl15_ls2opt_fixed_q0sched,17,1106.783067634573,16.62624527234699,0.10510204080492258,True,87a65c0,6,15,best,30,1.0,True,0.7,0.95,0.1,949.0
A-n37-k6,acs_cl15_ls2opt_fixed_q0sched,18,1122.0254587695563,18.23239818435788,0.10593879199586809,True,87a65c0,6,15,best,30,1.0,True,0.7,0.95,0.1,949.0
A-n37-k6,acs_cl15_ls2opt_fixed_q0sched,19,1122.8822231541303,18.322678941425742,0.10586204193532467,True,87a65c0,6,15,best,30,1.0,True,0.7,0.95,0.1,949.0
A-n37-k6,acs_cl15_ls2opt_fixed_q0sched,20,1097.942976860203,15.694728857766396,0.10556666599586606,True,87a65c0,6,15,best,30,1.0,True,0.7,0.95,0.1,949.0
A-n37-k6,acs_cl15_ls2opt_fixed_q0sched,21,1138.6921254260642,19.98863281623437,0.10567054199054837,True,87a65c0,6,15,best,30,1.0,True,0.7,0.95,0.1,949.0
A-n37-k6,acs_cl15_ls2opt_fixed_q0sched,22,1122.22756747458,18.253695202800834,0.10521416692063212,True,87a65c0,6,15,best,30,1.0,True,0.7,0.95,0.1,949.0
A-n37-k6,acs_cl15_ls2opt_fixed_q0sched,23,1139.3642089483992,20.059452997723838,0.10470262495800853,True,87a65c0,6,15,best,30,1.0,True,0.7,0.95,0.1,949.0
A-n37-k6,acs_cl15_ls2opt_fixed_q0sched,24,1117.1155502017173,17.715021096071368,0.10608749999664724,True,87a65c0,6,15,best,30,1.0,True,0.7,0.95,0.1,949.0
A-n37-k6,acs_cl15_ls2opt_fixed_q0sched,25,1139.3642089483992,20.059452997723838,0.10517858318053186,True,87a65c0,6,15,best,30,1.0,True,0.7,0.95,0.1,949.0
A-n37-k6,acs_cl15_ls2opt_fixed_q0sched,26,1136.683308374534,19.77695557160526,0.10517304204404354,True,87a65c0,6,15,best,30,1.0,True,0.7,0.95,0.1,949.0
A-n37-k6,acs_cl15_ls2opt_fixed_q0sched,27,1090.947912096643,14.957630357918122,0.10604133293963969,True,87a65c0,6,15,best,30,1.0,True,0.7,0.95,0.1,949.0
A-n37-k6,acs_cl15_ls2opt_fixed_q0sched,28,1097.8076121306149,15.680464924195455,0.10348475002683699,True,87a65c0,6,15,best,30,1.0,True,0.7,0.95,0.1,949.0
A-n37-k6,acs_cl15_ls2opt_fixed_q0sched,29,1093.8917638918242,15.267836026535745,0.10404612496495247,True,87a65c0,6,15,best,30,1.0,True,0.7,0.95,0.1,949.0
A-n37-k6,acs_clsqrtn_2opt_q0sched,0,1134.2571214708883,19.52129836363417,0.09823008417151868,True,87a65c0,6,15,best,30,1.0,True,0.7,0.95,0.1,949.0
A-n37-k6,acs_clsqrtn_2opt_q0sched,1,1106.783067634573,16.62624527234699,0.1419366248883307,True,87a65c0,6,15,best,30,1.0,True,0.7,0.95,0.1,949.0
A-n37-k6,acs_clsqrtn_2opt_q0sched,2,1106.783067634573,16.62624527234699,0.09919304214417934,True,87a65c0,6,15,best,30,1.0,True,0.7,0.95,0.1,949.0
A-n37-k6,acs_clsqrtn_2opt_q0sched,3,1139.3642089483992,20.059452997723838,0.09722237498499453,True,87a65c0,6,15,best,30,1.0,True,0.7,0.95,0.1,949.0
A-n37-k6,acs_clsqrtn_2opt_q0sched,4,1115.6224054023523,17.557682339552407,0.09791091713123024,True,87a65c0,6,15,best,30,1.0,True,0.7,0.95,0.1,949.0
A-n37-k6,acs_clsqrtn_2opt_q0sched,5,1139.3642089483992,20.059452997723838,0.09714787499979138,True,87a65c0,6,15,best,30,1.0,True,0.7,0.95,0.1,949.0
A-n37-k6,acs_clsqrtn_2opt_q0sched,6,1086.5157054079773,14.490590664697292,0.09762204089201987,True,87a65c0,6,15,best,30,1.0,True,0.7,0.95,0.1,949.0
A-n37-k6,acs_clsqrtn_2opt_q0sched,7,1113.620685551593,17.34675295591074,0.09987566713243723,True,87a65c0,6,15,best,30,1.0,True,0.7,0.95,0.1,949.0
A-n37-k6,acs_clsqrtn_2opt_q0sched,8,1116.8607274750213,17.688169386198247,0.09769516694359481,True,87a65c0,6,15,best,30,1.0,True,0.7,0.95,0.1,949.0
A-n37-k6,acs_clsqrtn_2opt_q0sched,9,1139.3642089483992,20.059452997723838,0.0974708329886198,True,87a65c0,6,15,best,30,1.0,True,0.7,0.95,0.1,949.0
A-n37-k6,acs_clsqrtn_2opt_q0sched,10,1106.783067634573,16.62624527234699,0.09799337503500283,True,87a65c0,6,15,best,30,1.0,True,0.7,0.95,0.1,949.0
A-n37-k6,acs_clsqrtn_2opt_q0sched,11,1106.783067634573,16.62624527234699,0.09827716695144773,True,87a65c0,6,15,best,30,1.0,True,0.7,0.95,0.1,949.0
A-n37-k6,acs_clsqrtn_2opt_q0sched,12,1106.783067634573,16.62624527234699,0.09753512497991323,True,87a65c0,6,15,best,30,1.0,True,0.7,0.95,0.1,949.0
A-n37-k6,acs_clsqrtn_2opt_q0sched,13,1166.9786707963897,22.969301453781842,0.09929916588589549,True,87a65c0,6,15,best,30,1.0,True,0.7,0.95,0.1,949.0
A-n37-k6,acs_clsqrtn_2opt_q0sched,14,1106.783067634573,16.62624527234699,0.09821179090067744,True,87a65c0,6,15,best,30,1.0,True,0.7,0.95,0.1,949.0
A-n37-k6,acs_clsqrtn_2opt_q0sched,15,1090.5909484759031,14.920015645511395,0.09857441717758775,True,87a65c0,6,15,best,30,1.0,True,0.7,0.95,0.1,949.0
A-n37-k6,acs_clsqrtn_2opt_q0sched,16,1120.9589930193417,18.120020339235165,0.09736079187132418,True,87a65c0,6,15,best,30,1.0,True,0.7,0.95,0.1,949.0
A-n37-k6,acs_clsqrtn_2opt_q0sched,17,1119.1549673471327,17.92992279737963,0.09676016611047089,True,87a65c0,6,15,best,30,1.0,True,0.7,0.95,0.1,949.0
A-n37-k6,acs_clsqrtn_2opt_q0sched,18,1106.783067634573,16.62624527234699,0.09738941700197756,True,87a65c0,6,15,best,30,1.0,True,0.7,0.95,0.1,949.0
A-n37-k6,acs_clsqrtn_2opt_q0sched,19,1100.1050237741176,15.922552557862762,0.09868929209187627,True,87a65c0,6,15,best,30,1.0,True,0.7,0.95,0.1,949.0
A-n37-k6,acs_clsqrtn_2opt_q0sched,20,1136.6239674615824,19.770702577616696,0.09815345890820026,True,87a65c0,6,15,best,30,1.0,True,0.7,0.95,0.1,949.0
A-n37-k6,acs_clsqrtn_2opt_q0sched,21,1134.950597895796,19.594372802507472,0.09736783290281892,True,87a65c0,6,15,best,30,1.0,True,0.7,0.95,0.1,949.0
A-n37-k6,acs_clsqrtn_2opt_q0sched,22,1106.783067634573,16.62624527234699,0.09812795789912343,True,87a65c0,6,15,best,30,1.0,True,0.7,0.95,0.1,949.0
A-n37-k6,acs_clsqrtn_2opt_q0sched,23,1139.3642089483992,20.059452997723838,0.0966992499306798,True,87a65c0,6,15,best,30,1.0,True,0.7,0.95,0.1,949.0
A-n37-k6,acs_clsqrtn_2opt_q0sched,24,1099.983244549738,15.909720184377024,0.0980609580874443,True,87a65c0,6,15,best,30,1.0,True,0.7,0.95,0.1,949.0
A-n37-k6,acs_clsqrtn_2opt_q0sched,25,1138.741932095756,19.99388114813025,0.09689241694286466,True,87a65c0,6,15,best,30,1.0,True,0.7,0.95,0.1,949.0
A-n37-k6,acs_clsqrtn_2opt_q0sched,26,1038.674277985568,9.449344360966078,0.09719620808027685,True,87a65c0,6,15,best,30,1.0,True,0.7,0.95,0.1,949.0
A-n37-k6,acs_clsqrtn_2opt_q0sched,27,1156.4209397745485,21.856790281828083,0.09824091708287597,True,87a65c0,6,15,best,30,1.0,True,0.7,0.95,0.1,949.0
A-n37-k6,acs_clsqrtn_2opt_q0sched,28,1149.4418687888476,21.12137711157509,0.09874120797030628,True,87a65c0,6,15,best,30,1.0,True,0.7,0.95,0.1,949.0
A-n37-k6,acs_clsqrtn_2opt_q0sched,29,1106.783067634573,16.62624527234699,0.09766912506893277,True,87a65c0,6,15,best,30,1.0,True,0.7,0.95,0.1,949.0
A-n37-k6,acs_nocl_2opt_q0sched,0,1101.7373214848992,16.094554424120044,0.12794949999079108,True,87a65c0,6,0,best,30,1.0,True,0.7,0.95,0.1,949.0
A-n37-k6,acs_nocl_2opt_q0sched,1,1139.3642089483992,20.059452997723838,0.12733708415180445,True,87a65c0,6,0,best,30,1.0,True,0.7,0.95,0.1,949.0
A-n37-k6,acs_nocl_2opt_q0sched,2,1145.7130636494358,20.728457708054346,0.126952082850039,True,87a65c0,6,0,best,30,1.0,True,0.7,0.95,0.1,949.0
A-n37-k6,acs_nocl_2opt_q0sched,3,1144.423567382713,20.592578227893878,0.12675974983721972,True,87a65c0,6,0,best,30,1.0,True,0.7,0.95,0.1,949.0
A-n37-k6,acs_nocl_2opt_q0sched,4,1121.902955658692,18.219489532001266,0.1265057499986142,True,87a65c0,6,0,best,30,1.0,True,0.7,0.95,0.1,949.0
A-n37-k6,acs_nocl_2opt_q0sched,5,1096.193100638718,15.510337264353854,0.12597804190590978,True,87a65c0,6,0,best,30,1.0,True,0.7,0.95,0.1,949.0
A-n37-k6,acs_nocl_2opt_q0sched,6,1119.3914901690232,17.95484617165682,0.1265012079384178,True,87a65c0,6,0,best,30,1.0,True,0.7,0.95,0.1,949.0
A-n37-k6,acs_nocl_2opt_q0sched,7,1054.6236460222112,11.129994312140278,0.12818741705268621,True,87a65c0,6,0,best,30,1.0,True,0.7,0.95,0.1,949.0
A-n37-k6,acs_nocl_2opt_q0sched,8,1139.3642089483992,20.059452997723838,0.12713058292865753,True,87a65c0,6,0,best,30,1.0,True,0.7,0.95,0.1,949.0
A-n37-k6,acs_nocl_2opt_q0sched,9,1093.3110684617332,15.206645781004546,0.12628420791588724,True,87a65c0,6,0,best,30,1.0,True,0.7,0.95,0.1,949.0
A-n37-k6,acs_nocl_2opt_q0sched,10,1116.8607274750213,17.688169386198247,0.12609954201616347,True,87a65c0,6,0,best,30,1.0,True,0.7,0.95,0.1,949.0
A-n37-k6,acs_nocl_2opt_q0sched,11,1117.1155502017173,17.715021096071368,0.12542587495408952,True,87a65c0,6,0,best,30,1.0,True,0.7,0.95,0.1,949.0
A-n37-k6,acs_nocl_2opt_q0sched,12,1050.7610141486248,10.722973039897237,0.1266968750860542,True,87a65c0,6,0,best,30,1.0,True,0.7,0.95,0.1,949.0
A-n37-k6,acs_nocl_2opt_q0sched,13,1133.2056181848056,19.41049717437362,0.12709241593256593,True,87a65c0,6,0,best,30,1.0,True,0.7,0.95,0.1,949.0
A-n37-k6,acs_nocl_2opt_q0sched,14,1081.114447893128,13.921438134154693,0.1268327501602471,True,87a65c0,6,0,best,30,1.0,True,0.7,0.95,0.1,949.0
A-n37-k6,acs_nocl_2opt_q0sched,15,1147.0745156977234,20.871919462352313,0.12734791706316173,True,87a65c0,6,0,best,30,1.0,True,0.7,0.95,0.1,949.0
A-n37-k6,acs_nocl_2opt_q0sched,16,1159.7275429005736,22.205220537468236,0.1263122078962624,True,87a65c0,6,0,best,30,1.0,True,0.7,0.95,0.1,949.0
A-n37-k6,acs_nocl_2opt_q0sched,17,1112.9949150263833,17.280812963791707,0.12830091710202396,True,87a65c0,6,0,best,30,1.0,True,0.7,0.95,0.1,949.0
A-n37-k6,acs_nocl_2opt_q0sched,18,1067.3597563886663,12.472050199016465,0.12985491612926126,True,87a65c0,6,0,best,30,1.0,True,0.7,0.95,0.1,949.0
A-n37-k6,acs_nocl_2opt_q0sched,19,1129.3101501581705,19.000015822778764,0.13100341707468033,True,87a65c0,6,0,best,30,1.0,True,0.7,0.95,0.1,949.0
A-n37-k6,acs_nocl_2opt_q0sched,20,1138.8592586096663,20.006244321355776,0.12826950009912252,True,87a65c0,6,0,best,30,1.0,True,0.7,0.95,0.1,949.0
A-n37-k6,acs_nocl_2opt_q0sched,21,1145.7130636494358,20.728457708054346,0.1274655000306666,True,87a65c0,6,0,best,30,1.0,True,0.7,0.95,0.1,949.0
A-n37-k6,acs_nocl_2opt_q0sched,22,1115.8307519923826,17.57963666937646,0.127295957878232,True,87a65c0,6,0,best,30,1.0,True,0.7,0.95,0.1,949.0
A-n37-k6,acs_nocl_2opt_q0sched,23,1125.5656696153421,18.605444638076094,0.12674991716630757,True,87a65c0,6,0,best,30,1.0,True,0.7,0.95,0.1,949.0
A-n37-k6,acs_nocl_2opt_q0sched,24,1102.1805866515751,16.14126308235776,0.1272356251720339,True,87a65c0,6,0,best,30,1.0,True,0.7,0.95,0.1,949.0
A-n37-k6,acs_nocl_2opt_q0sched,25,1131.6908597401034,19.250880899905525,0.12617758405394852,True,87a65c0,6,0,best,30,1.0,True,0.7,0.95,0.1,949.0
A-n37-k6,acs_nocl_2opt_q0sched,26,1136.5858618098155,19.766687229696046,0.12755087506957352,True,87a65c0,6,0,best,30,1.0,True,0.7,0.95,0.1,949.0
A-n37-k6,acs_nocl_2opt_q0sched,27,1085.372667765965,14.370144127077445,0.12673808285035193,True,87a65c0,6,0,best,30,1.0,True,0.7,0.95,0.1,949.0
A-n37-k6,acs_nocl_2opt_q0sched,28,1138.5334717027085,19.97191482641818,0.12622004211880267,True,87a65c0,6,0,best,30,1.0,True,0.7,0.95,0.1,949.0
A-n37-k6,acs_nocl_2opt_q0sched,29,1100.7024040994122,15.985500958842172,0.12683570920489728,True,87a65c0,6,0,best,30,1.0,True,0.7,0.95,0.1,949.0
A-n38-k5,acs_baseline,0,893.2558455308936,22.36381445628679,0.11918383301235735,True,87a65c0,5,0,none,0,0.0,False,0.7,0.95,0.1,730.0
A-n38-k5,acs_baseline,1,899.9124400993799,23.27567672594245,0.11923950002528727,True,87a65c0,5,0,none,0,0.0,False,0.7,0.95,0.1,730.0
A-n38-k5,acs_baseline,2,915.8026641638164,25.452419748468003,0.11943083396181464,True,87a65c0,5,0,none,0,0.0,False,0.7,0.95,0.1,730.0
A-n38-k5,acs_baseline,3,910.2019831812194,24.6852031755095,0.1190907082054764,True,87a65c0,5,0,none,0,0.0,False,0.7,0.95,0.1,730.0
A-n38-k5,acs_baseline,4,947.5185429722289,29.797060681127252,0.11891887499950826,True,87a65c0,5,0,none,0,0.0,False,0.7,0.95,0.1,730.0
A-n38-k5,acs_baseline,5,849.7691681474626,16.406735362666105,0.11907979194074869,True,87a65c0,5,0,none,0,0.0,False,0.7,0.95,0.1,730.0
A-n38-k5,acs_baseline,6,960.800844695023,31.61655406781137,0.11919012502767146,True,87a65c0,5,0,none,0,0.0,False,0.7,0.95,0.1,730.0
A-n38-k5,acs_baseline,7,917.0505321606639,25.623360569953963,0.12271791603416204,True,87a65c0,5,0,none,0,0.0,False,0.7,0.95,0.1,730.0
A-n38-k5,acs_baseline,8,931.2275362308891,27.5654159220396,0.11996416701003909,True,87a65c0,5,0,none,0,0.0,False,0.7,0.95,0.1,730.0
A-n38-k5,acs_baseline,9,849.7691681474626,16.406735362666105,0.11908474983647466,True,87a65c0,5,0,none,0,0.0,False,0.7,0.95,0.1,730.0
A-n38-k5,acs_baseline,10,874.7388931568823,19.82724563792909,0.11937691713683307,True,87a65c0,5,0,none,0,0.0,False,0.7,0.95,0.1,730.0
A-n38-k5,acs_baseline,11,896.0471271864153,22.746181806358262,0.16427745786495507,True,87a65c0,5,0,none,0,0.0,False,0.7,0.95,0.1,730.0
A-n38-k5,acs_baseline,12,858.8061358332486,17.64467614154091,0.12070133397355676,True,87a65c0,5,0,none,0,0.0,False,0.7,0.95,0.1,730.0
A-n38-k5,acs_baseline,13,863.8181357683438,18.331251475115597,0.11965645896270871,True,87a65c0,5,0,none,0,0.0,False,0.7,0.95,0.1,730.0
A-n38-k5,acs_baseline,14,863.8181357683438,18.331251475115597,0.11925216601230204,True,87a65c0,5,0,none,0,0.0,False,0.7,0.95,0.1,730.0
A-n38-k5,acs_baseline,15,928.5935871928239,27.20460098531834,0.11944304103963077,True,87a65c0,5,0,none,0,0.0,False,0.7,0.95,0.1,730.0
A-n38-k5,acs_baseline,16,849.1855760124613,16.32679123458374,0.11932416609488428,True,87a65c0,5,0,none,0,0.0,False,0.7,0.95,0.1,730.0
A-n38-k5,acs_baseline,17,890.7552823368371,22.021271552991386,0.11941854190081358,True,87a65c0,5,0,none,0,0.0,False,0.7,0.95,0.1,730.0
A-n38-k5,acs_baseline,18,900.4966482508421,23.355705239841384,0.11900108284316957,True,87a65c0,5,0,none,0,0.0,False,0.7,0.95,0.1,730.0
A-n38-k5,acs_baseline,19,933.9869744953378,27.9434211637449,0.11946233315393329,True,87a65c0,5,0,none,0,0.0,False,0.7,0.95,0.1,730.0
A-n38-k5,acs_baseline,20,872.880702753238,19.572699007292872,0.11941504199057817,True,87a65c0,5,0,none,0,0.0,False,0.7,0.95,0.1,730.0
A-n38-k5,acs_baseline,21,961.540814840859,31.717919841213554,0.11979699996300042,True,87a65c0,5,0,none,0,0.0,False,0.7,0.95,0.1,730.0
A-n38-k5,acs_baseline,22,896.8444231477205,22.855400431194585,0.11900462512858212,True,87a65c0,5,0,none,0,0.0,False,0.7,0.95,0.1,730.0
A-n38-k5,acs_baseline,23,924.0518795117283,26.58244924818196,0.11872295802459121,True,87a65c0,5,0,none,0,0.0,False,0.7,0.95,0.1,730.0
A-n38-k5,acs_baseline,24,872.5631206601759,19.529194610982994,0.11944725015200675,True,87a65c0,5,0,none,0,0.0,False,0.7,0.95,0.1,730.0
A-n38-k5,acs_baseline,25,890.4425797816623,21.97843558652908,0.11959858308546245,True,87a65c0,5,0,none,0,0.0,False,0.7,0.95,0.1,730.0
A-n38-k5,acs_baseline,26,925.5963827085618,26.79402502857011,0.11927112494595349,True,87a65c0,5,0,none,0,0.0,False,0.7,0.95,0.1,730.0
A-n38-k5,acs_baseline,27,867.5732782739401,18.84565455807399,0.11895879195071757,True,87a65c0,5,0,none,0,0.0,False,0.7,0.95,0.1,730.0
A-n38-k5,acs_baseline,28,943.3242681849638,29.22250249109093,0.11845770804211497,True,87a65c0,5,0,none,0,0.0,False,0.7,0.95,0.1,730.0
A-n38-k5,acs_baseline,29,849.7691681474626,16.406735362666105,0.11905674985609949,True,87a65c0,5,0,none,0,0.0,False,0.7,0.95,0.1,730.0
A-n38-k5,acs_cl15,0,933.3996586905381,27.862966943909328,0.0950390831567347,True,87a65c0,5,15,none,0,0.0,False,0.7,0.95,0.1,730.0
A-n38-k5,acs_cl15,1,863.2436294619301,18.25255198108632,0.09575429186224937,True,87a65c0,5,15,none,0,0.0,False,0.7,0.95,0.1,730.0
A-n38-k5,acs_cl15,2,938.4735284450411,28.558017595211112,0.09563999995589256,True,87a65c0,5,15,none,0,0.0,False,0.7,0.95,0.1,730.0
A-n38-k5,acs_cl15,3,924.4687404126846,26.639553481189672,0.09603887493722141,True,87a65c0,5,15,none,0,0.0,False,0.7,0.95,0.1,730.0
A-n38-k5,acs_cl15,4,922.8250295898777,26.414387615051734,0.09953308384865522,True,87a65c0,5,15,none,0,0.0,False,0.7,0.95,0.1,730.0
A-n38-k5,acs_cl15,5,968.0535737933773,32.610078601832505,0.09597804094664752,True,87a65c0,5,15,none,0,0.0,False,0.7,0.95,0.1,730.0
A-n38-k5,acs_cl15,6,947.5865882752482,29.806381955513455,0.09526279219426215,True,87a65c0,5,15,none,0,0.0,False,0.7,0.95,0.1,730.0
A-n38-k5,acs_cl15,7,860.6122289712325,17.892086160442812,0.0964242909103632,True,87a65c0,5,15,none,0,0.0,False,0.7,0.95,0.1,730.0
A-n38-k5,acs_cl15,8,928.4143644879427,27.180049929855173,0.09637945797294378,True,87a65c0,5,15,none,0,0.0,False,0.7,0.95,0.1,730.0
A-n38-k5,acs_cl15,9,882.2430976989679,20.85521886287231,0.09519783407449722,True,87a65c0,5,15,none,0,0.0,False,0.7,0.95,0.1,730.0
A-n38-k5,acs_cl15,10,960.2091738711067,31.53550327001462,0.09533729101531208,True,87a65c0,5,15,none,0,0.0,False,0.7,0.95,0.1,730.0
A-n38-k5,acs_cl15,11,938.3682156225207,28.543591181167216,0.09813966602087021,True,87a65c0,5,15,none,0,0.0,False,0.7,0.95,0.1,730.0
A-n38-k5,acs_cl15,12,889.4950332336016,21.848634689534464,0.09516833280213177,True,87a65c0,5,15,none,0,0.0,False,0.7,0.95,0.1,730.0
A-n38-k5,acs_cl15,13,959.5223689591891,31.441420405368365,0.0953108340036124,True,87a65c0,5,15,none,0,0.0,False,0.7,0.95,0.1,730.0
A-n38-k5,acs_cl15,14,924.0552553597538,26.582911693116962,0.09520104085095227,True,87a65c0,5,15,none,0,0.0,False,0.7,0.95,0.1,730.0
A-n38-k5,acs_cl15,15,932.0778279507185,27.681894239824455,0.09527520905248821,True,87a65c0,5,15,none,0,0.0,False,0.7,0.95,0.1,730.0
A-n38-k5,acs_cl15,16,917.6852456383864,25.710307621696764,0.09572570910677314,True,87a65c0,5,15,none,0,0.0,False,0.7,0.95,0.1,730.0
A-n38-k5,acs_cl15,17,849.7691681474626,16.406735362666105,0.09513591695576906,True,87a65c0,5,15,none,0,0.0,False,0.7,0.95,0.1,730.0
A-n38-k5,acs_cl15,18,945.3759788023865,29.50355874005294,0.09557862486690283,True,87a65c0,5,15,none,0,0.0,False,0.7,0.95,0.1,730.0
A-n38-k5,acs_cl15,19,932.1774424590719,27.695540062886565,0.09563587512820959,True,87a65c0,5,15,none,0,0.0,False,0.7,0.95,0.1,730.0
A-n38-k5,acs_cl15,20,949.569940643811,30.078074060796034,0.09532904112711549,True,87a65c0,5,15,none,0,0.0,False,0.7,0.95,0.1,730.0
A-n38-k5,acs_cl15,21,935.0936752712205,28.09502400975623,0.09565708297304809,True,87a65c0,5,15,none,0,0.0,False,0.7,0.95,0.1,730.0
A-n38-k5,acs_cl15,22,899.9763927637326,23.28443736489488,0.09497312502935529,True,87a65c0,5,15,none,0,0.0,False,0.7,0.95,0.1,730.0
A-n38-k5,acs_cl15,23,928.4143644879427,27.180049929855173,0.09515229100361466,True,87a65c0,5,15,none,0,0.0,False,0.7,0.95,0.1,730.0
A-n38-k5,acs_cl15,24,860.112599406302,17.82364375428795,0.09524774993769825,True,87a65c0,5,15,none,0,0.0,False,0.7,0.95,0.1,730.0
A-n38-k5,acs_cl15,25,962.6278642619606,31.866830720816512,0.09519079187884927,True,87a65c0,5,15,none,0,0.0,False,0.7,0.95,0.1,730.0
A-n38-k5,acs_cl15,26,917.9464973141511,25.74609552248645,0.09517212491482496,True,87a65c0,5,15,none,0,0.0,False,0.7,0.95,0.1,730.0
A-n38-k5,acs_cl15,27,911.6328594714485,24.881213626225815,0.09530091588385403,True,87a65c0,5,15,none,0,0.0,False,0.7,0.95,0.1,730.0
A-n38-k5,acs_cl15,28,890.657861901586,22.00792628788849,0.09509854204952717,True,87a65c0,5,15,none,0,0.0,False,0.7,0.95,0.1,730.0
A-n38-k5,acs_cl15,29,933.4274355736374,27.866771996388678,0.09521900000981987,True,87a65c0,5,15,none,0,0.0,False,0.7,0.95,0.1,730.0
A-n38-k5,acs_cl15_ls2opt_fixed,0,918.9154072934597,25.878822916912288,0.10471966699697077,True,87a65c0,5,15,best,30,1.0,False,0.7,0.95,0.1,730.0
A-n38-k5,acs_cl15_ls2opt_fixed,1,824.0025560628765,12.877062474366637,0.107700124848634,True,87a65c0,5,15,best,30,1.0,False,0.7,0.95,0.1,730.0
A-n38-k5,acs_cl15_ls2opt_fixed,2,866.6944627557368,18.72526887064888,0.10666195908561349,True,87a65c0,5,15,best,30,1.0,False,0.7,0.95,0.1,730.0
A-n38-k5,acs_cl15_ls2opt_fixed,3,896.3706486800497,22.790499819184895,0.10461708391085267,True,87a65c0,5,15,best,30,1.0,False,0.7,0.95,0.1,730.0
A-n38-k5,acs_cl15_ls2opt_fixed,4,917.1120782198172,25.631791536961266,0.10590920806862414,True,87a65c0,5,15,best,30,1.0,False,0.7,0.95,0.1,730.0
A-n38-k5,acs_cl15_ls2opt_fixed,5,938.761315893429,28.59744053334644,0.10827933298423886,True,87a65c0,5,15,best,30,1.0,False,0.7,0.95,0.1,730.0
A-n38-k5,acs_cl15_ls2opt_fixed,6,910.167807343226,24.68052155386657,0.10458275000564754,True,87a65c0,5,15,best,30,1.0,False,0.7,0.95,0.1,730.0
A-n38-k5,acs_cl15_ls2opt_fixed,7,808.030978993506,10.68917520458986,0.10638416698202491,True,87a65c0,5,15,best,30,1.0,False,0.7,0.95,0.1,730.0
A-n38-k5,acs_cl15_ls2opt_fixed,8,918.0416080871203,25.759124395495924,0.10515316715463996,True,87a65c0,5,15,best,30,1.0,False,0.7,0.95,0.1,730.0
A-n38-k5,acs_cl15_ls2opt_fixed,9,843.0494907297496,15.486231606815007,0.10488329199142754,True,87a65c0,5,15,best,30,1.0,False,0.7,0.95,0.1,730.0
A-n38-k5,acs_cl15_ls2opt_fixed,10,910.167807343226,24.68052155386657,0.10491225006990135,True,87a65c0,5,15,best,30,1.0,False,0.7,0.95,0.1,730.0
A-n38-k5,acs_cl15_ls2opt_fixed,11,890.0393485881907,21.923198436738453,0.10823287488892674,True,87a65c0,5,15,best,30,1.0,False,0.7,0.95,0.1,730.0
A-n38-k5,acs_cl15_ls2opt_fixed,12,879.4428848610015,20.47162806315089,0.10465104202739894,True,87a65c0,5,15,best,30,1.0,False,0.7,0.95,0.1,730.0
A-n38-k5,acs_cl15_ls2opt_fixed,13,839.5717069924536,15.00982287567858,0.10582408402115107,True,87a65c0,5,15,best,30,1.0,False,0.7,0.95,0.1,730.0
A-n38-k5,acs_cl15_ls2opt_fixed,14,883.7373422843981,21.059909901972343,0.10542916692793369,True,87a65c0,5,15,best,30,1.0,False,0.7,0.95,0.1,730.0
A-n38-k5,acs_cl15_ls2opt_fixed,15,899.5440452339413,23.225211675882377,0.10514079197309911,True,87a65c0,5,15,best,30,1.0,False,0.7,0.95,0.1,730.0
A-n38-k5,acs_cl15_ls2opt_fixed,16,880.3486744437614,20.595708827912524,0.10513795795850456,True,87a65c0,5,15,best,30,1.0,False,0.7,0.95,0.1,730.0
A-n38-k5,acs_cl15_ls2opt_fixed,17,844.0377227954548,15.621605862391066,0.10582320811226964,True,87a65c0,5,15,best,30,1.0,False,0.7,0.95,0.1,730.0
A-n38-k5,acs_cl15_ls2opt_fixed,18,885.4099590702908,21.289035489080934,0.10825158306397498,True,87a65c0,5,15,best,30,1.0,False,0.7,0.95,0.1,730.0
A-n38-k5,acs_cl15_ls2opt_fixed,19,910.5103316819136,24.72744269615255,0.10557483299635351,True,87a65c0,5,15,best,30,1.0,False,0.7,0.95,0.1,730.0
A-n38-k5,acs_cl15_ls2opt_fixed,20,909.4654377162507,24.584306536472695,0.10449816682375968,True,87a65c0,5,15,best,30,1.0,False,0.7,0.95,0.1,730.0
A-n38-k5,acs_cl15_ls2opt_fixed,21,878.691484238957,20.368696471089994,0.10657008388079703,True,87a65c0,5,15,best,30,1.0,False,0.7,0.95,0.1,730.0
A-n38-k5,acs_cl15_ls2opt_fixed,22,861.9800814147936,18.079463207505977,0.10495000006631017,True,87a65c0,5,15,best,30,1.0,False,0.7,0.95,0.1,730.0
A-n38-k5,acs_cl15_ls2opt_fixed,23,896.3706486800497,22.790499819184895,0.10567620815709233,True,87a65c0,5,15,best,30,1.0,False,0.7,0.95,0.1,730.0
A-n38-k5,acs_cl15_ls2opt_fixed,24,844.0377227954548,15.621605862391066,0.10439991694875062,True,87a65c0,5,15,best,30,1.0,False,0.7,0.95,0.1,730.0
A-n38-k5,acs_cl15_ls2opt_fixed,25,910.5103316819136,24.72744269615255,0.10530587495304644,True,87a65c0,5,15,best,30,1.0,False,0.7,0.95,0.1,730.0
A-n38-k5,acs_cl15_ls2opt_fixed,26,880.3486744437614,20.595708827912524,0.10494033410213888,True,87a65c0,5,15,best,30,1.0,False,0.7,0.95,0.1,730.0
A-n38-k5,acs_cl15_ls2opt_fixed,27,871.3411567295893,19.361802291724565,0.1447415000293404,True,87a65c0,5,15,best,30,1.0,False,0.7,0.95,0.1,730.0
A-n38-k5,acs_cl15_ls2opt_fixed,28,870.4247138559989,19.236262172054644,0.10605050018057227,True,87a65c0,5,15,best,30,1.0,False,0.7,0.95,0.1,730.0
A-n38-k5,acs_cl15_ls2opt_fixed,29,910.5103316819136,24.72744269615255,0.10598670900799334,True,87a65c0,5,15,best,30,1.0,False,0.7,0.95,0.1,730.0
A-n38-k5,acs_cl15_ls2opt_fixed_q0sched,0,866.901188716912,18.753587495467393,0.1123082919511944,True,87a65c0,5,15,best,30,1.0,True,0.7,0.95,0.1,730.0
A-n38-k5,acs_cl15_ls2opt_fixed_q0sched,1,847.5312648677451,16.100173269554123,0.11151016713120043,True,87a65c0,5,15,best,30,1.0,True,0.7,0.95,0.1,730.0
A-n38-k5,acs_cl15_ls2opt_fixed_q0sched,2,911.9250013375397,24.921233059936945,0.11129979183897376,True,87a65c0,5,15,best,30,1.0,True,0.7,0.95,0.1,730.0
A-n38-k5,acs_cl15_ls2opt_fixed_q0sched,3,899.4778494802365,23.216143764415957,0.11092450004070997,True,87a65c0,5,15,best,30,1.0,True,0.7,0.95,0.1,730.0
A-n38-k5,acs_cl15_ls2opt_fixed_q0sched,4,860.2267283635874,17.839277858025675,0.1120958342216909,True,87a65c0,5,15,best,30,1.0,True,0.7,0.95,0.1,730.0
A-n38-k5,acs_cl15_ls2opt_fixed_q0sched,5,844.1186804267682,15.63269594887235,0.11070387507788837,True,87a65c0,5,15,best,30,1.0,True,0.7,0.95,0.1,730.0
A-n38-k5,acs_cl15_ls2opt_fixed_q0sched,6,856.3842536878523,17.31291146408935,0.11203958396799862,True,87a65c0,5,15,best,30,1.0,True,0.7,0.95,0.1,730.0
A-n38-k5,acs_cl15_ls2opt_fixed_q0sched,7,895.4345835550677,22.662271719872283,0.11265220819041133,True,87a65c0,5,15,best,30,1.0,True,0.7,0.95,0.1,730.0
A-n38-k5,acs_cl15_ls2opt_fixed_q0sched,8,853.4237457108352,16.907362426141805,0.11122979200445116,True,87a65c0,5,15,best,30,1.0,True,0.7,0.95,0.1,730.0
A-n38-k5,acs_cl15_ls2opt_fixed_q0sched,9,873.0262934318088,19.592642935864216,0.11115574999712408,True,87a65c0,5,15,best,30,1.0,True,0.7,0.95,0.1,730.0
A-n38-k5,acs_cl15_ls2opt_fixed_q0sched,10,880.855546246446,20.66514332143096,0.11076141591183841,True,87a65c0,5,15,best,30,1.0,True,0.7,0.95,0.1,730.0
A-n38-k5,acs_cl15_ls2opt_fixed_q0sched,11,874.9374957902882,19.854451478121664,0.10945762484334409,True,87a65c0,5,15,best,30,1.0,True,0.7,0.95,0.1,730.0
A-n38-k5,acs_cl15_ls2opt_fixed_q0sched,12,872.0843484085722,19.463609371037283,0.11104841600172222,True,87a65c0,5,15,best,30,1.0,True,0.7,0.95,0.1,730.0
A-n38-k5,acs_cl15_ls2opt_fixed_q0sched,13,883.2133172281426,20.98812564769077,0.11285583395510912,True,87a65c0,5,15,best,30,1.0,True,0.7,0.95,0.1,730.0
A-n38-k5,acs_cl15_ls2opt_fixed_q0sched,14,819.717484048499,12.290066308013568,0.11112891603261232,True,87a65c0,5,15,best,30,1.0,True,0.7,0.95,0.1,730.0
A-n38-k5,acs_cl15_ls2opt_fixed_q0sched,15,836.5023911315834,14.58936864816211,0.11177779105491936,True,87a65c0,5,15,best,30,1.0,True,0.7,0.95,0.1,730.0
A-n38-k5,acs_cl15_ls2opt_fixed_q0sched,16,842.9414026764924,15.471425024177046,0.11079812492243946,True,87a65c0,5,15,best,30,1.0,True,0.7,0.95,0.1,730.0
A-n38-k5,acs_cl15_ls2opt_fixed_q0sched,17,814.464387131605,11.570463990630824,0.11195137514732778,True,87a65c0,5,15,best,30,1.0,True,0.7,0.95,0.1,730.0
A-n38-k5,acs_cl15_ls2opt_fixed_q0sched,18,898.005858273919,23.01450113341356,0.11218054196797311,True,87a65c0,5,15,best,30,1.0,True,0.7,0.95,0.1,730.0
A-n38-k5,acs_cl15_ls2opt_fixed_q0sched,19,832.4920279831916,14.040003833313921,0.11282491590827703,True,87a65c0,5,15,best,30,1.0,True,0.7,0.95,0.1,730.0
A-n38-k5,acs_cl15_ls2opt_fixed_q0sched,20,853.9023459443349,16.972924101963688,0.1140132921282202,True,87a65c0,5,15,best,30,1.0,True,0.7,0.95,0.1,730.0
A-n38-k5,acs_cl15_ls2opt_fixed_q0sched,21,849.4355864102284,16.361039234277868,0.11261250008828938,True,87a65c0,5,15,best,30,1.0,True,0.7,0.95,0.1,730.0
A-n38-k5,acs_cl15_ls2opt_fixed_q0sched,22,907.5558329862145,24.322716847426637,0.11223574983887374,True,87a65c0,5,15,best,30,1.0,True,0.7,0.95,0.1,730.0
A-n38-k5,acs_cl15_ls2opt_fixed_q0sched,23,868.0176460839282,18.906526860812082,0.1107964999973774,True,87a65c0,5,15,best,30,1.0,True,0.7,0.95,0.1,730.0
A-n38-k5,acs_cl15_ls2opt_fixed_q0sched,24,860.5106709318886,17.878174100258715,0.11185804102569818,True,87a65c0,5,15,best,30,1.0,True,0.7,0.95,0.1,730.0
A-n38-k5,acs_cl15_ls2opt_fixed_q0sched,25,910.8435972005598,24.773095506925998,0.11021891585551202,True,87a65c0,5,15,best,30,1.0,True,0.7,0.95,0.1,730.0
A-n38-k5,acs_cl15_ls2opt_fixed_q0sched,26,873.1747435606568,19.612978569952986,0.1099428329616785,True,87a65c0,5,15,best,30,1.0,True,0.7,0.95,0.1,730.0
A-n38-k5,acs_cl15_ls2opt_fixed_q0sched,27,830.2840948652452,13.737547241814404,0.11142062512226403,True,87a65c0,5,15,best,30,1.0,True,0.7,0.95,0.1,730.0
A-n38-k5,acs_cl15_ls2opt_fixed_q0sched,28,892.4066409037615,22.247485055309795,0.11047524982132018,True,87a65c0,5,15,best,30,1.0,True,0.7,0.95,0.1,730.0
A-n38-k5,acs_cl15_ls2opt_fixed_q0sched,29,845.4965587612368,15.821446405648873,0.11073558405041695,True,87a65c0,5,15,best,30,1.0,True,0.7,0.95,0.1,730.0
A-n38-k5,acs_clsqrtn_2opt_q0sched,0,879.7438557287121,20.512856949138644,0.10198104195296764,True,87a65c0,5,15,best,30,1.0,True,0.7,0.95,0.1,730.0
A-n38-k5,acs_clsqrtn_2opt_q0sched,1,901.6530750507475,23.51411986996541,0.10157466703094542,True,87a65c0,5,15,best,30,1.0,True,0.7,0.95,0.1,730.0
A-n38-k5,acs_clsqrtn_2opt_q0sched,2,910.5103316819136,24.72744269615255,0.10146708390675485,True,87a65c0,5,15,best,30,1.0,True,0.7,0.95,0.1,730.0
A-n38-k5,acs_clsqrtn_2opt_q0sched,3,869.3999428397517,19.095882580787904,0.10201483312994242,True,87a65c0,5,15,best,30,1.0,True,0.7,0.95,0.1,730.0
A-n38-k5,acs_clsqrtn_2opt_q0sched,4,879.7438557287121,20.512856949138644,0.10114991711452603,True,87a65c0,5,15,best,30,1.0,True,0.7,0.95,0.1,730.0
A-n38-k5,acs_clsqrtn_2opt_q0sched,5,894.6530297151621,22.55520955002221,0.1012228331528604,True,87a65c0,5,15,best,30,1.0,True,0.7,0.95,0.1,730.0
A-n38-k5,acs_clsqrtn_2opt_q0sched,6,924.3579587806594,26.62437791515882,0.10085862502455711,True,87a65c0,5,15,best,30,1.0,True,0.7,0.95,0.1,730.0
A-n38-k5,acs_clsqrtn_2opt_q0sched,7,918.4134318973358,25.810059164018607,0.10196787491440773,True,87a65c0,5,15,best,30,1.0,True,0.7,0.95,0.1,730.0
A-n38-k5,acs_clsqrtn_2opt_q0sched,8,866.901188716912,18.753587495467393,0.10104658408090472,True,87a65c0,5,15,best,30,1.0,True,0.7,0.95,0.1,730.0
A-n38-k5,acs_clsqrtn_2opt_q0sched,9,885.2819605027238,21.27150143872929,0.10176741681061685,True,87a65c0,5,15,best,30,1.0,True,0.7,0.95,0.1,730.0
A-n38-k5,acs_clsqrtn_2opt_q0sched,10,862.2736158374415,18.11967340238925,0.10148916696198285,True,87a65c0,5,15,best,30,1.0,True,0.7,0.95,0.1,730.0
A-n38-k5,acs_clsqrtn_2opt_q0sched,11,903.3939108620737,23.752590529051183,0.12443958292715251,True,87a65c0,5,15,best,30,1.0,True,0.7,0.95,0.1,730.0
A-n38-k5,acs_clsqrtn_2opt_q0sched,12,885.8614817161128,21.350887906316828,0.10151629103347659,True,87a65c0,5,15,best,30,1.0,True,0.7,0.95,0.1,730.0
A-n38-k5,acs_clsqrtn_2opt_q0sched,13,909.9892135402913,24.656056649354973,0.10258883284404874,True,87a65c0,5,15,best,30,1.0,True,0.7,0.95,0.1,730.0
A-n38-k5,acs_clsqrtn_2opt_q0sched,14,842.5519142668937,15.418070447519689,0.10119137493893504,True,87a65c0,5,15,best,30,1.0,True,0.7,0.95,0.1,730.0
A-n38-k5,acs_clsqrtn_2opt_q0sched,15,901.6409005225942,23.51245212638276,0.10278033395297825,True,87a65c0,5,15,best,30,1.0,True,0.7,0.95,0.1,730.0
A-n38-k5,acs_clsqrtn_2opt_q0sched,16,892.1450646705889,22.21165269460122,0.10244991700164974,True,87a65c0,5,15,best,30,1.0,True,0.7,0.95,0.1,730.0
A-n38-k5,acs_clsqrtn_2opt_q0sched,17,910.5103316819136,24.72744269615255,0.10148141696117818,True,87a65c0,5,15,best,30,1.0,True,0.7,0.95,0.1,730.0
A-n38-k5,acs_clsqrtn_2opt_q0sched,18,852.3298223116016,16.757509905698846,0.10222033318132162,True,87a65c0,5,15,best,30,1.0,True,0.7,0.95,0.1,730.0
A-n38-k5,acs_clsqrtn_2opt_q0sched,19,829.1310128539881,13.579590801916176,0.10201295814476907,True,87a65c0,5,15,best,30,1.0,True,0.7,0.95,0.1,730.0
A-n38-k5,acs_clsqrtn_2opt_q0sched,20,892.1450646705889,22.21165269460122,0.10222108289599419,True,87a65c0,5,15,best,30,1.0,True,0.7,0.95,0.1,730.0
A-n38-k5,acs_clsqrtn_2opt_q0sched,21,879.7438557287121,20.512856949138644,0.10122041613794863,True,87a65c0,5,15,best,30,1.0,True,0.7,0.95,0.1,730.0
A-n38-k5,acs_clsqrtn_2opt_q0sched,22,884.8189813319952,21.208079634519898,0.10166325001046062,True,87a65c0,5,15,best,30,1.0,True,0.7,0.95,0.1,730.0
A-n38-k5,acs_clsqrtn_2opt_q0sched,23,882.0558009053993,20.829561767862923,0.10044908290728927,True,87a65c0,5,15,best,30,1.0,True,0.7,0.95,0.1,730.0
A-n38-k5,acs_clsqrtn_2opt_q0sched,24,877.2773462633008,20.1749789401782,0.10192079190164804,True,87a65c0,5,15,best,30,1.0,True,0.7,0.95,0.1,730.0
A-n38-k5,acs_clsqrtn_2opt_q0sched,25,867.9999967918941,18.904109149574534,0.101230583852157,True,87a65c0,5,15,best,30,1.0,True,0.7,0.95,0.1,730.0
A-n38-k5,acs_clsqrtn_2opt_q0sched,26,872.0533124132868,19.459357864833805,0.10202191583812237,True,87a65c0,5,15,best,30,1.0,True,0.7,0.95,0.1,730.0
A-n38-k5,acs_clsqrtn_2opt_q0sched,27,910.3108906073079,24.70012200100108,0.10179370897822082,True,87a65c0,5,15,best,30,1.0,True,0.7,0.95,0.1,730.0
A-n38-k5,acs_clsqrtn_2opt_q0sched,28,894.4475623344225,22.527063333482538,0.10109812510199845,True,87a65c0,5,15,best,30,1.0,True,0.7,0.95,0.1,730.0
A-n38-k5,acs_clsqrtn_2opt_q0sched,29,905.2121425873174,24.001663368125676,0.10148941702209413,True,87a65c0,5,15,best,30,1.0,True,0.7,0.95,0.1,730.0
A-n38-k5,acs_nocl_2opt_q0sched,0,844.0377227954548,15.621605862391066,0.1353486250154674,True,87a65c0,5,0,best,30,1.0,True,0.7,0.95,0.1,730.0
A-n38-k5,acs_nocl_2opt_q0sched,1,873.6268491854353,19.6749108473199,0.13433237513527274,True,87a65c0,5,0,best,30,1.0,True,0.7,0.95,0.1,730.0
A-n38-k5,acs_nocl_2opt_q0sched,2,836.5023911315834,14.58936864816211,0.1359935828950256,True,87a65c0,5,0,best,30,1.0,True,0.7,0.95,0.1,730.0
A-n38-k5,acs_nocl_2opt_q0sched,3,869.8497011575573,19.157493309254427,0.13623458286747336,True,87a65c0,5,0,best,30,1.0,True,0.7,0.95,0.1,730.0
A-n38-k5,acs_nocl_2opt_q0sched,4,887.990223971163,21.642496434405892,0.13505991687998176,True,87a65c0,5,0,best,30,1.0,True,0.7,0.95,0.1,730.0
A-n38-k5,acs_nocl_2opt_q0sched,5,864.7741401070942,18.462210973574553,0.13515566592104733,True,87a65c0,5,0,best,30,1.0,True,0.7,0.95,0.1,730.0
A-n38-k5,acs_nocl_2opt_q0sched,6,876.8929263898619,20.12231868354273,0.1349589170422405,True,87a65c0,5,0,best,30,1.0,True,0.7,0.95,0.1,730.0
A-n38-k5,acs_nocl_2opt_q0sched,7,881.7420562293132,20.7865830451114,0.13574004103429615,True,87a65c0,5,0,best,30,1.0,True,0.7,0.95,0.1,730.0
A-n38-k5,acs_nocl_2opt_q0sched,8,842.2123713872185,15.371557724276503,0.1359924168791622,True,87a65c0,5,0,best,30,1.0,True,0.7,0.95,0.1,730.0
A-n38-k5,acs_nocl_2opt_q0sched,9,831.4294180987448,13.894440835444493,0.1819626661017537,True,87a65c0,5,0,best,30,1.0,True,0.7,0.95,0.1,730.0
A-n38-k5,acs_nocl_2opt_q0sched,10,849.5070367114154,16.370826946769228,0.13485179212875664,True,87a65c0,5,0,best,30,1.0,True,0.7,0.95,0.1,730.0
A-n38-k5,acs_nocl_2opt_q0sched,11,887.3110849072948,21.549463685930796,0.13579720817506313,True,87a65c0,5,0,best,30,1.0,True,0.7,0.95,0.1,730.0
A-n38-k5,acs_nocl_2opt_q0sched,12,871.159577542054,19.33692843041835,0.13570520910434425,True,87a65c0,5,0,best,30,1.0,True,0.7,0.95,0.1,730.0
A-n38-k5,acs_nocl_2opt_q0sched,13,819.1940454399457,12.218362389033663,0.13594820792786777,True,87a65c0,5,0,best,30,1.0,True,0.7,0.95,0.1,730.0
A-n38-k5,acs_nocl_2opt_q0sched,14,850.6615711128557,16.528982344226804,0.13480695779435337,True,87a65c0,5,0,best,30,1.0,True,0.7,0.95,0.1,730.0
A-n38-k5,acs_nocl_2opt_q0sched,15,878.9350193590205,20.402057446441173,0.13724433281458914,True,87a65c0,5,0,best,30,1.0,True,0.7,0.95,0.1,730.0
A-n38-k5,acs_nocl_2opt_q0sched,16,850.5154197295003,16.508961606780865,0.1373605001717806,True,87a65c0,5,0,best,30,1.0,True,0.7,0.95,0.1,730.0
A-n38-k5,acs_nocl_2opt_q0sched,17,852.3298223116016,16.757509905698846,0.13532787514850497,True,87a65c0,5,0,best,30,1.0,True,0.7,0.95,0.1,730.0
A-n38-k5,acs_nocl_2opt_q0sched,18,842.6090877417605,15.425902430378152,0.13614916591905057,True,87a65c0,5,0,best,30,1.0,True,0.7,0.95,0.1,730.0
A-n38-k5,acs_nocl_2opt_q0sched,19,844.3239232933319,15.660811410045461,0.13495604204945266,True,87a65c0,5,0,best,30,1.0,True,0.7,0.95,0.1,730.0
A-n38-k5,acs_nocl_2opt_q0sched,20,880.7393518545396,20.649226281443774,0.13546775002032518,True,87a65c0,5,0,best,30,1.0,True,0.7,0.95,0.1,730.0
A-n38-k5,acs_nocl_2opt_q0sched,21,875.7936255512266,19.971729527565284,0.13514050003141165,True,87a65c0,5,0,best,30,1.0,True,0.7,0.95,0.1,730.0
A-n38-k5,acs_nocl_2opt_q0sched,22,844.0377227954548,15.621605862391066,0.13556508300825953,True,87a65c0,5,0,best,30,1.0,True,0.7,0.95,0.1,730.0
A-n38-k5,acs_nocl_2opt_q0sched,23,874.4968447583151,19.79408832305686,0.13510991702787578,True,87a65c0,5,0,best,30,1.0,True,0.7,0.95,0.1,730.0
A-n38-k5,acs_nocl_2opt_q0sched,24,844.0377227954548,15.621605862391066,0.1355080408975482,True,87a65c0,5,0,best,30,1.0,True,0.7,0.95,0.1,730.0
A-n38-k5,acs_nocl_2opt_q0sched,25,836.5023911315834,14.58936864816211,0.1350331250578165,True,87a65c0,5,0,best,30,1.0,True,0.7,0.95,0.1,730.0
A-n38-k5,acs_nocl_2opt_q0sched,26,882.6870211001136,20.916030287686795,0.1345972919370979,True,87a65c0,5,0,best,30,1.0,True,0.7,0.95,0.1,730.0
A-n38-k5,acs_nocl_2opt_q0sched,27,827.7450570041815,13.389733836189247,0.1344464998692274,True,87a65c0,5,0,best,30,1.0,True,0.7,0.95,0.1,730.0
A-n38-k5,acs_nocl_2opt_q0sched,28,871.5480169556546,19.390139308993778,0.1353663329500705,True,87a65c0,5,0,best,30,1.0,True,0.7,0.95,0.1,730.0
A-n38-k5,acs_nocl_2opt_q0sched,29,867.032609103377,18.771590288133837,0.13610304100438952,True,87a65c0,5,0,best,30,1.0,True,0.7,0.95,0.1,730.0
A-n39-k5,acs_baseline,0,972.4368110532697,18.30131521329315,0.12671891693025827,True,87a65c0,5,0,none,0,0.0,False,0.7,0.95,0.1,822.0
A-n39-k5,acs_baseline,1,973.3163330152067,18.408313018881596,0.12704395898617804,True,87a65c0,5,0,none,0,0.0,False,0.7,0.95,0.1,822.0
A-n39-k5,acs_baseline,2,912.3678699269146,10.993658141960418,0.12775720795616508,True,87a65c0,5,0,none,0,0.0,False,0.7,0.95,0.1,822.0
A-n39-k5,acs_baseline,3,972.0160337986995,18.250125766265143,0.12758412514813244,True,87a65c0,5,0,none,0,0.0,False,0.7,0.95,0.1,822.0
A-n39-k5,acs_baseline,4,951.4077027848468,15.743029535869443,0.12699591694399714,True,87a65c0,5,0,none,0,0.0,False,0.7,0.95,0.1,822.0
A-n39-k5,acs_baseline,5,974.9428641539557,18.606187853279284,0.12655895901843905,True,87a65c0,5,0,none,0,0.0,False,0.7,0.95,0.1,822.0
A-n39-k5,acs_baseline,6,970.0682667955155,18.013171143006744,0.12670441693626344,True,87a65c0,5,0,none,0,0.0,False,0.7,0.95,0.1,822.0
A-n39-k5,acs_baseline,7,951.3975608899325,15.741795728702249,0.1288289160002023,True,87a65c0,5,0,none,0,0.0,False,0.7,0.95,0.1,822.0
A-n39-k5,acs_baseline,8,942.9879053223174,14.718723275221091,0.1261323750950396,True,87a65c0,5,0,none,0,0.0,False,0.7,0.95,0.1,822.0
A-n39-k5,acs_baseline,9,959.4883534077389,16.726077056902547,0.12663958291523159,True,87a65c0,5,0,none,0,0.0,False,0.7,0.95,0.1,822.0
A-n39-k5,acs_baseline,10,972.7756028102831,18.342530755508893,0.12705291691236198,True,87a65c0,5,0,none,0,0.0,False,0.7,0.95,0.1,822.0
A-n39-k5,acs_baseline,11,954.1605190004124,16.077922019514887,0.1274193748831749,True,87a65c0,5,0,none,0,0.0,False,0.7,0.95,0.1,822.0
A-n39-k5,acs_baseline,12,967.628028192109,17.71630513285998,0.12583524989895523,True,87a65c0,5,0,none,0,0.0,False,0.7,0.95,0.1,822.0
A-n39-k5,acs_baseline,13,975.0536875462958,18.619670017797542,0.126096208114177,True,87a65c0,5,0,none,0,0.0,False,0.7,0.95,0.1,822.0
A-n39-k5,acs_baseline,14,974.4629340220579,18.547802192464463,0.12688129115849733,True,87a65c0,5,0,none,0,0.0,False,0.7,0.95,0.1,822.0
A-n39-k5,acs_baseline,15,927.5055530393875,12.835225430582414,0.12773787509649992,True,87a65c0,5,0,none,0,0.0,False,0.7,0.95,0.1,822.0
A-n39-k5,acs_baseline,16,969.1888762699152,17.906189327240295,0.1268990831449628,True,87a65c0,5,0,none,0,0.0,False,0.7,0.95,0.1,822.0
A-n39-k5,acs_baseline,17,953.2105832001957,15.962358053551792,0.1265325420536101,True,87a65c0,5,0,none,0,0.0,False,0.7,0.95,0.1,822.0
A-n39-k5,acs_baseline,18,972.2342133333366,18.276668288727077,0.127467832993716,True,87a65c0,5,0,none,0,0.0,False,0.7,0.95,0.1,822.0
A-n39-k5,acs_baseline,19,970.0780166149511,18.014357252427146,0.13022587494924664,True,87a65c0,5,0,none,0,0.0,False,0.7,0.95,0.1,822.0
A-n39-k5,acs_baseline,20,960.8757435878385,16.8948593172553,0.12650462496094406,True,87a65c0,5,0,none,0,0.0,False,0.7,0.95,0.1,822.0
A-n39-k5,acs_baseline,21,964.8389006784992,17.376995216362427,0.12565512512810528,True,87a65c0,5,0,none,0,0.0,False,0.7,0.95,0.1,822.0
A-n39-k5,acs_baseline,22,951.3975608899325,15.741795728702249,0.12718604202382267,True,87a65c0,5,0,none,0,0.0,False,0.7,0.95,0.1,822.0
A-n39-k5,acs_baseline,23,971.4831360492221,18.18529635635306,0.1269430830143392,True,87a65c0,5,0,none,0,0.0,False,0.7,0.95,0.1,822.0
A-n39-k5,acs_baseline,24,962.3700641041555,17.07665013432549,0.12652579206041992,True,87a65c0,5,0,none,0,0.0,False,0.7,0.95,0.1,822.0
A-n39-k5,acs_baseline,25,964.3196231308535,17.31382276531065,0.12642187485471368,True,87a65c0,5,0,none,0,0.0,False,0.7,0.95,0.1,822.0
A-n39-k5,acs_baseline,26,977.1404146434722,18.87352976197959,0.12675108294934034,True,87a65c0,5,0,none,0,0.0,False,0.7,0.95,0.1,822.0
A-n39-k5,acs_baseline,27,967.3937189177418,17.687800354956423,0.12683895812369883,True,87a65c0,5,0,none,0,0.0,False,0.7,0.95,0.1,822.0
A-n39-k5,acs_baseline,28,988.4659311968348,20.25132982929864,0.1257853750139475,True,87a65c0,5,0,none,0,0.0,False,0.7,0.95,0.1,822.0
A-n39-k5,acs_baseline,29,979.096640447953,19.111513436490625,0.12762849987484515,True,87a65c0,5,0,none,0,0.0,False,0.7,0.95,0.1,822.0
A-n39-k5,acs_cl15,0,972.3905253380781,18.295684347698064,0.09864129195921123,True,87a65c0,5,15,none,0,0.0,False,0.7,0.95,0.1,822.0
A-n39-k5,acs_cl15,1,965.5249856259478,17.46046053843647,0.09931708383373916,True,87a65c0,5,15,none,0,0.0,False,0.7,0.95,0.1,822.0
A-n39-k5,acs_cl15,2,961.4790695702295,16.968256638714053,0.09922412480227649,True,87a65c0,5,15,none,0,0.0,False,0.7,0.95,0.1,822.0
A-n39-k5,acs_cl15,3,992.0431295087601,20.686512105688575,0.0996066250372678,True,87a65c0,5,15,none,0,0.0,False,0.7,0.95,0.1,822.0
A-n39-k5,acs_cl15,4,957.149327249914,16.441523996339903,0.09914341615512967,True,87a65c0,5,15,none,0,0.0,False,0.7,0.95,0.1,822.0
A-n39-k5,acs_cl15,5,966.9785518472435,17.637293412073415,0.09824391594156623,True,87a65c0,5,15,none,0,0.0,False,0.7,0.95,0.1,822.0
A-n39-k5,acs_cl15,6,974.9045271947917,18.601523989634032,0.09797579096630216,True,87a65c0,5,15,none,0,0.0,False,0.7,0.95,0.1,822.0
A-n39-k5,acs_cl15,7,941.7796545704291,14.571734132655608,0.09881541691720486,True,87a65c0,5,15,none,0,0.0,False,0.7,0.95,0.1,822.0
A-n39-k5,acs_cl15,8,975.2444393846267,18.64287583754583,0.09927754197269678,True,87a65c0,5,15,none,0,0.0,False,0.7,0.95,0.1,822.0
A-n39-k5,acs_cl15,9,977.008372344957,18.857466222014235,0.09943058318458498,True,87a65c0,5,15,none,0,0.0,False,0.7,0.95,0.1,822.0
A-n39-k5,acs_cl15,10,987.0486188832523,20.078907406721687,0.0985964999999851,True,87a65c0,5,15,none,0,0.0,False,0.7,0.95,0.1,822.0
A-n39-k5,acs_cl15,11,962.7619439832047,17.124324085548015,0.09875066601671278,True,87a65c0,5,15,none,0,0.0,False,0.7,0.95,0.1,822.0
A-n39-k5,acs_cl15,12,995.5141007411105,21.108771379697142,0.09820762509480119,True,87a65c0,5,15,none,0,0.0,False,0.7,0.95,0.1,822.0
A-n39-k5,acs_cl15,13,964.5487014754426,17.341691177061143,0.10133895906619728,True,87a65c0,5,15,none,0,0.0,False,0.7,0.95,0.1,822.0
A-n39-k5,acs_cl15,14,972.1865244874712,18.27086672596973,0.14483054215088487,True,87a65c0,5,15,none,0,0.0,False,0.7,0.95,0.1,822.0
A-n39-k5,acs_cl15,15,979.4276894755006,19.15178704081516,0.0996327088214457,True,87a65c0,5,15,none,0,0.0,False,0.7,0.95,0.1,822.0
A-n39-k5,acs_cl15,16,977.7362000633656,18.946009740068803,0.0991176669485867,True,87a65c0,5,15,none,0,0.0,False,0.7,0.95,0.1,822.0
A-n39-k5,acs_cl15,17,974.9045271947917,18.601523989634032,0.09905816707760096,True,87a65c0,5,15,none,0,0.0,False,0.7,0.95,0.1,822.0
A-n39-k5,acs_cl15,18,987.8579919850306,20.177371287716618,0.09911662503145635,True,87a65c0,5,15,none,0,0.0,False,0.7,0.95,0.1,822.0
A-n39-k5,acs_cl15,19,948.2821273391651,15.36278921401035,0.09935616608709097,True,87a65c0,5,15,none,0,0.0,False,0.7,0.95,0.1,822.0
A-n39-k5,acs_cl15,20,984.7569255853081,19.800112601618984,0.0993861670140177,True,87a65c0,5,15,none,0,0.0,False,0.7,0.95,0.1,822.0
A-n39-k5,acs_cl15,21,975.1257884754368,18.628441420369445,0.1354087081272155,True,87a65c0,5,15,none,0,0.0,False,0.7,0.95,0.1,822.0
A-n39-k5,acs_cl15,22,975.2765201848745,18.646778611298597,0.10278754215687513,True,87a65c0,5,15,none,0,0.0,False,0.7,0.95,0.1,822.0
A-n39-k5,acs_cl15,23,952.8285209682588,15.915878463291822,0.0999410420190543,True,87a65c0,5,15,none,0,0.0,False,0.7,0.95,0.1,822.0
A-n39-k5,acs_cl15,24,964.127039965902,17.290394156435767,0.10258925007656217,True,87a65c0,5,15,none,0,0.0,False,0.7,0.95,0.1,822.0
A-n39-k5,acs_cl15,25,964.3577040289472,17.31845547797411,0.11309783393517137,True,87a65c0,5,15,none,0,0.0,False,0.7,0.95,0.1,822.0
A-n39-k5,acs_cl15,26,964.5487014754426,17.341691177061143,0.11186724994331598,True,87a65c0,5,15,none,0,0.0,False,0.7,0.95,0.1,822.0
A-n39-k5,acs_cl15,27,972.4694184041143,18.305282044296145,0.10092433402314782,True,87a65c0,5,15,none,0,0.0,False,0.7,0.95,0.1,822.0
A-n39-k5,acs_cl15,28,974.9045271947917,18.601523989634032,0.10053779208101332,True,87a65c0,5,15,none,0,0.0,False,0.7,0.95,0.1,822.0
A-n39-k5,acs_cl15,29,962.8113582940287,17.130335558884262,0.09910162491723895,True,87a65c0,5,15,none,0,0.0,False,0.7,0.95,0.1,822.0
A-n39-k5,acs_cl15_ls2opt_fixed,0,916.8576226498392,11.53985677005343,0.11653570900671184,True,87a65c0,5,15,best,30,1.0,False,0.7,0.95,0.1,822.0
A-n39-k5,acs_cl15_ls2opt_fixed,1,916.8576226498392,11.53985677005343,0.11646825005300343,True,87a65c0,5,15,best,30,1.0,False,0.7,0.95,0.1,822.0
A-n39-k5,acs_cl15_ls2opt_fixed,2,916.8576226498392,11.53985677005343,0.11466745799407363,True,87a65c0,5,15,best,30,1.0,False,0.7,0.95,0.1,822.0
A-n39-k5,acs_cl15_ls2opt_fixed,3,921.5680695552041,12.11290383883262,0.11608183314092457,True,87a65c0,5,15,best,30,1.0,False,0.7,0.95,0.1,822.0
A-n39-k5,acs_cl15_ls2opt_fixed,4,916.8576226498392,11.53985677005343,0.11579387495294213,True,87a65c0,5,15,best,30,1.0,False,0.7,0.95,0.1,822.0
A-n39-k5,acs_cl15_ls2opt_fixed,5,921.5680695552041,12.11290383883262,0.11600162507966161,True,87a65c0,5,15,best,30,1.0,False,0.7,0.95,0.1,822.0
A-n39-k5,acs_cl15_ls2opt_fixed,6,916.8576226498392,11.53985677005343,0.17129208310507238,True,87a65c0,5,15,best,30,1.0,False,0.7,0.95,0.1,822.0
A-n39-k5,acs_cl15_ls2opt_fixed,7,904.0793357997857,9.985320656908232,0.16515679215081036,True,87a65c0,5,15,best,30,1.0,False,0.7,0.95,0.1,822.0
A-n39-k5,acs_cl15_ls2opt_fixed,8,889.2640703034085,8.182976922555781,0.12881979206576943,True,87a65c0,5,15,best,30,1.0,False,0.7,0.95,0.1,822.0
A-n39-k5,acs_cl15_ls2opt_fixed,9,921.5680695552041,12.11290383883262,0.12399862497113645,True,87a65c0,5,15,best,30,1.0,False,0.7,0.95,0.1,822.0
A-n39-k5,acs_cl15_ls2opt_fixed,10,916.8576226498392,11.53985677005343,0.12204500008374453,True,87a65c0,5,15,best,30,1.0,False,0.7,0.95,0.1,822.0
A-n39-k5,acs_cl15_ls2opt_fixed,11,907.7452381117976,10.431294174184618,0.11585945799015462,True,87a65c0,5,15,best,30,1.0,False,0.7,0.95,0.1,822.0
A-n39-k5,acs_cl15_ls2opt_fixed,12,921.5680695552041,12.11290383883262,0.11815358302555978,True,87a65c0,5,15,best,30,1.0,False,0.7,0.95,0.1,822.0
A-n39-k5,acs_cl15_ls2opt_fixed,13,921.030764359368,12.047538243232122,0.11795520782470703,True,87a65c0,5,15,best,30,1.0,False,0.7,0.95,0.1,822.0
A-n39-k5,acs_cl15_ls2opt_fixed,14,908.2662426865325,10.49467672585553,0.11682012514211237,True,87a65c0,5,15,best,30,1.0,False,0.7,0.95,0.1,822.0
A-n39-k5,acs_cl15_ls2opt_fixed,15,916.8576226498392,11.53985677005343,0.12094116699881852,True,87a65c0,5,15,best,30,1.0,False,0.7,0.95,0.1,822.0
A-n39-k5,acs_cl15_ls2opt_fixed,16,908.2662426865325,10.49467672585553,0.11599883320741355,True,87a65c0,5,15,best,30,1.0,False,0.7,0.95,0.1,822.0
A-n39-k5,acs_cl15_ls2opt_fixed,17,916.8576226498392,11.53985677005343,0.11801287485286593,True,87a65c0,5,15,best,30,1.0,False,0.7,0.95,0.1,822.0
A-n39-k5,acs_cl15_ls2opt_fixed,18,916.8576226498392,11.53985677005343,0.11559274978935719,True,87a65c0,5,15,best,30,1.0,False,0.7,0.95,0.1,822.0
A-n39-k5,acs_cl15_ls2opt_fixed,19,924.7864166557297,12.504430250088769,0.11744612501934171,True,87a65c0,5,15,best,30,1.0,False,0.7,0.95,0.1,822.0
A-n39-k5,acs_cl15_ls2opt_fixed,20,904.0793357997857,9.985320656908232,0.1216575838625431,True,87a65c0,5,15,best,30,1.0,False,0.7,0.95,0.1,822.0
A-n39-k5,acs_cl15_ls2opt_fixed,21,925.7959731574103,12.62724734275065,0.11472470802254975,True,87a65c0,5,15,best,30,1.0,False,0.7,0.95,0.1,822.0
A-n39-k5,acs_cl15_ls2opt_fixed,22,908.2662426865325,10.49467672585553,0.3111498751677573,True,87a65c0,5,15,best,30,1.0,False,0.7,0.95,0.1,822.0
A-n39-k5,acs_cl15_ls2opt_fixed,23,908.2662426865325,10.49467672585553,0.14547804184257984,True,87a65c0,5,15,best,30,1.0,False,0.7,0.95,0.1,822.0
A-n39-k5,acs_cl15_ls2opt_fixed,24,946.0742732125218,15.094193821474672,0.12379450001753867,True,87a65c0,5,15,best,30,1.0,False,0.7,0.95,0.1,822.0
A-n39-k5,acs_cl15_ls2opt_fixed,25,889.2640703034085,8.182976922555781,0.1809107919689268,True,87a65c0,5,15,best,30,1.0,False,0.7,0.95,0.1,822.0
A-n39-k5,acs_cl15_ls2opt_fixed,26,916.8576226498392,11.53985677005343,0.18161691701970994,True,87a65c0,5,15,best,30,1.0,False,0.7,0.95,0.1,822.0
A-n39-k5,acs_cl15_ls2opt_fixed,27,921.5680695552041,12.11290383883262,0.20178274996578693,True,87a65c0,5,15,best,30,1.0,False,0.7,0.95,0.1,822.0
A-n39-k5,acs_cl15_ls2opt_fixed,28,908.2662426865325,10.49467672585553,0.12383000017143786,True,87a65c0,5,15,best,30,1.0,False,0.7,0.95,0.1,822.0
A-n39-k5,acs_cl15_ls2opt_fixed,29,908.2662426865325,10.49467672585553,0.12386629194952548,True,87a65c0,5,15,best,30,1.0,False,0.7,0.95,0.1,822.0
A-n39-k5,acs_cl15_ls2opt_fixed_q0sched,0,921.5680695552041,12.11290383883262,0.12572087510488927,True,87a65c0,5,15,best,30,1.0,True,0.7,0.95,0.1,822.0
A-n39-k5,acs_cl15_ls2opt_fixed_q0sched,1,924.2821586967023,12.443084999598815,0.12034645793028176,True,87a65c0,5,15,best,30,1.0,True,0.7,0.95,0.1,822.0
A-n39-k5,acs_cl15_ls2opt_fixed_q0sched,2,933.636119603249,13.581036448083816,0.12094087479636073,True,87a65c0,5,15,best,30,1.0,True,0.7,0.95,0.1,822.0
A-n39-k5,acs_cl15_ls2opt_fixed_q0sched,3,889.2640703034085,8.182976922555781,0.12497949996031821,True,87a65c0,5,15,best,30,1.0,True,0.7,0.95,0.1,822.0
A-n39-k5,acs_cl15_ls2opt_fixed_q0sched,4,932.667880066236,13.46324575015036,0.1238967920653522,True,87a65c0,5,15,best,30,1.0,True,0.7,0.95,0.1,822.0
A-n39-k5,acs_cl15_ls2opt_fixed_q0sched,5,925.9843710864858,12.650166798842555,0.12374791596084833,True,87a65c0,5,15,best,30,1.0,True,0.7,0.95,0.1,822.0
A-n39-k5,acs_cl15_ls2opt_fixed_q0sched,6,940.681894152872,14.438186636602435,0.12669850001111627,True,87a65c0,5,15,best,30,1.0,True,0.7,0.95,0.1,822.0
A-n39-k5,acs_cl15_ls2opt_fixed_q0sched,7,916.8576226498392,11.53985677005343,0.12690083403140306,True,87a65c0,5,15,best,30,1.0,True,0.7,0.95,0.1,822.0
A-n39-k5,acs_cl15_ls2opt_fixed_q0sched,8,887.8314372943564,8.008690668413191,0.15737099992111325,True,87a65c0,5,15,best,30,1.0,True,0.7,0.95,0.1,822.0
A-n39-k5,acs_cl15_ls2opt_fixed_q0sched,9,913.9115203175908,11.181450160290849,0.15376299992203712,True,87a65c0,5,15,best,30,1.0,True,0.7,0.95,0.1,822.0
A-n39-k5,acs_cl15_ls2opt_fixed_q0sched,10,908.2662426865325,10.49467672585553,0.1322339999023825,True,87a65c0,5,15,best,30,1.0,True,0.7,0.95,0.1,822.0
A-n39-k5,acs_cl15_ls2opt_fixed_q0sched,11,916.8576226498392,11.53985677005343,0.13469837489537895,True,87a65c0,5,15,best,30,1.0,True,0.7,0.95,0.1,822.0
A-n39-k5,acs_cl15_ls2opt_fixed_q0sched,12,901.7710586413814,9.704508350533017,0.1236219999846071,True,87a65c0,5,15,best,30,1.0,True,0.7,0.95,0.1,822.0
A-n39-k5,acs_cl15_ls2opt_fixed_q0sched,13,904.0793357997857,9.985320656908232,0.12890774989500642,True,87a65c0,5,15,best,30,1.0,True,0.7,0.95,0.1,822.0
A-n39-k5,acs_cl15_ls2opt_fixed_q0sched,14,904.0793357997857,9.985320656908232,0.126728791045025,True,87a65c0,5,15,best,30,1.0,True,0.7,0.95,0.1,822.0
A-n39-k5,acs_cl15_ls2opt_fixed_q0sched,15,912.3911743054098,10.996493224502405,0.12743470817804337,True,87a65c0,5,15,best,30,1.0,True,0.7,0.95,0.1,822.0
A-n39-k5,acs_cl15_ls2opt_fixed_q0sched,16,908.2662426865325,10.49467672585553,0.12379441712982953,True,87a65c0,5,15,best,30,1.0,True,0.7,0.95,0.1,822.0
A-n39-k5,acs_cl15_ls2opt_fixed_q0sched,17,916.8576226498392,11.53985677005343,0.12788779102265835,True,87a65c0,5,15,best,30,1.0,True,0.7,0.95,0.1,822.0
A-n39-k5,acs_cl15_ls2opt_fixed_q0sched,18,933.992727041989,13.62441934817385,0.13115574978291988,True,87a65c0,5,15,best,30,1.0,True,0.7,0.95,0.1,822.0
A-n39-k5,acs_cl15_ls2opt_fixed_q0sched,19,928.9362687270578,13.009278433948642,0.12943845917470753,True,87a65c0,5,15,best,30,1.0,True,0.7,0.95,0.1,822.0
A-n39-k5,acs_cl15_ls2opt_fixed_q0sched,20,908.2662426865325,10.49467672585553,0.12191120814532042,True,87a65c0,5,15,best,30,1.0,True,0.7,0.95,0.1,822.0
A-n39-k5,acs_cl15_ls2opt_fixed_q0sched,21,889.2640703034085,8.182976922555781,0.12175770802423358,True,87a65c0,5,15,best,30,1.0,True,0.7,0.95,0.1,822.0
A-n39-k5,acs_cl15_ls2opt_fixed_q0sched,22,921.5680695552041,12.11290383883262,0.12047508312389255,True,87a65c0,5,15,best,30,1.0,True,0.7,0.95,0.1,822.0
A-n39-k5,acs_cl15_ls2opt_fixed_q0sched,23,921.5680695552041,12.11290383883262,0.13039745902642608,True,87a65c0,5,15,best,30,1.0,True,0.7,0.95,0.1,822.0
A-n39-k5,acs_cl15_ls2opt_fixed_q0sched,24,924.7864166557297,12.504430250088769,0.12010866589844227,True,87a65c0,5,15,best,30,1.0,True,0.7,0.95,0.1,822.0
A-n39-k5,acs_cl15_ls2opt_fixed_q0sched,25,928.4563966109753,12.950899831018889,0.12069804198108613,True,87a65c0,5,15,best,30,1.0,True,0.7,0.95,0.1,822.0
A-n39-k5,acs_cl15_ls2opt_fixed_q0sched,26,921.7007463256621,12.129044565165701,0.12836012500338256,True,87a65c0,5,15,best,30,1.0,True,0.7,0.95,0.1,822.0
A-n39-k5,acs_cl15_ls2opt_fixed_q0sched,27,921.5680695552041,12.11290383883262,0.1206126247998327,True,87a65c0,5,15,best,30,1.0,True,0.7,0.95,0.1,822.0
A-n39-k5,acs_cl15_ls2opt_fixed_q0sched,28,925.4401436168123,12.583959077471082,0.12089212494902313,True,87a65c0,5,15,best,30,1.0,True,0.7,0.95,0.1,822.0
A-n39-k5,acs_cl15_ls2opt_fixed_q0sched,29,913.9115203175908,11.181450160290849,0.12065087491646409,True,87a65c0,5,15,best,30,1.0,True,0.7,0.95,0.1,822.0
A-n39-k5,acs_clsqrtn_2opt_q0sched,0,904.0793357997857,9.985320656908232,0.11276091681793332,True,87a65c0,5,15,best,30,1.0,True,0.7,0.95,0.1,822.0
A-n39-k5,acs_clsqrtn_2opt_q0sched,1,922.4202859410984,12.216579798187157,0.11088420893065631,True,87a65c0,5,15,best,30,1.0,True,0.7,0.95,0.1,822.0
A-n39-k5,acs_clsqrtn_2opt_q0sched,2,951.4326915461002,15.746069531155737,0.12235975009389222,True,87a65c0,5,15,best,30,1.0,True,0.7,0.95,0.1,822.0
A-n39-k5,acs_clsqrtn_2opt_q0sched,3,899.7678763933682,9.460812213305129,0.12754779099486768,True,87a65c0,5,15,best,30,1.0,True,0.7,0.95,0.1,822.0
A-n39-k5,acs_clsqrtn_2opt_q0sched,4,900.1632219292625,9.50890777728254,0.12562662502750754,True,87a65c0,5,15,best,30,1.0,True,0.7,0.95,0.1,822.0
A-n39-k5,acs_clsqrtn_2opt_q0sched,5,916.8576226498392,11.53985677005343,0.117112125037238,True,87a65c0,5,15,best,30,1.0,True,0.7,0.95,0.1,822.0
A-n39-k5,acs_clsqrtn_2opt_q0sched,6,927.7885988829014,12.869659231496518,0.1140134169254452,True,87a65c0,5,15,best,30,1.0,True,0.7,0.95,0.1,822.0
A-n39-k5,acs_clsqrtn_2opt_q0sched,7,889.2640703034085,8.182976922555781,0.11595454113557935,True,87a65c0,5,15,best,30,1.0,True,0.7,0.95,0.1,822.0
A-n39-k5,acs_clsqrtn_2opt_q0sched,8,889.2188879734151,8.177480288736632,0.11749249999411404,True,87a65c0,5,15,best,30,1.0,True,0.7,0.95,0.1,822.0
A-n39-k5,acs_clsqrtn_2opt_q0sched,9,927.7107544709693,12.860189108390424,0.11672787484712899,True,87a65c0,5,15,best,30,1.0,True,0.7,0.95,0.1,822.0
A-n39-k5,acs_clsqrtn_2opt_q0sched,10,881.0128164478665,7.179174750348722,0.24150400003418326,True,87a65c0,5,15,best,30,1.0,True,0.7,0.95,0.1,822.0
A-n39-k5,acs_clsqrtn_2opt_q0sched,11,942.7156253516175,14.685599191194346,0.14227920793928206,True,87a65c0,5,15,best,30,1.0,True,0.7,0.95,0.1,822.0
A-n39-k5,acs_clsqrtn_2opt_q0sched,12,904.0793357997857,9.985320656908232,0.11462645907886326,True,87a65c0,5,15,best,30,1.0,True,0.7,0.95,0.1,822.0
A-n39-k5,acs_clsqrtn_2opt_q0sched,13,909.6632808117977,10.664632702165168,0.11439245799556375,True,87a65c0,5,15,best,30,1.0,True,0.7,0.95,0.1,822.0
A-n39-k5,acs_clsqrtn_2opt_q0sched,14,916.8576226498392,11.53985677005343,0.11768150003626943,True,87a65c0,5,15,best,30,1.0,True,0.7,0.95,0.1,822.0
A-n39-k5,acs_clsqrtn_2opt_q0sched,15,909.6632808117977,10.664632702165168,0.11871208297088742,True,87a65c0,5,15,best,30,1.0,True,0.7,0.95,0.1,822.0
A-n39-k5,acs_clsqrtn_2opt_q0sched,16,889.2640703034085,8.182976922555781,0.1103051658719778,True,87a65c0,5,15,best,30,1.0,True,0.7,0.95,0.1,822.0
A-n39-k5,acs_clsqrtn_2opt_q0sched,17,900.1632219292625,9.50890777728254,0.12549862498417497,True,87a65c0,5,15,best,30,1.0,True,0.7,0.95,0.1,822.0
A-n39-k5,acs_clsqrtn_2opt_q0sched,18,904.3755515195464,10.021356632548228,0.12003400013782084,True,87a65c0,5,15,best,30,1.0,True,0.7,0.95,0.1,822.0
A-n39-k5,acs_clsqrtn_2opt_q0sched,19,889.2640703034085,8.182976922555781,0.11534329201094806,True,87a65c0,5,15,best,30,1.0,True,0.7,0.95,0.1,822.0
A-n39-k5,acs_clsqrtn_2opt_q0sched,20,892.9085856100126,8.626348614356758,0.11411441583186388,True,87a65c0,5,15,best,30,1.0,True,0.7,0.95,0.1,822.0
A-n39-k5,acs_clsqrtn_2opt_q0sched,21,916.8576226498392,11.53985677005343,0.11849162494763732,True,87a65c0,5,15,best,30,1.0,True,0.7,0.95,0.1,822.0
A-n39-k5,acs_clsqrtn_2opt_q0sched,22,916.8576226498392,11.53985677005343,0.11811791686341166,True,87a65c0,5,15,best,30,1.0,True,0.7,0.95,0.1,822.0
A-n39-k5,acs_clsqrtn_2opt_q0sched,23,912.3911743054098,10.996493224502405,0.11474145809188485,True,87a65c0,5,15,best,30,1.0,True,0.7,0.95,0.1,822.0
A-n39-k5,acs_clsqrtn_2opt_q0sched,24,887.8314372943564,8.008690668413191,0.11414191708900034,True,87a65c0,5,15,best,30,1.0,True,0.7,0.95,0.1,822.0
A-n39-k5,acs_clsqrtn_2opt_q0sched,25,912.3911743054098,10.996493224502405,0.13302525016479194,True,87a65c0,5,15,best,30,1.0,True,0.7,0.95,0.1,822.0
A-n39-k5,acs_clsqrtn_2opt_q0sched,26,908.2662426865325,10.49467672585553,0.11434358404949307,True,87a65c0,5,15,best,30,1.0,True,0.7,0.95,0.1,822.0
A-n39-k5,acs_clsqrtn_2opt_q0sched,27,899.7678763933682,9.460812213305129,0.11325649986974895,True,87a65c0,5,15,best,30,1.0,True,0.7,0.95,0.1,822.0
A-n39-k5,acs_clsqrtn_2opt_q0sched,28,924.5533160657199,12.47607251407784,0.11504416703246534,True,87a65c0,5,15,best,30,1.0,True,0.7,0.95,0.1,822.0
A-n39-k5,acs_clsqrtn_2opt_q0sched,29,904.0793357997857,9.985320656908232,0.11665108287706971,True,87a65c0,5,15,best,30,1.0,True,0.7,0.95,0.1,822.0
A-n39-k5,acs_nocl_2opt_q0sched,0,932.5049583026556,13.443425584264673,0.2022729590535164,True,87a65c0,5,0,best,30,1.0,True,0.7,0.95,0.1,822.0
A-n39-k5,acs_nocl_2opt_q0sched,1,908.2662426865325,10.49467672585553,0.1521277918945998,True,87a65c0,5,0,best,30,1.0,True,0.7,0.95,0.1,822.0
A-n39-k5,acs_nocl_2opt_q0sched,2,914.2271283863352,11.219845302473864,0.14962133299559355,True,87a65c0,5,0,best,30,1.0,True,0.7,0.95,0.1,822.0
A-n39-k5,acs_nocl_2opt_q0sched,3,921.5680695552041,12.11290383883262,0.15639666700735688,True,87a65c0,5,0,best,30,1.0,True,0.7,0.95,0.1,822.0
A-n39-k5,acs_nocl_2opt_q0sched,4,889.2640703034085,8.182976922555781,0.1539051248691976,True,87a65c0,5,0,best,30,1.0,True,0.7,0.95,0.1,822.0
A-n39-k5,acs_nocl_2opt_q0sched,5,901.4045319796178,9.6599187323136,0.14761291607283056,True,87a65c0,5,0,best,30,1.0,True,0.7,0.95,0.1,822.0
A-n39-k5,acs_nocl_2opt_q0sched,6,935.2140948010841,13.77300423370853,0.14687091601081192,True,87a65c0,5,0,best,30,1.0,True,0.7,0.95,0.1,822.0
A-n39-k5,acs_nocl_2opt_q0sched,7,940.7948752666894,14.451931297650775,0.14757645782083273,True,87a65c0,5,0,best,30,1.0,True,0.7,0.95,0.1,822.0
A-n39-k5,acs_nocl_2opt_q0sched,8,887.8314372943564,8.008690668413191,0.14798595802858472,True,87a65c0,5,0,best,30,1.0,True,0.7,0.95,0.1,822.0
A-n39-k5,acs_nocl_2opt_q0sched,9,890.6224340364456,8.348227984969052,0.14965570904314518,True,87a65c0,5,0,best,30,1.0,True,0.7,0.95,0.1,822.0
A-n39-k5,acs_nocl_2opt_q0sched,10,881.0128164478665,7.179174750348722,0.15365670807659626,True,87a65c0,5,0,best,30,1.0,True,0.7,0.95,0.1,822.0
A-n39-k5,acs_nocl_2opt_q0sched,11,903.6213299881783,9.929602188342862,0.1480167917907238,True,87a65c0,5,0,best,30,1.0,True,0.7,0.95,0.1,822.0
A-n39-k5,acs_nocl_2opt_q0sched,12,936.604748489551,13.942183514543913,0.1483940831385553,True,87a65c0,5,0,best,30,1.0,True,0.7,0.95,0.1,822.0
A-n39-k5,acs_nocl_2opt_q0sched,13,889.2640703034085,8.182976922555781,0.14751370786689222,True,87a65c0,5,0,best,30,1.0,True,0.7,0.95,0.1,822.0
A-n39-k5,acs_nocl_2opt_q0sched,14,889.2640703034085,8.182976922555781,0.148436666931957,True,87a65c0,5,0,best,30,1.0,True,0.7,0.95,0.1,822.0
A-n39-k5,acs_nocl_2opt_q0sched,15,922.4202859410984,12.216579798187157,0.1489275419153273,True,87a65c0,5,0,best,30,1.0,True,0.7,0.95,0.1,822.0
A-n39-k5,acs_nocl_2opt_q0sched,16,916.8576226498392,11.53985677005343,0.148962875129655,True,87a65c0,5,0,best,30,1.0,True,0.7,0.95,0.1,822.0
A-n39-k5,acs_nocl_2opt_q0sched,17,889.2640703034085,8.182976922555781,0.1886827501002699,True,87a65c0,5,0,best,30,1.0,True,0.7,0.95,0.1,822.0
A-n39-k5,acs_nocl_2opt_q0sched,18,901.2180041920774,9.637226787357346,0.1557476669549942,True,87a65c0,5,0,best,30,1.0,True,0.7,0.95,0.1,822.0
A-n39-k5,acs_nocl_2opt_q0sched,19,889.2640703034085,8.182976922555781,0.1485111671499908,True,87a65c0,5,0,best,30,1.0,True,0.7,0.95,0.1,822.0
A-n39-k5,acs_nocl_2opt_q0sched,20,936.604748489551,13.942183514543913,0.15397300012409687,True,87a65c0,5,0,best,30,1.0,True,0.7,0.95,0.1,822.0
A-n39-k5,acs_nocl_2opt_q0sched,21,901.4045319796178,9.6599187323136,0.14940995792858303,True,87a65c0,5,0,best,30,1.0,True,0.7,0.95,0.1,822.0
A-n39-k5,acs_nocl_2opt_q0sched,22,904.0793357997857,9.985320656908232,0.15007054200395942,True,87a65c0,5,0,best,30,1.0,True,0.7,0.95,0.1,822.0
A-n39-k5,acs_nocl_2opt_q0sched,23,889.2640703034085,8.182976922555781,0.1472233331296593,True,87a65c0,5,0,best,30,1.0,True,0.7,0.95,0.1,822.0
A-n39-k5,acs_nocl_2opt_q0sched,24,903.4621329515603,9.910235152257945,0.14863358298316598,True,87a65c0,5,0,best,30,1.0,True,0.7,0.95,0.1,822.0
A-n39-k5,acs_nocl_2opt_q0sched,25,925.7959731574103,12.62724734275065,0.1507116248831153,True,87a65c0,5,0,best,30,1.0,True,0.7,0.95,0.1,822.0
A-n39-k5,acs_nocl_2opt_q0sched,26,908.2662426865325,10.49467672585553,0.14749591681174934,True,87a65c0,5,0,best,30,1.0,True,0.7,0.95,0.1,822.0
A-n39-k5,acs_nocl_2opt_q0sched,27,884.9526108969908,7.658468478952651,0.14703104202635586,True,87a65c0,5,0,best,30,1.0,True,0.7,0.95,0.1,822.0
A-n39-k5,acs_nocl_2opt_q0sched,28,896.5098560876006,9.064459378053602,0.14853024994954467,True,87a65c0,5,0,best,30,1.0,True,0.7,0.95,0.1,822.0
A-n39-k5,acs_nocl_2opt_q0sched,29,887.143415899526,7.924989768798779,0.14759887498803437,True,87a65c0,5,0,best,30,1.0,True,0.7,0.95,0.1,822.0
A-n39-k6,acs_baseline,0,1044.4773347684004,25.689209960096314,0.12449524994008243,True,87a65c0,6,0,none,0,0.0,False,0.7,0.95,0.1,831.0
A-n39-k6,acs_baseline,1,1003.1217843142683,20.71260942409968,0.12525116582401097,True,87a65c0,6,0,none,0,0.0,False,0.7,0.95,0.1,831.0
A-n39-k6,acs_baseline,2,1044.4773347684004,25.689209960096314,0.12457816605456173,True,87a65c0,6,0,none,0,0.0,False,0.7,0.95,0.1,831.0
A-n39-k6,acs_baseline,3,1079.906348981918,29.952629239701324,0.13262495794333518,True,87a65c0,6,0,none,0,0.0,False,0.7,0.95,0.1,831.0
A-n39-k6,acs_baseline,4,1035.5286949072654,24.61235799124734,0.12895841617137194,True,87a65c0,6,0,none,0,0.0,False,0.7,0.95,0.1,831.0
A-n39-k6,acs_baseline,5,1069.4215726454147,28.690923302697318,0.1274732919409871,True,87a65c0,6,0,none,0,0.0,False,0.7,0.95,0.1,831.0
A-n39-k6,acs_baseline,6,1054.3289731706939,26.87472601332056,0.13120458414778113,True,87a65c0,6,0,none,0,0.0,False,0.7,0.95,0.1,831.0
A-n39-k6,acs_baseline,7,1068.7405640559498,28.60897281058361,0.13341183285228908,True,87a65c0,6,0,none,0,0.0,False,0.7,0.95,0.1,831.0
A-n39-k6,acs_baseline,8,1012.1266908423945,21.796232351672025,0.12752558384090662,True,87a65c0,6,0,none,0,0.0,False,0.7,0.95,0.1,831.0
A-n39-k6,acs_baseline,9,1049.9617263481935,26.349184879445666,0.12423008307814598,True,87a65c0,6,0,none,0,0.0,False,0.7,0.95,0.1,831.0
A-n39-k6,acs_baseline,10,1021.2382247244478,22.892686489103227,0.12546358280815184,True,87a65c0,6,0,none,0,0.0,False,0.7,0.95,0.1,831.0
A-n39-k6,acs_baseline,11,1034.0613657993426,24.435784091376973,0.2446544161066413,True,87a65c0,6,0,none,0,0.0,False,0.7,0.95,0.1,831.0
A-n39-k6,acs_baseline,12,1044.4773347684004,25.689209960096314,0.12515758303925395,True,87a65c0,6,0,none,0,0.0,False,0.7,0.95,0.1,831.0
A-n39-k6,acs_baseline,13,1024.6817049133122,23.307064369832993,0.12579391617327929,True,87a65c0,6,0,none,0,0.0,False,0.7,0.95,0.1,831.0
A-n39-k6,acs_baseline,14,1057.0755582314318,27.205241664432233,0.1250991248525679,True,87a65c0,6,0,none,0,0.0,False,0.7,0.95,0.1,831.0
A-n39-k6,acs_baseline,15,1041.057189539277,25.27764013709712,0.12663158401846886,True,87a65c0,6,0,none,0,0.0,False,0.7,0.95,0.1,831.0
A-n39-k6,acs_baseline,16,1029.4948552698636,23.886264172065413,0.165180082898587,True,87a65c0,6,0,none,0,0.0,False,0.7,0.95,0.1,831.0
A-n39-k6,acs_baseline,17,1056.872491528135,27.180805238042723,0.1383494168985635,True,87a65c0,6,0,none,0,0.0,False,0.7,0.95,0.1,831.0
A-n39-k6,acs_baseline,18,1036.3332209941855,24.709172201466362,0.1294119581580162,True,87a65c0,6,0,none,0,0.0,False,0.7,0.95,0.1,831.0
A-n39-k6,acs_baseline,19,1042.2248333772468,25.41815082758686,0.12682204181328416,True,87a65c0,6,0,none,0,0.0,False,0.7,0.95,0.1,831.0
A-n39-k6,acs_baseline,20,1053.6227249062142,26.789738255862122,0.15180537500418723,True,87a65c0,6,0,none,0,0.0,False,0.7,0.95,0.1,831.0
A-n39-k6,acs_baseline,21,1069.508055269558,28.701330357347544,0.12733554188162088,True,87a65c0,6,0,none,0,0.0,False,0.7,0.95,0.1,831.0
A-n39-k6,acs_baseline,22,1039.1140305589404,25.043806324782235,0.12652345816604793,True,87a65c0,6,0,none,0,0.0,False,0.7,0.95,0.1,831.0
A-n39-k6,acs_baseline,23,1019.4403271877342,22.67633299491386,0.12542645796202123,True,87a65c0,6,0,none,0,0.0,False,0.7,0.95,0.1,831.0
A-n39-k6,acs_baseline,24,1015.5323991008088,22.206064873743536,0.12463562493212521,True,87a65c0,6,0,none,0,0.0,False,0.7,0.95,0.1,831.0
A-n39-k6,acs_baseline,25,1062.8224081768922,27.896800021286662,0.12626629183068871,True,87a65c0,6,0,none,0,0.0,False,0.7,0.95,0.1,831.0
A-n39-k6,acs_baseline,26,1080.8025386233846,30.060473961899476,0.16957745794206858,True,87a65c0,6,0,none,0,0.0,False,0.7,0.95,0.1,831.0
A-n39-k6,acs_baseline,27,1073.2528374630224,29.151966000363704,0.1268041250295937,True,87a65c0,6,0,none,0,0.0,False,0.7,0.95,0.1,831.0
A-n39-k6,acs_baseline,28,1069.508055269558,28.701330357347544,0.12507224990986288,True,87a65c0,6,0,none,0,0.0,False,0.7,0.95,0.1,831.0
A-n39-k6,acs_baseline,29,1069.508055269558,28.701330357347544,0.12490108283236623,True,87a65c0,6,0,none,0,0.0,False,0.7,0.95,0.1,831.0
A-n39-k6,acs_cl15,0,1046.9351902032558,25.984980770548237,0.09916949993930757,True,87a65c0,6,15,none,0,0.0,False,0.7,0.95,0.1,831.0
A-n39-k6,acs_cl15,1,1044.4773347684004,25.689209960096314,0.09950241702608764,True,87a65c0,6,15,none,0,0.0,False,0.7,0.95,0.1,831.0
A-n39-k6,acs_cl15,2,1060.8664378710296,27.661424533216554,0.0992733328603208,True,87a65c0,6,15,none,0,0.0,False,0.7,0.95,0.1,831.0
A-n39-k6,acs_cl15,3,1069.508055269558,28.701330357347544,0.1003850840497762,True,87a65c0,6,15,none,0,0.0,False,0.7,0.95,0.1,831.0
A-n39-k6,acs_cl15,4,1035.1284582239214,24.5641947321205,0.09931154199875891,True,87a65c0,6,15,none,0,0.0,False,0.7,0.95,0.1,831.0
A-n39-k6,acs_cl15,5,1043.0906001381234,25.52233455332411,0.09905362501740456,True,87a65c0,6,15,none,0,0.0,False,0.7,0.95,0.1,831.0
A-n39-k6,acs_cl15,6,1052.3093345325267,26.631688872746896,0.09939604089595377,True,87a65c0,6,15,none,0,0.0,False,0.7,0.95,0.1,831.0
A-n39-k6,acs_cl15,7,1029.6820820709997,23.90879447304449,0.09931304096244276,True,87a65c0,6,15,none,0,0.0,False,0.7,0.95,0.1,831.0
A-n39-k6,acs_cl15,8,1064.7884013181986,28.133381626738696,0.09979020804166794,True,87a65c0,6,15,none,0,0.0,False,0.7,0.95,0.1,831.0
A-n39-k6,acs_cl15,9,1080.8025386233846,30.060473961899476,0.1005877919960767,True,87a65c0,6,15,none,0,0.0,False,0.7,0.95,0.1,831.0
A-n39-k6,acs_cl15,10,1069.508055269558,28.701330357347544,0.10272824997082353,True,87a65c0,6,15,none,0,0.0,False,0.7,0.95,0.1,831.0
A-n39-k6,acs_cl15,11,1096.986523140179,32.00800519135729,0.10019575012847781,True,87a65c0,6,15,none,0,0.0,False,0.7,0.95,0.1,831.0
A-n39-k6,acs_cl15,12,1048.927436992113,26.224721659700712,0.09970537503249943,True,87a65c0,6,15,none,0,0.0,False,0.7,0.95,0.1,831.0
A-n39-k6,acs_cl15,13,1079.6984897325185,29.927616092962516,0.09986162511631846,True,87a65c0,6,15,none,0,0.0,False,0.7,0.95,0.1,831.0
A-n39-k6,acs_cl15,14,1029.5151818599536,23.888710211787437,0.09904299979098141,True,87a65c0,6,15,none,0,0.0,False,0.7,0.95,0.1,831.0
A-n39-k6,acs_cl15,15,1056.8599045962708,27.179290565134874,0.09955733316019177,True,87a65c0,6,15,none,0,0.0,False,0.7,0.95,0.1,831.0
A-n39-k6,acs_cl15,16,1096.3832956897536,31.935414643772997,0.0996936250012368,True,87a65c0,6,15,none,0,0.0,False,0.7,0.95,0.1,831.0
A-n39-k6,acs_cl15,17,1068.8317956756082,28.61995134483853,0.09924341598525643,True,87a65c0,6,15,none,0,0.0,False,0.7,0.95,0.1,831.0
A-n39-k6,acs_cl15,18,1069.967584992784,28.756628759661123,0.10054274997673929,True,87a65c0,6,15,none,0,0.0,False,0.7,0.95,0.1,831.0
A-n39-k6,acs_cl15,19,1077.300276581865,29.63902245269135,0.09936687513254583,True,87a65c0,6,15,none,0,0.0,False,0.7,0.95,0.1,831.0
A-n39-k6,acs_cl15,20,1069.967584992784,28.756628759661123,0.09998729196377099,True,87a65c0,6,15,none,0,0.0,False,0.7,0.95,0.1,831.0
A-n39-k6,acs_cl15,21,1065.6781168108018,28.24044726965124,0.10130570898763835,True,87a65c0,6,15,none,0,0.0,False,0.7,0.95,0.1,831.0
A-n39-k6,acs_cl15,22,1080.7516140692064,30.05434585670354,0.09944704198278487,True,87a65c0,6,15,none,0,0.0,False,0.7,0.95,0.1,831.0
A-n39-k6,acs_cl15,23,1044.6345130935842,25.708124319324217,0.09891504095867276,True,87a65c0,6,15,none,0,0.0,False,0.7,0.95,0.1,831.0
A-n39-k6,acs_cl15,24,1044.7359558165635,25.72033162654194,0.09913179092109203,True,87a65c0,6,15,none,0,0.0,False,0.7,0.95,0.1,831.0
A-n39-k6,acs_cl15,25,1076.656701997267,29.56157665430409,0.09868512488901615,True,87a65c0,6,15,none,0,0.0,False,0.7,0.95,0.1,831.0
A-n39-k6,acs_cl15,26,1072.839266924574,29.10219818586932,0.09886041702702641,True,87a65c0,6,15,none,0,0.0,False,0.7,0.95,0.1,831.0
A-n39-k6,acs_cl15,27,1044.4773347684004,25.689209960096314,0.09869629214517772,True,87a65c0,6,15,none,0,0.0,False,0.7,0.95,0.1,831.0
A-n39-k6,acs_cl15,28,1044.7367623812006,25.720428686065056,0.09868562500923872,True,87a65c0,6,15,none,0,0.0,False,0.7,0.95,0.1,831.0
A-n39-k6,acs_cl15,29,1074.343302236281,29.283189198108428,0.09900991595350206,True,87a65c0,6,15,none,0,0.0,False,0.7,0.95,0.1,831.0
A-n39-k6,acs_cl15_ls2opt_fixed,0,1029.3471312155616,23.868487510897907,0.10837737494148314,True,87a65c0,6,15,best,30,1.0,False,0.7,0.95,0.1,831.0
A-n39-k6,acs_cl15_ls2opt_fixed,1,1004.1349015599524,20.834524856793305,0.10888387495651841,True,87a65c0,6,15,best,30,1.0,False,0.7,0.95,0.1,831.0
A-n39-k6,acs_cl15_ls2opt_fixed,2,1040.479515543615,25.208124614153427,0.10908504202961922,True,87a65c0,6,15,best,30,1.0,False,0.7,0.95,0.1,831.0
A-n39-k6,acs_cl15_ls2opt_fixed,3,1060.639421207528,27.634106041820445,0.10865962505340576,True,87a65c0,6,15,best,30,1.0,False,0.7,0.95,0.1,831.0
A-n39-k6,acs_cl15_ls2opt_fixed,4,1023.7893413049806,23.199680060767815,0.10984354093670845,True,87a65c0,6,15,best,30,1.0,False,0.7,0.95,0.1,831.0
A-n39-k6,acs_cl15_ls2opt_fixed,5,1029.5028024802632,23.88722051507379,0.10882183304056525,True,87a65c0,6,15,best,30,1.0,False,0.7,0.95,0.1,831.0
A-n39-k6,acs_cl15_ls2opt_fixed,6,1039.6667106694422,25.110314159981005,0.1079288749024272,True,87a65c0,6,15,best,30,1.0,False,0.7,0.95,0.1,831.0
A-n39-k6,acs_cl15_ls2opt_fixed,7,1007.5478391439165,21.24522733380463,0.10902970796450973,True,87a65c0,6,15,best,30,1.0,False,0.7,0.95,0.1,831.0
A-n39-k6,acs_cl15_ls2opt_fixed,8,1048.3691688322126,26.157541375717525,0.10821537487208843,True,87a65c0,6,15,best,30,1.0,False,0.7,0.95,0.1,831.0
A-n39-k6,acs_cl15_ls2opt_fixed,9,1065.2918583070314,28.193966101929163,0.1092543751001358,True,87a65c0,6,15,best,30,1.0,False,0.7,0.95,0.1,831.0
A-n39-k6,acs_cl15_ls2opt_fixed,10,1048.3691688322126,26.157541375717525,0.10844408394768834,True,87a65c0,6,15,best,30,1.0,False,0.7,0.95,0.1,831.0
A-n39-k6,acs_cl15_ls2opt_fixed,11,1026.71755805814,23.552052714577613,0.1085325840394944,True,87a65c0,6,15,best,30,1.0,False,0.7,0.95,0.1,831.0
A-n39-k6,acs_cl15_ls2opt_fixed,12,1007.3358770887736,21.21972046796313,0.10807249997742474,True,87a65c0,6,15,best,30,1.0,False,0.7,0.95,0.1,831.0
A-n39-k6,acs_cl15_ls2opt_fixed,13,1059.74422206736,27.526380513521055,0.10880845785140991,True,87a65c0,6,15,best,30,1.0,False,0.7,0.95,0.1,831.0
A-n39-k6,acs_cl15_ls2opt_fixed,14,1004.1349015599524,20.834524856793305,0.10885641700588167,True,87a65c0,6,15,best,30,1.0,False,0.7,0.95,0.1,831.0
A-n39-k6,acs_cl15_ls2opt_fixed,15,987.1493055680592,18.790530152594364,0.10955337504856288,True,87a65c0,6,15,best,30,1.0,False,0.7,0.95,0.1,831.0
A-n39-k6,acs_cl15_ls2opt_fixed,16,1069.0107295509467,28.64148370047494,0.11164212506264448,True,87a65c0,6,15,best,30,1.0,False,0.7,0.95,0.1,831.0
A-n39-k6,acs_cl15_ls2opt_fixed,17,1021.3673041326381,22.9082195105461,0.10972808301448822,True,87a65c0,6,15,best,30,1.0,False,0.7,0.95,0.1,831.0
A-n39-k6,acs_cl15_ls2opt_fixed,18,1047.8333420657007,26.09306162042126,0.108924041967839,True,87a65c0,6,15,best,30,1.0,False,0.7,0.95,0.1,831.0
A-n39-k6,acs_cl15_ls2opt_fixed,19,1029.8433142690894,23.92819666294698,0.10889875004068017,True,87a65c0,6,15,best,30,1.0,False,0.7,0.95,0.1,831.0
A-n39-k6,acs_cl15_ls2opt_fixed,20,1064.7973336344703,28.134456514376694,0.1094007499050349,True,87a65c0,6,15,best,30,1.0,False,0.7,0.95,0.1,831.0
A-n39-k6,acs_cl15_ls2opt_fixed,21,1010.4963377301225,21.600040641410647,0.10925225005485117,True,87a65c0,6,15,best,30,1.0,False,0.7,0.95,0.1,831.0
A-n39-k6,acs_cl15_ls2opt_fixed,22,1069.1082064023055,28.65321376682377,0.10861970786936581,True,87a65c0,6,15,best,30,1.0,False,0.7,0.95,0.1,831.0
A-n39-k6,acs_cl15_ls2opt_fixed,23,1034.3183742486772,24.466711702608563,0.10882162488996983,True,87a65c0,6,15,best,30,1.0,False,0.7,0.95,0.1,831.0
A-n39-k6,acs_cl15_ls2opt_fixed,24,969.1324208859703,16.62243331961135,0.10840445896610618,True,87a65c0,6,15,best,30,1.0,False,0.7,0.95,0.1,831.0
A-n39-k6,acs_cl15_ls2opt_fixed,25,1048.3691688322126,26.157541375717525,0.10926495818421245,True,87a65c0,6,15,best,30,1.0,False,0.7,0.95,0.1,831.0
A-n39-k6,acs_cl15_ls2opt_fixed,26,1028.7106158289464,23.791891194819062,0.10881254193373024,True,87a65c0,6,15,best,30,1.0,False,0.7,0.95,0.1,831.0
A-n39-k6,acs_cl15_ls2opt_fixed,27,1039.6667106694422,25.110314159981005,0.10895133297890425,True,87a65c0,6,15,best,30,1.0,False,0.7,0.95,0.1,831.0
A-n39-k6,acs_cl15_ls2opt_fixed,28,1016.9352618817549,22.37488109287062,0.10863033286295831,True,87a65c0,6,15,best,30,1.0,False,0.7,0.95,0.1,831.0
A-n39-k6,acs_cl15_ls2opt_fixed,29,1016.8070850925902,22.359456689842386,0.10996004194021225,True,87a65c0,6,15,best,30,1.0,False,0.7,0.95,0.1,831.0
A-n39-k6,acs_cl15_ls2opt_fixed_q0sched,0,1035.0935714924533,24.559996569488966,0.1153026670217514,True,87a65c0,6,15,best,30,1.0,True,0.7,0.95,0.1,831.0
A-n39-k6,acs_cl15_ls2opt_fixed_q0sched,1,998.7865651391874,20.19092239942086,0.1146136661991477,True,87a65c0,6,15,best,30,1.0,True,0.7,0.95,0.1,831.0
A-n39-k6,acs_cl15_ls2opt_fixed_q0sched,2,1007.5478391439165,21.24522733380463,0.11515879188664258,True,87a65c0,6,15,best,30,1.0,True,0.7,0.95,0.1,831.0
A-n39-k6,acs_cl15_ls2opt_fixed_q0sched,3,1018.9397457815261,22.61609455854706,0.11475250008516014,True,87a65c0,6,15,best,30,1.0,True,0.7,0.95,0.1,831.0
A-n39-k6,acs_cl15_ls2opt_fixed_q0sched,4,1029.7165143893544,23.912937952990905,0.11666762502864003,True,87a65c0,6,15,best,30,1.0,True,0.7,0.95,0.1,831.0
A-n39-k6,acs_cl15_ls2opt_fixed_q0sched,5,987.1493055680592,18.790530152594364,0.11504500010050833,True,87a65c0,6,15,best,30,1.0,True,0.7,0.95,0.1,831.0
A-n39-k6,acs_cl15_ls2opt_fixed_q0sched,6,997.9013371081604,20.08439676391822,0.1141177921090275,True,87a65c0,6,15,best,30,1.0,True,0.7,0.95,0.1,831.0
A-n39-k6,acs_cl15_ls2opt_fixed_q0sched,7,978.6732954316077,17.770553000193466,0.1151211669202894,True,87a65c0,6,15,best,30,1.0,True,0.7,0.95,0.1,831.0
A-n39-k6,acs_cl15_ls2opt_fixed_q0sched,8,1045.7883008586325,25.84696761235048,0.11548645794391632,True,87a65c0,6,15,best,30,1.0,True,0.7,0.95,0.1,831.0
A-n39-k6,acs_cl15_ls2opt_fixed_q0sched,9,984.8373632272499,18.512318077888068,0.11448612506501377,True,87a65c0,6,15,best,30,1.0,True,0.7,0.95,0.1,831.0
A-n39-k6,acs_cl15_ls2opt_fixed_q0sched,10,990.5945353037042,19.205118568436127,0.15306320902891457,True,87a65c0,6,15,best,30,1.0,True,0.7,0.95,0.1,831.0
A-n39-k6,acs_cl15_ls2opt_fixed_q0sched,11,1027.6854344001267,23.66852399520177,0.11448766710236669,True,87a65c0,6,15,best,30,1.0,True,0.7,0.95,0.1,831.0
A-n39-k6,acs_cl15_ls2opt_fixed_q0sched,12,1034.489076770045,24.48725352226774,0.1143285830039531,True,87a65c0,6,15,best,30,1.0,True,0.7,0.95,0.1,831.0
A-n39-k6,acs_cl15_ls2opt_fixed_q0sched,13,997.3181407949698,20.01421670216244,0.1151644999627024,True,87a65c0,6,15,best,30,1.0,True,0.7,0.95,0.1,831.0
A-n39-k6,acs_cl15_ls2opt_fixed_q0sched,14,1018.9397457815262,22.616094558547076,0.11521370802074671,True,87a65c0,6,15,best,30,1.0,True,0.7,0.95,0.1,831.0
A-n39-k6,acs_cl15_ls2opt_fixed_q0sched,15,987.7441137619805,18.862107552584902,0.11538833286613226,True,87a65c0,6,15,best,30,1.0,True,0.7,0.95,0.1,831.0
A-n39-k6,acs_cl15_ls2opt_fixed_q0sched,16,1020.5954367356799,22.815335347253896,0.11529674986377358,True,87a65c0,6,15,best,30,1.0,True,0.7,0.95,0.1,831.0
A-n39-k6,acs_cl15_ls2opt_fixed_q0sched,17,1037.5843972353396,24.859734926033642,0.11469166586175561,True,87a65c0,6,15,best,30,1.0,True,0.7,0.95,0.1,831.0
A-n39-k6,acs_cl15_ls2opt_fixed_q0sched,18,1018.9397457815262,22.616094558547076,0.11508716689422727,True,87a65c0,6,15,best,30,1.0,True,0.7,0.95,0.1,831.0
A-n39-k6,acs_cl15_ls2opt_fixed_q0sched,19,1034.998407385851,24.548544811775077,0.11468400014564395,True,87a65c0,6,15,best,30,1.0,True,0.7,0.95,0.1,831.0
A-n39-k6,acs_cl15_ls2opt_fixed_q0sched,20,990.0771812762373,19.14286176609354,0.115062375087291,True,87a65c0,6,15,best,30,1.0,True,0.7,0.95,0.1,831.0
A-n39-k6,acs_cl15_ls2opt_fixed_q0sched,21,978.6871176794019,17.772216327244518,0.11521379207260907,True,87a65c0,6,15,best,30,1.0,True,0.7,0.95,0.1,831.0
A-n39-k6,acs_cl15_ls2opt_fixed_q0sched,22,1037.1970566175808,24.81312354002175,0.11478691594675183,True,87a65c0,6,15,best,30,1.0,True,0.7,0.95,0.1,831.0
A-n39-k6,acs_cl15_ls2opt_fixed_q0sched,23,985.5307796284669,18.59576168814283,0.11417325004003942,True,87a65c0,6,15,best,30,1.0,True,0.7,0.95,0.1,831.0
A-n39-k6,acs_cl15_ls2opt_fixed_q0sched,24,1014.6043073561442,22.094381149957183,0.11507862503640354,True,87a65c0,6,15,best,30,1.0,True,0.7,0.95,0.1,831.0
A-n39-k6,acs_cl15_ls2opt_fixed_q0sched,25,960.656410749519,15.602456167210462,0.11562499986030161,True,87a65c0,6,15,best,30,1.0,True,0.7,0.95,0.1,831.0
A-n39-k6,acs_cl15_ls2opt_fixed_q0sched,26,1029.8433142690894,23.92819666294698,0.11488208314403892,True,87a65c0,6,15,best,30,1.0,True,0.7,0.95,0.1,831.0
A-n39-k6,acs_cl15_ls2opt_fixed_q0sched,27,986.0005729205175,18.65229517695758,0.11557362508028746,True,87a65c0,6,15,best,30,1.0,True,0.7,0.95,0.1,831.0
A-n39-k6,acs_cl15_ls2opt_fixed_q0sched,28,998.7685711281893,20.188757055137092,0.11493287491612136,True,87a65c0,6,15,best,30,1.0,True,0.7,0.95,0.1,831.0
A-n39-k6,acs_cl15_ls2opt_fixed_q0sched,29,993.9779838508477,19.612272424891426,0.1143409579526633,True,87a65c0,6,15,best,30,1.0,True,0.7,0.95,0.1,831.0
A-n39-k6,acs_clsqrtn_2opt_q0sched,0,969.557800221876,16.67362216869748,0.1061375830322504,True,87a65c0,6,15,best,30,1.0,True,0.7,0.95,0.1,831.0
A-n39-k6,acs_clsqrtn_2opt_q0sched,1,1038.5005413010085,24.96998090264844,0.10464320797473192,True,87a65c0,6,15,best,30,1.0,True,0.7,0.95,0.1,831.0
A-n39-k6,acs_clsqrtn_2opt_q0sched,2,985.5469959141216,18.59771310639249,0.10564295784570277,True,87a65c0,6,15,best,30,1.0,True,0.7,0.95,0.1,831.0
A-n39-k6,acs_clsqrtn_2opt_q0sched,3,987.1493055680592,18.790530152594364,0.10724504198879004,True,87a65c0,6,15,best,30,1.0,True,0.7,0.95,0.1,831.0
A-n39-k6,acs_clsqrtn_2opt_q0sched,4,1027.5832050094282,23.65622202279521,0.1060450840741396,True,87a65c0,6,15,best,30,1.0,True,0.7,0.95,0.1,831.0
A-n39-k6,acs_clsqrtn_2opt_q0sched,5,1030.5106157620166,24.008497684959885,0.10562958288937807,True,87a65c0,6,15,best,30,1.0,True,0.7,0.95,0.1,831.0
A-n39-k6,acs_clsqrtn_2opt_q0sched,6,1047.6556199952313,26.071675089678852,0.10504116700030863,True,87a65c0,6,15,best,30,1.0,True,0.7,0.95,0.1,831.0
A-n39-k6,acs_clsqrtn_2opt_q0sched,7,987.1493055680592,18.790530152594364,0.1047847920563072,True,87a65c0,6,15,best,30,1.0,True,0.7,0.95,0.1,831.0
A-n39-k6,acs_clsqrtn_2opt_q0sched,8,1048.9331422144544,26.225408208718942,0.10568341705948114,True,87a65c0,6,15,best,30,1.0,True,0.7,0.95,0.1,831.0
A-n39-k6,acs_clsqrtn_2opt_q0sched,9,984.9494342304345,18.525804359859745,0.10846025007776916,True,87a65c0,6,15,best,30,1.0,True,0.7,0.95,0.1,831.0
A-n39-k6,acs_clsqrtn_2opt_q0sched,10,1027.5313719282804,23.649984588240716,0.10661395895294845,True,87a65c0,6,15,best,30,1.0,True,0.7,0.95,0.1,831.0
A-n39-k6,acs_clsqrtn_2opt_q0sched,11,997.4413910608483,20.02904826243662,0.10444662510417402,True,87a65c0,6,15,best,30,1.0,True,0.7,0.95,0.1,831.0
A-n39-k6,acs_clsqrtn_2opt_q0sched,12,1016.6371464961294,22.339006798571525,0.10421866597607732,True,87a65c0,6,15,best,30,1.0,True,0.7,0.95,0.1,831.0
A-n39-k6,acs_clsqrtn_2opt_q0sched,13,1083.0579515867933,30.33188346411471,0.10541475005447865,True,87a65c0,6,15,best,30,1.0,True,0.7,0.95,0.1,831.0
A-n39-k6,acs_clsqrtn_2opt_q0sched,14,1020.8704973716581,22.848435303448625,0.10575662483461201,True,87a65c0,6,15,best,30,1.0,True,0.7,0.95,0.1,831.0
A-n39-k6,acs_clsqrtn_2opt_q0sched,15,1020.0667150477793,22.75171059540064,0.10514758294448256,True,87a65c0,6,15,best,30,1.0,True,0.7,0.95,0.1,831.0
A-n39-k6,acs_clsqrtn_2opt_q0sched,16,981.1832305096437,18.07259091572127,0.10525295790284872,True,87a65c0,6,15,best,30,1.0,True,0.7,0.95,0.1,831.0
A-n39-k6,acs_clsqrtn_2opt_q0sched,17,1020.4270502079197,22.795072227186488,0.10514404205605388,True,87a65c0,6,15,best,30,1.0,True,0.7,0.95,0.1,831.0
A-n39-k6,acs_clsqrtn_2opt_q0sched,18,1045.9409227400847,25.865333663066753,0.10648845881223679,True,87a65c0,6,15,best,30,1.0,True,0.7,0.95,0.1,831.0
A-n39-k6,acs_clsqrtn_2opt_q0sched,19,1038.5005413010085,24.96998090264844,0.108043875079602,True,87a65c0,6,15,best,30,1.0,True,0.7,0.95,0.1,831.0
A-n39-k6,acs_clsqrtn_2opt_q0sched,20,981.1520734851332,18.068841574624933,0.1056639589369297,True,87a65c0,6,15,best,30,1.0,True,0.7,0.95,0.1,831.0
A-n39-k6,acs_clsqrtn_2opt_q0sched,21,981.1520734851332,18.068841574624933,0.10569312493316829,True,87a65c0,6,15,best,30,1.0,True,0.7,0.95,0.1,831.0
A-n39-k6,acs_clsqrtn_2opt_q0sched,22,953.2796104120871,14.71475456222468,0.10562079190276563,True,87a65c0,6,15,best,30,1.0,True,0.7,0.95,0.1,831.0
A-n39-k6,acs_clsqrtn_2opt_q0sched,23,984.9494342304345,18.525804359859745,0.10522912489250302,True,87a65c0,6,15,best,30,1.0,True,0.7,0.95,0.1,831.0
A-n39-k6,acs_clsqrtn_2opt_q0sched,24,1012.722538804068,21.867934874135738,0.10605229204520583,True,87a65c0,6,15,best,30,1.0,True,0.7,0.95,0.1,831.0
A-n39-k6,acs_clsqrtn_2opt_q0sched,25,1023.9537245259238,23.21946143512922,0.12715116702020168,True,87a65c0,6,15,best,30,1.0,True,0.7,0.95,0.1,831.0
A-n39-k6,acs_clsqrtn_2opt_q0sched,26,982.0855498928219,18.181173272301066,0.10509570897556841,True,87a65c0,6,15,best,30,1.0,True,0.7,0.95,0.1,831.0
A-n39-k6,acs_clsqrtn_2opt_q0sched,27,1035.1829984594192,24.570757937354898,0.10479637514799833,True,87a65c0,6,15,best,30,1.0,True,0.7,0.95,0.1,831.0
A-n39-k6,acs_clsqrtn_2opt_q0sched,28,1039.2023134121864,25.054430013500166,0.10714591690339148,True,87a65c0,6,15,best,30,1.0,True,0.7,0.95,0.1,831.0
A-n39-k6,acs_clsqrtn_2opt_q0sched,29,1021.7264884826675,22.951442657360708,0.10541875008493662,True,87a65c0,6,15,best,30,1.0,True,0.7,0.95,0.1,831.0
A-n39-k6,acs_nocl_2opt_q0sched,0,1054.7630597356977,26.9269626637422,0.14204962505027652,True,87a65c0,6,0,best,30,1.0,True,0.7,0.95,0.1,831.0
A-n39-k6,acs_nocl_2opt_q0sched,1,1035.9656444976779,24.664939169395655,0.15596137498505414,True,87a65c0,6,0,best,30,1.0,True,0.7,0.95,0.1,831.0
A-n39-k6,acs_nocl_2opt_q0sched,2,1016.7933534699849,22.35780426834957,0.14121483312919736,True,87a65c0,6,0,best,30,1.0,True,0.7,0.95,0.1,831.0
A-n39-k6,acs_nocl_2opt_q0sched,3,953.2796104120871,14.71475456222468,0.14043320808559656,True,87a65c0,6,0,best,30,1.0,True,0.7,0.95,0.1,831.0
A-n39-k6,acs_nocl_2opt_q0sched,4,987.3644715599428,18.816422570390227,0.1405618330463767,True,87a65c0,6,0,best,30,1.0,True,0.7,0.95,0.1,831.0
A-n39-k6,acs_nocl_2opt_q0sched,5,978.6732954316077,17.770553000193466,0.13968979218043387,True,87a65c0,6,0,best,30,1.0,True,0.7,0.95,0.1,831.0
A-n39-k6,acs_nocl_2opt_q0sched,6,1012.5198353877988,21.84354216459673,0.1403494591359049,True,87a65c0,6,0,best,30,1.0,True,0.7,0.95,0.1,831.0
A-n39-k6,acs_nocl_2opt_q0sched,7,1011.6747451985188,21.74184659428626,0.14173924992792308,True,87a65c0,6,0,best,30,1.0,True,0.7,0.95,0.1,831.0
A-n39-k6,acs_nocl_2opt_q0sched,8,1017.6848776453196,22.465087562613668,0.14091558405198157,True,87a65c0,6,0,best,30,1.0,True,0.7,0.95,0.1,831.0
A-n39-k6,acs_nocl_2opt_q0sched,9,984.9494342304345,18.525804359859745,0.14055045787245035,True,87a65c0,6,0,best,30,1.0,True,0.7,0.95,0.1,831.0
A-n39-k6,acs_nocl_2opt_q0sched,10,1026.6363575759797,23.542281296748456,0.14134399988688529,True,87a65c0,6,0,best,30,1.0,True,0.7,0.95,0.1,831.0
A-n39-k6,acs_nocl_2opt_q0sched,11,1045.9409227400847,25.865333663066753,0.14031400019302964,True,87a65c0,6,0,best,30,1.0,True,0.7,0.95,0.1,831.0
A-n39-k6,acs_nocl_2opt_q0sched,12,1003.9799540095541,20.815878942184614,0.1406727081630379,True,87a65c0,6,0,best,30,1.0,True,0.7,0.95,0.1,831.0
A-n39-k6,acs_nocl_2opt_q0sched,13,1012.722538804068,21.867934874135738,0.1407559160143137,True,87a65c0,6,0,best,30,1.0,True,0.7,0.95,0.1,831.0
A-n39-k6,acs_nocl_2opt_q0sched,14,1004.1349015599524,20.834524856793305,0.139744833111763,True,87a65c0,6,0,best,30,1.0,True,0.7,0.95,0.1,831.0
A-n39-k6,acs_nocl_2opt_q0sched,15,987.3644715599428,18.816422570390227,0.1408974591176957,True,87a65c0,6,0,best,30,1.0,True,0.7,0.95,0.1,831.0
A-n39-k6,acs_nocl_2opt_q0sched,16,1032.3291418954707,24.227333561428484,0.14066079212352633,True,87a65c0,6,0,best,30,1.0,True,0.7,0.95,0.1,831.0
A-n39-k6,acs_nocl_2opt_q0sched,17,1001.2755689183218,20.490441506416584,0.14118091599084437,True,87a65c0,6,0,best,30,1.0,True,0.7,0.95,0.1,831.0
A-n39-k6,acs_nocl_2opt_q0sched,18,1037.7963416866296,24.885239673481298,0.184193667024374,True,87a65c0,6,0,best,30,1.0,True,0.7,0.95,0.1,831.0
A-n39-k6,acs_nocl_2opt_q0sched,19,991.0233805518498,19.256724494807433,0.14620620803907514,True,87a65c0,6,0,best,30,1.0,True,0.7,0.95,0.1,831.0
A-n39-k6,acs_nocl_2opt_q0sched,20,1018.9397457815261,22.61609455854706,0.14066249993629754,True,87a65c0,6,0,best,30,1.0,True,0.7,0.95,0.1,831.0
A-n39-k6,acs_nocl_2opt_q0sched,21,969.2277044694973,16.633899454813157,0.14066241588443518,True,87a65c0,6,0,best,30,1.0,True,0.7,0.95,0.1,831.0
A-n39-k6,acs_nocl_2opt_q0sched,22,1039.6816073858645,25.112106785302586,0.14031170797534287,True,87a65c0,6,0,best,30,1.0,True,0.7,0.95,0.1,831.0
A-n39-k6,acs_nocl_2opt_q0sched,23,1010.8967567113228,21.648225837704313,0.13940495788119733,True,87a65c0,6,0,best,30,1.0,True,0.7,0.95,0.1,831.0
A-n39-k6,acs_nocl_2opt_q0sched,24,1010.8103541236711,21.637828414400857,0.1421913339290768,True,87a65c0,6,0,best,30,1.0,True,0.7,0.95,0.1,831.0
A-n39-k6,acs_nocl_2opt_q0sched,25,1012.9835880660488,21.899348744410204,0.14123450010083616,True,87a65c0,6,0,best,30,1.0,True,0.7,0.95,0.1,831.0
A-n39-k6,acs_nocl_2opt_q0sched,26,999.4602793575128,20.271995109207317,0.14142904104664922,True,87a65c0,6,0,best,30,1.0,True,0.7,0.95,0.1,831.0
A-n39-k6,acs_nocl_2opt_q0sched,27,1047.9650057276313,26.10890562306032,0.140721624949947,True,87a65c0,6,0,best,30,1.0,True,0.7,0.95,0.1,831.0
A-n39-k6,acs_nocl_2opt_q0sched,28,967.0658951245452,16.373753925938058,0.1423867498524487,True,87a65c0,6,0,best,30,1.0,True,0.7,0.95,0.1,831.0
A-n39-k6,acs_nocl_2opt_q0sched,29,1039.6667106694422,25.110314159981005,0.1401822092011571,True,87a65c0,6,0,best,30,1.0,True,0.7,0.95,0.1,831.0
A-n44-k6,acs_baseline,0,1157.9281430878118,23.57824365931823,0.18576566688716412,True,87a65c0,6,0,none,0,0.0,False,0.7,0.95,0.1,937.0
A-n44-k6,acs_baseline,1,1095.800884136025,16.947799801069895,0.15588933392427862,True,87a65c0,6,0,none,0,0.0,False,0.7,0.95,0.1,937.0
A-n44-k6,acs_baseline,2,1167.6794357205001,24.61893657636074,0.15521900006569922,True,87a65c0,6,0,none,0,0.0,False,0.7,0.95,0.1,937.0
A-n44-k6,acs_baseline,3,1150.4315688136999,22.778182370725705,0.16641920898109674,True,87a65c0,6,0,none,0,0.0,False,0.7,0.95,0.1,937.0
A-n44-k6,acs_baseline,4,1135.7096633251447,21.20700782552238,0.15852087503299117,True,87a65c0,6,0,none,0,0.0,False,0.7,0.95,0.1,937.0
A-n44-k6,acs_baseline,5,1099.356302518148,17.327246800229233,0.159318916965276,True,87a65c0,6,0,none,0,0.0,False,0.7,0.95,0.1,937.0
A-n44-k6,acs_baseline,6,1105.6096006016705,17.994621195482445,0.1554089579731226,True,87a65c0,6,0,none,0,0.0,False,0.7,0.95,0.1,937.0
A-n44-k6,acs_baseline,7,1136.1544030956823,21.254472048632046,0.15636825002729893,True,87a65c0,6,0,none,0,0.0,False,0.7,0.95,0.1,937.0
A-n44-k6,acs_baseline,8,1138.1470212308109,21.467131401367222,0.15415108297020197,True,87a65c0,6,0,none,0,0.0,False,0.7,0.95,0.1,937.0
A-n44-k6,acs_baseline,9,1099.3158820676254,17.322932984805266,0.15428266604430974,True,87a65c0,6,0,none,0,0.0,False,0.7,0.95,0.1,937.0
A-n44-k6,acs_baseline,10,1148.5007096192003,22.572114153596615,0.15384820802137256,True,87a65c0,6,0,none,0,0.0,False,0.7,0.95,0.1,937.0
A-n44-k6,acs_baseline,11,1122.1689216803359,19.76189132127384,0.15385150001384318,True,87a65c0,6,0,none,0,0.0,False,0.7,0.95,0.1,937.0
A-n44-k6,acs_baseline,12,1114.5168433790323,18.945234085275587,0.15400429209694266,True,87a65c0,6,0,none,0,0.0,False,0.7,0.95,0.1,937.0
A-n44-k6,acs_baseline,13,1129.3178842381408,20.52485424099688,0.15453912504017353,True,87a65c0,6,0,none,0,0.0,False,0.7,0.95,0.1,937.0
A-n44-k6,acs_baseline,14,1143.0688048802406,21.992401801519808,0.15427416586317122,True,87a65c0,6,0,none,0,0.0,False,0.7,0.95,0.1,937.0
A-n44-k6,acs_baseline,15,1124.6946491931503,20.031446018479222,0.17031987500377,True,87a65c0,6,0,none,0,0.0,False,0.7,0.95,0.1,937.0
A-n44-k6,acs_baseline,16,1127.6897380076493,20.351092636888936,0.15729354205541313,True,87a65c0,6,0,none,0,0.0,False,0.7,0.95,0.1,937.0
A-n44-k6,acs_baseline,17,1112.0321014602105,18.680053517631855,0.17818579217419028,True,87a65c0,6,0,none,0,0.0,False,0.7,0.95,0.1,937.0
A-n44-k6,acs_baseline,18,1111.9677384855065,18.673184470171453,0.1604678330477327,True,87a65c0,6,0,none,0,0.0,False,0.7,0.95,0.1,937.0
A-n44-k6,acs_baseline,19,1142.4866114034257,21.93026802597927,0.15605329116806388,True,87a65c0,6,0,none,0,0.0,False,0.7,0.95,0.1,937.0
A-n44-k6,acs_baseline,20,1108.2536921629776,18.276808128386083,0.15452304109930992,True,87a65c0,6,0,none,0,0.0,False,0.7,0.95,0.1,937.0
A-n44-k6,acs_baseline,21,1145.3661307246691,22.237580653646653,0.1651839588303119,True,87a65c0,6,0,none,0,0.0,False,0.7,0.95,0.1,937.0
A-n44-k6,acs_baseline,22,1110.994610663296,18.569328779433945,0.2157182921655476,True,87a65c0,6,0,none,0,0.0,False,0.7,0.95,0.1,937.0
A-n44-k6,acs_baseline,23,1106.4552542362665,18.084872383806452,0.1548934169113636,True,87a65c0,6,0,none,0,0.0,False,0.7,0.95,0.1,937.0
A-n44-k6,acs_baseline,24,1160.1456185917573,23.81490059677239,0.1545429159887135,True,87a65c0,6,0,none,0,0.0,False,0.7,0.95,0.1,937.0
A-n44-k6,acs_baseline,25,1143.9735749677725,22.088962109687564,0.15423200000077486,True,87a65c0,6,0,none,0,0.0,False,0.7,0.95,0.1,937.0
A-n44-k6,acs_baseline,26,1044.3281901234357,11.454449319470188,0.15375679195858538,True,87a65c0,6,0,none,0,0.0,False,0.7,0.95,0.1,937.0
A-n44-k6,acs_baseline,27,1153.1645136670509,23.0698520455764,0.15459416597150266,True,87a65c0,6,0,none,0,0.0,False,0.7,0.95,0.1,937.0
A-n44-k6,acs_baseline,28,1129.8195307350825,20.578391754010937,0.15495662507601082,True,87a65c0,6,0,none,0,0.0,False,0.7,0.95,0.1,937.0
A-n44-k6,acs_baseline,29,1151.9632779075878,22.941651857800192,0.15685808309353888,True,87a65c0,6,0,none,0,0.0,False,0.7,0.95,0.1,937.0
A-n44-k6,acs_cl15,0,1152.7178840690171,23.022186133299588,0.11632233299314976,True,87a65c0,6,15,none,0,0.0,False,0.7,0.95,0.1,937.0
A-n44-k6,acs_cl15,1,1139.060924730548,21.56466646003715,0.11779925017617643,True,87a65c0,6,15,none,0,0.0,False,0.7,0.95,0.1,937.0
A-n44-k6,acs_cl15,2,1158.5189486959907,23.64129655240029,0.11701499996706843,True,87a65c0,6,15,none,0,0.0,False,0.7,0.95,0.1,937.0
A-n44-k6,acs_cl15,3,1125.3794154986576,20.10452673411501,0.1346123330295086,True,87a65c0,6,15,none,0,0.0,False,0.7,0.95,0.1,937.0
A-n44-k6,acs_cl15,4,1116.1357022063553,19.118004504413584,0.11630216613411903,True,87a65c0,6,15,none,0,0.0,False,0.7,0.95,0.1,937.0
A-n44-k6,acs_cl15,5,1145.5045078335324,22.25234875491275,0.11579674994572997,True,87a65c0,6,15,none,0,0.0,False,0.7,0.95,0.1,937.0
A-n44-k6,acs_cl15,6,1114.7334064408751,18.968346471811646,0.11544170789420605,True,87a65c0,6,15,none,0,0.0,False,0.7,0.95,0.1,937.0
A-n44-k6,acs_cl15,7,1158.957606429895,23.68811167875079,0.11953225010074675,True,87a65c0,6,15,none,0,0.0,False,0.7,0.95,0.1,937.0
A-n44-k6,acs_cl15,8,1142.325829643808,21.913108820043544,0.12495483295060694,True,87a65c0,6,15,none,0,0.0,False,0.7,0.95,0.1,937.0
A-n44-k6,acs_cl15,9,1113.089326345815,18.79288434853948,0.12045566691085696,True,87a65c0,6,15,none,0,0.0,False,0.7,0.95,0.1,937.0
A-n44-k6,acs_cl15,10,1168.2181172796031,24.67642660401314,0.11882829200476408,True,87a65c0,6,15,none,0,0.0,False,0.7,0.95,0.1,937.0
A-n44-k6,acs_cl15,11,1059.4966022264296,13.073276651700061,0.11907933303155005,True,87a65c0,6,15,none,0,0.0,False,0.7,0.95,0.1,937.0
A-n44-k6,acs_cl15,12,1128.926821342786,20.48311860648731,0.11942400014959276,True,87a65c0,6,15,none,0,0.0,False,0.7,0.95,0.1,937.0
A-n44-k6,acs_cl15,13,1084.2581130823846,15.715913882858551,0.11885945894755423,True,87a65c0,6,15,none,0,0.0,False,0.7,0.95,0.1,937.0
A-n44-k6,acs_cl15,14,1135.766836205229,21.213109520301927,0.11794416583143175,True,87a65c0,6,15,none,0,0.0,False,0.7,0.95,0.1,937.0
A-n44-k6,acs_cl15,15,1157.6265761511709,23.546059354447262,0.13408095785416663,True,87a65c0,6,15,none,0,0.0,False,0.7,0.95,0.1,937.0
A-n44-k6,acs_cl15,16,1057.6872201023853,12.8801729031361,0.1163482079282403,True,87a65c0,6,15,none,0,0.0,False,0.7,0.95,0.1,937.0
A-n44-k6,acs_cl15,17,1089.2688536753399,16.250678087015995,0.11557204090058804,True,87a65c0,6,15,none,0,0.0,False,0.7,0.95,0.1,937.0
A-n44-k6,acs_cl15,18,1121.914133114594,19.73469937188837,0.11612045904621482,True,87a65c0,6,15,none,0,0.0,False,0.7,0.95,0.1,937.0
A-n44-k6,acs_cl15,19,1173.100042737506,25.197443195038005,0.11570158414542675,True,87a65c0,6,15,none,0,0.0,False,0.7,0.95,0.1,937.0
A-n44-k6,acs_cl15,20,1162.739749889999,24.091755591248567,0.115632250206545,True,87a65c0,6,15,none,0,0.0,False,0.7,0.95,0.1,937.0
A-n44-k6,acs_cl15,21,1135.1587632989585,21.14821379924851,0.11578354192897677,True,87a65c0,6,15,none,0,0.0,False,0.7,0.95,0.1,937.0
A-n44-k6,acs_cl15,22,1117.193899246188,19.230939087106513,0.1158607080578804,True,87a65c0,6,15,none,0,0.0,False,0.7,0.95,0.1,937.0
A-n44-k6,acs_cl15,23,1139.0183117733511,21.560118652438753,0.1162578749936074,True,87a65c0,6,15,none,0,0.0,False,0.7,0.95,0.1,937.0
A-n44-k6,acs_cl15,24,1155.735739162194,23.344262450607687,0.11581025016494095,True,87a65c0,6,15,none,0,0.0,False,0.7,0.95,0.1,937.0
A-n44-k6,acs_cl15,25,1088.584058013512,16.177594238368414,0.11560916691087186,True,87a65c0,6,15,none,0,0.0,False,0.7,0.95,0.1,937.0
A-n44-k6,acs_cl15,26,1148.8348337525026,22.60777307924254,0.11566437501460314,True,87a65c0,6,15,none,0,0.0,False,0.7,0.95,0.1,937.0
A-n44-k6,acs_cl15,27,1125.8618572473679,20.156014647531258,0.11524720815941691,True,87a65c0,6,15,none,0,0.0,False,0.7,0.95,0.1,937.0
A-n44-k6,acs_cl15,28,1082.9819321399164,15.57971527640516,0.11532587488181889,True,87a65c0,6,15,none,0,0.0,False,0.7,0.95,0.1,937.0
A-n44-k6,acs_cl15,29,1119.6591906545107,19.49404382652195,0.1156205830629915,True,87a65c0,6,15,none,0,0.0,False,0.7,0.95,0.1,937.0
A-n44-k6,acs_cl15_ls2opt_fixed,0,1092.5754992300072,16.60357515795167,0.1271924590691924,True,87a65c0,6,15,best,30,1.0,False,0.7,0.95,0.1,937.0
A-n44-k6,acs_cl15_ls2opt_fixed,1,1089.5735372513411,16.283195010815486,0.12823854200541973,True,87a65c0,6,15,best,30,1.0,False,0.7,0.95,0.1,937.0
A-n44-k6,acs_cl15_ls2opt_fixed,2,1124.7319303558913,20.03542479785393,0.13032141700387,True,87a65c0,6,15,best,30,1.0,False,0.7,0.95,0.1,937.0
A-n44-k6,acs_cl15_ls2opt_fixed,3,1092.5754992300072,16.60357515795167,0.12652241601608694,True,87a65c0,6,15,best,30,1.0,False,0.7,0.95,0.1,937.0
A-n44-k6,acs_cl15_ls2opt_fixed,4,1083.141087589607,15.596700916713658,0.13231937494128942,True,87a65c0,6,15,best,30,1.0,False,0.7,0.95,0.1,937.0
A-n44-k6,acs_cl15_ls2opt_fixed,5,1073.5161100144428,14.569488795564867,0.12894429196603596,True,87a65c0,6,15,best,30,1.0,False,0.7,0.95,0.1,937.0
A-n44-k6,acs_cl15_ls2opt_fixed,6,1069.4705708825154,14.137734352456285,0.1307591658551246,True,87a65c0,6,15,best,30,1.0,False,0.7,0.95,0.1,937.0
A-n44-k6,acs_cl15_ls2opt_fixed,7,1105.482018275272,17.98100515211013,0.12814124999567866,True,87a65c0,6,15,best,30,1.0,False,0.7,0.95,0.1,937.0
A-n44-k6,acs_cl15_ls2opt_fixed,8,1082.010482970039,15.47603873746414,0.12983437487855554,True,87a65c0,6,15,best,30,1.0,False,0.7,0.95,0.1,937.0
A-n44-k6,acs_cl15_ls2opt_fixed,9,1066.9184338284485,13.865361134306141,0.12733462499454618,True,87a65c0,6,15,best,30,1.0,False,0.7,0.95,0.1,937.0
A-n44-k6,acs_cl15_ls2opt_fixed,10,1087.1120002861207,16.02049095903103,0.1280122499447316,True,87a65c0,6,15,best,30,1.0,False,0.7,0.95,0.1,937.0
A-n44-k6,acs_cl15_ls2opt_fixed,11,1031.391363125109,10.073784751879286,0.12738566589541733,True,87a65c0,6,15,best,30,1.0,False,0.7,0.95,0.1,937.0
A-n44-k6,acs_cl15_ls2opt_fixed,12,1066.4482291095444,13.815179200591718,0.1458808749448508,True,87a65c0,6,15,best,30,1.0,False,0.7,0.95,0.1,937.0
A-n44-k6,acs_cl15_ls2opt_fixed,13,1069.4705708825154,14.137734352456285,0.12854095897637308,True,87a65c0,6,15,best,30,1.0,False,0.7,0.95,0.1,937.0
A-n44-k6,acs_cl15_ls2opt_fixed,14,1074.302226107634,14.653385923973739,0.13015670888125896,True,87a65c0,6,15,best,30,1.0,False,0.7,0.95,0.1,937.0
A-n44-k6,acs_cl15_ls2opt_fixed,15,1099.867994793022,17.381856434687517,0.12795375008136034,True,87a65c0,6,15,best,30,1.0,False,0.7,0.95,0.1,937.0
A-n44-k6,acs_cl15_ls2opt_fixed,16,1020.8690186480148,8.950802417077359,0.13202633312903345,True,87a65c0,6,15,best,30,1.0,False,0.7,0.95,0.1,937.0
A-n44-k6,acs_cl15_ls2opt_fixed,17,1042.0346587637814,11.209675428365145,0.1301423329859972,True,87a65c0,6,15,best,30,1.0,False,0.7,0.95,0.1,937.0
A-n44-k6,acs_cl15_ls2opt_fixed,18,1067.6701369475204,13.945585586715092,0.13051866693422198,True,87a65c0,6,15,best,30,1.0,False,0.7,0.95,0.1,937.0
A-n44-k6,acs_cl15_ls2opt_fixed,19,1043.6583373140725,11.382960225621394,0.12829716689884663,True,87a65c0,6,15,best,30,1.0,False,0.7,0.95,0.1,937.0
A-n44-k6,acs_cl15_ls2opt_fixed,20,1092.8458611154358,16.632429147858677,0.1282060411758721,True,87a65c0,6,15,best,30,1.0,False,0.7,0.95,0.1,937.0
A-n44-k6,acs_cl15_ls2opt_fixed,21,1070.1007368619864,14.204987925505488,0.12818400003015995,True,87a65c0,6,15,best,30,1.0,False,0.7,0.95,0.1,937.0
A-n44-k6,acs_cl15_ls2opt_fixed,22,1055.0457548999796,12.598266264672311,0.12870366708375514,True,87a65c0,6,15,best,30,1.0,False,0.7,0.95,0.1,937.0
A-n44-k6,acs_cl15_ls2opt_fixed,23,1089.5735372513411,16.283195010815486,0.12843616702593863,True,87a65c0,6,15,best,30,1.0,False,0.7,0.95,0.1,937.0
A-n44-k6,acs_cl15_ls2opt_fixed,24,1083.10781131593,15.593149553461036,0.15305137517862022,True,87a65c0,6,15,best,30,1.0,False,0.7,0.95,0.1,937.0
A-n44-k6,acs_cl15_ls2opt_fixed,25,1071.8565698350428,14.392376716653448,0.17486191703937948,True,87a65c0,6,15,best,30,1.0,False,0.7,0.95,0.1,937.0
A-n44-k6,acs_cl15_ls2opt_fixed,26,1095.3087826822052,16.89528096928551,0.12840633396990597,True,87a65c0,6,15,best,30,1.0,False,0.7,0.95,0.1,937.0
A-n44-k6,acs_cl15_ls2opt_fixed,27,1075.7491332105792,14.807805038482305,0.1288158749230206,True,87a65c0,6,15,best,30,1.0,False,0.7,0.95,0.1,937.0
A-n44-k6,acs_cl15_ls2opt_fixed,28,1025.016121773232,9.393396133749418,0.1278626669663936,True,87a65c0,6,15,best,30,1.0,False,0.7,0.95,0.1,937.0
A-n44-k6,acs_cl15_ls2opt_fixed,29,1044.1541678490648,11.435877038320687,0.13099862495437264,True,87a65c0,6,15,best,30,1.0,False,0.7,0.95,0.1,937.0
A-n44-k6,acs_cl15_ls2opt_fixed_q0sched,0,1039.3968878026399,10.928163052576293,0.14185841707512736,True,87a65c0,6,15,best,30,1.0,True,0.7,0.95,0.1,937.0
A-n44-k6,acs_cl15_ls2opt_fixed_q0sched,1,1060.8049547916173,13.212908729094696,0.18039916595444083,True,87a65c0,6,15,best,30,1.0,True,0.7,0.95,0.1,937.0
A-n44-k6,acs_cl15_ls2opt_fixed_q0sched,2,1061.476411207835,13.284568965617408,0.13923054095357656,True,87a65c0,6,15,best,30,1.0,True,0.7,0.95,0.1,937.0
A-n44-k6,acs_cl15_ls2opt_fixed_q0sched,3,1092.2445887955669,16.568259209772346,0.14076224993914366,True,87a65c0,6,15,best,30,1.0,True,0.7,0.95,0.1,937.0
A-n44-k6,acs_cl15_ls2opt_fixed_q0sched,4,1073.5161100144428,14.569488795564867,0.13632045895792544,True,87a65c0,6,15,best,30,1.0,True,0.7,0.95,0.1,937.0
A-n44-k6,acs_cl15_ls2opt_fixed_q0sched,5,1063.7385290119155,13.525990289425346,0.13471208279952407,True,87a65c0,6,15,best,30,1.0,True,0.7,0.95,0.1,937.0
A-n44-k6,acs_cl15_ls2opt_fixed_q0sched,6,1030.5799158390118,9.987184187728051,0.1346894579473883,True,87a65c0,6,15,best,30,1.0,True,0.7,0.95,0.1,937.0
A-n44-k6,acs_cl15_ls2opt_fixed_q0sched,7,1053.110771619946,12.391757910346428,0.13986400002613664,True,87a65c0,6,15,best,30,1.0,True,0.7,0.95,0.1,937.0
A-n44-k6,acs_cl15_ls2opt_fixed_q0sched,8,1016.4123243954843,8.475168025131733,0.13982958416454494,True,87a65c0,6,15,best,30,1.0,True,0.7,0.95,0.1,937.0
A-n44-k6,acs_cl15_ls2opt_fixed_q0sched,9,1082.4440964999476,15.522315528276156,0.15432266588322818,True,87a65c0,6,15,best,30,1.0,True,0.7,0.95,0.1,937.0
A-n44-k6,acs_cl15_ls2opt_fixed_q0sched,10,1042.8156315243032,11.293023641868,0.13446283293887973,True,87a65c0,6,15,best,30,1.0,True,0.7,0.95,0.1,937.0
A-n44-k6,acs_cl15_ls2opt_fixed_q0sched,11,1039.172345211592,10.904199062069592,0.13498712494038045,True,87a65c0,6,15,best,30,1.0,True,0.7,0.95,0.1,937.0
A-n44-k6,acs_cl15_ls2opt_fixed_q0sched,12,1048.8644694159718,11.938577312270207,0.13506604102440178,True,87a65c0,6,15,best,30,1.0,True,0.7,0.95,0.1,937.0
A-n44-k6,acs_cl15_ls2opt_fixed_q0sched,13,1076.2089177152277,14.856874889565388,0.14129983400925994,True,87a65c0,6,15,best,30,1.0,True,0.7,0.95,0.1,937.0
A-n44-k6,acs_cl15_ls2opt_fixed_q0sched,14,1027.2662367435546,9.633536472097608,0.14317475003190339,True,87a65c0,6,15,best,30,1.0,True,0.7,0.95,0.1,937.0
A-n44-k6,acs_cl15_ls2opt_fixed_q0sched,15,1080.284027790293,15.291785249764466,0.1447538328357041,True,87a65c0,6,15,best,30,1.0,True,0.7,0.95,0.1,937.0
A-n44-k6,acs_cl15_ls2opt_fixed_q0sched,16,1063.6360276001396,13.515050971199535,0.13880470907315612,True,87a65c0,6,15,best,30,1.0,True,0.7,0.95,0.1,937.0
A-n44-k6,acs_cl15_ls2opt_fixed_q0sched,17,1019.5192291502293,8.80674804164667,0.13707712502218783,True,87a65c0,6,15,best,30,1.0,True,0.7,0.95,0.1,937.0
A-n44-k6,acs_cl15_ls2opt_fixed_q0sched,18,1044.8162852516914,11.506540581824055,0.13558499980717897,True,87a65c0,6,15,best,30,1.0,True,0.7,0.95,0.1,937.0
A-n44-k6,acs_cl15_ls2opt_fixed_q0sched,19,1047.9761380735497,11.843771405928463,0.1346859170589596,True,87a65c0,6,15,best,30,1.0,True,0.7,0.95,0.1,937.0
A-n44-k6,acs_cl15_ls2opt_fixed_q0sched,20,1075.7491332105792,14.807805038482305,0.13467387505806983,True,87a65c0,6,15,best,30,1.0,True,0.7,0.95,0.1,937.0
A-n44-k6,acs_cl15_ls2opt_fixed_q0sched,21,1059.4726227072372,13.070717471423391,0.13450004206970334,True,87a65c0,6,15,best,30,1.0,True,0.7,0.95,0.1,937.0
A-n44-k6,acs_cl15_ls2opt_fixed_q0sched,22,1031.8153278002073,10.119031782306013,0.13659475021995604,True,87a65c0,6,15,best,30,1.0,True,0.7,0.95,0.1,937.0
A-n44-k6,acs_cl15_ls2opt_fixed_q0sched,23,1011.0820818027335,7.906305421849888,0.13633008394390345,True,87a65c0,6,15,best,30,1.0,True,0.7,0.95,0.1,937.0
A-n44-k6,acs_cl15_ls2opt_fixed_q0sched,24,1061.0819438779936,13.242469997651396,0.13514204183593392,True,87a65c0,6,15,best,30,1.0,True,0.7,0.95,0.1,937.0
A-n44-k6,acs_cl15_ls2opt_fixed_q0sched,25,1069.3094143259236,14.120535146843501,0.134496291866526,True,87a65c0,6,15,best,30,1.0,True,0.7,0.95,0.1,937.0
A-n44-k6,acs_cl15_ls2opt_fixed_q0sched,26,1061.0819438779936,13.242469997651396,0.14506320911459625,True,87a65c0,6,15,best,30,1.0,True,0.7,0.95,0.1,937.0
A-n44-k6,acs_cl15_ls2opt_fixed_q0sched,27,1014.0481031187742,8.222849852590628,0.13581341714598238,True,87a65c0,6,15,best,30,1.0,True,0.7,0.95,0.1,937.0
A-n44-k6,acs_cl15_ls2opt_fixed_q0sched,28,1082.010482970039,15.47603873746414,0.13701966707594693,True,87a65c0,6,15,best,30,1.0,True,0.7,0.95,0.1,937.0
A-n44-k6,acs_cl15_ls2opt_fixed_q0sched,29,1096.4724175429676,17.01946825431885,0.1439258751925081,True,87a65c0,6,15,best,30,1.0,True,0.7,0.95,0.1,937.0
A-n44-k6,acs_clsqrtn_2opt_q0sched,0,1018.2339212291065,8.669575371302722,0.12831399985589087,True,87a65c0,6,15,best,30,1.0,True,0.7,0.95,0.1,937.0
A-n44-k6,acs_clsqrtn_2opt_q0sched,1,1061.4532618508836,13.282098383231972,0.12595629086717963,True,87a65c0,6,15,best,30,1.0,True,0.7,0.95,0.1,937.0
A-n44-k6,acs_clsqrtn_2opt_q0sched,2,1016.4123243954843,8.475168025131733,0.12602395797148347,True,87a65c0,6,15,best,30,1.0,True,0.7,0.95,0.1,937.0
A-n44-k6,acs_clsqrtn_2opt_q0sched,3,1054.8160471983608,12.573751035043845,0.2598222498781979,True,87a65c0,6,15,best,30,1.0,True,0.7,0.95,0.1,937.0
A-n44-k6,acs_clsqrtn_2opt_q0sched,4,1030.3838706119516,9.966261538095154,0.12771499995142221,True,87a65c0,6,15,best,30,1.0,True,0.7,0.95,0.1,937.0
A-n44-k6,acs_clsqrtn_2opt_q0sched,5,1070.2947198777292,14.22569048855168,0.12711050012148917,True,87a65c0,6,15,best,30,1.0,True,0.7,0.95,0.1,937.0
A-n44-k6,acs_clsqrtn_2opt_q0sched,6,1061.4532618508836,13.282098383231972,0.1270718751475215,True,87a65c0,6,15,best,30,1.0,True,0.7,0.95,0.1,937.0
A-n44-k6,acs_clsqrtn_2opt_q0sched,7,1058.4525961607903,12.961856580660655,0.126620874973014,True,87a65c0,6,15,best,30,1.0,True,0.7,0.95,0.1,937.0
A-n44-k6,acs_clsqrtn_2opt_q0sched,8,1079.5489460048186,15.213334685679683,0.12665379093959928,True,87a65c0,6,15,best,30,1.0,True,0.7,0.95,0.1,937.0
A-n44-k6,acs_clsqrtn_2opt_q0sched,9,1056.9104842350955,12.797276866072094,0.12879054201766849,True,87a65c0,6,15,best,30,1.0,True,0.7,0.95,0.1,937.0
A-n44-k6,acs_clsqrtn_2opt_q0sched,10,1028.4241308915848,9.757111087682476,0.12661470798775554,True,87a65c0,6,15,best,30,1.0,True,0.7,0.95,0.1,937.0
A-n44-k6,acs_clsqrtn_2opt_q0sched,11,1082.8337289874335,15.56389850452865,0.12839554203674197,True,87a65c0,6,15,best,30,1.0,True,0.7,0.95,0.1,937.0
A-n44-k6,acs_clsqrtn_2opt_q0sched,12,1079.5489460048186,15.213334685679683,0.12658512499183416,True,87a65c0,6,15,best,30,1.0,True,0.7,0.95,0.1,937.0
A-n44-k6,acs_clsqrtn_2opt_q0sched,13,1040.8762083079016,11.086041441611698,0.12585374992340803,True,87a65c0,6,15,best,30,1.0,True,0.7,0.95,0.1,937.0
A-n44-k6,acs_clsqrtn_2opt_q0sched,14,1080.6271841255098,15.32840812438738,0.12668641586788,True,87a65c0,6,15,best,30,1.0,True,0.7,0.95,0.1,937.0
A-n44-k6,acs_clsqrtn_2opt_q0sched,15,1079.779226883853,15.23791108685731,0.12648154119960964,True,87a65c0,6,15,best,30,1.0,True,0.7,0.95,0.1,937.0
A-n44-k6,acs_clsqrtn_2opt_q0sched,16,1079.168660788708,15.172749283746844,0.12590075004845858,True,87a65c0,6,15,best,30,1.0,True,0.7,0.95,0.1,937.0
A-n44-k6,acs_clsqrtn_2opt_q0sched,17,1078.9099035386564,15.14513378214049,0.12654412491247058,True,87a65c0,6,15,best,30,1.0,True,0.7,0.95,0.1,937.0
A-n44-k6,acs_clsqrtn_2opt_q0sched,18,1028.4241308915848,9.757111087682476,0.12677570804953575,True,87a65c0,6,15,best,30,1.0,True,0.7,0.95,0.1,937.0
A-n44-k6,acs_clsqrtn_2opt_q0sched,19,1082.010482970039,15.47603873746414,0.12630883301608264,True,87a65c0,6,15,best,30,1.0,True,0.7,0.95,0.1,937.0
A-n44-k6,acs_clsqrtn_2opt_q0sched,20,1082.010482970039,15.47603873746414,0.12665329198352993,True,87a65c0,6,15,best,30,1.0,True,0.7,0.95,0.1,937.0
A-n44-k6,acs_clsqrtn_2opt_q0sched,21,1055.7323032598495,12.671537167539965,0.12759208399802446,True,87a65c0,6,15,best,30,1.0,True,0.7,0.95,0.1,937.0
A-n44-k6,acs_clsqrtn_2opt_q0sched,22,1060.4391609708757,13.173869900840524,0.127607790986076,True,87a65c0,6,15,best,30,1.0,True,0.7,0.95,0.1,937.0
A-n44-k6,acs_clsqrtn_2opt_q0sched,23,1024.5812831158578,9.346988592941067,0.17333166603930295,True,87a65c0,6,15,best,30,1.0,True,0.7,0.95,0.1,937.0
A-n44-k6,acs_clsqrtn_2opt_q0sched,24,1061.7172709795843,13.310274384160547,0.12859216588549316,True,87a65c0,6,15,best,30,1.0,True,0.7,0.95,0.1,937.0
A-n44-k6,acs_clsqrtn_2opt_q0sched,25,1004.0992810145798,7.1610758820255915,0.1266677500680089,True,87a65c0,6,15,best,30,1.0,True,0.7,0.95,0.1,937.0
A-n44-k6,acs_clsqrtn_2opt_q0sched,26,1036.7036246521639,10.640728351351532,0.1258734578732401,True,87a65c0,6,15,best,30,1.0,True,0.7,0.95,0.1,937.0
A-n44-k6,acs_clsqrtn_2opt_q0sched,27,1038.884902323952,10.873522126355605,0.12743483297526836,True,87a65c0,6,15,best,30,1.0,True,0.7,0.95,0.1,937.0
A-n44-k6,acs_clsqrtn_2opt_q0sched,28,1029.8286658349703,9.907008093379963,0.12565316609106958,True,87a65c0,6,15,best,30,1.0,True,0.7,0.95,0.1,937.0
A-n44-k6,acs_clsqrtn_2opt_q0sched,29,1046.4463450871158,11.680506412712464,0.1265588749665767,True,87a65c0,6,15,best,30,1.0,True,0.7,0.95,0.1,937.0
A-n44-k6,acs_nocl_2opt_q0sched,0,1089.5735372513411,16.283195010815486,0.1740124998614192,True,87a65c0,6,0,best,30,1.0,True,0.7,0.95,0.1,937.0
A-n44-k6,acs_nocl_2opt_q0sched,1,1035.716889640419,10.535420452552712,0.17300687497481704,True,87a65c0,6,0,best,30,1.0,True,0.7,0.95,0.1,937.0
A-n44-k6,acs_nocl_2opt_q0sched,2,1075.0351054411208,14.73160143448461,0.1738522918894887,True,87a65c0,6,0,best,30,1.0,True,0.7,0.95,0.1,937.0
A-n44-k6,acs_nocl_2opt_q0sched,3,1047.385317764784,11.780716943947073,0.1731110829859972,True,87a65c0,6,0,best,30,1.0,True,0.7,0.95,0.1,937.0
A-n44-k6,acs_nocl_2opt_q0sched,4,1010.3844061530361,7.831846974710367,0.17326983413659036,True,87a65c0,6,0,best,30,1.0,True,0.7,0.95,0.1,937.0
A-n44-k6,acs_nocl_2opt_q0sched,5,1044.7285301083252,11.497175038241753,0.17261841683648527,True,87a65c0,6,0,best,30,1.0,True,0.7,0.95,0.1,937.0
A-n44-k6,acs_nocl_2opt_q0sched,6,1079.9648277475274,15.257719076577093,0.1724722080398351,True,87a65c0,6,0,best,30,1.0,True,0.7,0.95,0.1,937.0
A-n44-k6,acs_nocl_2opt_q0sched,7,1049.342663228134,11.989611870665305,0.17371804197318852,True,87a65c0,6,0,best,30,1.0,True,0.7,0.95,0.1,937.0
A-n44-k6,acs_nocl_2opt_q0sched,8,1019.342091409616,8.787843266767988,0.17399554187431931,True,87a65c0,6,0,best,30,1.0,True,0.7,0.95,0.1,937.0
A-n44-k6,acs_nocl_2opt_q0sched,9,1092.3921610119912,16.584008645890204,0.1721728330012411,True,87a65c0,6,0,best,30,1.0,True,0.7,0.95,0.1,937.0
A-n44-k6,acs_nocl_2opt_q0sched,10,1056.8450697281,12.790295595314838,0.1746166250668466,True,87a65c0,6,0,best,30,1.0,True,0.7,0.95,0.1,937.0
A-n44-k6,acs_nocl_2opt_q0sched,11,1063.924309436279,13.545817442505752,0.17372774984687567,True,87a65c0,6,0,best,30,1.0,True,0.7,0.95,0.1,937.0
A-n44-k6,acs_nocl_2opt_q0sched,12,1072.203080066201,14.429357531078013,0.1738182499539107,True,87a65c0,6,0,best,30,1.0,True,0.7,0.95,0.1,937.0
A-n44-k6,acs_nocl_2opt_q0sched,13,1039.0301103050176,10.889019242798039,0.17324216617271304,True,87a65c0,6,0,best,30,1.0,True,0.7,0.95,0.1,937.0
A-n44-k6,acs_nocl_2opt_q0sched,14,1071.81317388113,14.387745344837787,0.1729632499627769,True,87a65c0,6,0,best,30,1.0,True,0.7,0.95,0.1,937.0
A-n44-k6,acs_nocl_2opt_q0sched,15,1064.4277383984015,13.59954518659568,0.17363458313047886,True,87a65c0,6,0,best,30,1.0,True,0.7,0.95,0.1,937.0
A-n44-k6,acs_nocl_2opt_q0sched,16,1064.229326973143,13.578370007806093,0.17618562490679324,True,87a65c0,6,0,best,30,1.0,True,0.7,0.95,0.1,937.0
A-n44-k6,acs_nocl_2opt_q0sched,17,1103.3766231325367,17.75630983271469,0.17401804216206074,True,87a65c0,6,0,best,30,1.0,True,0.7,0.95,0.1,937.0
A-n44-k6,acs_nocl_2opt_q0sched,18,1079.450134943998,15.20278921494108,0.17407837486825883,True,87a65c0,6,0,best,30,1.0,True,0.7,0.95,0.1,937.0
A-n44-k6,acs_nocl_2opt_q0sched,19,1044.7001642635655,11.494147733571559,0.17288900003768504,True,87a65c0,6,0,best,30,1.0,True,0.7,0.95,0.1,937.0
A-n44-k6,acs_nocl_2opt_q0sched,20,1047.3853177647843,11.780716943947098,0.17254654108546674,True,87a65c0,6,0,best,30,1.0,True,0.7,0.95,0.1,937.0
A-n44-k6,acs_nocl_2opt_q0sched,21,1029.5873821811472,9.881257436621897,0.17265650001354516,True,87a65c0,6,0,best,30,1.0,True,0.7,0.95,0.1,937.0
A-n44-k6,acs_nocl_2opt_q0sched,22,1049.0853549349251,11.962151006929043,0.17368724988773465,True,87a65c0,6,0,best,30,1.0,True,0.7,0.95,0.1,937.0
A-n44-k6,acs_nocl_2opt_q0sched,23,1066.0367040326219,13.771259768689633,0.1723401250783354,True,87a65c0,6,0,best,30,1.0,True,0.7,0.95,0.1,937.0
A-n44-k6,acs_nocl_2opt_q0sched,24,1053.0658768311541,12.386966577497773,0.17370866681449115,True,87a65c0,6,0,best,30,1.0,True,0.7,0.95,0.1,937.0
A-n44-k6,acs_nocl_2opt_q0sched,25,1073.4034112482661,14.55746117911058,0.17471645795740187,True,87a65c0,6,0,best,30,1.0,True,0.7,0.95,0.1,937.0
A-n44-k6,acs_nocl_2opt_q0sched,26,1037.2275394276837,10.696642414907547,0.1746398329269141,True,87a65c0,6,0,best,30,1.0,True,0.7,0.95,0.1,937.0
A-n44-k6,acs_nocl_2opt_q0sched,27,1074.1337884044933,14.63540964829171,0.17257233313284814,True,87a65c0,6,0,best,30,1.0,True,0.7,0.95,0.1,937.0
A-n44-k6,acs_nocl_2opt_q0sched,28,1060.0531363469145,13.13267196872086,0.1737569582182914,True,87a65c0,6,0,best,30,1.0,True,0.7,0.95,0.1,937.0
A-n44-k6,acs_nocl_2opt_q0sched,29,1047.385317764784,11.780716943947073,0.17390212486498058,True,87a65c0,6,0,best,30,1.0,True,0.7,0.95,0.1,937.0
A-n45-k6,acs_baseline,0,1199.8790272574163,27.105829158624605,0.16297741699963808,True,87a65c0,6,0,none,0,0.0,False,0.7,0.95,0.1,944.0
A-n45-k6,acs_baseline,1,1189.4653438171267,26.00268472639054,0.16597266611643136,True,87a65c0,6,0,none,0,0.0,False,0.7,0.95,0.1,944.0
A-n45-k6,acs_baseline,2,1162.7065231054717,23.168063888291492,0.15966270794160664,True,87a65c0,6,0,none,0,0.0,False,0.7,0.95,0.1,944.0
A-n45-k6,acs_baseline,3,1180.9765415840993,25.103447201705436,0.15931883407756686,True,87a65c0,6,0,none,0,0.0,False,0.7,0.95,0.1,944.0
A-n45-k6,acs_baseline,4,1188.0033070047773,25.847807945421327,0.15895666601136327,True,87a65c0,6,0,none,0,0.0,False,0.7,0.95,0.1,944.0
A-n45-k6,acs_baseline,5,1189.8568083983187,26.04415343202528,0.17968291603028774,True,87a65c0,6,0,none,0,0.0,False,0.7,0.95,0.1,944.0
A-n45-k6,acs_baseline,6,1205.2668736339344,27.67657559681509,0.16718512517400086,True,87a65c0,6,0,none,0,0.0,False,0.7,0.95,0.1,944.0
A-n45-k6,acs_baseline,7,1186.771967934384,25.717369484574583,0.16381266596727073,True,87a65c0,6,0,none,0,0.0,False,0.7,0.95,0.1,944.0
A-n45-k6,acs_baseline,8,1165.460588812727,23.459808136941433,0.15894349990412593,True,87a65c0,6,0,none,0,0.0,False,0.7,0.95,0.1,944.0
A-n45-k6,acs_baseline,9,1168.0603815476734,23.735209909711163,0.15800108294934034,True,87a65c0,7,0,none,0,0.0,False,0.7,0.95,0.1,944.0
A-n45-k6,acs_baseline,10,1218.3895042824793,29.06668477568636,0.158825125079602,True,87a65c0,6,0,none,0,0.0,False,0.7,0.95,0.1,944.0
A-n45-k6,acs_baseline,11,1211.194796255013,28.304533501590356,0.15900508291088045,True,87a65c0,6,0,none,0,0.0,False,0.7,0.95,0.1,944.0
A-n45-k6,acs_baseline,12,1159.5902270958074,22.837947785572823,0.20418275007978082,True,87a65c0,6,0,none,0,0.0,False,0.7,0.95,0.1,944.0
A-n45-k6,acs_baseline,13,1195.6296862232782,26.65568709992354,0.16078079212456942,True,87a65c0,6,0,none,0,0.0,False,0.7,0.95,0.1,944.0
A-n45-k6,acs_baseline,14,1178.223178273106,24.811777359439194,0.15926999994553626,True,87a65c0,6,0,none,0,0.0,False,0.7,0.95,0.1,944.0
A-n45-k6,acs_baseline,15,1133.8499496298534,20.11122347773871,0.1593409578781575,True,87a65c0,6,0,none,0,0.0,False,0.7,0.95,0.1,944.0
A-n45-k6,acs_baseline,16,1125.245141454394,19.19969718796545,0.16568895895034075,True,87a65c0,6,0,none,0,0.0,False,0.7,0.95,0.1,944.0
A-n45-k6,acs_baseline,17,1222.3964761326722,29.49115213269833,0.17499474994838238,True,87a65c0,6,0,none,0,0.0,False,0.7,0.95,0.1,944.0
A-n45-k6,acs_baseline,18,1211.6786703912628,28.355791355006655,0.15985458390787244,True,87a65c0,6,0,none,0,0.0,False,0.7,0.95,0.1,944.0
A-n45-k6,acs_baseline,19,1190.4271879367302,26.104574993297692,0.2214600839652121,True,87a65c0,6,0,none,0,0.0,False,0.7,0.95,0.1,944.0
A-n45-k6,acs_baseline,20,1208.0714921584602,27.973675016786032,0.19832754181697965,True,87a65c0,6,0,none,0,0.0,False,0.7,0.95,0.1,944.0
A-n45-k6,acs_baseline,21,1140.7882968497063,20.846217886621428,0.16450562491081655,True,87a65c0,6,0,none,0,0.0,False,0.7,0.95,0.1,944.0
A-n45-k6,acs_baseline,22,1179.0990291146227,24.904558168921895,0.16270729107782245,True,87a65c0,6,0,none,0,0.0,False,0.7,0.95,0.1,944.0
A-n45-k6,acs_baseline,23,1205.4671136194104,27.697787459683305,0.15914995805360377,True,87a65c0,6,0,none,0,0.0,False,0.7,0.95,0.1,944.0
A-n45-k6,acs_baseline,24,1182.4820999624658,25.262934318057816,0.16416770918294787,True,87a65c0,7,0,none,0,0.0,False,0.7,0.95,0.1,944.0
A-n45-k6,acs_baseline,25,1202.903856487102,27.426255983803188,0.16378995892591774,True,87a65c0,6,0,none,0,0.0,False,0.7,0.95,0.1,944.0
A-n45-k6,acs_baseline,26,1206.94095900169,27.85391514848412,0.19998287502676249,True,87a65c0,7,0,none,0,0.0,False,0.7,0.95,0.1,944.0
A-n45-k6,acs_baseline,27,1175.8017310646574,24.555268121256077,0.17138204211369157,True,87a65c0,6,0,none,0,0.0,False,0.7,0.95,0.1,944.0
A-n45-k6,acs_baseline,28,1148.3579288641943,21.64808568476634,0.1610002911183983,True,87a65c0,6,0,none,0,0.0,False,0.7,0.95,0.1,944.0
A-n45-k6,acs_baseline,29,1192.5922242612794,26.33392206157621,0.1635598330758512,True,87a65c0,6,0,none,0,0.0,False,0.7,0.95,0.1,944.0
A-n45-k6,acs_cl15,0,1177.654571234209,24.751543562945873,0.12373437499627471,True,87a65c0,6,15,none,0,0.0,False,0.7,0.95,0.1,944.0
A-n45-k6,acs_cl15,1,1194.2306135068525,26.50748024436997,0.12424987507984042,True,87a65c0,6,15,none,0,0.0,False,0.7,0.95,0.1,944.0
A-n45-k6,acs_cl15,2,1177.55904695365,24.74142446542903,0.12553783296607435,True,87a65c0,6,15,none,0,0.0,False,0.7,0.95,0.1,944.0
A-n45-k6,acs_cl15,3,1176.5919504586498,24.638977802823067,0.12302729208022356,True,87a65c0,6,15,none,0,0.0,False,0.7,0.95,0.1,944.0
A-n45-k6,acs_cl15,4,1212.8053342280318,28.475141337715236,0.12200833298265934,True,87a65c0,6,15,none,0,0.0,False,0.7,0.95,0.1,944.0
A-n45-k6,acs_cl15,5,1201.8536355018732,27.315003760791654,0.12030987488105893,True,87a65c0,6,15,none,0,0.0,False,0.7,0.95,0.1,944.0
A-n45-k6,acs_cl15,6,1213.651198826618,28.564745638412916,0.12281862506642938,True,87a65c0,6,15,none,0,0.0,False,0.7,0.95,0.1,944.0
A-n45-k6,acs_cl15,7,1159.3065047965486,22.8078924572615,0.12251729192212224,True,87a65c0,6,15,none,0,0.0,False,0.7,0.95,0.1,944.0
A-n45-k6,acs_cl15,8,1206.94095900169,27.85391514848412,0.12224708404392004,True,87a65c0,7,15,none,0,0.0,False,0.7,0.95,0.1,944.0
A-n45-k6,acs_cl15,9,1218.3895042824793,29.06668477568636,0.11915787495672703,True,87a65c0,6,15,none,0,0.0,False,0.7,0.95,0.1,944.0
A-n45-k6,acs_cl15,10,1160.9032354306978,22.97703765155697,0.12087533413432539,True,87a65c0,6,15,none,0,0.0,False,0.7,0.95,0.1,944.0
A-n45-k6,acs_cl15,11,1156.8805210364185,22.550902652162975,0.12029379094019532,True,87a65c0,6,15,none,0,0.0,False,0.7,0.95,0.1,944.0
A-n45-k6,acs_cl15,12,1139.8607046397156,20.747955999969868,0.11943549988791347,True,87a65c0,6,15,none,0,0.0,False,0.7,0.95,0.1,944.0
A-n45-k6,acs_cl15,13,1185.2246047290182,25.553453890785825,0.12014295905828476,True,87a65c0,6,15,none,0,0.0,False,0.7,0.95,0.1,944.0
A-n45-k6,acs_cl15,14,1159.2674353561188,22.803753745351564,0.12046333285979927,True,87a65c0,6,15,none,0,0.0,False,0.7,0.95,0.1,944.0
A-n45-k6,acs_cl15,15,1205.182519520272,27.66763977968984,0.12145258393138647,True,87a65c0,7,15,none,0,0.0,False,0.7,0.95,0.1,944.0
A-n45-k6,acs_cl15,16,1148.4797279658883,21.660988131979693,0.121008959133178,True,87a65c0,6,15,none,0,0.0,False,0.7,0.95,0.1,944.0
A-n45-k6,acs_cl15,17,1193.8344426409733,26.465512991628525,0.12112137512303889,True,87a65c0,6,15,none,0,0.0,False,0.7,0.95,0.1,944.0
A-n45-k6,acs_cl15,18,1148.3439299385195,21.646602747724526,0.12381616607308388,True,87a65c0,6,15,none,0,0.0,False,0.7,0.95,0.1,944.0
A-n45-k6,acs_cl15,19,1196.5478570635194,26.752950960118575,0.12264266610145569,True,87a65c0,6,15,none,0,0.0,False,0.7,0.95,0.1,944.0
A-n45-k6,acs_cl15,20,1147.9374844988147,21.603547086738846,0.12477075005881488,True,87a65c0,6,15,none,0,0.0,False,0.7,0.95,0.1,944.0
A-n45-k6,acs_cl15,21,1153.0414071303164,22.144216857025047,0.12247941689565778,True,87a65c0,6,15,none,0,0.0,False,0.7,0.95,0.1,944.0
A-n45-k6,acs_cl15,22,1215.0863380649391,28.716773100099484,0.16497079096734524,True,87a65c0,6,15,none,0,0.0,False,0.7,0.95,0.1,944.0
A-n45-k6,acs_cl15,23,1203.068661732615,27.443714166590578,0.1229545830283314,True,87a65c0,6,15,none,0,0.0,False,0.7,0.95,0.1,944.0
A-n45-k6,acs_cl15,24,1206.94095900169,27.85391514848412,0.12157366704195738,True,87a65c0,7,15,none,0,0.0,False,0.7,0.95,0.1,944.0
A-n45-k6,acs_cl15,25,1211.315523303097,28.31732238380265,0.1212931249756366,True,87a65c0,6,15,none,0,0.0,False,0.7,0.95,0.1,944.0
A-n45-k6,acs_cl15,26,1216.9787300970163,28.917238357734774,0.12001466704532504,True,87a65c0,6,15,none,0,0.0,False,0.7,0.95,0.1,944.0
A-n45-k6,acs_cl15,27,1183.620766076324,25.383555728424138,0.12020545802079141,True,87a65c0,6,15,none,0,0.0,False,0.7,0.95,0.1,944.0
A-n45-k6,acs_cl15,28,1163.0657513249907,23.206117725104953,0.12090954184532166,True,87a65c0,6,15,none,0,0.0,False,0.7,0.95,0.1,944.0
A-n45-k6,acs_cl15,29,1194.4889141963029,26.53484260554056,0.12110112491063774,True,87a65c0,6,15,none,0,0.0,False,0.7,0.95,0.1,944.0
A-n45-k6,acs_cl15_ls2opt_fixed,0,1135.0822963353098,20.241768679587903,0.13155845808796585,True,87a65c0,6,15,best,30,1.0,False,0.7,0.95,0.1,944.0
A-n45-k6,acs_cl15_ls2opt_fixed,1,1135.0822963353098,20.241768679587903,0.13102325005456805,True,87a65c0,6,15,best,30,1.0,False,0.7,0.95,0.1,944.0
A-n45-k6,acs_cl15_ls2opt_fixed,2,1112.0014224387216,17.796760851559494,0.13395162485539913,True,87a65c0,6,15,best,30,1.0,False,0.7,0.95,0.1,944.0
A-n45-k6,acs_cl15_ls2opt_fixed,3,1112.0014224387216,17.796760851559494,0.13516637519933283,True,87a65c0,6,15,best,30,1.0,False,0.7,0.95,0.1,944.0
A-n45-k6,acs_cl15_ls2opt_fixed,4,1146.8082227709467,21.483921903701983,0.1315181669779122,True,87a65c0,6,15,best,30,1.0,False,0.7,0.95,0.1,944.0
A-n45-k6,acs_cl15_ls2opt_fixed,5,1112.0014224387214,17.796760851559473,0.1331618749536574,True,87a65c0,6,15,best,30,1.0,False,0.7,0.95,0.1,944.0
A-n45-k6,acs_cl15_ls2opt_fixed,6,1165.8801357841135,23.504251672045918,0.1311674581374973,True,87a65c0,6,15,best,30,1.0,False,0.7,0.95,0.1,944.0
A-n45-k6,acs_cl15_ls2opt_fixed,7,1117.1155577350048,18.338512471928475,0.13107445812784135,True,87a65c0,6,15,best,30,1.0,False,0.7,0.95,0.1,944.0
A-n45-k6,acs_cl15_ls2opt_fixed,8,1179.5903399294389,24.956603806084626,0.13040537503547966,True,87a65c0,6,15,best,30,1.0,False,0.7,0.95,0.1,944.0
A-n45-k6,acs_cl15_ls2opt_fixed,9,1165.2580664753332,23.438354499505635,0.13420591712929308,True,87a65c0,6,15,best,30,1.0,False,0.7,0.95,0.1,944.0
A-n45-k6,acs_cl15_ls2opt_fixed,10,1112.0014224387216,17.796760851559494,0.13366904202848673,True,87a65c0,6,15,best,30,1.0,False,0.7,0.95,0.1,944.0
A-n45-k6,acs_cl15_ls2opt_fixed,11,1117.378390172337,18.366354891137398,0.13217908283695579,True,87a65c0,6,15,best,30,1.0,False,0.7,0.95,0.1,944.0
A-n45-k6,acs_cl15_ls2opt_fixed,12,1116.42192577762,18.265034510341092,0.13175291707739234,True,87a65c0,6,15,best,30,1.0,False,0.7,0.95,0.1,944.0
A-n45-k6,acs_cl15_ls2opt_fixed,13,1153.5254025397169,22.1954875571734,0.15008941711857915,True,87a65c0,6,15,best,30,1.0,False,0.7,0.95,0.1,944.0
A-n45-k6,acs_cl15_ls2opt_fixed,14,1102.1732113977657,16.755636800610777,0.13279354199767113,True,87a65c0,6,15,best,30,1.0,False,0.7,0.95,0.1,944.0
A-n45-k6,acs_cl15_ls2opt_fixed,15,1092.9444730464522,15.778016212547904,0.1311758339870721,True,87a65c0,6,15,best,30,1.0,False,0.7,0.95,0.1,944.0
A-n45-k6,acs_cl15_ls2opt_fixed,16,1108.0479922640059,17.37796528220401,0.13038983289152384,True,87a65c0,6,15,best,30,1.0,False,0.7,0.95,0.1,944.0
A-n45-k6,acs_cl15_ls2opt_fixed,17,1154.4209700797096,22.290356999969237,0.1307422500103712,True,87a65c0,6,15,best,30,1.0,False,0.7,0.95,0.1,944.0
A-n45-k6,acs_cl15_ls2opt_fixed,18,1092.9444730464522,15.778016212547904,0.13227391592226923,True,87a65c0,6,15,best,30,1.0,False,0.7,0.95,0.1,944.0
A-n45-k6,acs_cl15_ls2opt_fixed,19,1092.9444730464522,15.778016212547904,0.13193237502127886,True,87a65c0,6,15,best,30,1.0,False,0.7,0.95,0.1,944.0
A-n45-k6,acs_cl15_ls2opt_fixed,20,1112.0014224387216,17.796760851559494,0.13159175007604063,True,87a65c0,6,15,best,30,1.0,False,0.7,0.95,0.1,944.0
A-n45-k6,acs_cl15_ls2opt_fixed,21,1120.970521440812,18.74687727127246,0.13113470887765288,True,87a65c0,6,15,best,30,1.0,False,0.7,0.95,0.1,944.0
A-n45-k6,acs_cl15_ls2opt_fixed,22,1141.6148504227317,20.93377652783175,0.13186091696843505,True,87a65c0,6,15,best,30,1.0,False,0.7,0.95,0.1,944.0
A-n45-k6,acs_cl15_ls2opt_fixed,23,1152.4685041731673,22.083527984445688,0.13131258310750127,True,87a65c0,6,15,best,30,1.0,False,0.7,0.95,0.1,944.0
A-n45-k6,acs_cl15_ls2opt_fixed,24,1163.2068883919403,23.2210686855869,0.13247704203240573,True,87a65c0,6,15,best,30,1.0,False,0.7,0.95,0.1,944.0
A-n45-k6,acs_cl15_ls2opt_fixed,25,1129.5008411196804,19.65051283047462,0.13128383387811482,True,87a65c0,6,15,best,30,1.0,False,0.7,0.95,0.1,944.0
A-n45-k6,acs_cl15_ls2opt_fixed,26,1118.1293973475579,18.445910735970113,0.13235054188407958,True,87a65c0,6,15,best,30,1.0,False,0.7,0.95,0.1,944.0
A-n45-k6,acs_cl15_ls2opt_fixed,27,1088.2916490251932,15.28513231199081,0.131856249878183,True,87a65c0,6,15,best,30,1.0,False,0.7,0.95,0.1,944.0
A-n45-k6,acs_cl15_ls2opt_fixed,28,1108.0479922640059,17.37796528220401,0.130925334058702,True,87a65c0,6,15,best,30,1.0,False,0.7,0.95,0.1,944.0
A-n45-k6,acs_cl15_ls2opt_fixed,29,1148.8808008168628,21.703474662803263,0.13587066694162786,True,87a65c0,6,15,best,30,1.0,False,0.7,0.95,0.1,944.0
A-n45-k6,acs_cl15_ls2opt_fixed_q0sched,0,1117.1155577350048,18.338512471928475,0.1399545839522034,True,87a65c0,6,15,best,30,1.0,True,0.7,0.95,0.1,944.0
A-n45-k6,acs_cl15_ls2opt_fixed_q0sched,1,1088.0317314017432,15.257598665438895,0.13777816598303616,True,87a65c0,6,15,best,30,1.0,True,0.7,0.95,0.1,944.0
A-n45-k6,acs_cl15_ls2opt_fixed_q0sched,2,1117.1155577350048,18.338512471928475,0.13957979111000896,True,87a65c0,6,15,best,30,1.0,True,0.7,0.95,0.1,944.0
A-n45-k6,acs_cl15_ls2opt_fixed_q0sched,3,1104.2074511729172,16.971128302215806,0.13964033289812505,True,87a65c0,6,15,best,30,1.0,True,0.7,0.95,0.1,944.0
A-n45-k6,acs_cl15_ls2opt_fixed_q0sched,4,1102.6384142537754,16.804916764171125,0.1402138751000166,True,87a65c0,6,15,best,30,1.0,True,0.7,0.95,0.1,944.0
A-n45-k6,acs_cl15_ls2opt_fixed_q0sched,5,1112.0014224387216,17.796760851559494,0.13920441712252796,True,87a65c0,6,15,best,30,1.0,True,0.7,0.95,0.1,944.0
A-n45-k6,acs_cl15_ls2opt_fixed_q0sched,6,1087.5801096444252,15.209757377587415,0.13819487509317696,True,87a65c0,6,15,best,30,1.0,True,0.7,0.95,0.1,944.0
A-n45-k6,acs_cl15_ls2opt_fixed_q0sched,7,1096.2718158808939,16.130488970433674,0.13953033392317593,True,87a65c0,6,15,best,30,1.0,True,0.7,0.95,0.1,944.0
A-n45-k6,acs_cl15_ls2opt_fixed_q0sched,8,1116.447924565176,18.26778861919237,0.13894695811904967,True,87a65c0,6,15,best,30,1.0,True,0.7,0.95,0.1,944.0
A-n45-k6,acs_cl15_ls2opt_fixed_q0sched,9,1140.3939373378516,20.80444251460293,0.13784679188393056,True,87a65c0,6,15,best,30,1.0,True,0.7,0.95,0.1,944.0
A-n45-k6,acs_cl15_ls2opt_fixed_q0sched,10,1093.4375525590176,15.83024921176034,0.13825116702355444,True,87a65c0,6,15,best,30,1.0,True,0.7,0.95,0.1,944.0
A-n45-k6,acs_cl15_ls2opt_fixed_q0sched,11,1036.8384374769587,9.834580241203252,0.13696116604842246,True,87a65c0,6,15,best,30,1.0,True,0.7,0.95,0.1,944.0
A-n45-k6,acs_cl15_ls2opt_fixed_q0sched,12,1146.7260381955898,21.475215910549768,0.18222191696986556,True,87a65c0,6,15,best,30,1.0,True,0.7,0.95,0.1,944.0
A-n45-k6,acs_cl15_ls2opt_fixed_q0sched,13,1084.281381531568,14.860315840208479,0.13958345912396908,True,87a65c0,6,15,best,30,1.0,True,0.7,0.95,0.1,944.0
A-n45-k6,acs_cl15_ls2opt_fixed_q0sched,14,1072.687469754105,13.632147219714513,0.13965395791456103,True,87a65c0,6,15,best,30,1.0,True,0.7,0.95,0.1,944.0
A-n45-k6,acs_cl15_ls2opt_fixed_q0sched,15,1117.115557735005,18.3385124719285,0.13896891684271395,True,87a65c0,6,15,best,30,1.0,True,0.7,0.95,0.1,944.0
A-n45-k6,acs_cl15_ls2opt_fixed_q0sched,16,1078.5971907201197,14.258176983063525,0.1390973748639226,True,87a65c0,6,15,best,30,1.0,True,0.7,0.95,0.1,944.0
A-n45-k6,acs_cl15_ls2opt_fixed_q0sched,17,1104.6030121476317,17.013030947842342,0.13799099996685982,True,87a65c0,6,15,best,30,1.0,True,0.7,0.95,0.1,944.0
A-n45-k6,acs_cl15_ls2opt_fixed_q0sched,18,1102.6384142537754,16.804916764171125,0.142554874997586,True,87a65c0,6,15,best,30,1.0,True,0.7,0.95,0.1,944.0
A-n45-k6,acs_cl15_ls2opt_fixed_q0sched,19,1104.912394009793,17.04580445018993,0.14259879104793072,True,87a65c0,6,15,best,30,1.0,True,0.7,0.95,0.1,944.0
A-n45-k6,acs_cl15_ls2opt_fixed_q0sched,20,1121.0996782787959,18.760559139702952,0.1394523330964148,True,87a65c0,6,15,best,30,1.0,True,0.7,0.95,0.1,944.0
A-n45-k6,acs_cl15_ls2opt_fixed_q0sched,21,1092.9444730464522,15.778016212547904,0.1402307089883834,True,87a65c0,6,15,best,30,1.0,True,0.7,0.95,0.1,944.0
A-n45-k6,acs_cl15_ls2opt_fixed_q0sched,22,1130.8839224974488,19.797025688289065,0.35651929094456136,True,87a65c0,6,15,best,30,1.0,True,0.7,0.95,0.1,944.0
A-n45-k6,acs_cl15_ls2opt_fixed_q0sched,23,1087.0689952978694,15.155613908672604,0.18254220811650157,True,87a65c0,6,15,best,30,1.0,True,0.7,0.95,0.1,944.0
A-n45-k6,acs_cl15_ls2opt_fixed_q0sched,24,1147.3797264952623,21.544462552464225,0.13798829191364348,True,87a65c0,6,15,best,30,1.0,True,0.7,0.95,0.1,944.0
A-n45-k6,acs_cl15_ls2opt_fixed_q0sched,25,1116.5270989307614,18.27617573419083,0.1381118327844888,True,87a65c0,6,15,best,30,1.0,True,0.7,0.95,0.1,944.0
A-n45-k6,acs_cl15_ls2opt_fixed_q0sched,26,1096.2718158808939,16.130488970433674,0.1379927909001708,True,87a65c0,6,15,best,30,1.0,True,0.7,0.95,0.1,944.0
A-n45-k6,acs_cl15_ls2opt_fixed_q0sched,27,1116.2452065928792,18.246314257720254,0.13779824995435774,True,87a65c0,6,15,best,30,1.0,True,0.7,0.95,0.1,944.0
A-n45-k6,acs_cl15_ls2opt_fixed_q0sched,28,1130.8839224974488,19.797025688289065,0.1391310419421643,True,87a65c0,6,15,best,30,1.0,True,0.7,0.95,0.1,944.0
A-n45-k6,acs_cl15_ls2opt_fixed_q0sched,29,1102.6384142537754,16.804916764171125,0.1383389588445425,True,87a65c0,6,15,best,30,1.0,True,0.7,0.95,0.1,944.0
A-n45-k6,acs_clsqrtn_2opt_q0sched,0,1096.2718158808939,16.130488970433674,0.12767937500029802,True,87a65c0,6,15,best,30,1.0,True,0.7,0.95,0.1,944.0
A-n45-k6,acs_clsqrtn_2opt_q0sched,1,1096.271815880894,16.1304889704337,0.1278073750436306,True,87a65c0,6,15,best,30,1.0,True,0.7,0.95,0.1,944.0
A-n45-k6,acs_clsqrtn_2opt_q0sched,2,1112.0014224387216,17.796760851559494,0.12808770895935595,True,87a65c0,6,15,best,30,1.0,True,0.7,0.95,0.1,944.0
A-n45-k6,acs_clsqrtn_2opt_q0sched,3,1059.3486142587044,12.219132866388179,0.13094862503930926,True,87a65c0,6,15,best,30,1.0,True,0.7,0.95,0.1,944.0
A-n45-k6,acs_clsqrtn_2opt_q0sched,4,1130.8839224974488,19.797025688289065,0.12977483309805393,True,87a65c0,6,15,best,30,1.0,True,0.7,0.95,0.1,944.0
A-n45-k6,acs_clsqrtn_2opt_q0sched,5,1109.9100756098671,17.575219873926603,0.12865883391350508,True,87a65c0,6,15,best,30,1.0,True,0.7,0.95,0.1,944.0
A-n45-k6,acs_clsqrtn_2opt_q0sched,6,1092.9444730464522,15.778016212547904,0.12928875000216067,True,87a65c0,6,15,best,30,1.0,True,0.7,0.95,0.1,944.0
A-n45-k6,acs_clsqrtn_2opt_q0sched,7,1109.9876981214375,17.5834425976099,0.1311196251772344,True,87a65c0,6,15,best,30,1.0,True,0.7,0.95,0.1,944.0
A-n45-k6,acs_clsqrtn_2opt_q0sched,8,1109.9876981214375,17.5834425976099,0.1292764579411596,True,87a65c0,6,15,best,30,1.0,True,0.7,0.95,0.1,944.0
A-n45-k6,acs_clsqrtn_2opt_q0sched,9,1117.0439020954786,18.33092183214816,0.1282025829423219,True,87a65c0,6,15,best,30,1.0,True,0.7,0.95,0.1,944.0
A-n45-k6,acs_clsqrtn_2opt_q0sched,10,1161.1505308476465,23.003234199962545,0.12925083306618035,True,87a65c0,6,15,best,30,1.0,True,0.7,0.95,0.1,944.0
A-n45-k6,acs_clsqrtn_2opt_q0sched,11,1102.6384142537754,16.804916764171125,0.12841799994930625,True,87a65c0,6,15,best,30,1.0,True,0.7,0.95,0.1,944.0
A-n45-k6,acs_clsqrtn_2opt_q0sched,12,1096.4107933335667,16.145211158216817,0.12801766698248684,True,87a65c0,6,15,best,30,1.0,True,0.7,0.95,0.1,944.0
A-n45-k6,acs_clsqrtn_2opt_q0sched,13,1110.908975459897,17.681035536006036,0.1278313749935478,True,87a65c0,6,15,best,30,1.0,True,0.7,0.95,0.1,944.0
A-n45-k6,acs_clsqrtn_2opt_q0sched,14,1117.115557735005,18.3385124719285,0.12710554106160998,True,87a65c0,6,15,best,30,1.0,True,0.7,0.95,0.1,944.0
A-n45-k6,acs_clsqrtn_2opt_q0sched,15,1130.8839224974488,19.797025688289065,0.1286856250371784,True,87a65c0,6,15,best,30,1.0,True,0.7,0.95,0.1,944.0
A-n45-k6,acs_clsqrtn_2opt_q0sched,16,1092.9444730464522,15.778016212547904,0.1287944579962641,True,87a65c0,6,15,best,30,1.0,True,0.7,0.95,0.1,944.0
A-n45-k6,acs_clsqrtn_2opt_q0sched,17,1112.0014224387216,17.796760851559494,0.17512358305975795,True,87a65c0,6,15,best,30,1.0,True,0.7,0.95,0.1,944.0
A-n45-k6,acs_clsqrtn_2opt_q0sched,18,1130.8839224974488,19.797025688289065,0.12990987510420382,True,87a65c0,6,15,best,30,1.0,True,0.7,0.95,0.1,944.0
A-n45-k6,acs_clsqrtn_2opt_q0sched,19,1093.9722746421082,15.886893500223328,0.12909766705706716,True,87a65c0,6,15,best,30,1.0,True,0.7,0.95,0.1,944.0
A-n45-k6,acs_clsqrtn_2opt_q0sched,20,1096.4107933335667,16.145211158216817,0.12788941687904298,True,87a65c0,6,15,best,30,1.0,True,0.7,0.95,0.1,944.0
A-n45-k6,acs_clsqrtn_2opt_q0sched,21,1093.5777521289826,15.845100861121042,0.12754633277654648,True,87a65c0,6,15,best,30,1.0,True,0.7,0.95,0.1,944.0
A-n45-k6,acs_clsqrtn_2opt_q0sched,22,1051.6875079020947,11.407574989628676,0.127823666902259,True,87a65c0,6,15,best,30,1.0,True,0.7,0.95,0.1,944.0
A-n45-k6,acs_clsqrtn_2opt_q0sched,23,1106.1617027572745,17.17814647852484,0.1263498340267688,True,87a65c0,6,15,best,30,1.0,True,0.7,0.95,0.1,944.0
A-n45-k6,acs_clsqrtn_2opt_q0sched,24,1112.0014224387216,17.796760851559494,0.1273621660657227,True,87a65c0,6,15,best,30,1.0,True,0.7,0.95,0.1,944.0
A-n45-k6,acs_clsqrtn_2opt_q0sched,25,1141.837445212861,20.95735648441324,0.12704225000925362,True,87a65c0,6,15,best,30,1.0,True,0.7,0.95,0.1,944.0
A-n45-k6,acs_clsqrtn_2opt_q0sched,26,1096.2718158808939,16.130488970433674,0.13154600001871586,True,87a65c0,6,15,best,30,1.0,True,0.7,0.95,0.1,944.0
A-n45-k6,acs_clsqrtn_2opt_q0sched,27,1100.1337098955864,16.539587912668054,0.12895970814861357,True,87a65c0,6,15,best,30,1.0,True,0.7,0.95,0.1,944.0
A-n45-k6,acs_clsqrtn_2opt_q0sched,28,1074.0104177835342,13.772290019442183,0.12710279086604714,True,87a65c0,6,15,best,30,1.0,True,0.7,0.95,0.1,944.0
A-n45-k6,acs_clsqrtn_2opt_q0sched,29,1096.2718158808939,16.130488970433674,0.12718562502413988,True,87a65c0,6,15,best,30,1.0,True,0.7,0.95,0.1,944.0
A-n45-k6,acs_nocl_2opt_q0sched,0,1092.1409166586654,15.692893713841679,0.17931716586463153,True,87a65c0,6,0,best,30,1.0,True,0.7,0.95,0.1,944.0
A-n45-k6,acs_nocl_2opt_q0sched,1,1100.9311626857361,16.62406384382798,0.17900716699659824,True,87a65c0,6,0,best,30,1.0,True,0.7,0.95,0.1,944.0
A-n45-k6,acs_nocl_2opt_q0sched,2,1104.6159850949157,17.014405200732593,0.17884391592815518,True,87a65c0,6,0,best,30,1.0,True,0.7,0.95,0.1,944.0
A-n45-k6,acs_nocl_2opt_q0sched,3,1087.9234519247186,15.246128381855787,0.17838362487964332,True,87a65c0,6,0,best,30,1.0,True,0.7,0.95,0.1,944.0
A-n45-k6,acs_nocl_2opt_q0sched,4,1114.186404162821,18.028220779959845,0.17817308311350644,True,87a65c0,6,0,best,30,1.0,True,0.7,0.95,0.1,944.0
A-n45-k6,acs_nocl_2opt_q0sched,5,1125.8280132658736,19.261442083249317,0.17912179208360612,True,87a65c0,6,0,best,30,1.0,True,0.7,0.95,0.1,944.0
A-n45-k6,acs_nocl_2opt_q0sched,6,1153.2690726908254,22.16833397148574,0.1779073339421302,True,87a65c0,6,0,best,30,1.0,True,0.7,0.95,0.1,944.0
A-n45-k6,acs_nocl_2opt_q0sched,7,1162.3713239639987,23.132555504660886,0.17801141715608537,True,87a65c0,6,0,best,30,1.0,True,0.7,0.95,0.1,944.0
A-n45-k6,acs_nocl_2opt_q0sched,8,1130.8839224974488,19.797025688289065,0.1797052500769496,True,87a65c0,6,0,best,30,1.0,True,0.7,0.95,0.1,944.0
A-n45-k6,acs_nocl_2opt_q0sched,9,1061.6873110305555,12.466876168491051,0.1774163329973817,True,87a65c0,6,0,best,30,1.0,True,0.7,0.95,0.1,944.0
A-n45-k6,acs_nocl_2opt_q0sched,10,1150.2483250267228,21.84833951554267,0.17800904205068946,True,87a65c0,6,0,best,30,1.0,True,0.7,0.95,0.1,944.0
A-n45-k6,acs_nocl_2opt_q0sched,11,1114.5783403219561,18.069739440885186,0.1788050001487136,True,87a65c0,6,0,best,30,1.0,True,0.7,0.95,0.1,944.0
A-n45-k6,acs_nocl_2opt_q0sched,12,1112.0014224387216,17.796760851559494,0.18298266595229506,True,87a65c0,6,0,best,30,1.0,True,0.7,0.95,0.1,944.0
A-n45-k6,acs_nocl_2opt_q0sched,13,1130.2004000397678,19.72461864828049,0.18172341701574624,True,87a65c0,6,0,best,30,1.0,True,0.7,0.95,0.1,944.0
A-n45-k6,acs_nocl_2opt_q0sched,14,1112.0014224387216,17.796760851559494,0.18153900001198053,True,87a65c0,6,0,best,30,1.0,True,0.7,0.95,0.1,944.0
A-n45-k6,acs_nocl_2opt_q0sched,15,1090.8369627146444,15.55476299943267,0.18111912510357797,True,87a65c0,6,0,best,30,1.0,True,0.7,0.95,0.1,944.0
A-n45-k6,acs_nocl_2opt_q0sched,16,1076.8269785987886,14.070654512583541,0.17853229213505983,True,87a65c0,6,0,best,30,1.0,True,0.7,0.95,0.1,944.0
A-n45-k6,acs_nocl_2opt_q0sched,17,1105.592807126325,17.117882110839506,0.1788411249872297,True,87a65c0,6,0,best,30,1.0,True,0.7,0.95,0.1,944.0
A-n45-k6,acs_nocl_2opt_q0sched,18,1059.8334020017253,12.270487500182764,0.18161487486213446,True,87a65c0,6,0,best,30,1.0,True,0.7,0.95,0.1,944.0
A-n45-k6,acs_nocl_2opt_q0sched,19,1104.8750311638996,17.041846521599535,0.1809139170218259,True,87a65c0,6,0,best,30,1.0,True,0.7,0.95,0.1,944.0
A-n45-k6,acs_nocl_2opt_q0sched,20,1141.9229574044066,20.96641497928036,0.18061683303676546,True,87a65c0,6,0,best,30,1.0,True,0.7,0.95,0.1,944.0
A-n45-k6,acs_nocl_2opt_q0sched,21,1127.4210805039504,19.43019920592695,0.22333295783028007,True,87a65c0,6,0,best,30,1.0,True,0.7,0.95,0.1,944.0
A-n45-k6,acs_nocl_2opt_q0sched,22,1108.0479922640059,17.37796528220401,0.1813332079909742,True,87a65c0,6,0,best,30,1.0,True,0.7,0.95,0.1,944.0
A-n45-k6,acs_nocl_2opt_q0sched,23,1110.3692991233231,17.623866432555417,0.17865733383223414,True,87a65c0,6,0,best,30,1.0,True,0.7,0.95,0.1,944.0
A-n45-k6,acs_nocl_2opt_q0sched,24,1096.4107933335667,16.145211158216817,0.18007583287544549,True,87a65c0,6,0,best,30,1.0,True,0.7,0.95,0.1,944.0
A-n45-k6,acs_nocl_2opt_q0sched,25,1132.5811383258251,19.976815500617068,0.17798533313907683,True,87a65c0,6,0,best,30,1.0,True,0.7,0.95,0.1,944.0
A-n45-k6,acs_nocl_2opt_q0sched,26,1117.1155577350048,18.338512471928475,0.1815571249462664,True,87a65c0,6,0,best,30,1.0,True,0.7,0.95,0.1,944.0
A-n45-k6,acs_nocl_2opt_q0sched,27,1100.386406746658,16.56635664689173,0.18328929203562438,True,87a65c0,6,0,best,30,1.0,True,0.7,0.95,0.1,944.0
A-n45-k6,acs_nocl_2opt_q0sched,28,1112.8219360642352,17.88367966782152,0.1813776670023799,True,87a65c0,6,0,best,30,1.0,True,0.7,0.95,0.1,944.0
A-n45-k6,acs_nocl_2opt_q0sched,29,1174.9204110724263,24.461907952587534,0.17866262490861118,True,87a65c0,6,0,best,30,1.0,True,0.7,0.95,0.1,944.0
X-n101-k25,acs_baseline,0,36852.137083519716,,0.5915756251197308,True,87a65c0,26,0,none,0,0.0,False,0.7,0.95,0.1,
X-n101-k25,acs_baseline,1,36241.96759483828,,0.5924625839106739,True,87a65c0,26,0,none,0,0.0,False,0.7,0.95,0.1,
X-n101-k25,acs_baseline,2,37422.904205991166,,0.6422426251228899,True,87a65c0,26,0,none,0,0.0,False,0.7,0.95,0.1,
X-n101-k25,acs_baseline,3,36848.57677153606,,0.6021595830097795,True,87a65c0,26,0,none,0,0.0,False,0.7,0.95,0.1,
X-n101-k25,acs_baseline,4,36141.65392319057,,0.592712374869734,True,87a65c0,26,0,none,0,0.0,False,0.7,0.95,0.1,
X-n101-k25,acs_baseline,5,36396.55169002496,,0.5898174999747425,True,87a65c0,26,0,none,0,0.0,False,0.7,0.95,0.1,
X-n101-k25,acs_baseline,6,37203.26069187892,,0.5875425001140684,True,87a65c0,26,0,none,0,0.0,False,0.7,0.95,0.1,
X-n101-k25,acs_baseline,7,37205.779394247824,,0.5882958751171827,True,87a65c0,26,0,none,0,0.0,False,0.7,0.95,0.1,
X-n101-k25,acs_baseline,8,37378.78186698776,,0.5947295839432627,True,87a65c0,26,0,none,0,0.0,False,0.7,0.95,0.1,
X-n101-k25,acs_baseline,9,35399.06533828618,,0.5853289591614157,True,87a65c0,26,0,none,0,0.0,False,0.7,0.95,0.1,
X-n101-k25,acs_baseline,10,36177.55860345409,,0.5894295838661492,True,87a65c0,26,0,none,0,0.0,False,0.7,0.95,0.1,
X-n101-k25,acs_baseline,11,37348.98693188396,,0.58936379221268,True,87a65c0,26,0,none,0,0.0,False,0.7,0.95,0.1,
X-n101-k25,acs_baseline,12,37186.01693748773,,0.6784797089640051,True,87a65c0,26,0,none,0,0.0,False,0.7,0.95,0.1,
X-n101-k25,acs_baseline,13,36414.23641904075,,0.5902094999328256,True,87a65c0,26,0,none,0,0.0,False,0.7,0.95,0.1,
X-n101-k25,acs_baseline,14,37389.42662600034,,0.5869992920197546,True,87a65c0,26,0,none,0,0.0,False,0.7,0.95,0.1,
X-n101-k25,acs_baseline,15,36389.10878409088,,0.5901025841012597,True,87a65c0,26,0,none,0,0.0,False,0.7,0.95,0.1,
X-n101-k25,acs_baseline,16,37743.14439063691,,0.5888753330800682,True,87a65c0,26,0,none,0,0.0,False,0.7,0.95,0.1,
X-n101-k25,acs_baseline,17,36405.15419195706,,0.5890053750481457,True,87a65c0,26,0,none,0,0.0,False,0.7,0.95,0.1,
X-n101-k25,acs_baseline,18,36759.11739947194,,0.5913850411307067,True,87a65c0,27,0,none,0,0.0,False,0.7,0.95,0.1,
X-n101-k25,acs_baseline,19,36201.01924875743,,0.5864737920928746,True,87a65c0,26,0,none,0,0.0,False,0.7,0.95,0.1,
X-n101-k25,acs_baseline,20,37218.67904080192,,0.5865951671730727,True,87a65c0,26,0,none,0,0.0,False,0.7,0.95,0.1,
X-n101-k25,acs_baseline,21,35905.03882779076,,0.591967583168298,True,87a65c0,26,0,none,0,0.0,False,0.7,0.95,0.1,
X-n101-k25,acs_baseline,22,35883.986957232206,,0.5965586670208722,True,87a65c0,26,0,none,0,0.0,False,0.7,0.95,0.1,
X-n101-k25,acs_baseline,23,36507.58396979833,,0.5873598749749362,True,87a65c0,26,0,none,0,0.0,False,0.7,0.95,0.1,
X-n101-k25,acs_baseline,24,36815.16256471103,,0.5856757499277592,True,87a65c0,27,0,none,0,0.0,False,0.7,0.95,0.1,
X-n101-k25,acs_baseline,25,36190.22554945824,,0.588218041928485,True,87a65c0,26,0,none,0,0.0,False,0.7,0.95,0.1,
X-n101-k25,acs_baseline,26,37088.405659753924,,0.6397610420826823,True,87a65c0,26,0,none,0,0.0,False,0.7,0.95,0.1,
X-n101-k25,acs_baseline,27,35236.90166308343,,0.5870450839865953,True,87a65c0,26,0,none,0,0.0,False,0.7,0.95,0.1,
X-n101-k25,acs_baseline,28,36409.27331049209,,0.5885573751293123,True,87a65c0,26,0,none,0,0.0,False,0.7,0.95,0.1,
X-n101-k25,acs_baseline,29,36241.63120262018,,0.5882927081547678,True,87a65c0,26,0,none,0,0.0,False,0.7,0.95,0.1,
X-n101-k25,acs_cl15,0,38075.88496432772,,0.4232537078205496,True,87a65c0,26,15,none,0,0.0,False,0.7,0.95,0.1,
X-n101-k25,acs_cl15,1,35968.916572154485,,0.42651037499308586,True,87a65c0,26,15,none,0,0.0,False,0.7,0.95,0.1,
X-n101-k25,acs_cl15,2,37489.979524311806,,0.4208365411031991,True,87a65c0,26,15,none,0,0.0,False,0.7,0.95,0.1,
X-n101-k25,acs_cl15,3,36225.66719472606,,0.4184234580025077,True,87a65c0,26,15,none,0,0.0,False,0.7,0.95,0.1,
X-n101-k25,acs_cl15,4,37187.7479087245,,0.41906504100188613,True,87a65c0,26,15,none,0,0.0,False,0.7,0.95,0.1,
X-n101-k25,acs_cl15,5,36488.204238605475,,0.42070779111236334,True,87a65c0,26,15,none,0,0.0,False,0.7,0.95,0.1,
X-n101-k25,acs_cl15,6,37696.3957089332,,0.4210908329114318,True,87a65c0,26,15,none,0,0.0,False,0.7,0.95,0.1,
X-n101-k25,acs_cl15,7,37396.922404102814,,0.4798639169894159,True,87a65c0,26,15,none,0,0.0,False,0.7,0.95,0.1,
X-n101-k25,acs_cl15,8,36001.01159310004,,0.4203459578566253,True,87a65c0,26,15,none,0,0.0,False,0.7,0.95,0.1,
X-n101-k25,acs_cl15,9,36818.63784200862,,0.42129466705955565,True,87a65c0,26,15,none,0,0.0,False,0.7,0.95,0.1,
X-n101-k25,acs_cl15,10,36739.2753769282,,0.41982174990698695,True,87a65c0,26,15,none,0,0.0,False,0.7,0.95,0.1,
X-n101-k25,acs_cl15,11,37664.368957836385,,0.4207152498420328,True,87a65c0,26,15,none,0,0.0,False,0.7,0.95,0.1,
X-n101-k25,acs_cl15,12,36426.71906301065,,0.42607420799322426,True,87a65c0,26,15,none,0,0.0,False,0.7,0.95,0.1,
X-n101-k25,acs_cl15,13,36168.76004941867,,0.4259747080504894,True,87a65c0,26,15,none,0,0.0,False,0.7,0.95,0.1,
X-n101-k25,acs_cl15,14,37757.66864086619,,0.42379558412358165,True,87a65c0,26,15,none,0,0.0,False,0.7,0.95,0.1,
X-n101-k25,acs_cl15,15,36087.59754956257,,0.4653232500422746,True,87a65c0,26,15,none,0,0.0,False,0.7,0.95,0.1,
X-n101-k25,acs_cl15,16,36643.21240030097,,0.4219093748833984,True,87a65c0,26,15,none,0,0.0,False,0.7,0.95,0.1,
X-n101-k25,acs_cl15,17,36583.3948417918,,0.41890816600061953,True,87a65c0,26,15,none,0,0.0,False,0.7,0.95,0.1,
X-n101-k25,acs_cl15,18,37453.93292101585,,0.4374243749771267,True,87a65c0,26,15,none,0,0.0,False,0.7,0.95,0.1,
X-n101-k25,acs_cl15,19,36997.73607478627,,0.4220225000753999,True,87a65c0,26,15,none,0,0.0,False,0.7,0.95,0.1,
X-n101-k25,acs_cl15,20,37697.14279676126,,0.48093670792877674,True,87a65c0,27,15,none,0,0.0,False,0.7,0.95,0.1,
X-n101-k25,acs_cl15,21,37498.22238950947,,0.4198092089500278,True,87a65c0,26,15,none,0,0.0,False,0.7,0.95,0.1,
X-n101-k25,acs_cl15,22,37983.38126644649,,0.4186586670111865,True,87a65c0,27,15,none,0,0.0,False,0.7,0.95,0.1,
X-n101-k25,acs_cl15,23,37266.10987493289,,0.422249540919438,True,87a65c0,26,15,none,0,0.0,False,0.7,0.95,0.1,
X-n101-k25,acs_cl15,24,36609.90247465473,,0.422078707953915,True,87a65c0,26,15,none,0,0.0,False,0.7,0.95,0.1,
X-n101-k25,acs_cl15,25,36436.64419308639,,0.42159812501631677,True,87a65c0,26,15,none,0,0.0,False,0.7,0.95,0.1,
X-n101-k25,acs_cl15,26,37875.433961285715,,0.42251062486320734,True,87a65c0,26,15,none,0,0.0,False,0.7,0.95,0.1,
X-n101-k25,acs_cl15,27,36015.610598332845,,0.47126245801337063,True,87a65c0,26,15,none,0,0.0,False,0.7,0.95,0.1,
X-n101-k25,acs_cl15,28,37332.078022043774,,0.42006762488745153,True,87a65c0,26,15,none,0,0.0,False,0.7,0.95,0.1,
X-n101-k25,acs_cl15,29,38313.631276207765,,0.42520599998533726,True,87a65c0,26,15,none,0,0.0,False,0.7,0.95,0.1,
X-n101-k25,acs_cl15_ls2opt_fixed,0,36979.44716736432,,0.4392860410735011,True,87a65c0,26,15,best,30,1.0,False,0.7,0.95,0.1,
X-n101-k25,acs_cl15_ls2opt_fixed,1,35294.827219755025,,0.4349065830465406,True,87a65c0,26,15,best,30,1.0,False,0.7,0.95,0.1,
X-n101-k25,acs_cl15_ls2opt_fixed,2,36386.147603298705,,0.4440233751665801,True,87a65c0,26,15,best,30,1.0,False,0.7,0.95,0.1,
X-n101-k25,acs_cl15_ls2opt_fixed,3,35792.953250669205,,0.43341104104183614,True,87a65c0,26,15,best,30,1.0,False,0.7,0.95,0.1,
X-n101-k25,acs_cl15_ls2opt_fixed,4,36788.31817111792,,0.43491099984385073,True,87a65c0,26,15,best,30,1.0,False,0.7,0.95,0.1,
X-n101-k25,acs_cl15_ls2opt_fixed,5,35407.779173237424,,0.4367444170638919,True,87a65c0,26,15,best,30,1.0,False,0.7,0.95,0.1,
X-n101-k25,acs_cl15_ls2opt_fixed,6,37156.11949563982,,0.4363792499061674,True,87a65c0,26,15,best,30,1.0,False,0.7,0.95,0.1,
X-n101-k25,acs_cl15_ls2opt_fixed,7,35642.894857708314,,0.43540762504562736,True,87a65c0,26,15,best,30,1.0,False,0.7,0.95,0.1,
X-n101-k25,acs_cl15_ls2opt_fixed,8,35250.062185955176,,0.4884515409357846,True,87a65c0,26,15,best,30,1.0,False,0.7,0.95,0.1,
X-n101-k25,acs_cl15_ls2opt_fixed,9,36243.114977483754,,0.4335173750296235,True,87a65c0,26,15,best,30,1.0,False,0.7,0.95,0.1,
X-n101-k25,acs_cl15_ls2opt_fixed,10,36158.62403140835,,0.4343005421105772,True,87a65c0,26,15,best,30,1.0,False,0.7,0.95,0.1,
X-n101-k25,acs_cl15_ls2opt_fixed,11,36873.80639046199,,0.43380324984900653,True,87a65c0,26,15,best,30,1.0,False,0.7,0.95,0.1,
X-n101-k25,acs_cl15_ls2opt_fixed,12,36162.542493893474,,0.43371091689914465,True,87a65c0,26,15,best,30,1.0,False,0.7,0.95,0.1,
X-n101-k25,acs_cl15_ls2opt_fixed,13,35547.3707327958,,0.43596245907247066,True,87a65c0,26,15,best,30,1.0,False,0.7,0.95,0.1,
X-n101-k25,acs_cl15_ls2opt_fixed,14,36825.604503766226,,0.46901037520729005,True,87a65c0,26,15,best,30,1.0,False,0.7,0.95,0.1,
X-n101-k25,acs_cl15_ls2opt_fixed,15,35248.05044105698,,0.4350023749284446,True,87a65c0,26,15,best,30,1.0,False,0.7,0.95,0.1,
X-n101-k25,acs_cl15_ls2opt_fixed,16,35471.00725443964,,0.43927416601218283,True,87a65c0,26,15,best,30,1.0,False,0.7,0.95,0.1,
X-n101-k25,acs_cl15_ls2opt_fixed,17,35263.14847959101,,0.43316833302378654,True,87a65c0,26,15,best,30,1.0,False,0.7,0.95,0.1,
X-n101-k25,acs_cl15_ls2opt_fixed,18,36827.30800121871,,0.43464191700331867,True,87a65c0,26,15,best,30,1.0,False,0.7,0.95,0.1,
X-n101-k25,acs_cl15_ls2opt_fixed,19,36445.26780504848,,0.4332042920868844,True,87a65c0,26,15,best,30,1.0,False,0.7,0.95,0.1,
X-n101-k25,acs_cl15_ls2opt_fixed,20,36951.62029699019,,0.4349400829523802,True,87a65c0,26,15,best,30,1.0,False,0.7,0.95,0.1,
X-n101-k25,acs_cl15_ls2opt_fixed,21,36700.33214918921,,0.43262191698886454,True,87a65c0,26,15,best,30,1.0,False,0.7,0.95,0.1,
X-n101-k25,acs_cl15_ls2opt_fixed,22,37096.98415102279,,0.4364137500524521,True,87a65c0,26,15,best,30,1.0,False,0.7,0.95,0.1,
X-n101-k25,acs_cl15_ls2opt_fixed,23,36429.53078373915,,0.4355868750717491,True,87a65c0,26,15,best,30,1.0,False,0.7,0.95,0.1,
X-n101-k25,acs_cl15_ls2opt_fixed,24,35638.458345897656,,0.43421637499704957,True,87a65c0,26,15,best,30,1.0,False,0.7,0.95,0.1,
X-n101-k25,acs_cl15_ls2opt_fixed,25,36071.16374814987,,0.4358210419304669,True,87a65c0,26,15,best,30,1.0,False,0.7,0.95,0.1,
X-n101-k25,acs_cl15_ls2opt_fixed,26,36843.08402282558,,0.4941288339905441,True,87a65c0,26,15,best,30,1.0,False,0.7,0.95,0.1,
X-n101-k25,acs_cl15_ls2opt_fixed,27,35582.25642398003,,0.438748334068805,True,87a65c0,26,15,best,30,1.0,False,0.7,0.95,0.1,
X-n101-k25,acs_cl15_ls2opt_fixed,28,36391.916215686695,,0.4312735840212554,True,87a65c0,26,15,best,30,1.0,False,0.7,0.95,0.1,
X-n101-k25,acs_cl15_ls2opt_fixed,29,37325.96751910567,,0.4346542079001665,True,87a65c0,26,15,best,30,1.0,False,0.7,0.95,0.1,
X-n101-k25,acs_cl15_ls2opt_fixed_q0sched,0,36652.59173473732,,0.45089900004677474,True,87a65c0,26,15,best,30,1.0,True,0.7,0.95,0.1,
X-n101-k25,acs_cl15_ls2opt_fixed_q0sched,1,36270.556044527126,,0.4486149998847395,True,87a65c0,26,15,best,30,1.0,True,0.7,0.95,0.1,
X-n101-k25,acs_cl15_ls2opt_fixed_q0sched,2,36008.26111202857,,0.4531995840370655,True,87a65c0,26,15,best,30,1.0,True,0.7,0.95,0.1,
X-n101-k25,acs_cl15_ls2opt_fixed_q0sched,3,36668.514960206965,,0.44995362497866154,True,87a65c0,26,15,best,30,1.0,True,0.7,0.95,0.1,
X-n101-k25,acs_cl15_ls2opt_fixed_q0sched,4,36799.15692913572,,0.4481952500063926,True,87a65c0,26,15,best,30,1.0,True,0.7,0.95,0.1,
X-n101-k25,acs_cl15_ls2opt_fixed_q0sched,5,37001.900319848515,,0.45207570819184184,True,87a65c0,26,15,best,30,1.0,True,0.7,0.95,0.1,
X-n101-k25,acs_cl15_ls2opt_fixed_q0sched,6,36083.143111725025,,0.45474774995818734,True,87a65c0,26,15,best,30,1.0,True,0.7,0.95,0.1,
X-n101-k25,acs_cl15_ls2opt_fixed_q0sched,7,35304.84161609346,,0.45915254205465317,True,87a65c0,26,15,best,30,1.0,True,0.7,0.95,0.1,
X-n101-k25,acs_cl15_ls2opt_fixed_q0sched,8,35671.462199873116,,0.4795722500421107,True,87a65c0,26,15,best,30,1.0,True,0.7,0.95,0.1,
X-n101-k25,acs_cl15_ls2opt_fixed_q0sched,9,36428.15209880142,,0.4488276669289917,True,87a65c0,26,15,best,30,1.0,True,0.7,0.95,0.1,
X-n101-k25,acs_cl15_ls2opt_fixed_q0sched,10,35821.77016337939,,0.4496982078999281,True,87a65c0,26,15,best,30,1.0,True,0.7,0.95,0.1,
X-n101-k25,acs_cl15_ls2opt_fixed_q0sched,11,36002.803772255764,,0.493761041900143,True,87a65c0,26,15,best,30,1.0,True,0.7,0.95,0.1,
X-n101-k25,acs_cl15_ls2opt_fixed_q0sched,12,36402.17474530812,,0.4498470420949161,True,87a65c0,26,15,best,30,1.0,True,0.7,0.95,0.1,
X-n101-k25,acs_cl15_ls2opt_fixed_q0sched,13,36052.19072466341,,0.4484795839525759,True,87a65c0,26,15,best,30,1.0,True,0.7,0.95,0.1,
X-n101-k25,acs_cl15_ls2opt_fixed_q0sched,14,35209.923385855305,,0.45388475013896823,True,87a65c0,26,15,best,30,1.0,True,0.7,0.95,0.1,
X-n101-k25,acs_cl15_ls2opt_fixed_q0sched,15,35764.132346950195,,0.46478758309967816,True,87a65c0,26,15,best,30,1.0,True,0.7,0.95,0.1,
X-n101-k25,acs_cl15_ls2opt_fixed_q0sched,16,34726.97760450432,,0.5032875828910619,True,87a65c0,26,15,best,30,1.0,True,0.7,0.95,0.1,
X-n101-k25,acs_cl15_ls2opt_fixed_q0sched,17,36544.09488082965,,0.4467583338264376,True,87a65c0,26,15,best,30,1.0,True,0.7,0.95,0.1,
X-n101-k25,acs_cl15_ls2opt_fixed_q0sched,18,36341.53471423985,,0.4477698339615017,True,87a65c0,26,15,best,30,1.0,True,0.7,0.95,0.1,
X-n101-k25,acs_cl15_ls2opt_fixed_q0sched,19,36209.62522084487,,0.4724212090950459,True,87a65c0,26,15,best,30,1.0,True,0.7,0.95,0.1,
X-n101-k25,acs_cl15_ls2opt_fixed_q0sched,20,36146.470312000216,,0.5289682091679424,True,87a65c0,26,15,best,30,1.0,True,0.7,0.95,0.1,
X-n101-k25,acs_cl15_ls2opt_fixed_q0sched,21,35976.26562482273,,0.48775379196740687,True,87a65c0,26,15,best,30,1.0,True,0.7,0.95,0.1,
X-n101-k25,acs_cl15_ls2opt_fixed_q0sched,22,35833.27455399869,,0.5315079160500318,True,87a65c0,26,15,best,30,1.0,True,0.7,0.95,0.1,
X-n101-k25,acs_cl15_ls2opt_fixed_q0sched,23,35924.1164093328,,0.4557372909039259,True,87a65c0,26,15,best,30,1.0,True,0.7,0.95,0.1,
X-n101-k25,acs_cl15_ls2opt_fixed_q0sched,24,36173.65055346045,,0.44714899989776313,True,87a65c0,26,15,best,30,1.0,True,0.7,0.95,0.1,
X-n101-k25,acs_cl15_ls2opt_fixed_q0sched,25,37199.75984467696,,0.45882862503640354,True,87a65c0,26,15,best,30,1.0,True,0.7,0.95,0.1,
X-n101-k25,acs_cl15_ls2opt_fixed_q0sched,26,35890.09909014331,,0.502196750137955,True,87a65c0,26,15,best,30,1.0,True,0.7,0.95,0.1,
X-n101-k25,acs_cl15_ls2opt_fixed_q0sched,27,35739.95758577877,,0.4501089579425752,True,87a65c0,27,15,best,30,1.0,True,0.7,0.95,0.1,
X-n101-k25,acs_cl15_ls2opt_fixed_q0sched,28,35839.886871962604,,0.45041500008665025,True,87a65c0,26,15,best,30,1.0,True,0.7,0.95,0.1,
X-n101-k25,acs_cl15_ls2opt_fixed_q0sched,29,36473.53356029707,,0.4540005000308156,True,87a65c0,27,15,best,30,1.0,True,0.7,0.95,0.1,
X-n101-k25,acs_clsqrtn_2opt_q0sched,0,35693.31018002522,,0.4592241661157459,True,87a65c0,26,15,best,30,1.0,True,0.7,0.95,0.1,
X-n101-k25,acs_clsqrtn_2opt_q0sched,1,35990.24496297968,,0.4541998340282589,True,87a65c0,26,15,best,30,1.0,True,0.7,0.95,0.1,
X-n101-k25,acs_clsqrtn_2opt_q0sched,2,35054.37863701361,,0.4534244588576257,True,87a65c0,26,15,best,30,1.0,True,0.7,0.95,0.1,
X-n101-k25,acs_clsqrtn_2opt_q0sched,3,35851.10392917461,,0.45432200003415346,True,87a65c0,27,15,best,30,1.0,True,0.7,0.95,0.1,
X-n101-k25,acs_clsqrtn_2opt_q0sched,4,35425.47083539113,,0.45413183397613466,True,87a65c0,26,15,best,30,1.0,True,0.7,0.95,0.1,
X-n101-k25,acs_clsqrtn_2opt_q0sched,5,35824.48418758243,,0.45195066719315946,True,87a65c0,26,15,best,30,1.0,True,0.7,0.95,0.1,
X-n101-k25,acs_clsqrtn_2opt_q0sched,6,35472.89805414324,,0.4542620829306543,True,87a65c0,26,15,best,30,1.0,True,0.7,0.95,0.1,
X-n101-k25,acs_clsqrtn_2opt_q0sched,7,36323.4671182002,,0.4588629580102861,True,87a65c0,26,15,best,30,1.0,True,0.7,0.95,0.1,
X-n101-k25,acs_clsqrtn_2opt_q0sched,8,35024.46861168953,,0.45318095898255706,True,87a65c0,26,15,best,30,1.0,True,0.7,0.95,0.1,
X-n101-k25,acs_clsqrtn_2opt_q0sched,9,34950.50274782554,,0.4514043328817934,True,87a65c0,27,15,best,30,1.0,True,0.7,0.95,0.1,
X-n101-k25,acs_clsqrtn_2opt_q0sched,10,35883.26495802056,,0.44933933299034834,True,87a65c0,26,15,best,30,1.0,True,0.7,0.95,0.1,
X-n101-k25,acs_clsqrtn_2opt_q0sched,11,35084.82842858752,,0.4785354579798877,True,87a65c0,26,15,best,30,1.0,True,0.7,0.95,0.1,
X-n101-k25,acs_clsqrtn_2opt_q0sched,12,34950.394740938886,,0.45317570795305073,True,87a65c0,26,15,best,30,1.0,True,0.7,0.95,0.1,
X-n101-k25,acs_clsqrtn_2opt_q0sched,13,35177.62049672707,,0.45649875001981854,True,87a65c0,26,15,best,30,1.0,True,0.7,0.95,0.1,
X-n101-k25,acs_clsqrtn_2opt_q0sched,14,34868.18870142331,,0.45284595899283886,True,87a65c0,26,15,best,30,1.0,True,0.7,0.95,0.1,
X-n101-k25,acs_clsqrtn_2opt_q0sched,15,35986.16478623802,,0.45282270899042487,True,87a65c0,26,15,best,30,1.0,True,0.7,0.95,0.1,
X-n101-k25,acs_clsqrtn_2opt_q0sched,16,34198.168656846436,,0.4810960830654949,True,87a65c0,26,15,best,30,1.0,True,0.7,0.95,0.1,
X-n101-k25,acs_clsqrtn_2opt_q0sched,17,36100.007556152756,,0.4495344168972224,True,87a65c0,26,15,best,30,1.0,True,0.7,0.95,0.1,
X-n101-k25,acs_clsqrtn_2opt_q0sched,18,36088.61631379364,,0.4494749589357525,True,87a65c0,26,15,best,30,1.0,True,0.7,0.95,0.1,
X-n101-k25,acs_clsqrtn_2opt_q0sched,19,36434.162949202386,,0.4625323750078678,True,87a65c0,26,15,best,30,1.0,True,0.7,0.95,0.1,
X-n101-k25,acs_clsqrtn_2opt_q0sched,20,35803.742120979805,,0.4511807910166681,True,87a65c0,26,15,best,30,1.0,True,0.7,0.95,0.1,
X-n101-k25,acs_clsqrtn_2opt_q0sched,21,33618.73516877886,,0.45188208296895027,True,87a65c0,27,15,best,30,1.0,True,0.7,0.95,0.1,
X-n101-k25,acs_clsqrtn_2opt_q0sched,22,35643.63260254269,,0.4539637500420213,True,87a65c0,26,15,best,30,1.0,True,0.7,0.95,0.1,
X-n101-k25,acs_clsqrtn_2opt_q0sched,23,35638.28310010851,,0.4494065830949694,True,87a65c0,26,15,best,30,1.0,True,0.7,0.95,0.1,
X-n101-k25,acs_clsqrtn_2opt_q0sched,24,36149.64166965568,,0.4508976249489933,True,87a65c0,26,15,best,30,1.0,True,0.7,0.95,0.1,
X-n101-k25,acs_clsqrtn_2opt_q0sched,25,35942.098233114484,,0.5138910410460085,True,87a65c0,26,15,best,30,1.0,True,0.7,0.95,0.1,
X-n101-k25,acs_clsqrtn_2opt_q0sched,26,35646.44935304117,,0.4596780000720173,True,87a65c0,26,15,best,30,1.0,True,0.7,0.95,0.1,
X-n101-k25,acs_clsqrtn_2opt_q0sched,27,36210.23520251797,,0.45600545895285904,True,87a65c0,26,15,best,30,1.0,True,0.7,0.95,0.1,
X-n101-k25,acs_clsqrtn_2opt_q0sched,28,35613.40248797716,,0.45142587507143617,True,87a65c0,26,15,best,30,1.0,True,0.7,0.95,0.1,
X-n101-k25,acs_clsqrtn_2opt_q0sched,29,36591.79214970823,,0.45818333281204104,True,87a65c0,26,15,best,30,1.0,True,0.7,0.95,0.1,
X-n101-k25,acs_nocl_2opt_q0sched,0,35376.100574492746,,0.624886125093326,True,87a65c0,27,0,best,30,1.0,True,0.7,0.95,0.1,
X-n101-k25,acs_nocl_2opt_q0sched,1,36192.73248645641,,0.6200327908154577,True,87a65c0,26,0,best,30,1.0,True,0.7,0.95,0.1,
X-n101-k25,acs_nocl_2opt_q0sched,2,36034.7306570612,,0.619683583965525,True,87a65c0,26,0,best,30,1.0,True,0.7,0.95,0.1,
X-n101-k25,acs_nocl_2opt_q0sched,3,35567.089059202364,,0.6192255420610309,True,87a65c0,26,0,best,30,1.0,True,0.7,0.95,0.1,
X-n101-k25,acs_nocl_2opt_q0sched,4,34911.92917817453,,0.6163952499628067,True,87a65c0,26,0,best,30,1.0,True,0.7,0.95,0.1,
X-n101-k25,acs_nocl_2opt_q0sched,5,35653.2263832286,,0.6258554579690099,True,87a65c0,26,0,best,30,1.0,True,0.7,0.95,0.1,
X-n101-k25,acs_nocl_2opt_q0sched,6,34692.58273332981,,0.6402531659696251,True,87a65c0,26,0,best,30,1.0,True,0.7,0.95,0.1,
X-n101-k25,acs_nocl_2opt_q0sched,7,34834.334535660964,,0.6263579169753939,True,87a65c0,26,0,best,30,1.0,True,0.7,0.95,0.1,
X-n101-k25,acs_nocl_2opt_q0sched,8,35923.54749045137,,0.6230192920193076,True,87a65c0,26,0,best,30,1.0,True,0.7,0.95,0.1,
X-n101-k25,acs_nocl_2opt_q0sched,9,35589.99831085078,,0.6740191250573844,True,87a65c0,26,0,best,30,1.0,True,0.7,0.95,0.1,
X-n101-k25,acs_nocl_2opt_q0sched,10,34779.59047024787,,0.6203723340295255,True,87a65c0,26,0,best,30,1.0,True,0.7,0.95,0.1,
X-n101-k25,acs_nocl_2opt_q0sched,11,35484.36135458401,,0.6177273329813033,True,87a65c0,26,0,best,30,1.0,True,0.7,0.95,0.1,
X-n101-k25,acs_nocl_2opt_q0sched,12,35867.0915393232,,0.6178187499754131,True,87a65c0,26,0,best,30,1.0,True,0.7,0.95,0.1,
X-n101-k25,acs_nocl_2opt_q0sched,13,36303.05798285814,,0.6252533330116421,True,87a65c0,27,0,best,30,1.0,True,0.7,0.95,0.1,
X-n101-k25,acs_nocl_2opt_q0sched,14,36070.386857164616,,0.6201909158844501,True,87a65c0,26,0,best,30,1.0,True,0.7,0.95,0.1,
X-n101-k25,acs_nocl_2opt_q0sched,15,36100.31730968893,,0.6180433749686927,True,87a65c0,26,0,best,30,1.0,True,0.7,0.95,0.1,
X-n101-k25,acs_nocl_2opt_q0sched,16,35978.358438795585,,0.6233874578028917,True,87a65c0,26,0,best,30,1.0,True,0.7,0.95,0.1,
X-n101-k25,acs_nocl_2opt_q0sched,17,35927.202154781065,,0.6219035829417408,True,87a65c0,27,0,best,30,1.0,True,0.7,0.95,0.1,
X-n101-k25,acs_nocl_2opt_q0sched,18,36570.392740706804,,0.6266871250700206,True,87a65c0,27,0,best,30,1.0,True,0.7,0.95,0.1,
X-n101-k25,acs_nocl_2opt_q0sched,19,35823.71966335022,,0.6212897079531103,True,87a65c0,26,0,best,30,1.0,True,0.7,0.95,0.1,
X-n101-k25,acs_nocl_2opt_q0sched,20,35902.17186251441,,0.6155935830902308,True,87a65c0,26,0,best,30,1.0,True,0.7,0.95,0.1,
X-n101-k25,acs_nocl_2opt_q0sched,21,34210.121195806314,,0.6174908340908587,True,87a65c0,27,0,best,30,1.0,True,0.7,0.95,0.1,
X-n101-k25,acs_nocl_2opt_q0sched,22,35373.64171080195,,0.6304503749124706,True,87a65c0,26,0,best,30,1.0,True,0.7,0.95,0.1,
X-n101-k25,acs_nocl_2opt_q0sched,23,35351.64316810665,,0.6195067910011858,True,87a65c0,26,0,best,30,1.0,True,0.7,0.95,0.1,
X-n101-k25,acs_nocl_2opt_q0sched,24,35450.774540335755,,0.6203908750321716,True,87a65c0,27,0,best,30,1.0,True,0.7,0.95,0.1,
X-n101-k25,acs_nocl_2opt_q0sched,25,36135.29427694332,,0.6176226250827312,True,87a65c0,26,0,best,30,1.0,True,0.7,0.95,0.1,
X-n101-k25,acs_nocl_2opt_q0sched,26,34593.39927011893,,0.6697227079421282,True,87a65c0,27,0,best,30,1.0,True,0.7,0.95,0.1,
X-n101-k25,acs_nocl_2opt_q0sched,27,35072.085521417386,,0.6186937920283526,True,87a65c0,26,0,best,30,1.0,True,0.7,0.95,0.1,
X-n101-k25,acs_nocl_2opt_q0sched,28,35641.64329764171,,0.6220367080532014,True,87a65c0,27,0,best,30,1.0,True,0.7,0.95,0.1,
X-n101-k25,acs_nocl_2opt_q0sched,29,35520.59702957918,,0.6176858749240637,True,87a65c0,26,0,best,30,1.0,True,0.7,0.95,0.1,
X-n106-k14,acs_baseline,0,28335.720896320992,,0.7726008750032634,True,87a65c0,14,0,none,0,0.0,False,0.7,0.95,0.1,
X-n106-k14,acs_baseline,1,28219.75762544219,,0.7667873341124505,True,87a65c0,14,0,none,0,0.0,False,0.7,0.95,0.1,
X-n106-k14,acs_baseline,2,28167.663163808746,,0.7641437090933323,True,87a65c0,14,0,none,0,0.0,False,0.7,0.95,0.1,
X-n106-k14,acs_baseline,3,28367.38510112382,,0.7737198749091476,True,87a65c0,14,0,none,0,0.0,False,0.7,0.95,0.1,
X-n106-k14,acs_baseline,4,28114.56435535886,,0.778667125152424,True,87a65c0,14,0,none,0,0.0,False,0.7,0.95,0.1,
X-n106-k14,acs_baseline,5,28434.916663484815,,0.7647758750244975,True,87a65c0,14,0,none,0,0.0,False,0.7,0.95,0.1,
X-n106-k14,acs_baseline,6,28008.393333634493,,0.770943749928847,True,87a65c0,14,0,none,0,0.0,False,0.7,0.95,0.1,
X-n106-k14,acs_baseline,7,28127.748724233727,,0.7940978340338916,True,87a65c0,14,0,none,0,0.0,False,0.7,0.95,0.1,
X-n106-k14,acs_baseline,8,28384.209974005804,,0.7648187908343971,True,87a65c0,14,0,none,0,0.0,False,0.7,0.95,0.1,
X-n106-k14,acs_baseline,9,28187.85967696663,,0.7672077917959541,True,87a65c0,14,0,none,0,0.0,False,0.7,0.95,0.1,
X-n106-k14,acs_baseline,10,27997.633941065997,,0.7619320421945304,True,87a65c0,14,0,none,0,0.0,False,0.7,0.95,0.1,
X-n106-k14,acs_baseline,11,28080.811576400858,,0.8181780411396176,True,87a65c0,14,0,none,0,0.0,False,0.7,0.95,0.1,
X-n106-k14,acs_baseline,12,28223.816518790536,,0.7669000839814544,True,87a65c0,14,0,none,0,0.0,False,0.7,0.95,0.1,
X-n106-k14,acs_baseline,13,28067.680684791194,,0.7683617079164833,True,87a65c0,14,0,none,0,0.0,False,0.7,0.95,0.1,
X-n106-k14,acs_baseline,14,28117.936482741443,,0.7758764999452978,True,87a65c0,14,0,none,0,0.0,False,0.7,0.95,0.1,
X-n106-k14,acs_baseline,15,28314.99824899969,,0.7639950420707464,True,87a65c0,14,0,none,0,0.0,False,0.7,0.95,0.1,
X-n106-k14,acs_baseline,16,28186.465248577086,,0.7634048331528902,True,87a65c0,14,0,none,0,0.0,False,0.7,0.95,0.1,
X-n106-k14,acs_baseline,17,28307.5148548448,,0.7684077920857817,True,87a65c0,14,0,none,0,0.0,False,0.7,0.95,0.1,
X-n106-k14,acs_baseline,18,28160.492347015686,,0.7697949588764459,True,87a65c0,14,0,none,0,0.0,False,0.7,0.95,0.1,
X-n106-k14,acs_baseline,19,28132.231618613398,,0.7629650419112295,True,87a65c0,14,0,none,0,0.0,False,0.7,0.95,0.1,
X-n106-k14,acs_baseline,20,28421.989353679714,,0.7759990410413593,True,87a65c0,14,0,none,0,0.0,False,0.7,0.95,0.1,
X-n106-k14,acs_baseline,21,28143.494896375778,,0.8228235419373959,True,87a65c0,14,0,none,0,0.0,False,0.7,0.95,0.1,
X-n106-k14,acs_baseline,22,28104.470328295352,,0.7647025419864804,True,87a65c0,14,0,none,0,0.0,False,0.7,0.95,0.1,
X-n106-k14,acs_baseline,23,28118.640530034085,,0.7620811660308391,True,87a65c0,14,0,none,0,0.0,False,0.7,0.95,0.1,
X-n106-k14,acs_baseline,24,28327.492247390168,,0.7696535419672728,True,87a65c0,14,0,none,0,0.0,False,0.7,0.95,0.1,
X-n106-k14,acs_baseline,25,28101.908199243262,,0.7662533330731094,True,87a65c0,14,0,none,0,0.0,False,0.7,0.95,0.1,
X-n106-k14,acs_baseline,26,28339.26773260002,,0.7668218750040978,True,87a65c0,14,0,none,0,0.0,False,0.7,0.95,0.1,
X-n106-k14,acs_baseline,27,28076.403747314052,,0.7651047501713037,True,87a65c0,14,0,none,0,0.0,False,0.7,0.95,0.1,
X-n106-k14,acs_baseline,28,28308.951713486076,,0.7789951248560101,True,87a65c0,14,0,none,0,0.0,False,0.7,0.95,0.1,
X-n106-k14,acs_baseline,29,28352.44747926193,,0.7690200828947127,True,87a65c0,14,0,none,0,0.0,False,0.7,0.95,0.1,
X-n106-k14,acs_cl15,0,27908.854364556402,,0.44895575009286404,True,87a65c0,14,15,none,0,0.0,False,0.7,0.95,0.1,
X-n106-k14,acs_cl15,1,28018.314188521217,,0.4497759169898927,True,87a65c0,14,15,none,0,0.0,False,0.7,0.95,0.1,
X-n106-k14,acs_cl15,2,28117.539359730778,,0.4516620000358671,True,87a65c0,14,15,none,0,0.0,False,0.7,0.95,0.1,
X-n106-k14,acs_cl15,3,28134.704492489393,,0.4613229581154883,True,87a65c0,14,15,none,0,0.0,False,0.7,0.95,0.1,
X-n106-k14,acs_cl15,4,27948.014598889567,,0.45418233308009803,True,87a65c0,14,15,none,0,0.0,False,0.7,0.95,0.1,
X-n106-k14,acs_cl15,5,28125.219639503903,,0.44930762494914234,True,87a65c0,14,15,none,0,0.0,False,0.7,0.95,0.1,
X-n106-k14,acs_cl15,6,28329.604213660867,,0.4501779170241207,True,87a65c0,14,15,none,0,0.0,False,0.7,0.95,0.1,
X-n106-k14,acs_cl15,7,28093.642293272005,,0.44999991613440216,True,87a65c0,14,15,none,0,0.0,False,0.7,0.95,0.1,
X-n106-k14,acs_cl15,8,28058.925566709127,,0.4688163751270622,True,87a65c0,14,15,none,0,0.0,False,0.7,0.95,0.1,
X-n106-k14,acs_cl15,9,28030.97961600994,,0.5004191249608994,True,87a65c0,14,15,none,0,0.0,False,0.7,0.95,0.1,
X-n106-k14,acs_cl15,10,28048.357302468245,,0.45486175012774765,True,87a65c0,14,15,none,0,0.0,False,0.7,0.95,0.1,
X-n106-k14,acs_cl15,11,28066.579638933083,,0.44794795801863074,True,87a65c0,14,15,none,0,0.0,False,0.7,0.95,0.1,
X-n106-k14,acs_cl15,12,28206.20548714539,,0.454807500122115,True,87a65c0,14,15,none,0,0.0,False,0.7,0.95,0.1,
X-n106-k14,acs_cl15,13,27977.582851415085,,0.44886037497781217,True,87a65c0,14,15,none,0,0.0,False,0.7,0.95,0.1,
X-n106-k14,acs_cl15,14,28042.3631475305,,0.4895058749243617,True,87a65c0,14,15,none,0,0.0,False,0.7,0.95,0.1,
X-n106-k14,acs_cl15,15,27882.10219244765,,0.650835582986474,True,87a65c0,14,15,none,0,0.0,False,0.7,0.95,0.1,
X-n106-k14,acs_cl15,16,28216.751029134815,,0.547779917018488,True,87a65c0,14,15,none,0,0.0,False,0.7,0.95,0.1,
X-n106-k14,acs_cl15,17,27988.760191491267,,0.4488385410513729,True,87a65c0,14,15,none,0,0.0,False,0.7,0.95,0.1,
X-n106-k14,acs_cl15,18,28154.59897286111,,0.44864433305338025,True,87a65c0,14,15,none,0,0.0,False,0.7,0.95,0.1,
X-n106-k14,acs_cl15,19,28416.905725800956,,0.4567760000936687,True,87a65c0,14,15,none,0,0.0,False,0.7,0.95,0.1,
X-n106-k14,acs_cl15,20,28352.183513250497,,0.5464142910204828,True,87a65c0,14,15,none,0,0.0,False,0.7,0.95,0.1,
X-n106-k14,acs_cl15,21,28084.05399118016,,0.4494283751118928,True,87a65c0,14,15,none,0,0.0,False,0.7,0.95,0.1,
X-n106-k14,acs_cl15,22,28318.954871812133,,0.45461170794442296,True,87a65c0,14,15,none,0,0.0,False,0.7,0.95,0.1,
X-n106-k14,acs_cl15,23,28060.753431969704,,0.4501289580948651,True,87a65c0,14,15,none,0,0.0,False,0.7,0.95,0.1,
X-n106-k14,acs_cl15,24,28133.962869066025,,0.4553684159182012,True,87a65c0,14,15,none,0,0.0,False,0.7,0.95,0.1,
X-n106-k14,acs_cl15,25,27976.960662517118,,0.5006671668961644,True,87a65c0,14,15,none,0,0.0,False,0.7,0.95,0.1,
X-n106-k14,acs_cl15,26,28211.944406963772,,0.4539302079938352,True,87a65c0,14,15,none,0,0.0,False,0.7,0.95,0.1,
X-n106-k14,acs_cl15,27,28211.546331956015,,0.4598240000195801,True,87a65c0,14,15,none,0,0.0,False,0.7,0.95,0.1,
X-n106-k14,acs_cl15,28,27894.32508933889,,0.46077933302149177,True,87a65c0,14,15,none,0,0.0,False,0.7,0.95,0.1,
X-n106-k14,acs_cl15,29,28226.3451012189,,0.45542037510313094,True,87a65c0,14,15,none,0,0.0,False,0.7,0.95,0.1,
X-n106-k14,acs_cl15_ls2opt_fixed,0,27818.56988231042,,0.5348330831620842,True,87a65c0,14,15,best,30,1.0,False,0.7,0.95,0.1,
X-n106-k14,acs_cl15_ls2opt_fixed,1,27641.19048374937,,0.49169854214414954,True,87a65c0,14,15,best,30,1.0,False,0.7,0.95,0.1,
X-n106-k14,acs_cl15_ls2opt_fixed,2,27519.683997844106,,0.49008566583506763,True,87a65c0,14,15,best,30,1.0,False,0.7,0.95,0.1,
X-n106-k14,acs_cl15_ls2opt_fixed,3,27286.60711632088,,0.48317991592921317,True,87a65c0,14,15,best,30,1.0,False,0.7,0.95,0.1,
X-n106-k14,acs_cl15_ls2opt_fixed,4,27767.96634947853,,0.490842874860391,True,87a65c0,14,15,best,30,1.0,False,0.7,0.95,0.1,
X-n106-k14,acs_cl15_ls2opt_fixed,5,27727.537398114615,,0.4924925419036299,True,87a65c0,14,15,best,30,1.0,False,0.7,0.95,0.1,
X-n106-k14,acs_cl15_ls2opt_fixed,6,27853.647531955176,,0.48896025004796684,True,87a65c0,14,15,best,30,1.0,False,0.7,0.95,0.1,
X-n106-k14,acs_cl15_ls2opt_fixed,7,27715.916086246638,,0.49168437509797513,True,87a65c0,14,15,best,30,1.0,False,0.7,0.95,0.1,
X-n106-k14,acs_cl15_ls2opt_fixed,8,27725.436097132886,,0.4820638750679791,True,87a65c0,14,15,best,30,1.0,False,0.7,0.95,0.1,
X-n106-k14,acs_cl15_ls2opt_fixed,9,27604.58514910789,,0.4911566248629242,True,87a65c0,14,15,best,30,1.0,False,0.7,0.95,0.1,
X-n106-k14,acs_cl15_ls2opt_fixed,10,27744.468252710754,,0.533415166893974,True,87a65c0,14,15,best,30,1.0,False,0.7,0.95,0.1,
X-n106-k14,acs_cl15_ls2opt_fixed,11,27750.417742704827,,0.4828362080734223,True,87a65c0,14,15,best,30,1.0,False,0.7,0.95,0.1,
X-n106-k14,acs_cl15_ls2opt_fixed,12,27518.994050317415,,0.4910317079629749,True,87a65c0,14,15,best,30,1.0,False,0.7,0.95,0.1,
X-n106-k14,acs_cl15_ls2opt_fixed,13,27418.89189580344,,0.4924219590611756,True,87a65c0,14,15,best,30,1.0,False,0.7,0.95,0.1,
X-n106-k14,acs_cl15_ls2opt_fixed,14,27735.920943308676,,0.4875234579667449,True,87a65c0,14,15,best,30,1.0,False,0.7,0.95,0.1,
X-n106-k14,acs_cl15_ls2opt_fixed,15,27585.935287739252,,0.548966082977131,True,87a65c0,14,15,best,30,1.0,False,0.7,0.95,0.1,
X-n106-k14,acs_cl15_ls2opt_fixed,16,27751.420734685384,,0.4893953329883516,True,87a65c0,14,15,best,30,1.0,False,0.7,0.95,0.1,
X-n106-k14,acs_cl15_ls2opt_fixed,17,27707.14144826212,,0.4915301250293851,True,87a65c0,14,15,best,30,1.0,False,0.7,0.95,0.1,
X-n106-k14,acs_cl15_ls2opt_fixed,18,27789.22349412961,,0.4884621670935303,True,87a65c0,14,15,best,30,1.0,False,0.7,0.95,0.1,
X-n106-k14,acs_cl15_ls2opt_fixed,19,27386.140143042732,,0.4912074590101838,True,87a65c0,14,15,best,30,1.0,False,0.7,0.95,0.1,
X-n106-k14,acs_cl15_ls2opt_fixed,20,27768.24674774302,,0.4928282080218196,True,87a65c0,14,15,best,30,1.0,False,0.7,0.95,0.1,
X-n106-k14,acs_cl15_ls2opt_fixed,21,27720.298103995417,,0.5089622910600156,True,87a65c0,14,15,best,30,1.0,False,0.7,0.95,0.1,
X-n106-k14,acs_cl15_ls2opt_fixed,22,27786.846625216604,,0.5403781249187887,True,87a65c0,14,15,best,30,1.0,False,0.7,0.95,0.1,
X-n106-k14,acs_cl15_ls2opt_fixed,23,27727.764742639258,,0.49336070800200105,True,87a65c0,14,15,best,30,1.0,False,0.7,0.95,0.1,
X-n106-k14,acs_cl15_ls2opt_fixed,24,27701.49709654654,,0.48882279195822775,True,87a65c0,14,15,best,30,1.0,False,0.7,0.95,0.1,
X-n106-k14,acs_cl15_ls2opt_fixed,25,27590.13715165193,,0.4987612080294639,True,87a65c0,14,15,best,30,1.0,False,0.7,0.95,0.1,
X-n106-k14,acs_cl15_ls2opt_fixed,26,27690.422763703595,,0.48906287481077015,True,87a65c0,14,15,best,30,1.0,False,0.7,0.95,0.1,
X-n106-k14,acs_cl15_ls2opt_fixed,27,27685.80115044464,,0.49128516600467265,True,87a65c0,14,15,best,30,1.0,False,0.7,0.95,0.1,
X-n106-k14,acs_cl15_ls2opt_fixed,28,27280.808577251577,,0.5317420000210404,True,87a65c0,14,15,best,30,1.0,False,0.7,0.95,0.1,
X-n106-k14,acs_cl15_ls2opt_fixed,29,27833.097227964645,,0.4858754591550678,True,87a65c0,14,15,best,30,1.0,False,0.7,0.95,0.1,
X-n106-k14,acs_cl15_ls2opt_fixed_q0sched,0,27646.660708980995,,0.5117220841348171,True,87a65c0,14,15,best,30,1.0,True,0.7,0.95,0.1,
X-n106-k14,acs_cl15_ls2opt_fixed_q0sched,1,27740.25932369129,,0.5123925830703229,True,87a65c0,14,15,best,30,1.0,True,0.7,0.95,0.1,
X-n106-k14,acs_cl15_ls2opt_fixed_q0sched,2,27790.452179805325,,0.5062299999408424,True,87a65c0,14,15,best,30,1.0,True,0.7,0.95,0.1,
X-n106-k14,acs_cl15_ls2opt_fixed_q0sched,3,27866.668042075697,,0.5538766249082983,True,87a65c0,14,15,best,30,1.0,True,0.7,0.95,0.1,
X-n106-k14,acs_cl15_ls2opt_fixed_q0sched,4,27629.359423011058,,0.508386957924813,True,87a65c0,14,15,best,30,1.0,True,0.7,0.95,0.1,
X-n106-k14,acs_cl15_ls2opt_fixed_q0sched,5,27831.146225997098,,0.5119819170795381,True,87a65c0,14,15,best,30,1.0,True,0.7,0.95,0.1,
X-n106-k14,acs_cl15_ls2opt_fixed_q0sched,6,27768.941735425127,,0.5112744579091668,True,87a65c0,14,15,best,30,1.0,True,0.7,0.95,0.1,
X-n106-k14,acs_cl15_ls2opt_fixed_q0sched,7,27661.974166609605,,0.5092186669353396,True,87a65c0,14,15,best,30,1.0,True,0.7,0.95,0.1,
X-n106-k14,acs_cl15_ls2opt_fixed_q0sched,8,27842.973396191654,,0.5110990409739316,True,87a65c0,14,15,best,30,1.0,True,0.7,0.95,0.1,
X-n106-k14,acs_cl15_ls2opt_fixed_q0sched,9,27729.54183376853,,0.5105161250103265,True,87a65c0,14,15,best,30,1.0,True,0.7,0.95,0.1,
X-n106-k14,acs_cl15_ls2opt_fixed_q0sched,10,27752.45092924805,,0.5558673331979662,True,87a65c0,14,15,best,30,1.0,True,0.7,0.95,0.1,
X-n106-k14,acs_cl15_ls2opt_fixed_q0sched,11,27670.86044557436,,0.5082887078169733,True,87a65c0,14,15,best,30,1.0,True,0.7,0.95,0.1,
X-n106-k14,acs_cl15_ls2opt_fixed_q0sched,12,27696.0836211465,,0.5085272500291467,True,87a65c0,14,15,best,30,1.0,True,0.7,0.95,0.1,
X-n106-k14,acs_cl15_ls2opt_fixed_q0sched,13,27698.889547750503,,0.5050647081807256,True,87a65c0,14,15,best,30,1.0,True,0.7,0.95,0.1,
X-n106-k14,acs_cl15_ls2opt_fixed_q0sched,14,27620.10594885093,,0.5161905409768224,True,87a65c0,14,15,best,30,1.0,True,0.7,0.95,0.1,
X-n106-k14,acs_cl15_ls2opt_fixed_q0sched,15,27652.20771589568,,0.5171060408465564,True,87a65c0,14,15,best,30,1.0,True,0.7,0.95,0.1,
X-n106-k14,acs_cl15_ls2opt_fixed_q0sched,16,27778.100306093613,,0.5593465839046985,True,87a65c0,14,15,best,30,1.0,True,0.7,0.95,0.1,
X-n106-k14,acs_cl15_ls2opt_fixed_q0sched,17,27750.357937291345,,0.5643884579185396,True,87a65c0,14,15,best,30,1.0,True,0.7,0.95,0.1,
X-n106-k14,acs_cl15_ls2opt_fixed_q0sched,18,27620.523007615764,,0.560208042152226,True,87a65c0,14,15,best,30,1.0,True,0.7,0.95,0.1,
X-n106-k14,acs_cl15_ls2opt_fixed_q0sched,19,27710.992644173104,,0.5196242912206799,True,87a65c0,14,15,best,30,1.0,True,0.7,0.95,0.1,
X-n106-k14,acs_cl15_ls2opt_fixed_q0sched,20,27742.837495347347,,0.5060958748217672,True,87a65c0,14,15,best,30,1.0,True,0.7,0.95,0.1,
X-n106-k14,acs_cl15_ls2opt_fixed_q0sched,21,27776.079698552225,,0.5237915830221027,True,87a65c0,14,15,best,30,1.0,True,0.7,0.95,0.1,
X-n106-k14,acs_cl15_ls2opt_fixed_q0sched,22,27802.06074925068,,0.5623034578748047,True,87a65c0,14,15,best,30,1.0,True,0.7,0.95,0.1,
X-n106-k14,acs_cl15_ls2opt_fixed_q0sched,23,27572.22797895283,,0.519201667048037,True,87a65c0,14,15,best,30,1.0,True,0.7,0.95,0.1,
X-n106-k14,acs_cl15_ls2opt_fixed_q0sched,24,27588.88155313721,,0.5107135409489274,True,87a65c0,14,15,best,30,1.0,True,0.7,0.95,0.1,
X-n106-k14,acs_cl15_ls2opt_fixed_q0sched,25,27328.06022777779,,0.5062683329451829,True,87a65c0,14,15,best,30,1.0,True,0.7,0.95,0.1,
X-n106-k14,acs_cl15_ls2opt_fixed_q0sched,26,27742.72570462091,,0.5100633748807013,True,87a65c0,14,15,best,30,1.0,True,0.7,0.95,0.1,
X-n106-k14,acs_cl15_ls2opt_fixed_q0sched,27,27755.47544467195,,0.5067413749638945,True,87a65c0,14,15,best,30,1.0,True,0.7,0.95,0.1,
X-n106-k14,acs_cl15_ls2opt_fixed_q0sched,28,27717.75102448383,,0.5494207919109613,True,87a65c0,14,15,best,30,1.0,True,0.7,0.95,0.1,
X-n106-k14,acs_cl15_ls2opt_fixed_q0sched,29,27751.917216173046,,0.5099379580933601,True,87a65c0,14,15,best,30,1.0,True,0.7,0.95,0.1,
X-n106-k14,acs_clsqrtn_2opt_q0sched,0,27867.36686262525,,0.49954245798289776,True,87a65c0,14,15,best,30,1.0,True,0.7,0.95,0.1,
X-n106-k14,acs_clsqrtn_2opt_q0sched,1,27692.524142773447,,0.5173337911255658,True,87a65c0,14,15,best,30,1.0,True,0.7,0.95,0.1,
X-n106-k14,acs_clsqrtn_2opt_q0sched,2,27798.550831321827,,0.4998307079076767,True,87a65c0,14,15,best,30,1.0,True,0.7,0.95,0.1,
X-n106-k14,acs_clsqrtn_2opt_q0sched,3,27706.33055739231,,0.5018061250448227,True,87a65c0,14,15,best,30,1.0,True,0.7,0.95,0.1,
X-n106-k14,acs_clsqrtn_2opt_q0sched,4,27748.429888015424,,0.5501060839742422,True,87a65c0,14,15,best,30,1.0,True,0.7,0.95,0.1,
X-n106-k14,acs_clsqrtn_2opt_q0sched,5,27658.8807481733,,0.49981995788402855,True,87a65c0,14,15,best,30,1.0,True,0.7,0.95,0.1,
X-n106-k14,acs_clsqrtn_2opt_q0sched,6,27509.377284238388,,0.5022579578217119,True,87a65c0,14,15,best,30,1.0,True,0.7,0.95,0.1,
X-n106-k14,acs_clsqrtn_2opt_q0sched,7,27665.3311553067,,0.5011509999167174,True,87a65c0,14,15,best,30,1.0,True,0.7,0.95,0.1,
X-n106-k14,acs_clsqrtn_2opt_q0sched,8,27667.476967497612,,0.4967452909331769,True,87a65c0,14,15,best,30,1.0,True,0.7,0.95,0.1,
X-n106-k14,acs_clsqrtn_2opt_q0sched,9,27616.10951359523,,0.4975195419974625,True,87a65c0,14,15,best,30,1.0,True,0.7,0.95,0.1,
X-n106-k14,acs_clsqrtn_2opt_q0sched,10,27773.060955783796,,0.498582208994776,True,87a65c0,14,15,best,30,1.0,True,0.7,0.95,0.1,
X-n106-k14,acs_clsqrtn_2opt_q0sched,11,27726.844936896563,,0.543721916154027,True,87a65c0,14,15,best,30,1.0,True,0.7,0.95,0.1,
X-n106-k14,acs_clsqrtn_2opt_q0sched,12,27820.916359313087,,0.5005984997842461,True,87a65c0,14,15,best,30,1.0,True,0.7,0.95,0.1,
X-n106-k14,acs_clsqrtn_2opt_q0sched,13,27656.80049064991,,0.49560512509196997,True,87a65c0,14,15,best,30,1.0,True,0.7,0.95,0.1,
X-n106-k14,acs_clsqrtn_2opt_q0sched,14,27775.753106721502,,0.49751249980181456,True,87a65c0,14,15,best,30,1.0,True,0.7,0.95,0.1,
X-n106-k14,acs_clsqrtn_2opt_q0sched,15,27891.215067712517,,0.5468340418301523,True,87a65c0,14,15,best,30,1.0,True,0.7,0.95,0.1,
X-n106-k14,acs_clsqrtn_2opt_q0sched,16,27651.559940532676,,0.4997692499309778,True,87a65c0,14,15,best,30,1.0,True,0.7,0.95,0.1,
X-n106-k14,acs_clsqrtn_2opt_q0sched,17,27611.208269122366,,0.5049717500805855,True,87a65c0,14,15,best,30,1.0,True,0.7,0.95,0.1,
X-n106-k14,acs_clsqrtn_2opt_q0sched,18,27465.07386599471,,0.5008275830186903,True,87a65c0,14,15,best,30,1.0,True,0.7,0.95,0.1,
X-n106-k14,acs_clsqrtn_2opt_q0sched,19,27647.033225150375,,0.5055294160265476,True,87a65c0,14,15,best,30,1.0,True,0.7,0.95,0.1,
X-n106-k14,acs_clsqrtn_2opt_q0sched,20,27678.423675891234,,0.5036100421566516,True,87a65c0,14,15,best,30,1.0,True,0.7,0.95,0.1,
X-n106-k14,acs_clsqrtn_2opt_q0sched,21,27807.77799702949,,0.5917680829297751,True,87a65c0,14,15,best,30,1.0,True,0.7,0.95,0.1,
X-n106-k14,acs_clsqrtn_2opt_q0sched,22,27479.2484511818,,0.6564330421388149,True,87a65c0,14,15,best,30,1.0,True,0.7,0.95,0.1,
X-n106-k14,acs_clsqrtn_2opt_q0sched,23,27756.198291172113,,0.5525189170148224,True,87a65c0,14,15,best,30,1.0,True,0.7,0.95,0.1,
X-n106-k14,acs_clsqrtn_2opt_q0sched,24,27787.385638352673,,0.6014454169198871,True,87a65c0,14,15,best,30,1.0,True,0.7,0.95,0.1,
X-n106-k14,acs_clsqrtn_2opt_q0sched,25,27843.20662508248,,0.5614045409020036,True,87a65c0,14,15,best,30,1.0,True,0.7,0.95,0.1,
X-n106-k14,acs_clsqrtn_2opt_q0sched,26,27888.899158383843,,0.5229512918740511,True,87a65c0,14,15,best,30,1.0,True,0.7,0.95,0.1,
X-n106-k14,acs_clsqrtn_2opt_q0sched,27,27953.80630471419,,0.5418549999594688,True,87a65c0,14,15,best,30,1.0,True,0.7,0.95,0.1,
X-n106-k14,acs_clsqrtn_2opt_q0sched,28,27834.235723931615,,0.515061334008351,True,87a65c0,14,15,best,30,1.0,True,0.7,0.95,0.1,
X-n106-k14,acs_clsqrtn_2opt_q0sched,29,27588.461635813113,,0.5122314591426402,True,87a65c0,14,15,best,30,1.0,True,0.7,0.95,0.1,
X-n106-k14,acs_nocl_2opt_q0sched,0,27688.326415327054,,0.9267038339748979,True,87a65c0,14,0,best,30,1.0,True,0.7,0.95,0.1,
X-n106-k14,acs_nocl_2opt_q0sched,1,27799.775858561432,,0.846611708868295,True,87a65c0,14,0,best,30,1.0,True,0.7,0.95,0.1,
X-n106-k14,acs_nocl_2opt_q0sched,2,27715.119526295337,,0.8404747501481324,True,87a65c0,14,0,best,30,1.0,True,0.7,0.95,0.1,
X-n106-k14,acs_nocl_2opt_q0sched,3,27755.9041607624,,0.8711722090374678,True,87a65c0,14,0,best,30,1.0,True,0.7,0.95,0.1,
X-n106-k14,acs_nocl_2opt_q0sched,4,27868.529651319106,,0.8391563750337809,True,87a65c0,14,0,best,30,1.0,True,0.7,0.95,0.1,
X-n106-k14,acs_nocl_2opt_q0sched,5,27809.88088128341,,0.8498188331723213,True,87a65c0,14,0,best,30,1.0,True,0.7,0.95,0.1,
X-n106-k14,acs_nocl_2opt_q0sched,6,27668.28530255303,,0.8746117500122637,True,87a65c0,14,0,best,30,1.0,True,0.7,0.95,0.1,
X-n106-k14,acs_nocl_2opt_q0sched,7,27855.750912050098,,0.8358107500243932,True,87a65c0,14,0,best,30,1.0,True,0.7,0.95,0.1,
X-n106-k14,acs_nocl_2opt_q0sched,8,27977.10693510028,,0.8383266250602901,True,87a65c0,14,0,best,30,1.0,True,0.7,0.95,0.1,
X-n106-k14,acs_nocl_2opt_q0sched,9,27644.70565001608,,0.8860794589854777,True,87a65c0,14,0,best,30,1.0,True,0.7,0.95,0.1,
X-n106-k14,acs_nocl_2opt_q0sched,10,27724.131447243817,,0.8403689169790596,True,87a65c0,14,0,best,30,1.0,True,0.7,0.95,0.1,
X-n106-k14,acs_nocl_2opt_q0sched,11,27888.15526904011,,0.8637230419553816,True,87a65c0,14,0,best,30,1.0,True,0.7,0.95,0.1,
X-n106-k14,acs_nocl_2opt_q0sched,12,27812.343531654984,,0.8482556669041514,True,87a65c0,14,0,best,30,1.0,True,0.7,0.95,0.1,
X-n106-k14,acs_nocl_2opt_q0sched,13,27683.275275208707,,0.8442355829756707,True,87a65c0,14,0,best,30,1.0,True,0.7,0.95,0.1,
X-n106-k14,acs_nocl_2opt_q0sched,14,27622.623971903482,,0.8390607920009643,True,87a65c0,14,0,best,30,1.0,True,0.7,0.95,0.1,
X-n106-k14,acs_nocl_2opt_q0sched,15,27744.007183684404,,0.8346822080202401,True,87a65c0,14,0,best,30,1.0,True,0.7,0.95,0.1,
X-n106-k14,acs_nocl_2opt_q0sched,16,27876.148203157507,,0.8766406250651926,True,87a65c0,14,0,best,30,1.0,True,0.7,0.95,0.1,
X-n106-k14,acs_nocl_2opt_q0sched,17,27545.701709174053,,0.985212333034724,True,87a65c0,14,0,best,30,1.0,True,0.7,0.95,0.1,
X-n106-k14,acs_nocl_2opt_q0sched,18,27846.425466457746,,0.8434317079372704,True,87a65c0,14,0,best,30,1.0,True,0.7,0.95,0.1,
X-n106-k14,acs_nocl_2opt_q0sched,19,27897.57888350004,,0.8389565839897841,True,87a65c0,14,0,best,30,1.0,True,0.7,0.95,0.1,
X-n106-k14,acs_nocl_2opt_q0sched,20,27846.19696492686,,0.9210491669364274,True,87a65c0,14,0,best,30,1.0,True,0.7,0.95,0.1,
X-n106-k14,acs_nocl_2opt_q0sched,21,27754.678637652287,,0.8961603748612106,True,87a65c0,14,0,best,30,1.0,True,0.7,0.95,0.1,
X-n106-k14,acs_nocl_2opt_q0sched,22,27883.003175843347,,0.8344601248390973,True,87a65c0,14,0,best,30,1.0,True,0.7,0.95,0.1,
X-n106-k14,acs_nocl_2opt_q0sched,23,27875.411946575314,,0.8603504588827491,True,87a65c0,14,0,best,30,1.0,True,0.7,0.95,0.1,
X-n106-k14,acs_nocl_2opt_q0sched,24,27917.19274967533,,0.8306954998988658,True,87a65c0,14,0,best,30,1.0,True,0.7,0.95,0.1,
X-n106-k14,acs_nocl_2opt_q0sched,25,27814.9855715096,,0.8932380829937756,True,87a65c0,14,0,best,30,1.0,True,0.7,0.95,0.1,
X-n106-k14,acs_nocl_2opt_q0sched,26,27623.401424106607,,0.8330554580315948,True,87a65c0,14,0,best,30,1.0,True,0.7,0.95,0.1,
X-n106-k14,acs_nocl_2opt_q0sched,27,27920.5042544264,,0.8312000830192119,True,87a65c0,14,0,best,30,1.0,True,0.7,0.95,0.1,
X-n106-k14,acs_nocl_2opt_q0sched,28,28021.44247004225,,0.8485144169535488,True,87a65c0,14,0,best,30,1.0,True,0.7,0.95,0.1,
X-n106-k14,acs_nocl_2opt_q0sched,29,27870.878134121318,,0.8285362089518458,True,87a65c0,14,0,best,30,1.0,True,0.7,0.95,0.1,
X-n110-k13,acs_baseline,0,17423.493542080018,,0.847922874847427,True,87a65c0,13,0,none,0,0.0,False,0.7,0.95,0.1,
X-n110-k13,acs_baseline,1,16933.062102372365,,0.827690500067547,True,87a65c0,13,0,none,0,0.0,False,0.7,0.95,0.1,
X-n110-k13,acs_baseline,2,17452.235071902745,,0.8707434588577598,True,87a65c0,13,0,none,0,0.0,False,0.7,0.95,0.1,
X-n110-k13,acs_baseline,3,17514.664044675792,,0.8722543329931796,True,87a65c0,13,0,none,0,0.0,False,0.7,0.95,0.1,
X-n110-k13,acs_baseline,4,17304.750256985182,,0.8661639168858528,True,87a65c0,13,0,none,0,0.0,False,0.7,0.95,0.1,
X-n110-k13,acs_baseline,5,17518.795387835315,,0.8307059579528868,True,87a65c0,13,0,none,0,0.0,False,0.7,0.95,0.1,
X-n110-k13,acs_baseline,6,17284.85443248412,,0.8323223330080509,True,87a65c0,13,0,none,0,0.0,False,0.7,0.95,0.1,
X-n110-k13,acs_baseline,7,17397.192816214054,,0.881739417091012,True,87a65c0,13,0,none,0,0.0,False,0.7,0.95,0.1,
X-n110-k13,acs_baseline,8,17816.017098645993,,0.8658301250543445,True,87a65c0,13,0,none,0,0.0,False,0.7,0.95,0.1,
X-n110-k13,acs_baseline,9,17691.673469201723,,0.8529910831712186,True,87a65c0,13,0,none,0,0.0,False,0.7,0.95,0.1,
X-n110-k13,acs_baseline,10,17671.47308395094,,0.8418611250817776,True,87a65c0,13,0,none,0,0.0,False,0.7,0.95,0.1,
X-n110-k13,acs_baseline,11,17048.05631687113,,0.8371632499620318,True,87a65c0,13,0,none,0,0.0,False,0.7,0.95,0.1,
X-n110-k13,acs_baseline,12,17693.965566499126,,0.9074561661109328,True,87a65c0,13,0,none,0,0.0,False,0.7,0.95,0.1,
X-n110-k13,acs_baseline,13,17616.42836271663,,0.8660351249855012,True,87a65c0,13,0,none,0,0.0,False,0.7,0.95,0.1,
X-n110-k13,acs_baseline,14,17266.78068084361,,0.846446624957025,True,87a65c0,13,0,none,0,0.0,False,0.7,0.95,0.1,
X-n110-k13,acs_baseline,15,17382.625706556373,,0.8522016250062734,True,87a65c0,13,0,none,0,0.0,False,0.7,0.95,0.1,
X-n110-k13,acs_baseline,16,17190.688858996484,,0.8536719158291817,True,87a65c0,13,0,none,0,0.0,False,0.7,0.95,0.1,
X-n110-k13,acs_baseline,17,17416.07040848014,,0.8385175408329815,True,87a65c0,13,0,none,0,0.0,False,0.7,0.95,0.1,
X-n110-k13,acs_baseline,18,17482.496877845828,,0.8286743329372257,True,87a65c0,13,0,none,0,0.0,False,0.7,0.95,0.1,
X-n110-k13,acs_baseline,19,17433.182357516904,,0.81170399999246,True,87a65c0,13,0,none,0,0.0,False,0.7,0.95,0.1,
X-n110-k13,acs_baseline,20,17319.233996474217,,0.8616293340455741,True,87a65c0,13,0,none,0,0.0,False,0.7,0.95,0.1,
X-n110-k13,acs_baseline,21,17417.274026905467,,0.8386437920853496,True,87a65c0,13,0,none,0,0.0,False,0.7,0.95,0.1,
X-n110-k13,acs_baseline,22,17602.279444716107,,0.8835504169110209,True,87a65c0,13,0,none,0,0.0,False,0.7,0.95,0.1,
X-n110-k13,acs_baseline,23,17076.404223926296,,0.8036290409509093,True,87a65c0,13,0,none,0,0.0,False,0.7,0.95,0.1,
X-n110-k13,acs_baseline,24,17343.06944009003,,0.8046158750075847,True,87a65c0,13,0,none,0,0.0,False,0.7,0.95,0.1,
X-n110-k13,acs_baseline,25,17523.74297555631,,0.7973822918720543,True,87a65c0,13,0,none,0,0.0,False,0.7,0.95,0.1,
X-n110-k13,acs_baseline,26,17463.497424470217,,0.8010153330396861,True,87a65c0,13,0,none,0,0.0,False,0.7,0.95,0.1,
X-n110-k13,acs_baseline,27,17037.03340213716,,0.79812395805493,True,87a65c0,13,0,none,0,0.0,False,0.7,0.95,0.1,
X-n110-k13,acs_baseline,28,17816.624237320397,,0.7956809580791742,True,87a65c0,13,0,none,0,0.0,False,0.7,0.95,0.1,
X-n110-k13,acs_baseline,29,17626.372082396185,,0.7979396670125425,True,87a65c0,13,0,none,0,0.0,False,0.7,0.95,0.1,
X-n110-k13,acs_cl15,0,17317.321165800546,,0.503590458072722,True,87a65c0,13,15,none,0,0.0,False,0.7,0.95,0.1,
X-n110-k13,acs_cl15,1,17154.698627996648,,0.4450619579292834,True,87a65c0,13,15,none,0,0.0,False,0.7,0.95,0.1,
X-n110-k13,acs_cl15,2,17542.09622195779,,0.4886973339598626,True,87a65c0,13,15,none,0,0.0,False,0.7,0.95,0.1,
X-n110-k13,acs_cl15,3,17266.7369928751,,0.4466854170896113,True,87a65c0,13,15,none,0,0.0,False,0.7,0.95,0.1,
X-n110-k13,acs_cl15,4,17152.132231173906,,0.44954699999652803,True,87a65c0,13,15,none,0,0.0,False,0.7,0.95,0.1,
X-n110-k13,acs_cl15,5,17595.031235195464,,0.4470854999963194,True,87a65c0,13,15,none,0,0.0,False,0.7,0.95,0.1,
X-n110-k13,acs_cl15,6,17511.908838934352,,0.4515740422066301,True,87a65c0,13,15,none,0,0.0,False,0.7,0.95,0.1,
X-n110-k13,acs_cl15,7,17152.813763708924,,0.45437358296476305,True,87a65c0,13,15,none,0,0.0,False,0.7,0.95,0.1,
X-n110-k13,acs_cl15,8,17605.102762572445,,0.4671435409691185,True,87a65c0,13,15,none,0,0.0,False,0.7,0.95,0.1,
X-n110-k13,acs_cl15,9,17569.917844965417,,0.44445712491869926,True,87a65c0,13,15,none,0,0.0,False,0.7,0.95,0.1,
X-n110-k13,acs_cl15,10,17373.57995917398,,0.4416048750281334,True,87a65c0,13,15,none,0,0.0,False,0.7,0.95,0.1,
X-n110-k13,acs_cl15,11,17110.4981359167,,0.45200883294455707,True,87a65c0,13,15,none,0,0.0,False,0.7,0.95,0.1,
X-n110-k13,acs_cl15,12,17076.544615234347,,0.4498032499104738,True,87a65c0,13,15,none,0,0.0,False,0.7,0.95,0.1,
X-n110-k13,acs_cl15,13,17179.9370981592,,0.46665095910429955,True,87a65c0,13,15,none,0,0.0,False,0.7,0.95,0.1,
X-n110-k13,acs_cl15,14,17263.13012280279,,0.45195195893757045,True,87a65c0,13,15,none,0,0.0,False,0.7,0.95,0.1,
X-n110-k13,acs_cl15,15,17363.831535122026,,0.44572683284059167,True,87a65c0,13,15,none,0,0.0,False,0.7,0.95,0.1,
X-n110-k13,acs_cl15,16,17406.363808792965,,0.4479328338056803,True,87a65c0,13,15,none,0,0.0,False,0.7,0.95,0.1,
X-n110-k13,acs_cl15,17,16995.152852008203,,0.4437337080016732,True,87a65c0,13,15,none,0,0.0,False,0.7,0.95,0.1,
X-n110-k13,acs_cl15,18,17623.267428769705,,0.49197570886462927,True,87a65c0,13,15,none,0,0.0,False,0.7,0.95,0.1,
X-n110-k13,acs_cl15,19,17300.416614958667,,0.4423630000092089,True,87a65c0,13,15,none,0,0.0,False,0.7,0.95,0.1,
X-n110-k13,acs_cl15,20,17446.64651013817,,0.4433020839933306,True,87a65c0,13,15,none,0,0.0,False,0.7,0.95,0.1,
X-n110-k13,acs_cl15,21,17161.90865174505,,0.4430928339716047,True,87a65c0,13,15,none,0,0.0,False,0.7,0.95,0.1,
X-n110-k13,acs_cl15,22,17586.86500653292,,0.4421657498460263,True,87a65c0,13,15,none,0,0.0,False,0.7,0.95,0.1,
X-n110-k13,acs_cl15,23,17359.766701174525,,0.44385429099202156,True,87a65c0,13,15,none,0,0.0,False,0.7,0.95,0.1,
X-n110-k13,acs_cl15,24,17608.634774007027,,0.4458061249461025,True,87a65c0,13,15,none,0,0.0,False,0.7,0.95,0.1,
X-n110-k13,acs_cl15,25,17285.591204646174,,0.4439182919450104,True,87a65c0,13,15,none,0,0.0,False,0.7,0.95,0.1,
X-n110-k13,acs_cl15,26,17257.201632353153,,0.4454644999932498,True,87a65c0,13,15,none,0,0.0,False,0.7,0.95,0.1,
X-n110-k13,acs_cl15,27,17177.102589935297,,0.44482599990442395,True,87a65c0,13,15,none,0,0.0,False,0.7,0.95,0.1,
X-n110-k13,acs_cl15,28,17338.206146875465,,0.4430155409500003,True,87a65c0,13,15,none,0,0.0,False,0.7,0.95,0.1,
X-n110-k13,acs_cl15,29,17287.174714193152,,0.44519920903258026,True,87a65c0,13,15,none,0,0.0,False,0.7,0.95,0.1,
X-n110-k13,acs_cl15_ls2opt_fixed,0,16597.47629064521,,0.5142931670416147,True,87a65c0,13,15,best,30,1.0,False,0.7,0.95,0.1,
X-n110-k13,acs_cl15_ls2opt_fixed,1,16597.476290645205,,0.4856109169777483,True,87a65c0,13,15,best,30,1.0,False,0.7,0.95,0.1,
X-n110-k13,acs_cl15_ls2opt_fixed,2,16873.021369124268,,0.4901869168970734,True,87a65c0,13,15,best,30,1.0,False,0.7,0.95,0.1,
X-n110-k13,acs_cl15_ls2opt_fixed,3,16807.138307558416,,0.48714433307759464,True,87a65c0,13,15,best,30,1.0,False,0.7,0.95,0.1,
X-n110-k13,acs_cl15_ls2opt_fixed,4,16885.188367503815,,0.4838065840303898,True,87a65c0,13,15,best,30,1.0,False,0.7,0.95,0.1,
X-n110-k13,acs_cl15_ls2opt_fixed,5,16629.527565463508,,0.5173559999093413,True,87a65c0,13,15,best,30,1.0,False,0.7,0.95,0.1,
X-n110-k13,acs_cl15_ls2opt_fixed,6,16437.315624443698,,0.5366866670083255,True,87a65c0,13,15,best,30,1.0,False,0.7,0.95,0.1,
X-n110-k13,acs_cl15_ls2opt_fixed,7,16537.979164333767,,0.5164544580038637,True,87a65c0,13,15,best,30,1.0,False,0.7,0.95,0.1,
X-n110-k13,acs_cl15_ls2opt_fixed,8,16972.929100960613,,0.4876037500798702,True,87a65c0,13,15,best,30,1.0,False,0.7,0.95,0.1,
X-n110-k13,acs_cl15_ls2opt_fixed,9,16972.380734364626,,0.4832206249702722,True,87a65c0,13,15,best,30,1.0,False,0.7,0.95,0.1,
X-n110-k13,acs_cl15_ls2opt_fixed,10,16689.860187515962,,0.5002892091870308,True,87a65c0,13,15,best,30,1.0,False,0.7,0.95,0.1,
X-n110-k13,acs_cl15_ls2opt_fixed,11,16530.800505230563,,0.49020766583271325,True,87a65c0,13,15,best,30,1.0,False,0.7,0.95,0.1,
X-n110-k13,acs_cl15_ls2opt_fixed,12,16613.908527414325,,0.4812161249574274,True,87a65c0,13,15,best,30,1.0,False,0.7,0.95,0.1,
X-n110-k13,acs_cl15_ls2opt_fixed,13,16447.254140466266,,0.4902647081762552,True,87a65c0,13,15,best,30,1.0,False,0.7,0.95,0.1,
X-n110-k13,acs_cl15_ls2opt_fixed,14,16612.622240761197,,0.4839288340881467,True,87a65c0,13,15,best,30,1.0,False,0.7,0.95,0.1,
X-n110-k13,acs_cl15_ls2opt_fixed,15,16632.32003461334,,0.4852293331641704,True,87a65c0,13,15,best,30,1.0,False,0.7,0.95,0.1,
X-n110-k13,acs_cl15_ls2opt_fixed,16,16765.56154480965,,0.4919290419202298,True,87a65c0,13,15,best,30,1.0,False,0.7,0.95,0.1,
X-n110-k13,acs_cl15_ls2opt_fixed,17,16069.401312231086,,0.4818170419894159,True,87a65c0,13,15,best,30,1.0,False,0.7,0.95,0.1,
X-n110-k13,acs_cl15_ls2opt_fixed,18,16692.371244187514,,0.47951725008897483,True,87a65c0,13,15,best,30,1.0,False,0.7,0.95,0.1,
X-n110-k13,acs_cl15_ls2opt_fixed,19,16810.775316461986,,0.48400441696867347,True,87a65c0,13,15,best,30,1.0,False,0.7,0.95,0.1,
X-n110-k13,acs_cl15_ls2opt_fixed,20,16809.607831829366,,0.4795066670048982,True,87a65c0,13,15,best,30,1.0,False,0.7,0.95,0.1,
X-n110-k13,acs_cl15_ls2opt_fixed,21,16550.812751808706,,0.5054246250074357,True,87a65c0,13,15,best,30,1.0,False,0.7,0.95,0.1,
X-n110-k13,acs_cl15_ls2opt_fixed,22,16839.945409768905,,0.47937333304435015,True,87a65c0,13,15,best,30,1.0,False,0.7,0.95,0.1,
X-n110-k13,acs_cl15_ls2opt_fixed,23,16538.903914402497,,0.4851995420176536,True,87a65c0,13,15,best,30,1.0,False,0.7,0.95,0.1,
X-n110-k13,acs_cl15_ls2opt_fixed,24,16744.5516914759,,0.48261016700416803,True,87a65c0,13,15,best,30,1.0,False,0.7,0.95,0.1,
X-n110-k13,acs_cl15_ls2opt_fixed,25,16900.384490750555,,0.4826244171708822,True,87a65c0,13,15,best,30,1.0,False,0.7,0.95,0.1,
X-n110-k13,acs_cl15_ls2opt_fixed,26,16837.9773070905,,0.48223708290606737,True,87a65c0,13,15,best,30,1.0,False,0.7,0.95,0.1,
X-n110-k13,acs_cl15_ls2opt_fixed,27,16688.70321467807,,0.487581874942407,True,87a65c0,13,15,best,30,1.0,False,0.7,0.95,0.1,
X-n110-k13,acs_cl15_ls2opt_fixed,28,16736.272797393252,,0.48200375004671514,True,87a65c0,13,15,best,30,1.0,False,0.7,0.95,0.1,
X-n110-k13,acs_cl15_ls2opt_fixed,29,16541.154931708028,,0.48217120789922774,True,87a65c0,13,15,best,30,1.0,False,0.7,0.95,0.1,
X-n110-k13,acs_cl15_ls2opt_fixed_q0sched,0,16563.453314190436,,0.5017700418829918,True,87a65c0,13,15,best,30,1.0,True,0.7,0.95,0.1,
X-n110-k13,acs_cl15_ls2opt_fixed_q0sched,1,16317.738195867127,,0.4988592090085149,True,87a65c0,13,15,best,30,1.0,True,0.7,0.95,0.1,
X-n110-k13,acs_cl15_ls2opt_fixed_q0sched,2,16843.70345603926,,0.5056032501161098,True,87a65c0,13,15,best,30,1.0,True,0.7,0.95,0.1,
X-n110-k13,acs_cl15_ls2opt_fixed_q0sched,3,17007.949785035817,,0.5001098338980228,True,87a65c0,13,15,best,30,1.0,True,0.7,0.95,0.1,
X-n110-k13,acs_cl15_ls2opt_fixed_q0sched,4,16772.302722476812,,0.5018075830303133,True,87a65c0,13,15,best,30,1.0,True,0.7,0.95,0.1,
X-n110-k13,acs_cl15_ls2opt_fixed_q0sched,5,16504.97258009418,,0.5031737089157104,True,87a65c0,13,15,best,30,1.0,True,0.7,0.95,0.1,
X-n110-k13,acs_cl15_ls2opt_fixed_q0sched,6,16953.686119464906,,0.4993747500702739,True,87a65c0,13,15,best,30,1.0,True,0.7,0.95,0.1,
X-n110-k13,acs_cl15_ls2opt_fixed_q0sched,7,16075.935877530203,,0.5053373340051621,True,87a65c0,13,15,best,30,1.0,True,0.7,0.95,0.1,
X-n110-k13,acs_cl15_ls2opt_fixed_q0sched,8,16831.61771091303,,0.5653607919812202,True,87a65c0,13,15,best,30,1.0,True,0.7,0.95,0.1,
X-n110-k13,acs_cl15_ls2opt_fixed_q0sched,9,16125.581714052023,,0.5002605419140309,True,87a65c0,13,15,best,30,1.0,True,0.7,0.95,0.1,
X-n110-k13,acs_cl15_ls2opt_fixed_q0sched,10,16441.97140179845,,0.4992448331322521,True,87a65c0,13,15,best,30,1.0,True,0.7,0.95,0.1,
X-n110-k13,acs_cl15_ls2opt_fixed_q0sched,11,16312.171465769883,,0.4999317910987884,True,87a65c0,13,15,best,30,1.0,True,0.7,0.95,0.1,
X-n110-k13,acs_cl15_ls2opt_fixed_q0sched,12,16769.867972818993,,0.5004277089610696,True,87a65c0,13,15,best,30,1.0,True,0.7,0.95,0.1,
X-n110-k13,acs_cl15_ls2opt_fixed_q0sched,13,16704.271674664677,,0.5105930001009256,True,87a65c0,13,15,best,30,1.0,True,0.7,0.95,0.1,
X-n110-k13,acs_cl15_ls2opt_fixed_q0sched,14,16713.892059643782,,0.49939995794557035,True,87a65c0,13,15,best,30,1.0,True,0.7,0.95,0.1,
X-n110-k13,acs_cl15_ls2opt_fixed_q0sched,15,16715.128500087707,,0.5025091250427067,True,87a65c0,13,15,best,30,1.0,True,0.7,0.95,0.1,
X-n110-k13,acs_cl15_ls2opt_fixed_q0sched,16,16752.491828510338,,0.4994530000258237,True,87a65c0,13,15,best,30,1.0,True,0.7,0.95,0.1,
X-n110-k13,acs_cl15_ls2opt_fixed_q0sched,17,16620.18758142303,,0.5016451249830425,True,87a65c0,13,15,best,30,1.0,True,0.7,0.95,0.1,
X-n110-k13,acs_cl15_ls2opt_fixed_q0sched,18,16611.853784969455,,0.5520011668559164,True,87a65c0,13,15,best,30,1.0,True,0.7,0.95,0.1,
X-n110-k13,acs_cl15_ls2opt_fixed_q0sched,19,16658.165611186945,,0.5078433330636472,True,87a65c0,13,15,best,30,1.0,True,0.7,0.95,0.1,
X-n110-k13,acs_cl15_ls2opt_fixed_q0sched,20,16693.501640694154,,0.5322715421207249,True,87a65c0,13,15,best,30,1.0,True,0.7,0.95,0.1,
X-n110-k13,acs_cl15_ls2opt_fixed_q0sched,21,16264.620397037272,,0.5034051660913974,True,87a65c0,13,15,best,30,1.0,True,0.7,0.95,0.1,
X-n110-k13,acs_cl15_ls2opt_fixed_q0sched,22,16329.894950467848,,0.5059630419127643,True,87a65c0,13,15,best,30,1.0,True,0.7,0.95,0.1,
X-n110-k13,acs_cl15_ls2opt_fixed_q0sched,23,16671.522522989657,,0.5081847079563886,True,87a65c0,13,15,best,30,1.0,True,0.7,0.95,0.1,
X-n110-k13,acs_cl15_ls2opt_fixed_q0sched,24,16724.074246549913,,0.5033046251628548,True,87a65c0,13,15,best,30,1.0,True,0.7,0.95,0.1,
X-n110-k13,acs_cl15_ls2opt_fixed_q0sched,25,16558.868348449752,,0.5162031250074506,True,87a65c0,13,15,best,30,1.0,True,0.7,0.95,0.1,
X-n110-k13,acs_cl15_ls2opt_fixed_q0sched,26,16790.429894521316,,0.5077535000164062,True,87a65c0,13,15,best,30,1.0,True,0.7,0.95,0.1,
X-n110-k13,acs_cl15_ls2opt_fixed_q0sched,27,16834.94352415074,,0.5975559998769313,True,87a65c0,13,15,best,30,1.0,True,0.7,0.95,0.1,
X-n110-k13,acs_cl15_ls2opt_fixed_q0sched,28,16728.18762731052,,0.5109234170522541,True,87a65c0,13,15,best,30,1.0,True,0.7,0.95,0.1,
X-n110-k13,acs_cl15_ls2opt_fixed_q0sched,29,16802.510203281163,,0.5071717919781804,True,87a65c0,13,15,best,30,1.0,True,0.7,0.95,0.1,
X-n110-k13,acs_clsqrtn_2opt_q0sched,0,16397.152003424086,,0.49411320802755654,True,87a65c0,13,15,best,30,1.0,True,0.7,0.95,0.1,
X-n110-k13,acs_clsqrtn_2opt_q0sched,1,16652.56398869037,,0.4895820829551667,True,87a65c0,13,15,best,30,1.0,True,0.7,0.95,0.1,
X-n110-k13,acs_clsqrtn_2opt_q0sched,2,16768.238281170456,,0.49235758394934237,True,87a65c0,13,15,best,30,1.0,True,0.7,0.95,0.1,
X-n110-k13,acs_clsqrtn_2opt_q0sched,3,16812.95472049522,,0.48969083395786583,True,87a65c0,13,15,best,30,1.0,True,0.7,0.95,0.1,
X-n110-k13,acs_clsqrtn_2opt_q0sched,4,16822.12437437695,,0.5020288340747356,True,87a65c0,13,15,best,30,1.0,True,0.7,0.95,0.1,
X-n110-k13,acs_clsqrtn_2opt_q0sched,5,16829.160486300807,,0.511833457974717,True,87a65c0,13,15,best,30,1.0,True,0.7,0.95,0.1,
X-n110-k13,acs_clsqrtn_2opt_q0sched,6,16769.308850087567,,0.4938416250515729,True,87a65c0,13,15,best,30,1.0,True,0.7,0.95,0.1,
X-n110-k13,acs_clsqrtn_2opt_q0sched,7,17011.58090503813,,0.5047928749118,True,87a65c0,13,15,best,30,1.0,True,0.7,0.95,0.1,
X-n110-k13,acs_clsqrtn_2opt_q0sched,8,16871.584020973354,,0.5008234998676926,True,87a65c0,13,15,best,30,1.0,True,0.7,0.95,0.1,
X-n110-k13,acs_clsqrtn_2opt_q0sched,9,16955.787195275287,,0.5022235000506043,True,87a65c0,13,15,best,30,1.0,True,0.7,0.95,0.1,
X-n110-k13,acs_clsqrtn_2opt_q0sched,10,16823.85250735559,,0.5247140841092914,True,87a65c0,13,15,best,30,1.0,True,0.7,0.95,0.1,
X-n110-k13,acs_clsqrtn_2opt_q0sched,11,16734.57189103949,,0.4915137921925634,True,87a65c0,13,15,best,30,1.0,True,0.7,0.95,0.1,
X-n110-k13,acs_clsqrtn_2opt_q0sched,12,16832.045530646355,,0.49149183300323784,True,87a65c0,13,15,best,30,1.0,True,0.7,0.95,0.1,
X-n110-k13,acs_clsqrtn_2opt_q0sched,13,16637.142320051295,,0.4936622919049114,True,87a65c0,13,15,best,30,1.0,True,0.7,0.95,0.1,
X-n110-k13,acs_clsqrtn_2opt_q0sched,14,16699.85205629236,,0.49139304202981293,True,87a65c0,13,15,best,30,1.0,True,0.7,0.95,0.1,
X-n110-k13,acs_clsqrtn_2opt_q0sched,15,16639.687276007688,,0.4990401661489159,True,87a65c0,13,15,best,30,1.0,True,0.7,0.95,0.1,
X-n110-k13,acs_clsqrtn_2opt_q0sched,16,16741.691609572987,,0.491395500022918,True,87a65c0,13,15,best,30,1.0,True,0.7,0.95,0.1,
X-n110-k13,acs_clsqrtn_2opt_q0sched,17,16704.435379289076,,0.49396925000473857,True,87a65c0,13,15,best,30,1.0,True,0.7,0.95,0.1,
X-n110-k13,acs_clsqrtn_2opt_q0sched,18,16700.735810960778,,0.5244058331009,True,87a65c0,13,15,best,30,1.0,True,0.7,0.95,0.1,
X-n110-k13,acs_clsqrtn_2opt_q0sched,19,16834.457954493228,,0.4917109999805689,True,87a65c0,13,15,best,30,1.0,True,0.7,0.95,0.1,
X-n110-k13,acs_clsqrtn_2opt_q0sched,20,16477.354447613783,,0.5031877921428531,True,87a65c0,13,15,best,30,1.0,True,0.7,0.95,0.1,
X-n110-k13,acs_clsqrtn_2opt_q0sched,21,16670.650038426338,,0.49757299991324544,True,87a65c0,13,15,best,30,1.0,True,0.7,0.95,0.1,
X-n110-k13,acs_clsqrtn_2opt_q0sched,22,16733.537439336073,,0.5124771671835333,True,87a65c0,13,15,best,30,1.0,True,0.7,0.95,0.1,
X-n110-k13,acs_clsqrtn_2opt_q0sched,23,16851.500701989,,0.49466029088944197,True,87a65c0,13,15,best,30,1.0,True,0.7,0.95,0.1,
X-n110-k13,acs_clsqrtn_2opt_q0sched,24,16608.38019094214,,0.4909604589920491,True,87a65c0,13,15,best,30,1.0,True,0.7,0.95,0.1,
X-n110-k13,acs_clsqrtn_2opt_q0sched,25,16778.230442018175,,0.5346999999601394,True,87a65c0,13,15,best,30,1.0,True,0.7,0.95,0.1,
X-n110-k13,acs_clsqrtn_2opt_q0sched,26,16598.576815069526,,0.5185993339400738,True,87a65c0,13,15,best,30,1.0,True,0.7,0.95,0.1,
X-n110-k13,acs_clsqrtn_2opt_q0sched,27,16820.823157999148,,0.543324583908543,True,87a65c0,13,15,best,30,1.0,True,0.7,0.95,0.1,
X-n110-k13,acs_clsqrtn_2opt_q0sched,28,16231.266466661637,,0.48909737495705485,True,87a65c0,13,15,best,30,1.0,True,0.7,0.95,0.1,
X-n110-k13,acs_clsqrtn_2opt_q0sched,29,16784.329114509845,,0.4873567910399288,True,87a65c0,13,15,best,30,1.0,True,0.7,0.95,0.1,
X-n110-k13,acs_nocl_2opt_q0sched,0,16786.937679153078,,0.8600093747954816,True,87a65c0,13,0,best,30,1.0,True,0.7,0.95,0.1,
X-n110-k13,acs_nocl_2opt_q0sched,1,16612.13320560989,,0.8584597078152001,True,87a65c0,13,0,best,30,1.0,True,0.7,0.95,0.1,
X-n110-k13,acs_nocl_2opt_q0sched,2,16525.1007092796,,0.8584221249911934,True,87a65c0,13,0,best,30,1.0,True,0.7,0.95,0.1,
X-n110-k13,acs_nocl_2opt_q0sched,3,16905.318071645605,,0.8723385001067072,True,87a65c0,13,0,best,30,1.0,True,0.7,0.95,0.1,
X-n110-k13,acs_nocl_2opt_q0sched,4,16782.592616728925,,0.8603352918289602,True,87a65c0,13,0,best,30,1.0,True,0.7,0.95,0.1,
X-n110-k13,acs_nocl_2opt_q0sched,5,17257.737634326015,,0.8581799168605357,True,87a65c0,13,0,best,30,1.0,True,0.7,0.95,0.1,
X-n110-k13,acs_nocl_2opt_q0sched,6,16555.617023698847,,0.9272980829700828,True,87a65c0,13,0,best,30,1.0,True,0.7,0.95,0.1,
X-n110-k13,acs_nocl_2opt_q0sched,7,16671.771318127496,,0.8864932500291616,True,87a65c0,13,0,best,30,1.0,True,0.7,0.95,0.1,
X-n110-k13,acs_nocl_2opt_q0sched,8,17038.26250661532,,0.8789779578801244,True,87a65c0,13,0,best,30,1.0,True,0.7,0.95,0.1,
X-n110-k13,acs_nocl_2opt_q0sched,9,17237.691673617428,,0.8602754171006382,True,87a65c0,13,0,best,30,1.0,True,0.7,0.95,0.1,
X-n110-k13,acs_nocl_2opt_q0sched,10,16909.023510276587,,0.8567630420438945,True,87a65c0,13,0,best,30,1.0,True,0.7,0.95,0.1,
X-n110-k13,acs_nocl_2opt_q0sched,11,16915.07119884937,,0.8567146670538932,True,87a65c0,13,0,best,30,1.0,True,0.7,0.95,0.1,
X-n110-k13,acs_nocl_2opt_q0sched,12,17175.007419058787,,0.8581145419739187,True,87a65c0,13,0,best,30,1.0,True,0.7,0.95,0.1,
X-n110-k13,acs_nocl_2opt_q0sched,13,16976.080082877386,,0.8578732078894973,True,87a65c0,13,0,best,30,1.0,True,0.7,0.95,0.1,
X-n110-k13,acs_nocl_2opt_q0sched,14,17137.915821792605,,0.8624974160920829,True,87a65c0,13,0,best,30,1.0,True,0.7,0.95,0.1,
X-n110-k13,acs_nocl_2opt_q0sched,15,16783.07674674564,,0.8628987499978393,True,87a65c0,13,0,best,30,1.0,True,0.7,0.95,0.1,
X-n110-k13,acs_nocl_2opt_q0sched,16,16845.074523071064,,0.8991475000511855,True,87a65c0,13,0,best,30,1.0,True,0.7,0.95,0.1,
X-n110-k13,acs_nocl_2opt_q0sched,17,16794.634269150392,,0.8668850408867002,True,87a65c0,13,0,best,30,1.0,True,0.7,0.95,0.1,
X-n110-k13,acs_nocl_2opt_q0sched,18,16977.139950541525,,0.8646067080553621,True,87a65c0,13,0,best,30,1.0,True,0.7,0.95,0.1,
X-n110-k13,acs_nocl_2opt_q0sched,19,16661.197701127396,,0.8805996249429882,True,87a65c0,13,0,best,30,1.0,True,0.7,0.95,0.1,
X-n110-k13,acs_nocl_2opt_q0sched,20,16861.636429921287,,0.8852582091931254,True,87a65c0,13,0,best,30,1.0,True,0.7,0.95,0.1,
X-n110-k13,acs_nocl_2opt_q0sched,21,16698.465880478398,,0.8676495410036296,True,87a65c0,13,0,best,30,1.0,True,0.7,0.95,0.1,
X-n110-k13,acs_nocl_2opt_q0sched,22,16647.61126963189,,0.8951004999689758,True,87a65c0,13,0,best,30,1.0,True,0.7,0.95,0.1,
X-n110-k13,acs_nocl_2opt_q0sched,23,16993.27438102253,,0.8792970001231879,True,87a65c0,13,0,best,30,1.0,True,0.7,0.95,0.1,
X-n110-k13,acs_nocl_2opt_q0sched,24,17004.899348951472,,0.877631917130202,True,87a65c0,13,0,best,30,1.0,True,0.7,0.95,0.1,
X-n110-k13,acs_nocl_2opt_q0sched,25,17014.60678391708,,0.874773666029796,True,87a65c0,13,0,best,30,1.0,True,0.7,0.95,0.1,
X-n110-k13,acs_nocl_2opt_q0sched,26,16984.190675307196,,0.8588494579307735,True,87a65c0,13,0,best,30,1.0,True,0.7,0.95,0.1,
X-n110-k13,acs_nocl_2opt_q0sched,27,16500.66146090074,,0.8654120420105755,True,87a65c0,13,0,best,30,1.0,True,0.7,0.95,0.1,
X-n110-k13,acs_nocl_2opt_q0sched,28,16921.069354358475,,0.8866670841816813,True,87a65c0,13,0,best,30,1.0,True,0.7,0.95,0.1,
X-n110-k13,acs_nocl_2opt_q0sched,29,16572.71085428896,,0.8594780410639942,True,87a65c0,13,0,best,30,1.0,True,0.7,0.95,0.1,
X-n115-k10,acs_baseline,0,17885.43256373786,,0.809443541103974,True,87a65c0,10,0,none,0,0.0,False,0.7,0.95,0.1,
X-n115-k10,acs_baseline,1,17084.52223309221,,0.820310042006895,True,87a65c0,10,0,none,0,0.0,False,0.7,0.95,0.1,
X-n115-k10,acs_baseline,2,17222.58173736892,,0.8455091661307961,True,87a65c0,10,0,none,0,0.0,False,0.7,0.95,0.1,
X-n115-k10,acs_baseline,3,17266.55129916156,,0.8677334170788527,True,87a65c0,10,0,none,0,0.0,False,0.7,0.95,0.1,
X-n115-k10,acs_baseline,4,17075.532742304833,,0.8645672500133514,True,87a65c0,10,0,none,0,0.0,False,0.7,0.95,0.1,
X-n115-k10,acs_baseline,5,17144.06126224281,,0.808600332820788,True,87a65c0,10,0,none,0,0.0,False,0.7,0.95,0.1,
X-n115-k10,acs_baseline,6,16792.827662159652,,0.8077842500060797,True,87a65c0,10,0,none,0,0.0,False,0.7,0.95,0.1,
X-n115-k10,acs_baseline,7,17184.044274788284,,0.8102437080815434,True,87a65c0,10,0,none,0,0.0,False,0.7,0.95,0.1,
X-n115-k10,acs_baseline,8,17218.621082022473,,0.8265726251993328,True,87a65c0,10,0,none,0,0.0,False,0.7,0.95,0.1,
X-n115-k10,acs_baseline,9,17411.661489318005,,0.83222237508744,True,87a65c0,10,0,none,0,0.0,False,0.7,0.95,0.1,
X-n115-k10,acs_baseline,10,17420.417576200412,,0.81595891690813,True,87a65c0,10,0,none,0,0.0,False,0.7,0.95,0.1,
X-n115-k10,acs_baseline,11,16816.794992027164,,0.8157891249284148,True,87a65c0,10,0,none,0,0.0,False,0.7,0.95,0.1,
X-n115-k10,acs_baseline,12,17514.012467026467,,0.8383042919449508,True,87a65c0,10,0,none,0,0.0,False,0.7,0.95,0.1,
X-n115-k10,acs_baseline,13,17085.56242512095,,0.8085414171218872,True,87a65c0,10,0,none,0,0.0,False,0.7,0.95,0.1,
X-n115-k10,acs_baseline,14,17180.167722469003,,0.8126339169684798,True,87a65c0,10,0,none,0,0.0,False,0.7,0.95,0.1,
X-n115-k10,acs_baseline,15,16883.35774980323,,0.8071207499597222,True,87a65c0,10,0,none,0,0.0,False,0.7,0.95,0.1,
X-n115-k10,acs_baseline,16,16459.64186093942,,0.8072610001545399,True,87a65c0,10,0,none,0,0.0,False,0.7,0.95,0.1,
X-n115-k10,acs_baseline,17,16540.02183956472,,0.8089680420234799,True,87a65c0,10,0,none,0,0.0,False,0.7,0.95,0.1,
X-n115-k10,acs_baseline,18,17091.29029498313,,0.8073271668981761,True,87a65c0,10,0,none,0,0.0,False,0.7,0.95,0.1,
X-n115-k10,acs_baseline,19,16843.704722718947,,0.8078205839265138,True,87a65c0,10,0,none,0,0.0,False,0.7,0.95,0.1,
X-n115-k10,acs_baseline,20,16810.962074583105,,0.807354582939297,True,87a65c0,10,0,none,0,0.0,False,0.7,0.95,0.1,
X-n115-k10,acs_baseline,21,16720.058320621654,,0.8105565831065178,True,87a65c0,10,0,none,0,0.0,False,0.7,0.95,0.1,
X-n115-k10,acs_baseline,22,16774.526936617967,,0.8093006669078022,True,87a65c0,10,0,none,0,0.0,False,0.7,0.95,0.1,
X-n115-k10,acs_baseline,23,17196.880572339192,,0.8102196250110865,True,87a65c0,10,0,none,0,0.0,False,0.7,0.95,0.1,
X-n115-k10,acs_baseline,24,16327.269010340638,,0.8454174168873578,True,87a65c0,10,0,none,0,0.0,False,0.7,0.95,0.1,
X-n115-k10,acs_baseline,25,16684.016319159004,,0.8227403329219669,True,87a65c0,10,0,none,0,0.0,False,0.7,0.95,0.1,
X-n115-k10,acs_baseline,26,16719.260773116574,,0.8355132080614567,True,87a65c0,10,0,none,0,0.0,False,0.7,0.95,0.1,
X-n115-k10,acs_baseline,27,17599.06188463227,,0.8210032910574228,True,87a65c0,10,0,none,0,0.0,False,0.7,0.95,0.1,
X-n115-k10,acs_baseline,28,17125.85500556103,,0.8094159171450883,True,87a65c0,10,0,none,0,0.0,False,0.7,0.95,0.1,
X-n115-k10,acs_baseline,29,17904.88348829192,,0.8010394580196589,True,87a65c0,10,0,none,0,0.0,False,0.7,0.95,0.1,
X-n115-k10,acs_cl15,0,17199.056924874574,,0.44709704210981727,True,87a65c0,11,15,none,0,0.0,False,0.7,0.95,0.1,
X-n115-k10,acs_cl15,1,16833.15719355439,,0.4494151249527931,True,87a65c0,10,15,none,0,0.0,False,0.7,0.95,0.1,
X-n115-k10,acs_cl15,2,17128.599311578757,,0.45560249988920987,True,87a65c0,10,15,none,0,0.0,False,0.7,0.95,0.1,
X-n115-k10,acs_cl15,3,17501.186105095887,,0.4481296669691801,True,87a65c0,10,15,none,0,0.0,False,0.7,0.95,0.1,
X-n115-k10,acs_cl15,4,16557.03848066348,,0.4472825829870999,True,87a65c0,10,15,none,0,0.0,False,0.7,0.95,0.1,
X-n115-k10,acs_cl15,5,17086.565009681744,,0.4896200830116868,True,87a65c0,10,15,none,0,0.0,False,0.7,0.95,0.1,
X-n115-k10,acs_cl15,6,16827.293089872408,,0.4491072501987219,True,87a65c0,10,15,none,0,0.0,False,0.7,0.95,0.1,
X-n115-k10,acs_cl15,7,16635.70605872526,,0.5135543749202043,True,87a65c0,10,15,none,0,0.0,False,0.7,0.95,0.1,
X-n115-k10,acs_cl15,8,16864.65890155987,,0.4601171249523759,True,87a65c0,10,15,none,0,0.0,False,0.7,0.95,0.1,
X-n115-k10,acs_cl15,9,16727.57535040999,,0.49198212497867644,True,87a65c0,10,15,none,0,0.0,False,0.7,0.95,0.1,
X-n115-k10,acs_cl15,10,17168.121959494754,,0.5130830421112478,True,87a65c0,10,15,none,0,0.0,False,0.7,0.95,0.1,
X-n115-k10,acs_cl15,11,16062.876915402867,,0.4575547920539975,True,87a65c0,10,15,none,0,0.0,False,0.7,0.95,0.1,
X-n115-k10,acs_cl15,12,16687.549935036575,,0.44773595896549523,True,87a65c0,10,15,none,0,0.0,False,0.7,0.95,0.1,
X-n115-k10,acs_cl15,13,17187.732750921594,,0.4567004998680204,True,87a65c0,10,15,none,0,0.0,False,0.7,0.95,0.1,
X-n115-k10,acs_cl15,14,16444.37213044142,,0.4473970830440521,True,87a65c0,10,15,none,0,0.0,False,0.7,0.95,0.1,
X-n115-k10,acs_cl15,15,16862.51499445606,,0.44569012499414384,True,87a65c0,10,15,none,0,0.0,False,0.7,0.95,0.1,
X-n115-k10,acs_cl15,16,17533.55960467479,,0.44674141705036163,True,87a65c0,10,15,none,0,0.0,False,0.7,0.95,0.1,
X-n115-k10,acs_cl15,17,16664.48138705387,,0.4466358330100775,True,87a65c0,10,15,none,0,0.0,False,0.7,0.95,0.1,
X-n115-k10,acs_cl15,18,17264.99601799915,,0.4471889999695122,True,87a65c0,10,15,none,0,0.0,False,0.7,0.95,0.1,
X-n115-k10,acs_cl15,19,15803.0759640511,,0.45011937501840293,True,87a65c0,10,15,none,0,0.0,False,0.7,0.95,0.1,
X-n115-k10,acs_cl15,20,17142.482406917446,,0.4474865000229329,True,87a65c0,10,15,none,0,0.0,False,0.7,0.95,0.1,
X-n115-k10,acs_cl15,21,16732.2069252866,,0.4477292080409825,True,87a65c0,10,15,none,0,0.0,False,0.7,0.95,0.1,
X-n115-k10,acs_cl15,22,16984.147381863702,,0.4469022499397397,True,87a65c0,10,15,none,0,0.0,False,0.7,0.95,0.1,
X-n115-k10,acs_cl15,23,17120.124498137488,,0.44735016603954136,True,87a65c0,10,15,none,0,0.0,False,0.7,0.95,0.1,
X-n115-k10,acs_cl15,24,17055.60580671657,,0.447514790808782,True,87a65c0,10,15,none,0,0.0,False,0.7,0.95,0.1,
X-n115-k10,acs_cl15,25,17201.40736600175,,0.45495616598054767,True,87a65c0,10,15,none,0,0.0,False,0.7,0.95,0.1,
X-n115-k10,acs_cl15,26,16720.21540842749,,0.44817345798946917,True,87a65c0,10,15,none,0,0.0,False,0.7,0.95,0.1,
X-n115-k10,acs_cl15,27,16809.45072998393,,0.44615112501196563,True,87a65c0,11,15,none,0,0.0,False,0.7,0.95,0.1,
X-n115-k10,acs_cl15,28,16990.327977266123,,0.46706404094584286,True,87a65c0,10,15,none,0,0.0,False,0.7,0.95,0.1,
X-n115-k10,acs_cl15,29,16997.482764104097,,0.44720058306120336,True,87a65c0,10,15,none,0,0.0,False,0.7,0.95,0.1,
X-n115-k10,acs_cl15_ls2opt_fixed,0,15204.516191898427,,0.6785002080723643,True,87a65c0,10,15,best,30,1.0,False,0.7,0.95,0.1,
X-n115-k10,acs_cl15_ls2opt_fixed,1,15751.835469629961,,0.667872458929196,True,87a65c0,10,15,best,30,1.0,False,0.7,0.95,0.1,
X-n115-k10,acs_cl15_ls2opt_fixed,2,15841.667497833376,,0.6675558749120682,True,87a65c0,10,15,best,30,1.0,False,0.7,0.95,0.1,
X-n115-k10,acs_cl15_ls2opt_fixed,3,16955.479687046703,,0.6471652500331402,True,87a65c0,10,15,best,30,1.0,False,0.7,0.95,0.1,
X-n115-k10,acs_cl15_ls2opt_fixed,4,15612.262942449412,,0.6455682499799877,True,87a65c0,10,15,best,30,1.0,False,0.7,0.95,0.1,
X-n115-k10,acs_cl15_ls2opt_fixed,5,16509.755479741736,,0.669802833115682,True,87a65c0,10,15,best,30,1.0,False,0.7,0.95,0.1,
X-n115-k10,acs_cl15_ls2opt_fixed,6,15751.835469629961,,0.6652942909859121,True,87a65c0,10,15,best,30,1.0,False,0.7,0.95,0.1,
X-n115-k10,acs_cl15_ls2opt_fixed,7,15382.733624183807,,0.6484944999683648,True,87a65c0,10,15,best,30,1.0,False,0.7,0.95,0.1,
X-n115-k10,acs_cl15_ls2opt_fixed,8,16100.35304758008,,0.6607359170448035,True,87a65c0,10,15,best,30,1.0,False,0.7,0.95,0.1,
X-n115-k10,acs_cl15_ls2opt_fixed,9,15751.835469629961,,0.7180981251876801,True,87a65c0,10,15,best,30,1.0,False,0.7,0.95,0.1,
X-n115-k10,acs_cl15_ls2opt_fixed,10,16161.685386650071,,0.6583719172049314,True,87a65c0,10,15,best,30,1.0,False,0.7,0.95,0.1,
X-n115-k10,acs_cl15_ls2opt_fixed,11,15675.726878481346,,0.723484915914014,True,87a65c0,10,15,best,30,1.0,False,0.7,0.95,0.1,
X-n115-k10,acs_cl15_ls2opt_fixed,12,15751.835469629961,,0.678394041955471,True,87a65c0,10,15,best,30,1.0,False,0.7,0.95,0.1,
X-n115-k10,acs_cl15_ls2opt_fixed,13,15950.023807835165,,0.670917124953121,True,87a65c0,10,15,best,30,1.0,False,0.7,0.95,0.1,
X-n115-k10,acs_cl15_ls2opt_fixed,14,15941.434600273273,,0.6633190410211682,True,87a65c0,10,15,best,30,1.0,False,0.7,0.95,0.1,
X-n115-k10,acs_cl15_ls2opt_fixed,15,16108.80520050415,,0.6710535418242216,True,87a65c0,10,15,best,30,1.0,False,0.7,0.95,0.1,
X-n115-k10,acs_cl15_ls2opt_fixed,16,16325.035838208658,,0.669645583955571,True,87a65c0,10,15,best,30,1.0,False,0.7,0.95,0.1,
X-n115-k10,acs_cl15_ls2opt_fixed,17,15751.835469629961,,0.6630638330243528,True,87a65c0,10,15,best,30,1.0,False,0.7,0.95,0.1,
X-n115-k10,acs_cl15_ls2opt_fixed,18,16163.788841727957,,0.6511909579858184,True,87a65c0,10,15,best,30,1.0,False,0.7,0.95,0.1,
X-n115-k10,acs_cl15_ls2opt_fixed,19,15022.285908916072,,0.6815214171074331,True,87a65c0,10,15,best,30,1.0,False,0.7,0.95,0.1,
X-n115-k10,acs_cl15_ls2opt_fixed,20,16204.869130300262,,0.7541267080232501,True,87a65c0,10,15,best,30,1.0,False,0.7,0.95,0.1,
X-n115-k10,acs_cl15_ls2opt_fixed,21,15751.835469629961,,0.6874575410038233,True,87a65c0,10,15,best,30,1.0,False,0.7,0.95,0.1,
X-n115-k10,acs_cl15_ls2opt_fixed,22,16008.173003956132,,0.6692491669673473,True,87a65c0,10,15,best,30,1.0,False,0.7,0.95,0.1,
X-n115-k10,acs_cl15_ls2opt_fixed,23,16761.57606882956,,0.7090491659473628,True,87a65c0,10,15,best,30,1.0,False,0.7,0.95,0.1,
X-n115-k10,acs_cl15_ls2opt_fixed,24,16120.612625135233,,0.7572719170711935,True,87a65c0,10,15,best,30,1.0,False,0.7,0.95,0.1,
X-n115-k10,acs_cl15_ls2opt_fixed,25,16512.616802470326,,0.6982982500921935,True,87a65c0,10,15,best,30,1.0,False,0.7,0.95,0.1,
X-n115-k10,acs_cl15_ls2opt_fixed,26,16205.829462503061,,0.7169641251675785,True,87a65c0,10,15,best,30,1.0,False,0.7,0.95,0.1,
X-n115-k10,acs_cl15_ls2opt_fixed,27,16057.112969292319,,0.6845595000777394,True,87a65c0,10,15,best,30,1.0,False,0.7,0.95,0.1,
X-n115-k10,acs_cl15_ls2opt_fixed,28,16120.612625135233,,0.6688928748480976,True,87a65c0,10,15,best,30,1.0,False,0.7,0.95,0.1,
X-n115-k10,acs_cl15_ls2opt_fixed,29,16237.990113775179,,0.6786649168934673,True,87a65c0,10,15,best,30,1.0,False,0.7,0.95,0.1,
X-n115-k10,acs_cl15_ls2opt_fixed_q0sched,0,15415.652687885995,,0.7983778340276331,True,87a65c0,10,15,best,30,1.0,True,0.7,0.95,0.1,
X-n115-k10,acs_cl15_ls2opt_fixed_q0sched,1,16288.568397342537,,0.6785809579305351,True,87a65c0,10,15,best,30,1.0,True,0.7,0.95,0.1,
X-n115-k10,acs_cl15_ls2opt_fixed_q0sched,2,16750.974864931297,,0.7744273331481963,True,87a65c0,10,15,best,30,1.0,True,0.7,0.95,0.1,
X-n115-k10,acs_cl15_ls2opt_fixed_q0sched,3,15373.782826110137,,0.7681033329572529,True,87a65c0,10,15,best,30,1.0,True,0.7,0.95,0.1,
X-n115-k10,acs_cl15_ls2opt_fixed_q0sched,4,16156.072392558539,,0.7224703340325505,True,87a65c0,10,15,best,30,1.0,True,0.7,0.95,0.1,
X-n115-k10,acs_cl15_ls2opt_fixed_q0sched,5,16827.6995920288,,0.7422719169408083,True,87a65c0,10,15,best,30,1.0,True,0.7,0.95,0.1,
X-n115-k10,acs_cl15_ls2opt_fixed_q0sched,6,16383.430189404067,,0.7041372500825673,True,87a65c0,10,15,best,30,1.0,True,0.7,0.95,0.1,
X-n115-k10,acs_cl15_ls2opt_fixed_q0sched,7,16499.535515729465,,0.7503402910660952,True,87a65c0,10,15,best,30,1.0,True,0.7,0.95,0.1,
X-n115-k10,acs_cl15_ls2opt_fixed_q0sched,8,16144.49446105247,,0.726165666943416,True,87a65c0,10,15,best,30,1.0,True,0.7,0.95,0.1,
X-n115-k10,acs_cl15_ls2opt_fixed_q0sched,9,16484.760438674162,,0.7112561659887433,True,87a65c0,10,15,best,30,1.0,True,0.7,0.95,0.1,
X-n115-k10,acs_cl15_ls2opt_fixed_q0sched,10,16304.583212204025,,0.7385908330325037,True,87a65c0,10,15,best,30,1.0,True,0.7,0.95,0.1,
X-n115-k10,acs_cl15_ls2opt_fixed_q0sched,11,16296.25365812783,,0.7254376250784844,True,87a65c0,10,15,best,30,1.0,True,0.7,0.95,0.1,
X-n115-k10,acs_cl15_ls2opt_fixed_q0sched,12,16539.217537834746,,0.7433159172069281,True,87a65c0,10,15,best,30,1.0,True,0.7,0.95,0.1,
X-n115-k10,acs_cl15_ls2opt_fixed_q0sched,13,16349.399988450366,,0.7365726251155138,True,87a65c0,10,15,best,30,1.0,True,0.7,0.95,0.1,
X-n115-k10,acs_cl15_ls2opt_fixed_q0sched,14,16037.9451705164,,0.6851550419814885,True,87a65c0,10,15,best,30,1.0,True,0.7,0.95,0.1,
X-n115-k10,acs_cl15_ls2opt_fixed_q0sched,15,16266.695110541725,,0.7720695410389453,True,87a65c0,10,15,best,30,1.0,True,0.7,0.95,0.1,
X-n115-k10,acs_cl15_ls2opt_fixed_q0sched,16,16216.53303071078,,0.7177546250168234,True,87a65c0,10,15,best,30,1.0,True,0.7,0.95,0.1,
X-n115-k10,acs_cl15_ls2opt_fixed_q0sched,17,15898.882277305796,,0.7816947919782251,True,87a65c0,10,15,best,30,1.0,True,0.7,0.95,0.1,
X-n115-k10,acs_cl15_ls2opt_fixed_q0sched,18,16449.37374307734,,0.7369750421494246,True,87a65c0,10,15,best,30,1.0,True,0.7,0.95,0.1,
X-n115-k10,acs_cl15_ls2opt_fixed_q0sched,19,16343.76695768068,,0.7207733751274645,True,87a65c0,10,15,best,30,1.0,True,0.7,0.95,0.1,
X-n115-k10,acs_cl15_ls2opt_fixed_q0sched,20,16379.89554434093,,0.7020895420573652,True,87a65c0,10,15,best,30,1.0,True,0.7,0.95,0.1,
X-n115-k10,acs_cl15_ls2opt_fixed_q0sched,21,16045.827519765653,,0.7169330830220133,True,87a65c0,10,15,best,30,1.0,True,0.7,0.95,0.1,
X-n115-k10,acs_cl15_ls2opt_fixed_q0sched,22,16076.561293387167,,0.8114514579065144,True,87a65c0,10,15,best,30,1.0,True,0.7,0.95,0.1,
X-n115-k10,acs_cl15_ls2opt_fixed_q0sched,23,16224.076047740853,,0.7262180419638753,True,87a65c0,10,15,best,30,1.0,True,0.7,0.95,0.1,
X-n115-k10,acs_cl15_ls2opt_fixed_q0sched,24,16226.803773026155,,0.7174637920688838,True,87a65c0,10,15,best,30,1.0,True,0.7,0.95,0.1,
X-n115-k10,acs_cl15_ls2opt_fixed_q0sched,25,16181.976747969846,,0.6875553329009563,True,87a65c0,10,15,best,30,1.0,True,0.7,0.95,0.1,
X-n115-k10,acs_cl15_ls2opt_fixed_q0sched,26,16602.484348863512,,0.7585501668509096,True,87a65c0,10,15,best,30,1.0,True,0.7,0.95,0.1,
X-n115-k10,acs_cl15_ls2opt_fixed_q0sched,27,16062.436128586338,,0.7387323749717325,True,87a65c0,10,15,best,30,1.0,True,0.7,0.95,0.1,
X-n115-k10,acs_cl15_ls2opt_fixed_q0sched,28,16335.659503279945,,0.7300240420736372,True,87a65c0,10,15,best,30,1.0,True,0.7,0.95,0.1,
X-n115-k10,acs_cl15_ls2opt_fixed_q0sched,29,16559.17935210336,,0.7330377909820527,True,87a65c0,10,15,best,30,1.0,True,0.7,0.95,0.1,
X-n115-k10,acs_clsqrtn_2opt_q0sched,0,16287.96801893759,,0.6994680410716683,True,87a65c0,10,15,best,30,1.0,True,0.7,0.95,0.1,
X-n115-k10,acs_clsqrtn_2opt_q0sched,1,16150.716278748288,,0.6618453750852495,True,87a65c0,10,15,best,30,1.0,True,0.7,0.95,0.1,
X-n115-k10,acs_clsqrtn_2opt_q0sched,2,16338.452893324093,,0.679256291128695,True,87a65c0,10,15,best,30,1.0,True,0.7,0.95,0.1,
X-n115-k10,acs_clsqrtn_2opt_q0sched,3,16314.341746460097,,0.6798377078957856,True,87a65c0,10,15,best,30,1.0,True,0.7,0.95,0.1,
X-n115-k10,acs_clsqrtn_2opt_q0sched,4,16465.659204214753,,0.7155602909624577,True,87a65c0,10,15,best,30,1.0,True,0.7,0.95,0.1,
X-n115-k10,acs_clsqrtn_2opt_q0sched,5,16356.341587322186,,0.6930345410946757,True,87a65c0,10,15,best,30,1.0,True,0.7,0.95,0.1,
X-n115-k10,acs_clsqrtn_2opt_q0sched,6,16249.12229909679,,0.7037771251052618,True,87a65c0,10,15,best,30,1.0,True,0.7,0.95,0.1,
X-n115-k10,acs_clsqrtn_2opt_q0sched,7,16496.614259891066,,0.6990934999193996,True,87a65c0,10,15,best,30,1.0,True,0.7,0.95,0.1,
X-n115-k10,acs_clsqrtn_2opt_q0sched,8,16377.647262585033,,0.6905093749519438,True,87a65c0,10,15,best,30,1.0,True,0.7,0.95,0.1,
X-n115-k10,acs_clsqrtn_2opt_q0sched,9,16153.916021629668,,0.7906247500795871,True,87a65c0,10,15,best,30,1.0,True,0.7,0.95,0.1,
X-n115-k10,acs_clsqrtn_2opt_q0sched,10,16096.288502650801,,0.6728822500444949,True,87a65c0,10,15,best,30,1.0,True,0.7,0.95,0.1,
X-n115-k10,acs_clsqrtn_2opt_q0sched,11,15845.00672196366,,0.6937909580301493,True,87a65c0,10,15,best,30,1.0,True,0.7,0.95,0.1,
X-n115-k10,acs_clsqrtn_2opt_q0sched,12,16300.471506695752,,0.685458250110969,True,87a65c0,10,15,best,30,1.0,True,0.7,0.95,0.1,
X-n115-k10,acs_clsqrtn_2opt_q0sched,13,16725.785203440024,,0.7357623330317438,True,87a65c0,10,15,best,30,1.0,True,0.7,0.95,0.1,
X-n115-k10,acs_clsqrtn_2opt_q0sched,14,15704.42918964945,,0.6827967499848455,True,87a65c0,10,15,best,30,1.0,True,0.7,0.95,0.1,
X-n115-k10,acs_clsqrtn_2opt_q0sched,15,15077.051228364286,,0.7304671250749379,True,87a65c0,10,15,best,30,1.0,True,0.7,0.95,0.1,
X-n115-k10,acs_clsqrtn_2opt_q0sched,16,16653.273551980412,,0.7900604999158531,True,87a65c0,10,15,best,30,1.0,True,0.7,0.95,0.1,
X-n115-k10,acs_clsqrtn_2opt_q0sched,17,15751.835469629961,,0.7050587078556418,True,87a65c0,10,15,best,30,1.0,True,0.7,0.95,0.1,
X-n115-k10,acs_clsqrtn_2opt_q0sched,18,16011.413002385974,,0.6885258748661727,True,87a65c0,10,15,best,30,1.0,True,0.7,0.95,0.1,
X-n115-k10,acs_clsqrtn_2opt_q0sched,19,16171.819816300322,,0.6780527911614627,True,87a65c0,10,15,best,30,1.0,True,0.7,0.95,0.1,
X-n115-k10,acs_clsqrtn_2opt_q0sched,20,16040.825213706079,,0.6872394590172917,True,87a65c0,10,15,best,30,1.0,True,0.7,0.95,0.1,
X-n115-k10,acs_clsqrtn_2opt_q0sched,21,16267.249353403768,,0.7152715830598027,True,87a65c0,10,15,best,30,1.0,True,0.7,0.95,0.1,
X-n115-k10,acs_clsqrtn_2opt_q0sched,22,15955.315768846389,,0.6947623339947313,True,87a65c0,10,15,best,30,1.0,True,0.7,0.95,0.1,
X-n115-k10,acs_clsqrtn_2opt_q0sched,23,16265.595609850649,,0.6668064577970654,True,87a65c0,10,15,best,30,1.0,True,0.7,0.95,0.1,
X-n115-k10,acs_clsqrtn_2opt_q0sched,24,15779.468674643553,,0.7145505419466645,True,87a65c0,10,15,best,30,1.0,True,0.7,0.95,0.1,
X-n115-k10,acs_clsqrtn_2opt_q0sched,25,15719.855991319975,,0.6786503330804408,True,87a65c0,10,15,best,30,1.0,True,0.7,0.95,0.1,
X-n115-k10,acs_clsqrtn_2opt_q0sched,26,16269.886709636161,,0.7299729159567505,True,87a65c0,10,15,best,30,1.0,True,0.7,0.95,0.1,
X-n115-k10,acs_clsqrtn_2opt_q0sched,27,15850.29677011373,,0.6858186251483858,True,87a65c0,10,15,best,30,1.0,True,0.7,0.95,0.1,
X-n115-k10,acs_clsqrtn_2opt_q0sched,28,16311.490705213002,,0.7318207921925932,True,87a65c0,10,15,best,30,1.0,True,0.7,0.95,0.1,
X-n115-k10,acs_clsqrtn_2opt_q0sched,29,16535.429451125758,,0.7467304579913616,True,87a65c0,10,15,best,30,1.0,True,0.7,0.95,0.1,
X-n115-k10,acs_nocl_2opt_q0sched,0,16794.778245299214,,1.1643003330100328,True,87a65c0,10,0,best,30,1.0,True,0.7,0.95,0.1,
X-n115-k10,acs_nocl_2opt_q0sched,1,16741.176517410262,,1.1307636671699584,True,87a65c0,10,0,best,30,1.0,True,0.7,0.95,0.1,
X-n115-k10,acs_nocl_2opt_q0sched,2,16523.60771098861,,1.102263208013028,True,87a65c0,10,0,best,30,1.0,True,0.7,0.95,0.1,
X-n115-k10,acs_nocl_2opt_q0sched,3,17187.462592376505,,1.1230879169888794,True,87a65c0,10,0,best,30,1.0,True,0.7,0.95,0.1,
X-n115-k10,acs_nocl_2opt_q0sched,4,16713.547194208397,,1.2613425420131534,True,87a65c0,10,0,best,30,1.0,True,0.7,0.95,0.1,
X-n115-k10,acs_nocl_2opt_q0sched,5,16113.929944393629,,1.1505877079907805,True,87a65c0,10,0,best,30,1.0,True,0.7,0.95,0.1,
X-n115-k10,acs_nocl_2opt_q0sched,6,16362.789407947908,,1.1402655839920044,True,87a65c0,10,0,best,30,1.0,True,0.7,0.95,0.1,
X-n115-k10,acs_nocl_2opt_q0sched,7,15916.107127089823,,1.0887897911015898,True,87a65c0,10,0,best,30,1.0,True,0.7,0.95,0.1,
X-n115-k10,acs_nocl_2opt_q0sched,8,16744.27729300742,,1.1131239160895348,True,87a65c0,10,0,best,30,1.0,True,0.7,0.95,0.1,
X-n115-k10,acs_nocl_2opt_q0sched,9,16674.42005647198,,1.1440483750775456,True,87a65c0,10,0,best,30,1.0,True,0.7,0.95,0.1,
X-n115-k10,acs_nocl_2opt_q0sched,10,16432.33973983025,,1.132296291878447,True,87a65c0,10,0,best,30,1.0,True,0.7,0.95,0.1,
X-n115-k10,acs_nocl_2opt_q0sched,11,16700.18456611199,,1.130242083920166,True,87a65c0,10,0,best,30,1.0,True,0.7,0.95,0.1,
X-n115-k10,acs_nocl_2opt_q0sched,12,16356.051074347524,,1.1749683748930693,True,87a65c0,10,0,best,30,1.0,True,0.7,0.95,0.1,
X-n115-k10,acs_nocl_2opt_q0sched,13,16390.60449507627,,1.0939637091942132,True,87a65c0,10,0,best,30,1.0,True,0.7,0.95,0.1,
X-n115-k10,acs_nocl_2opt_q0sched,14,16289.811660296164,,1.0898799998685718,True,87a65c0,10,0,best,30,1.0,True,0.7,0.95,0.1,
X-n115-k10,acs_nocl_2opt_q0sched,15,15937.089564285561,,1.14606645796448,True,87a65c0,10,0,best,30,1.0,True,0.7,0.95,0.1,
X-n115-k10,acs_nocl_2opt_q0sched,16,16750.71506535239,,1.1135696668643504,True,87a65c0,10,0,best,30,1.0,True,0.7,0.95,0.1,
X-n115-k10,acs_nocl_2opt_q0sched,17,16239.767462359352,,1.0647013331763446,True,87a65c0,10,0,best,30,1.0,True,0.7,0.95,0.1,
X-n115-k10,acs_nocl_2opt_q0sched,18,16559.316265357676,,1.1441203749272972,True,87a65c0,10,0,best,30,1.0,True,0.7,0.95,0.1,
X-n115-k10,acs_nocl_2opt_q0sched,19,16224.380682348368,,1.0775933330878615,True,87a65c0,10,0,best,30,1.0,True,0.7,0.95,0.1,
X-n115-k10,acs_nocl_2opt_q0sched,20,16672.446114500115,,1.1212572499644011,True,87a65c0,10,0,best,30,1.0,True,0.7,0.95,0.1,
X-n115-k10,acs_nocl_2opt_q0sched,21,16404.78180256992,,1.1520715409424156,True,87a65c0,10,0,best,30,1.0,True,0.7,0.95,0.1,
X-n115-k10,acs_nocl_2opt_q0sched,22,16179.952715886777,,1.1048038750886917,True,87a65c0,10,0,best,30,1.0,True,0.7,0.95,0.1,
X-n115-k10,acs_nocl_2opt_q0sched,23,16072.48832572222,,1.1247256670612842,True,87a65c0,10,0,best,30,1.0,True,0.7,0.95,0.1,
X-n115-k10,acs_nocl_2opt_q0sched,24,16461.87140241497,,1.1061553750187159,True,87a65c0,11,0,best,30,1.0,True,0.7,0.95,0.1,
X-n115-k10,acs_nocl_2opt_q0sched,25,16676.30356331817,,1.1075675419997424,True,87a65c0,10,0,best,30,1.0,True,0.7,0.95,0.1,
X-n115-k10,acs_nocl_2opt_q0sched,26,16465.69692432403,,1.0845009579788893,True,87a65c0,10,0,best,30,1.0,True,0.7,0.95,0.1,
X-n115-k10,acs_nocl_2opt_q0sched,27,16364.78226826293,,1.218700832920149,True,87a65c0,10,0,best,30,1.0,True,0.7,0.95,0.1,
X-n115-k10,acs_nocl_2opt_q0sched,28,15666.051781534057,,1.07549212500453,True,87a65c0,10,0,best,30,1.0,True,0.7,0.95,0.1,
X-n115-k10,acs_nocl_2opt_q0sched,29,16936.85936640037,,1.111006084131077,True,87a65c0,10,0,best,30,1.0,True,0.7,0.95,0.1,
X-n120-k6,acs_baseline,0,15220.586458071291,,0.9465854580048472,True,87a65c0,6,0,none,0,0.0,False,0.7,0.95,0.1,
X-n120-k6,acs_baseline,1,15421.421394118452,,0.9487484998535365,True,87a65c0,6,0,none,0,0.0,False,0.7,0.95,0.1,
X-n120-k6,acs_baseline,2,15159.583951584811,,0.944965957896784,True,87a65c0,6,0,none,0,0.0,False,0.7,0.95,0.1,
X-n120-k6,acs_baseline,3,15421.557608600828,,0.9478056670632213,True,87a65c0,6,0,none,0,0.0,False,0.7,0.95,0.1,
X-n120-k6,acs_baseline,4,15468.635577561578,,0.9520755419507623,True,87a65c0,6,0,none,0,0.0,False,0.7,0.95,0.1,
X-n120-k6,acs_baseline,5,15373.046613238763,,0.9493602090515196,True,87a65c0,6,0,none,0,0.0,False,0.7,0.95,0.1,
X-n120-k6,acs_baseline,6,15254.129026423549,,0.9479938328731805,True,87a65c0,6,0,none,0,0.0,False,0.7,0.95,0.1,
X-n120-k6,acs_baseline,7,15232.584370750288,,0.9501383751630783,True,87a65c0,6,0,none,0,0.0,False,0.7,0.95,0.1,
X-n120-k6,acs_baseline,8,15074.883890650959,,0.9914398330729455,True,87a65c0,6,0,none,0,0.0,False,0.7,0.95,0.1,
X-n120-k6,acs_baseline,9,15224.016177957434,,0.9935794589109719,True,87a65c0,6,0,none,0,0.0,False,0.7,0.95,0.1,
X-n120-k6,acs_baseline,10,15510.01290781591,,0.9780327081680298,True,87a65c0,6,0,none,0,0.0,False,0.7,0.95,0.1,
X-n120-k6,acs_baseline,11,14857.315572788119,,1.012261083116755,True,87a65c0,6,0,none,0,0.0,False,0.7,0.95,0.1,
X-n120-k6,acs_baseline,12,15107.768114537745,,0.9485620830673724,True,87a65c0,6,0,none,0,0.0,False,0.7,0.95,0.1,
X-n120-k6,acs_baseline,13,15225.52280714059,,0.9472028748132288,True,87a65c0,6,0,none,0,0.0,False,0.7,0.95,0.1,
X-n120-k6,acs_baseline,14,15570.442663435999,,0.9568415000103414,True,87a65c0,6,0,none,0,0.0,False,0.7,0.95,0.1,
X-n120-k6,acs_baseline,15,15210.881145144875,,0.9474842909257859,True,87a65c0,6,0,none,0,0.0,False,0.7,0.95,0.1,
X-n120-k6,acs_baseline,16,15174.016374490106,,0.9439370420295745,True,87a65c0,6,0,none,0,0.0,False,0.7,0.95,0.1,
X-n120-k6,acs_baseline,17,15087.123539707876,,0.9942134169396013,True,87a65c0,6,0,none,0,0.0,False,0.7,0.95,0.1,
X-n120-k6,acs_baseline,18,15153.044933346606,,0.9492678330279887,True,87a65c0,6,0,none,0,0.0,False,0.7,0.95,0.1,
X-n120-k6,acs_baseline,19,15448.737862134483,,0.9513481659814715,True,87a65c0,6,0,none,0,0.0,False,0.7,0.95,0.1,
X-n120-k6,acs_baseline,20,15350.506096137511,,0.9527827920392156,True,87a65c0,6,0,none,0,0.0,False,0.7,0.95,0.1,
X-n120-k6,acs_baseline,21,15438.378341888547,,0.9477909579873085,True,87a65c0,6,0,none,0,0.0,False,0.7,0.95,0.1,
X-n120-k6,acs_baseline,22,15551.246464684029,,0.9952896251343191,True,87a65c0,6,0,none,0,0.0,False,0.7,0.95,0.1,
X-n120-k6,acs_baseline,23,15392.052118155601,,0.9518507500179112,True,87a65c0,6,0,none,0,0.0,False,0.7,0.95,0.1,
X-n120-k6,acs_baseline,24,15060.793832681713,,0.949481374816969,True,87a65c0,6,0,none,0,0.0,False,0.7,0.95,0.1,
X-n120-k6,acs_baseline,25,15567.731747216018,,0.9585364579688758,True,87a65c0,6,0,none,0,0.0,False,0.7,0.95,0.1,
X-n120-k6,acs_baseline,26,15247.602271040863,,0.961941875051707,True,87a65c0,6,0,none,0,0.0,False,0.7,0.95,0.1,
X-n120-k6,acs_baseline,27,15270.739811234926,,0.9484839159995317,True,87a65c0,6,0,none,0,0.0,False,0.7,0.95,0.1,
X-n120-k6,acs_baseline,28,15147.686414602209,,0.9550465000793338,True,87a65c0,6,0,none,0,0.0,False,0.7,0.95,0.1,
X-n120-k6,acs_baseline,29,15060.95846903817,,0.9960343751590699,True,87a65c0,6,0,none,0,0.0,False,0.7,0.95,0.1,
X-n120-k6,acs_cl15,0,15406.533975403438,,0.4912051248829812,True,87a65c0,6,15,none,0,0.0,False,0.7,0.95,0.1,
X-n120-k6,acs_cl15,1,15162.770022808403,,0.5326691248919815,True,87a65c0,6,15,none,0,0.0,False,0.7,0.95,0.1,
X-n120-k6,acs_cl15,2,15536.562672774728,,0.5914484579116106,True,87a65c0,6,15,none,0,0.0,False,0.7,0.95,0.1,
X-n120-k6,acs_cl15,3,15411.78952036637,,0.5142597500234842,True,87a65c0,6,15,none,0,0.0,False,0.7,0.95,0.1,
X-n120-k6,acs_cl15,4,14921.505611848132,,0.49306095810607076,True,87a65c0,6,15,none,0,0.0,False,0.7,0.95,0.1,
X-n120-k6,acs_cl15,5,15163.904049210476,,0.49284654087387025,True,87a65c0,6,15,none,0,0.0,False,0.7,0.95,0.1,
X-n120-k6,acs_cl15,6,15381.229836379367,,0.5084607498720288,True,87a65c0,6,15,none,0,0.0,False,0.7,0.95,0.1,
X-n120-k6,acs_cl15,7,15477.310640606502,,0.5701118330471218,True,87a65c0,6,15,none,0,0.0,False,0.7,0.95,0.1,
X-n120-k6,acs_cl15,8,15165.308108218931,,0.49977841693907976,True,87a65c0,6,15,none,0,0.0,False,0.7,0.95,0.1,
X-n120-k6,acs_cl15,9,15174.971257094901,,0.4912179580423981,True,87a65c0,6,15,none,0,0.0,False,0.7,0.95,0.1,
X-n120-k6,acs_cl15,10,15201.401442289989,,0.493461457779631,True,87a65c0,6,15,none,0,0.0,False,0.7,0.95,0.1,
X-n120-k6,acs_cl15,11,15028.385734882202,,0.4979320839047432,True,87a65c0,6,15,none,0,0.0,False,0.7,0.95,0.1,
X-n120-k6,acs_cl15,12,15222.239158325483,,0.498570041032508,True,87a65c0,6,15,none,0,0.0,False,0.7,0.95,0.1,
X-n120-k6,acs_cl15,13,15590.714468730046,,0.4970972079318017,True,87a65c0,6,15,none,0,0.0,False,0.7,0.95,0.1,
X-n120-k6,acs_cl15,14,15177.482489479158,,0.49364920798689127,True,87a65c0,6,15,none,0,0.0,False,0.7,0.95,0.1,
X-n120-k6,acs_cl15,15,15452.895356438637,,0.4947004171553999,True,87a65c0,6,15,none,0,0.0,False,0.7,0.95,0.1,
X-n120-k6,acs_cl15,16,15208.482851705332,,0.49208758398890495,True,87a65c0,6,15,none,0,0.0,False,0.7,0.95,0.1,
X-n120-k6,acs_cl15,17,15222.239158325483,,0.4930108329281211,True,87a65c0,6,15,none,0,0.0,False,0.7,0.95,0.1,
X-n120-k6,acs_cl15,18,15308.835148792019,,0.4999679171014577,True,87a65c0,6,15,none,0,0.0,False,0.7,0.95,0.1,
X-n120-k6,acs_cl15,19,15549.877574632786,,0.48946679197251797,True,87a65c0,6,15,none,0,0.0,False,0.7,0.95,0.1,
X-n120-k6,acs_cl15,20,15219.818623513926,,0.5360412921290845,True,87a65c0,6,15,none,0,0.0,False,0.7,0.95,0.1,
X-n120-k6,acs_cl15,21,15193.541435151717,,0.5002446658909321,True,87a65c0,6,15,none,0,0.0,False,0.7,0.95,0.1,
X-n120-k6,acs_cl15,22,15148.474387567663,,0.49323312495835125,True,87a65c0,6,15,none,0,0.0,False,0.7,0.95,0.1,
X-n120-k6,acs_cl15,23,14956.93491987479,,0.4995173329953104,True,87a65c0,6,15,none,0,0.0,False,0.7,0.95,0.1,
X-n120-k6,acs_cl15,24,15137.180267405562,,0.49320912500843406,True,87a65c0,6,15,none,0,0.0,False,0.7,0.95,0.1,
X-n120-k6,acs_cl15,25,15402.85477425381,,0.48776879208162427,True,87a65c0,6,15,none,0,0.0,False,0.7,0.95,0.1,
X-n120-k6,acs_cl15,26,15155.033052823437,,0.49264204083010554,True,87a65c0,6,15,none,0,0.0,False,0.7,0.95,0.1,
X-n120-k6,acs_cl15,27,15097.07152726593,,0.49128249986097217,True,87a65c0,6,15,none,0,0.0,False,0.7,0.95,0.1,
X-n120-k6,acs_cl15,28,15055.578603205238,,0.5145682920701802,True,87a65c0,6,15,none,0,0.0,False,0.7,0.95,0.1,
X-n120-k6,acs_cl15,29,15511.767315284187,,0.5039872080087662,True,87a65c0,6,15,none,0,0.0,False,0.7,0.95,0.1,
X-n120-k6,acs_cl15_ls2opt_fixed,0,14714.1505688072,,0.8900839169509709,True,87a65c0,6,15,best,30,1.0,False,0.7,0.95,0.1,
X-n120-k6,acs_cl15_ls2opt_fixed,1,14642.19260064264,,0.8273896249011159,True,87a65c0,6,15,best,30,1.0,False,0.7,0.95,0.1,
X-n120-k6,acs_cl15_ls2opt_fixed,2,14701.91583190941,,0.8339008339680731,True,87a65c0,6,15,best,30,1.0,False,0.7,0.95,0.1,
X-n120-k6,acs_cl15_ls2opt_fixed,3,14538.047875910403,,0.8946971248369664,True,87a65c0,6,15,best,30,1.0,False,0.7,0.95,0.1,
X-n120-k6,acs_cl15_ls2opt_fixed,4,14594.592848511356,,0.835872916970402,True,87a65c0,6,15,best,30,1.0,False,0.7,0.95,0.1,
X-n120-k6,acs_cl15_ls2opt_fixed,5,14701.148425879066,,0.8432087500113994,True,87a65c0,6,15,best,30,1.0,False,0.7,0.95,0.1,
X-n120-k6,acs_cl15_ls2opt_fixed,6,14801.691741212646,,0.8430924999993294,True,87a65c0,6,15,best,30,1.0,False,0.7,0.95,0.1,
X-n120-k6,acs_cl15_ls2opt_fixed,7,14718.479149656434,,0.8962456670124084,True,87a65c0,6,15,best,30,1.0,False,0.7,0.95,0.1,
X-n120-k6,acs_cl15_ls2opt_fixed,8,14599.362169864187,,0.8902857499197125,True,87a65c0,6,15,best,30,1.0,False,0.7,0.95,0.1,
X-n120-k6,acs_cl15_ls2opt_fixed,9,14701.273378735148,,0.8587946251500398,True,87a65c0,6,15,best,30,1.0,False,0.7,0.95,0.1,
X-n120-k6,acs_cl15_ls2opt_fixed,10,14586.87943979492,,0.8293682078365237,True,87a65c0,6,15,best,30,1.0,False,0.7,0.95,0.1,
X-n120-k6,acs_cl15_ls2opt_fixed,11,14531.697797644792,,0.9151632499415427,True,87a65c0,6,15,best,30,1.0,False,0.7,0.95,0.1,
X-n120-k6,acs_cl15_ls2opt_fixed,12,14730.247855754667,,0.8540403749793768,True,87a65c0,6,15,best,30,1.0,False,0.7,0.95,0.1,
X-n120-k6,acs_cl15_ls2opt_fixed,13,14752.345204688078,,0.8821801249869168,True,87a65c0,6,15,best,30,1.0,False,0.7,0.95,0.1,
X-n120-k6,acs_cl15_ls2opt_fixed,14,14729.043775744754,,0.8285132499877363,True,87a65c0,6,15,best,30,1.0,False,0.7,0.95,0.1,
X-n120-k6,acs_cl15_ls2opt_fixed,15,14577.16829918696,,0.8509378749877214,True,87a65c0,6,15,best,30,1.0,False,0.7,0.95,0.1,
X-n120-k6,acs_cl15_ls2opt_fixed,16,14567.773123761928,,0.812710750149563,True,87a65c0,6,15,best,30,1.0,False,0.7,0.95,0.1,
X-n120-k6,acs_cl15_ls2opt_fixed,17,14599.362169864187,,0.8942012500483543,True,87a65c0,6,15,best,30,1.0,False,0.7,0.95,0.1,
X-n120-k6,acs_cl15_ls2opt_fixed,18,14663.611796217514,,0.8506030000280589,True,87a65c0,6,15,best,30,1.0,False,0.7,0.95,0.1,
X-n120-k6,acs_cl15_ls2opt_fixed,19,14519.758490076487,,0.9405420001130551,True,87a65c0,6,15,best,30,1.0,False,0.7,0.95,0.1,
X-n120-k6,acs_cl15_ls2opt_fixed,20,14598.089261077415,,0.9006643749307841,True,87a65c0,6,15,best,30,1.0,False,0.7,0.95,0.1,
X-n120-k6,acs_cl15_ls2opt_fixed,21,14640.222424627764,,0.8672119590919465,True,87a65c0,6,15,best,30,1.0,False,0.7,0.95,0.1,
X-n120-k6,acs_cl15_ls2opt_fixed,22,14598.987150545561,,0.8028425839729607,True,87a65c0,6,15,best,30,1.0,False,0.7,0.95,0.1,
X-n120-k6,acs_cl15_ls2opt_fixed,23,14521.103294355644,,0.8496245420537889,True,87a65c0,6,15,best,30,1.0,False,0.7,0.95,0.1,
X-n120-k6,acs_cl15_ls2opt_fixed,24,14614.340817322749,,0.8208153750747442,True,87a65c0,6,15,best,30,1.0,False,0.7,0.95,0.1,
X-n120-k6,acs_cl15_ls2opt_fixed,25,14706.432456293365,,0.882787125185132,True,87a65c0,6,15,best,30,1.0,False,0.7,0.95,0.1,
X-n120-k6,acs_cl15_ls2opt_fixed,26,14565.017222956041,,0.8388049998320639,True,87a65c0,6,15,best,30,1.0,False,0.7,0.95,0.1,
X-n120-k6,acs_cl15_ls2opt_fixed,27,14576.054044348519,,0.8243660831358284,True,87a65c0,6,15,best,30,1.0,False,0.7,0.95,0.1,
X-n120-k6,acs_cl15_ls2opt_fixed,28,14584.099848589289,,0.8799483750481158,True,87a65c0,6,15,best,30,1.0,False,0.7,0.95,0.1,
X-n120-k6,acs_cl15_ls2opt_fixed,29,14660.621960266482,,0.842460541985929,True,87a65c0,6,15,best,30,1.0,False,0.7,0.95,0.1,
X-n120-k6,acs_cl15_ls2opt_fixed_q0sched,0,14755.87563856852,,0.9102648328989744,True,87a65c0,6,15,best,30,1.0,True,0.7,0.95,0.1,
X-n120-k6,acs_cl15_ls2opt_fixed_q0sched,1,14653.213815317149,,0.9503991669043899,True,87a65c0,6,15,best,30,1.0,True,0.7,0.95,0.1,
X-n120-k6,acs_cl15_ls2opt_fixed_q0sched,2,14590.351023899933,,0.8812737921252847,True,87a65c0,6,15,best,30,1.0,True,0.7,0.95,0.1,
X-n120-k6,acs_cl15_ls2opt_fixed_q0sched,3,14663.499715512104,,0.8453747499734163,True,87a65c0,6,15,best,30,1.0,True,0.7,0.95,0.1,
X-n120-k6,acs_cl15_ls2opt_fixed_q0sched,4,14719.658858103032,,0.9234617920592427,True,87a65c0,6,15,best,30,1.0,True,0.7,0.95,0.1,
X-n120-k6,acs_cl15_ls2opt_fixed_q0sched,5,14713.144739324109,,0.8547255001030862,True,87a65c0,6,15,best,30,1.0,True,0.7,0.95,0.1,
X-n120-k6,acs_cl15_ls2opt_fixed_q0sched,6,14775.248183150188,,0.8700075829401612,True,87a65c0,6,15,best,30,1.0,True,0.7,0.95,0.1,
X-n120-k6,acs_cl15_ls2opt_fixed_q0sched,7,14377.76961561207,,0.8450333748478442,True,87a65c0,6,15,best,30,1.0,True,0.7,0.95,0.1,
X-n120-k6,acs_cl15_ls2opt_fixed_q0sched,8,14686.969675792032,,0.8524825000204146,True,87a65c0,6,15,best,30,1.0,True,0.7,0.95,0.1,
X-n120-k6,acs_cl15_ls2opt_fixed_q0sched,9,14686.398341057622,,0.8711458328180015,True,87a65c0,6,15,best,30,1.0,True,0.7,0.95,0.1,
X-n120-k6,acs_cl15_ls2opt_fixed_q0sched,10,14697.725048918372,,0.8725319157820195,True,87a65c0,6,15,best,30,1.0,True,0.7,0.95,0.1,
X-n120-k6,acs_cl15_ls2opt_fixed_q0sched,11,14646.417838756368,,0.8559311660937965,True,87a65c0,6,15,best,30,1.0,True,0.7,0.95,0.1,
X-n120-k6,acs_cl15_ls2opt_fixed_q0sched,12,14693.66477150966,,0.9047545420471579,True,87a65c0,6,15,best,30,1.0,True,0.7,0.95,0.1,
X-n120-k6,acs_cl15_ls2opt_fixed_q0sched,13,14589.663504464675,,0.8256035000085831,True,87a65c0,6,15,best,30,1.0,True,0.7,0.95,0.1,
X-n120-k6,acs_cl15_ls2opt_fixed_q0sched,14,14677.528655291248,,0.8382559169549495,True,87a65c0,6,15,best,30,1.0,True,0.7,0.95,0.1,
X-n120-k6,acs_cl15_ls2opt_fixed_q0sched,15,14544.389573170401,,0.8728770420420915,True,87a65c0,6,15,best,30,1.0,True,0.7,0.95,0.1,
X-n120-k6,acs_cl15_ls2opt_fixed_q0sched,16,14686.65345862013,,0.8683551249559969,True,87a65c0,6,15,best,30,1.0,True,0.7,0.95,0.1,
X-n120-k6,acs_cl15_ls2opt_fixed_q0sched,17,14649.793993362642,,0.8373194590676576,True,87a65c0,6,15,best,30,1.0,True,0.7,0.95,0.1,
X-n120-k6,acs_cl15_ls2opt_fixed_q0sched,18,14565.38638842819,,0.8881242908537388,True,87a65c0,6,15,best,30,1.0,True,0.7,0.95,0.1,
X-n120-k6,acs_cl15_ls2opt_fixed_q0sched,19,14759.999801051486,,0.8852872501593083,True,87a65c0,6,15,best,30,1.0,True,0.7,0.95,0.1,
X-n120-k6,acs_cl15_ls2opt_fixed_q0sched,20,14644.03639601379,,0.8407205829862505,True,87a65c0,6,15,best,30,1.0,True,0.7,0.95,0.1,
X-n120-k6,acs_cl15_ls2opt_fixed_q0sched,21,14706.432456293365,,0.8412835828494281,True,87a65c0,6,15,best,30,1.0,True,0.7,0.95,0.1,
X-n120-k6,acs_cl15_ls2opt_fixed_q0sched,22,14571.712365385956,,0.9549604170024395,True,87a65c0,6,15,best,30,1.0,True,0.7,0.95,0.1,
X-n120-k6,acs_cl15_ls2opt_fixed_q0sched,23,14623.423657696074,,0.8569842500146478,True,87a65c0,6,15,best,30,1.0,True,0.7,0.95,0.1,
X-n120-k6,acs_cl15_ls2opt_fixed_q0sched,24,14783.433689455735,,0.8567007079254836,True,87a65c0,6,15,best,30,1.0,True,0.7,0.95,0.1,
X-n120-k6,acs_cl15_ls2opt_fixed_q0sched,25,14654.505353963987,,0.8565645420458168,True,87a65c0,6,15,best,30,1.0,True,0.7,0.95,0.1,
X-n120-k6,acs_cl15_ls2opt_fixed_q0sched,26,14533.413273727794,,0.8342809160239995,True,87a65c0,6,15,best,30,1.0,True,0.7,0.95,0.1,
X-n120-k6,acs_cl15_ls2opt_fixed_q0sched,27,14655.559695673095,,0.8711054578889161,True,87a65c0,6,15,best,30,1.0,True,0.7,0.95,0.1,
X-n120-k6,acs_cl15_ls2opt_fixed_q0sched,28,14680.943218915094,,0.8901050838176161,True,87a65c0,6,15,best,30,1.0,True,0.7,0.95,0.1,
X-n120-k6,acs_cl15_ls2opt_fixed_q0sched,29,14569.882923841571,,0.8683445840142667,True,87a65c0,6,15,best,30,1.0,True,0.7,0.95,0.1,
X-n120-k6,acs_clsqrtn_2opt_q0sched,0,14601.927967400816,,0.8029772499576211,True,87a65c0,6,15,best,30,1.0,True,0.7,0.95,0.1,
X-n120-k6,acs_clsqrtn_2opt_q0sched,1,14599.626311899012,,0.8380977499764413,True,87a65c0,6,15,best,30,1.0,True,0.7,0.95,0.1,
X-n120-k6,acs_clsqrtn_2opt_q0sched,2,14695.863507033115,,0.8521082079969347,True,87a65c0,6,15,best,30,1.0,True,0.7,0.95,0.1,
X-n120-k6,acs_clsqrtn_2opt_q0sched,3,14706.432456293365,,0.7972288329619914,True,87a65c0,6,15,best,30,1.0,True,0.7,0.95,0.1,
X-n120-k6,acs_clsqrtn_2opt_q0sched,4,14680.52332080497,,0.8501047079917043,True,87a65c0,6,15,best,30,1.0,True,0.7,0.95,0.1,
X-n120-k6,acs_clsqrtn_2opt_q0sched,5,14603.613903873214,,0.8379682921804488,True,87a65c0,6,15,best,30,1.0,True,0.7,0.95,0.1,
X-n120-k6,acs_clsqrtn_2opt_q0sched,6,14668.296689311457,,0.8073804578743875,True,87a65c0,6,15,best,30,1.0,True,0.7,0.95,0.1,
X-n120-k6,acs_clsqrtn_2opt_q0sched,7,14691.264652151482,,0.8532580002211034,True,87a65c0,6,15,best,30,1.0,True,0.7,0.95,0.1,
X-n120-k6,acs_clsqrtn_2opt_q0sched,8,14666.681996282925,,0.8270340419840068,True,87a65c0,6,15,best,30,1.0,True,0.7,0.95,0.1,
X-n120-k6,acs_clsqrtn_2opt_q0sched,9,14706.432456293365,,0.8456425829790533,True,87a65c0,6,15,best,30,1.0,True,0.7,0.95,0.1,
X-n120-k6,acs_clsqrtn_2opt_q0sched,10,14729.99911324889,,0.8367474998813123,True,87a65c0,6,15,best,30,1.0,True,0.7,0.95,0.1,
X-n120-k6,acs_clsqrtn_2opt_q0sched,11,14537.343525270622,,0.8369248330127448,True,87a65c0,6,15,best,30,1.0,True,0.7,0.95,0.1,
X-n120-k6,acs_clsqrtn_2opt_q0sched,12,14524.526981215213,,0.8278735831845552,True,87a65c0,6,15,best,30,1.0,True,0.7,0.95,0.1,
X-n120-k6,acs_clsqrtn_2opt_q0sched,13,14677.91944502484,,0.7924650420900434,True,87a65c0,6,15,best,30,1.0,True,0.7,0.95,0.1,
X-n120-k6,acs_clsqrtn_2opt_q0sched,14,14821.357566031447,,0.8164445001166314,True,87a65c0,6,15,best,30,1.0,True,0.7,0.95,0.1,
X-n120-k6,acs_clsqrtn_2opt_q0sched,15,14672.772467761759,,0.8557904169429094,True,87a65c0,6,15,best,30,1.0,True,0.7,0.95,0.1,
X-n120-k6,acs_clsqrtn_2opt_q0sched,16,14539.318892093295,,0.8369001250248402,True,87a65c0,6,15,best,30,1.0,True,0.7,0.95,0.1,
X-n120-k6,acs_clsqrtn_2opt_q0sched,17,14649.8540814585,,0.7936715418472886,True,87a65c0,6,15,best,30,1.0,True,0.7,0.95,0.1,
X-n120-k6,acs_clsqrtn_2opt_q0sched,18,14600.291022460158,,0.8256151669193059,True,87a65c0,6,15,best,30,1.0,True,0.7,0.95,0.1,
X-n120-k6,acs_clsqrtn_2opt_q0sched,19,14617.11578945861,,0.8581348748411983,True,87a65c0,6,15,best,30,1.0,True,0.7,0.95,0.1,
X-n120-k6,acs_clsqrtn_2opt_q0sched,20,14691.128656495623,,0.8626989170443267,True,87a65c0,6,15,best,30,1.0,True,0.7,0.95,0.1,
X-n120-k6,acs_clsqrtn_2opt_q0sched,21,14753.074189611452,,0.8801477919332683,True,87a65c0,6,15,best,30,1.0,True,0.7,0.95,0.1,
X-n120-k6,acs_clsqrtn_2opt_q0sched,22,14776.998962306348,,0.8304804591462016,True,87a65c0,6,15,best,30,1.0,True,0.7,0.95,0.1,
X-n120-k6,acs_clsqrtn_2opt_q0sched,23,14603.094061205626,,0.8536320410203189,True,87a65c0,6,15,best,30,1.0,True,0.7,0.95,0.1,
X-n120-k6,acs_clsqrtn_2opt_q0sched,24,14536.819953354632,,0.8794784999918193,True,87a65c0,6,15,best,30,1.0,True,0.7,0.95,0.1,
X-n120-k6,acs_clsqrtn_2opt_q0sched,25,14673.240071041735,,0.8156895840074867,True,87a65c0,6,15,best,30,1.0,True,0.7,0.95,0.1,
X-n120-k6,acs_clsqrtn_2opt_q0sched,26,14759.491614128172,,0.8469465000089258,True,87a65c0,6,15,best,30,1.0,True,0.7,0.95,0.1,
X-n120-k6,acs_clsqrtn_2opt_q0sched,27,14638.28579066844,,0.8649395839311182,True,87a65c0,6,15,best,30,1.0,True,0.7,0.95,0.1,
X-n120-k6,acs_clsqrtn_2opt_q0sched,28,14827.15144362591,,0.8577877921052277,True,87a65c0,6,15,best,30,1.0,True,0.7,0.95,0.1,
X-n120-k6,acs_clsqrtn_2opt_q0sched,29,14617.69923527067,,0.8193988751154393,True,87a65c0,6,15,best,30,1.0,True,0.7,0.95,0.1,
X-n120-k6,acs_nocl_2opt_q0sched,0,14697.080276997052,,1.3845989999826998,True,87a65c0,6,0,best,30,1.0,True,0.7,0.95,0.1,
X-n120-k6,acs_nocl_2opt_q0sched,1,14776.504435493833,,1.3271823329851031,True,87a65c0,6,0,best,30,1.0,True,0.7,0.95,0.1,
X-n120-k6,acs_nocl_2opt_q0sched,2,14706.432456293365,,1.3486079999711365,True,87a65c0,6,0,best,30,1.0,True,0.7,0.95,0.1,
X-n120-k6,acs_nocl_2opt_q0sched,3,14739.698323677452,,1.3174822921864688,True,87a65c0,6,0,best,30,1.0,True,0.7,0.95,0.1,
X-n120-k6,acs_nocl_2opt_q0sched,4,15041.229863893483,,1.420962915988639,True,87a65c0,6,0,best,30,1.0,True,0.7,0.95,0.1,
X-n120-k6,acs_nocl_2opt_q0sched,5,14799.504181731618,,1.3579365001060069,True,87a65c0,6,0,best,30,1.0,True,0.7,0.95,0.1,
X-n120-k6,acs_nocl_2opt_q0sched,6,14763.819310020019,,1.3940580000635237,True,87a65c0,6,0,best,30,1.0,True,0.7,0.95,0.1,
X-n120-k6,acs_nocl_2opt_q0sched,7,14719.658858103032,,1.3300878750160336,True,87a65c0,6,0,best,30,1.0,True,0.7,0.95,0.1,
X-n120-k6,acs_nocl_2opt_q0sched,8,14899.08448408389,,1.3755460830871016,True,87a65c0,6,0,best,30,1.0,True,0.7,0.95,0.1,
X-n120-k6,acs_nocl_2opt_q0sched,9,14693.85865896165,,1.3558519999496639,True,87a65c0,6,0,best,30,1.0,True,0.7,0.95,0.1,
X-n120-k6,acs_nocl_2opt_q0sched,10,14663.238020082492,,1.3312630830332637,True,87a65c0,6,0,best,30,1.0,True,0.7,0.95,0.1,
X-n120-k6,acs_nocl_2opt_q0sched,11,14745.069830837732,,1.4312559589743614,True,87a65c0,6,0,best,30,1.0,True,0.7,0.95,0.1,
X-n120-k6,acs_nocl_2opt_q0sched,12,14707.501666856806,,1.3135526669211686,True,87a65c0,6,0,best,30,1.0,True,0.7,0.95,0.1,
X-n120-k6,acs_nocl_2opt_q0sched,13,14736.779865555183,,1.308115541934967,True,87a65c0,6,0,best,30,1.0,True,0.7,0.95,0.1,
X-n120-k6,acs_nocl_2opt_q0sched,14,14638.28579066844,,1.3668519158381969,True,87a65c0,6,0,best,30,1.0,True,0.7,0.95,0.1,
X-n120-k6,acs_nocl_2opt_q0sched,15,14847.836048403413,,1.3076253340113908,True,87a65c0,6,0,best,30,1.0,True,0.7,0.95,0.1,
X-n120-k6,acs_nocl_2opt_q0sched,16,14734.98821875827,,1.326392374932766,True,87a65c0,6,0,best,30,1.0,True,0.7,0.95,0.1,
X-n120-k6,acs_nocl_2opt_q0sched,17,14705.780010349892,,1.3118850828614086,True,87a65c0,6,0,best,30,1.0,True,0.7,0.95,0.1,
X-n120-k6,acs_nocl_2opt_q0sched,18,14631.00181854848,,1.3690306670032442,True,87a65c0,6,0,best,30,1.0,True,0.7,0.95,0.1,
X-n120-k6,acs_nocl_2opt_q0sched,19,14672.289701348174,,1.3049626250285655,True,87a65c0,6,0,best,30,1.0,True,0.7,0.95,0.1,
X-n120-k6,acs_nocl_2opt_q0sched,20,14691.878708232678,,1.3008737498894334,True,87a65c0,6,0,best,30,1.0,True,0.7,0.95,0.1,
X-n120-k6,acs_nocl_2opt_q0sched,21,14592.570151990321,,1.3191433341708034,True,87a65c0,6,0,best,30,1.0,True,0.7,0.95,0.1,
X-n120-k6,acs_nocl_2opt_q0sched,22,14522.488177124014,,1.3258648330811411,True,87a65c0,6,0,best,30,1.0,True,0.7,0.95,0.1,
X-n120-k6,acs_nocl_2opt_q0sched,23,14792.862746330335,,1.2970439170021564,True,87a65c0,6,0,best,30,1.0,True,0.7,0.95,0.1,
X-n120-k6,acs_nocl_2opt_q0sched,24,14686.189324820512,,1.306424415903166,True,87a65c0,6,0,best,30,1.0,True,0.7,0.95,0.1,
X-n120-k6,acs_nocl_2opt_q0sched,25,14719.658858103032,,1.315328042022884,True,87a65c0,6,0,best,30,1.0,True,0.7,0.95,0.1,
X-n120-k6,acs_nocl_2opt_q0sched,26,14627.193586667265,,1.3509015829768032,True,87a65c0,6,0,best,30,1.0,True,0.7,0.95,0.1,
X-n120-k6,acs_nocl_2opt_q0sched,27,14704.447011649796,,1.3194187090266496,True,87a65c0,6,0,best,30,1.0,True,0.7,0.95,0.1,
X-n120-k6,acs_nocl_2opt_q0sched,28,14961.483643314683,,1.3096724171191454,True,87a65c0,6,0,best,30,1.0,True,0.7,0.95,0.1,
X-n120-k6,acs_nocl_2opt_q0sched,29,14574.446803980412,,1.371008082991466,True,87a65c0,6,0,best,30,1.0,True,0.7,0.95,0.1,
